rayland-s: listening on 127.0.0.1:9473, rendering on /dev/dri/renderD128
rayland-s: C connected
RLTRACE t_ns=859200342260954 stage=T0 side=S res=1 tail=52 bytes=52
RLTRACE t_ns=859200342678661 stage=T2 side=S res=1 tail=36
RLTRACE t_ns=859200344487121 stage=T2 side=S res=1 tail=52
RLTRACE t_ns=859200345616798 stage=T5 side=S res=2 off=0 runs=3 fp=0xf21253793f769d44
RLTRACE t_ns=859200374617925 stage=T6 side=S res=2 off=0 len=1
RLTRACE t_ns=859200374732520 stage=T6 side=S res=2 off=8 len=1
RLTRACE t_ns=859200374779076 stage=T6 side=S res=2 off=16 len=3
RLTRACE t_ns=859200379729993 stage=T0 side=S res=1 tail=232 bytes=180
RLTRACE t_ns=859200380142161 stage=T2 side=S res=1 tail=88
RLTRACE t_ns=859200409868428 stage=T2 side=S res=1 tail=232
RLTRACE t_ns=859200411272780 stage=T5 side=S res=2 off=28 runs=2 fp=0xf21253793f769d44
RLTRACE t_ns=859200442872024 stage=T6 side=S res=2 off=28 len=1
RLTRACE t_ns=859200442974402 stage=T6 side=S res=2 off=36 len=1
RLTRACE t_ns=859200450699112 stage=T0 side=S res=1 tail=304 bytes=72
RLTRACE t_ns=859200450865394 stage=T2 side=S res=1 tail=268
RLTRACE t_ns=859200480394511 stage=T2 side=S res=1 tail=304
RLTRACE t_ns=859200481087557 stage=T5 side=S res=2 off=44 runs=3 fp=0xf21253793f769d44
RLTRACE t_ns=859200510162397 stage=T6 side=S res=2 off=44 len=1
RLTRACE t_ns=859200510274603 stage=T6 side=S res=2 off=52 len=1
RLTRACE t_ns=859200510286067 stage=T6 side=S res=2 off=60 len=1
RLTRACE t_ns=859200513789260 stage=T0 side=S res=1 tail=384 bytes=80
RLTRACE t_ns=859200513954493 stage=T2 side=S res=1 tail=340
RLTRACE t_ns=859200536687525 stage=T2 side=S res=1 tail=384
RLTRACE t_ns=859200537313033 stage=T5 side=S res=2 off=72 runs=5 fp=0xf21253793f769d44
RLTRACE t_ns=859200558740065 stage=T6 side=S res=2 off=72 len=1
RLTRACE t_ns=859200558805418 stage=T6 side=S res=2 off=80 len=1
RLTRACE t_ns=859200558816466 stage=T6 side=S res=2 off=88 len=1
RLTRACE t_ns=859200558826931 stage=T6 side=S res=2 off=92 len=1
RLTRACE t_ns=859200558836758 stage=T6 side=S res=2 off=100 len=1
RLTRACE t_ns=859200562728782 stage=T0 side=S res=1 tail=444 bytes=60
RLTRACE t_ns=859200563092404 stage=T2 side=S res=1 tail=444
RLTRACE t_ns=859200563696262 stage=T5 side=S res=2 off=108 runs=121 fp=0xed7b04f1fab6ade0
RLTRACE t_ns=859200584962146 stage=T6 side=S res=2 off=108 len=1
RLTRACE t_ns=859200585044586 stage=T6 side=S res=2 off=112 len=1
RLTRACE t_ns=859200585055901 stage=T6 side=S res=2 off=120 len=3
RLTRACE t_ns=859200585068396 stage=T6 side=S res=2 off=124 len=1
RLTRACE t_ns=859200585078395 stage=T6 side=S res=2 off=126 len=4
RLTRACE t_ns=859200585088828 stage=T6 side=S res=2 off=132 len=2
RLTRACE t_ns=859200585099283 stage=T6 side=S res=2 off=136 len=1
RLTRACE t_ns=859200585109011 stage=T6 side=S res=2 off=141 len=1
RLTRACE t_ns=859200585118996 stage=T6 side=S res=2 off=148 len=36
RLTRACE t_ns=859200585132461 stage=T6 side=S res=2 off=404 len=1
RLTRACE t_ns=859200585142850 stage=T6 side=S res=2 off=412 len=16
RLTRACE t_ns=859200585153704 stage=T6 side=S res=2 off=429 len=1
RLTRACE t_ns=859200585465660 stage=T6 side=S res=2 off=433 len=1
RLTRACE t_ns=859200585707991 stage=T6 side=S res=2 off=437 len=1
RLTRACE t_ns=859200585944728 stage=T6 side=S res=2 off=441 len=1
RLTRACE t_ns=859200586422397 stage=T6 side=S res=2 off=445 len=1
RLTRACE t_ns=859200586669211 stage=T6 side=S res=2 off=451 len=1
RLTRACE t_ns=859200586942034 stage=T6 side=S res=2 off=455 len=5
RLTRACE t_ns=859200586953141 stage=T6 side=S res=2 off=461 len=1
RLTRACE t_ns=859200587238388 stage=T6 side=S res=2 off=464 len=4
RLTRACE t_ns=859200587262820 stage=T6 side=S res=2 off=470 len=1
RLTRACE t_ns=859200587272356 stage=T6 side=S res=2 off=472 len=1
RLTRACE t_ns=859200587284815 stage=T6 side=S res=2 off=484 len=2
RLTRACE t_ns=859200587294122 stage=T6 side=S res=2 off=488 len=1
RLTRACE t_ns=859200587503471 stage=T6 side=S res=2 off=495 len=1
RLTRACE t_ns=859200587513088 stage=T6 side=S res=2 off=499 len=1
RLTRACE t_ns=859200587827324 stage=T6 side=S res=2 off=503 len=1
RLTRACE t_ns=859200587993019 stage=T6 side=S res=2 off=507 len=1
RLTRACE t_ns=859200588024839 stage=T6 side=S res=2 off=511 len=2
RLTRACE t_ns=859200588330049 stage=T6 side=S res=2 off=519 len=1
RLTRACE t_ns=859200588340988 stage=T6 side=S res=2 off=523 len=1
RLTRACE t_ns=859200588497876 stage=T6 side=S res=2 off=527 len=2
RLTRACE t_ns=859200588761093 stage=T6 side=S res=2 off=535 len=2
RLTRACE t_ns=859200588930251 stage=T6 side=S res=2 off=543 len=1
RLTRACE t_ns=859200589213710 stage=T6 side=S res=2 off=547 len=1
RLTRACE t_ns=859200589355177 stage=T6 side=S res=2 off=549 len=1
RLTRACE t_ns=859200589364828 stage=T6 side=S res=2 off=552 len=1
RLTRACE t_ns=859200589611884 stage=T6 side=S res=2 off=556 len=1
RLTRACE t_ns=859200589754781 stage=T6 side=S res=2 off=560 len=2
RLTRACE t_ns=859200589899220 stage=T6 side=S res=2 off=564 len=2
RLTRACE t_ns=859200589909350 stage=T6 side=S res=2 off=568 len=1
RLTRACE t_ns=859200590181656 stage=T6 side=S res=2 off=572 len=1
RLTRACE t_ns=859200590192232 stage=T6 side=S res=2 off=576 len=1
RLTRACE t_ns=859200590485168 stage=T6 side=S res=2 off=580 len=1
RLTRACE t_ns=859200590705997 stage=T6 side=S res=2 off=584 len=1
RLTRACE t_ns=859200590716124 stage=T6 side=S res=2 off=588 len=1
RLTRACE t_ns=859200590725664 stage=T6 side=S res=2 off=593 len=1
RLTRACE t_ns=859200590735217 stage=T6 side=S res=2 off=596 len=1
RLTRACE t_ns=859200590980146 stage=T6 side=S res=2 off=600 len=1
RLTRACE t_ns=859200590990128 stage=T6 side=S res=2 off=604 len=1
RLTRACE t_ns=859200591438370 stage=T6 side=S res=2 off=608 len=1
RLTRACE t_ns=859200591448645 stage=T6 side=S res=2 off=612 len=1
RLTRACE t_ns=859200591616890 stage=T6 side=S res=2 off=617 len=1
RLTRACE t_ns=859200591772959 stage=T6 side=S res=2 off=621 len=1
RLTRACE t_ns=859200591920823 stage=T6 side=S res=2 off=624 len=1
RLTRACE t_ns=859200591930788 stage=T6 side=S res=2 off=628 len=1
RLTRACE t_ns=859200592237529 stage=T6 side=S res=2 off=632 len=1
RLTRACE t_ns=859200592247737 stage=T6 side=S res=2 off=636 len=1
RLTRACE t_ns=859200592522194 stage=T6 side=S res=2 off=639 len=1
RLTRACE t_ns=859200592673909 stage=T6 side=S res=2 off=641 len=1
RLTRACE t_ns=859200592996129 stage=T6 side=S res=2 off=644 len=1
RLTRACE t_ns=859200593407445 stage=T6 side=S res=2 off=652 len=6
RLTRACE t_ns=859200593424360 stage=T6 side=S res=2 off=660 len=2
RLTRACE t_ns=859200593436008 stage=T6 side=S res=2 off=665 len=1
RLTRACE t_ns=859200593735694 stage=T6 side=S res=2 off=668 len=1
RLTRACE t_ns=859200593748232 stage=T6 side=S res=2 off=677 len=1
RLTRACE t_ns=859200593945045 stage=T6 side=S res=2 off=681 len=1
RLTRACE t_ns=859200594143529 stage=T6 side=S res=2 off=685 len=1
RLTRACE t_ns=859200594619024 stage=T6 side=S res=2 off=688 len=1
RLTRACE t_ns=859200594824557 stage=T6 side=S res=2 off=692 len=1
RLTRACE t_ns=859200594998489 stage=T6 side=S res=2 off=696 len=1
RLTRACE t_ns=859200595185179 stage=T6 side=S res=2 off=700 len=8
RLTRACE t_ns=859200595503154 stage=T6 side=S res=2 off=710 len=2
RLTRACE t_ns=859200595779133 stage=T6 side=S res=2 off=714 len=3
RLTRACE t_ns=859200596026446 stage=T6 side=S res=2 off=720 len=1
RLTRACE t_ns=859200596107917 stage=T6 side=S res=2 off=729 len=1
RLTRACE t_ns=859200596169178 stage=T6 side=S res=2 off=733 len=1
RLTRACE t_ns=859200596229808 stage=T6 side=S res=2 off=736 len=1
RLTRACE t_ns=859200596241564 stage=T6 side=S res=2 off=747 len=1
RLTRACE t_ns=859200596252323 stage=T6 side=S res=2 off=749 len=4
RLTRACE t_ns=859200596698084 stage=T6 side=S res=2 off=757 len=1
RLTRACE t_ns=859200596867463 stage=T6 side=S res=2 off=764 len=1
RLTRACE t_ns=859200597048298 stage=T6 side=S res=2 off=772 len=1
RLTRACE t_ns=859200597206721 stage=T6 side=S res=2 off=780 len=1
RLTRACE t_ns=859200597489339 stage=T6 side=S res=2 off=788 len=5
RLTRACE t_ns=859200597645240 stage=T6 side=S res=2 off=796 len=5
RLTRACE t_ns=859200597908431 stage=T6 side=S res=2 off=807 len=1
RLTRACE t_ns=859200598060608 stage=T6 side=S res=2 off=810 len=3
RLTRACE t_ns=859200598321368 stage=T6 side=S res=2 off=817 len=1
RLTRACE t_ns=859200598477364 stage=T6 side=S res=2 off=821 len=1
RLTRACE t_ns=859200598753567 stage=T6 side=S res=2 off=825 len=1
RLTRACE t_ns=859200598905385 stage=T6 side=S res=2 off=828 len=1
RLTRACE t_ns=859200599193844 stage=T6 side=S res=2 off=832 len=1
RLTRACE t_ns=859200599204394 stage=T6 side=S res=2 off=836 len=1
RLTRACE t_ns=859200599361781 stage=T6 side=S res=2 off=840 len=1
RLTRACE t_ns=859200599643964 stage=T6 side=S res=2 off=844 len=1
RLTRACE t_ns=859200599934925 stage=T6 side=S res=2 off=848 len=1
RLTRACE t_ns=859200600158354 stage=T6 side=S res=2 off=852 len=1
RLTRACE t_ns=859200600404325 stage=T6 side=S res=2 off=856 len=1
RLTRACE t_ns=859200600649927 stage=T6 side=S res=2 off=860 len=1
RLTRACE t_ns=859200600897067 stage=T6 side=S res=2 off=864 len=1
RLTRACE t_ns=859200600920490 stage=T6 side=S res=2 off=868 len=1
RLTRACE t_ns=859200601455442 stage=T6 side=S res=2 off=872 len=1
RLTRACE t_ns=859200601682364 stage=T6 side=S res=2 off=876 len=5
RLTRACE t_ns=859200601693662 stage=T6 side=S res=2 off=884 len=1
RLTRACE t_ns=859200602074419 stage=T6 side=S res=2 off=888 len=1
RLTRACE t_ns=859200602085261 stage=T6 side=S res=2 off=892 len=1
RLTRACE t_ns=859200602245457 stage=T6 side=S res=2 off=896 len=1
RLTRACE t_ns=859200602574266 stage=T6 side=S res=2 off=907 len=1
RLTRACE t_ns=859200602758999 stage=T6 side=S res=2 off=909 len=4
RLTRACE t_ns=859200602771646 stage=T6 side=S res=2 off=927 len=1
RLTRACE t_ns=859200603078949 stage=T6 side=S res=2 off=931 len=1
RLTRACE t_ns=859200603264194 stage=T6 side=S res=2 off=935 len=1
RLTRACE t_ns=859200603570608 stage=T6 side=S res=2 off=940 len=1
RLTRACE t_ns=859200603789964 stage=T6 side=S res=2 off=944 len=1
RLTRACE t_ns=859200603802336 stage=T6 side=S res=2 off=952 len=1
RLTRACE t_ns=859200604026599 stage=T6 side=S res=2 off=960 len=1
RLTRACE t_ns=859200604274936 stage=T6 side=S res=2 off=968 len=1
RLTRACE t_ns=859200604322936 stage=T6 side=S res=2 off=972 len=1
RLTRACE t_ns=859200604375889 stage=T6 side=S res=2 off=976 len=1
RLTRACE t_ns=859200604436280 stage=T6 side=S res=2 off=984 len=1
RLTRACE t_ns=859200607915983 stage=T0 side=S res=1 tail=524 bytes=80
RLTRACE t_ns=859200608151103 stage=T2 side=S res=1 tail=524
RLTRACE t_ns=859200608766223 stage=T5 side=S res=2 off=988 runs=3 fp=0xed7b04f1fab6ade0
RLTRACE t_ns=859200631762279 stage=T6 side=S res=2 off=988 len=1
RLTRACE t_ns=859200631884344 stage=T6 side=S res=2 off=996 len=1
RLTRACE t_ns=859200631896924 stage=T6 side=S res=2 off=1004 len=1
RLTRACE t_ns=859200635808849 stage=T0 side=S res=1 tail=604 bytes=80
RLTRACE t_ns=859200635996763 stage=T2 side=S res=1 tail=604
RLTRACE t_ns=859200637050850 stage=T5 side=S res=2 off=1016 runs=463 fp=0xcb97386703a61c3f
RLTRACE t_ns=859200660584129 stage=T6 side=S res=2 off=1016 len=1
RLTRACE t_ns=859200660683532 stage=T6 side=S res=2 off=1024 len=1
RLTRACE t_ns=859200660696060 stage=T6 side=S res=2 off=1032 len=1
RLTRACE t_ns=859200660709034 stage=T6 side=S res=2 off=1036 len=1
RLTRACE t_ns=859200660719520 stage=T6 side=S res=2 off=1045 len=1
RLTRACE t_ns=859200660730710 stage=T6 side=S res=2 off=1052 len=19
RLTRACE t_ns=859200660742906 stage=T6 side=S res=2 off=1308 len=1
RLTRACE t_ns=859200660753349 stage=T6 side=S res=2 off=1313 len=1
RLTRACE t_ns=859200661156791 stage=T6 side=S res=2 off=1320 len=20
RLTRACE t_ns=859200661480661 stage=T6 side=S res=2 off=1576 len=1
RLTRACE t_ns=859200661784766 stage=T6 side=S res=2 off=1581 len=1
RLTRACE t_ns=859200662076455 stage=T6 side=S res=2 off=1588 len=19
RLTRACE t_ns=859200662275434 stage=T6 side=S res=2 off=1844 len=1
RLTRACE t_ns=859200663278503 stage=T6 side=S res=2 off=1849 len=1
RLTRACE t_ns=859200663572449 stage=T6 side=S res=2 off=1856 len=28
RLTRACE t_ns=859200663976150 stage=T6 side=S res=2 off=2112 len=1
RLTRACE t_ns=859200664179496 stage=T6 side=S res=2 off=2117 len=1
RLTRACE t_ns=859200664479119 stage=T6 side=S res=2 off=2124 len=28
RLTRACE t_ns=859200664495664 stage=T6 side=S res=2 off=2380 len=1
RLTRACE t_ns=859200664793495 stage=T6 side=S res=2 off=2385 len=1
RLTRACE t_ns=859200665114570 stage=T6 side=S res=2 off=2392 len=33
RLTRACE t_ns=859200665681540 stage=T6 side=S res=2 off=2648 len=1
RLTRACE t_ns=859200665697017 stage=T6 side=S res=2 off=2653 len=1
RLTRACE t_ns=859200665712712 stage=T6 side=S res=2 off=2660 len=21
RLTRACE t_ns=859200666152710 stage=T6 side=S res=2 off=2916 len=1
RLTRACE t_ns=859200666320403 stage=T6 side=S res=2 off=2921 len=1
RLTRACE t_ns=859200666483155 stage=T6 side=S res=2 off=2928 len=25
RLTRACE t_ns=859200666648499 stage=T6 side=S res=2 off=3184 len=1
RLTRACE t_ns=859200666660462 stage=T6 side=S res=2 off=3189 len=1
RLTRACE t_ns=859200666973772 stage=T6 side=S res=2 off=3196 len=27
RLTRACE t_ns=859200667285907 stage=T6 side=S res=2 off=3452 len=1
RLTRACE t_ns=859200667441848 stage=T6 side=S res=2 off=3457 len=1
RLTRACE t_ns=859200667599463 stage=T6 side=S res=2 off=3464 len=27
RLTRACE t_ns=859200667754839 stage=T6 side=S res=2 off=3720 len=1
RLTRACE t_ns=859200667766097 stage=T6 side=S res=2 off=3725 len=1
RLTRACE t_ns=859200668081832 stage=T6 side=S res=2 off=3732 len=28
RLTRACE t_ns=859200668399941 stage=T6 side=S res=2 off=3988 len=1
RLTRACE t_ns=859200668572143 stage=T6 side=S res=2 off=3993 len=1
RLTRACE t_ns=859200668583222 stage=T6 side=S res=2 off=4000 len=33
RLTRACE t_ns=859200668908979 stage=T6 side=S res=2 off=4256 len=1
RLTRACE t_ns=859200669127068 stage=T6 side=S res=2 off=4261 len=1
RLTRACE t_ns=859200669430634 stage=T6 side=S res=2 off=4268 len=19
RLTRACE t_ns=859200669596005 stage=T6 side=S res=2 off=4524 len=1
RLTRACE t_ns=859200669906941 stage=T6 side=S res=2 off=4529 len=1
RLTRACE t_ns=859200670120707 stage=T6 side=S res=2 off=4536 len=26
RLTRACE t_ns=859200670432801 stage=T6 side=S res=2 off=4792 len=1
RLTRACE t_ns=859200670612877 stage=T6 side=S res=2 off=4797 len=1
RLTRACE t_ns=859200670623810 stage=T6 side=S res=2 off=4804 len=24
RLTRACE t_ns=859200670963955 stage=T6 side=S res=2 off=5060 len=1
RLTRACE t_ns=859200671182044 stage=T6 side=S res=2 off=5065 len=1
RLTRACE t_ns=859200671365109 stage=T6 side=S res=2 off=5072 len=24
RLTRACE t_ns=859200671377924 stage=T6 side=S res=2 off=5328 len=1
RLTRACE t_ns=859200672118653 stage=T6 side=S res=2 off=5333 len=1
RLTRACE t_ns=859200672302645 stage=T6 side=S res=2 off=5340 len=35
RLTRACE t_ns=859200672316183 stage=T6 side=S res=2 off=5596 len=1
RLTRACE t_ns=859200672495088 stage=T6 side=S res=2 off=5601 len=1
RLTRACE t_ns=859200672673266 stage=T6 side=S res=2 off=5608 len=21
RLTRACE t_ns=859200672685928 stage=T6 side=S res=2 off=5864 len=1
RLTRACE t_ns=859200672993279 stage=T6 side=S res=2 off=5869 len=1
RLTRACE t_ns=859200673178207 stage=T6 side=S res=2 off=5876 len=24
RLTRACE t_ns=859200673190851 stage=T6 side=S res=2 off=6132 len=1
RLTRACE t_ns=859200673480832 stage=T6 side=S res=2 off=6137 len=1
RLTRACE t_ns=859200673650605 stage=T6 side=S res=2 off=6144 len=22
RLTRACE t_ns=859200673947559 stage=T6 side=S res=2 off=6400 len=1
RLTRACE t_ns=859200674146072 stage=T6 side=S res=2 off=6405 len=1
RLTRACE t_ns=859200674157493 stage=T6 side=S res=2 off=6412 len=25
RLTRACE t_ns=859200674412906 stage=T6 side=S res=2 off=6668 len=1
RLTRACE t_ns=859200674489864 stage=T6 side=S res=2 off=6673 len=1
RLTRACE t_ns=859200674704527 stage=T6 side=S res=2 off=6680 len=25
RLTRACE t_ns=859200674754243 stage=T6 side=S res=2 off=6936 len=1
RLTRACE t_ns=859200674808295 stage=T6 side=S res=2 off=6941 len=1
RLTRACE t_ns=859200674864577 stage=T6 side=S res=2 off=6948 len=28
RLTRACE t_ns=859200674910719 stage=T6 side=S res=2 off=7204 len=1
RLTRACE t_ns=859200674955865 stage=T6 side=S res=2 off=7209 len=1
RLTRACE t_ns=859200675007930 stage=T6 side=S res=2 off=7216 len=28
RLTRACE t_ns=859200675067311 stage=T6 side=S res=2 off=7472 len=1
RLTRACE t_ns=859200675172474 stage=T6 side=S res=2 off=7477 len=1
RLTRACE t_ns=859200675217800 stage=T6 side=S res=2 off=7484 len=28
RLTRACE t_ns=859200675264839 stage=T6 side=S res=2 off=7740 len=1
RLTRACE t_ns=859200675310766 stage=T6 side=S res=2 off=7745 len=1
RLTRACE t_ns=859200675402245 stage=T6 side=S res=2 off=7752 len=31
RLTRACE t_ns=859200675486679 stage=T6 side=S res=2 off=8008 len=1
RLTRACE t_ns=859200675533820 stage=T6 side=S res=2 off=8013 len=1
RLTRACE t_ns=859200675617491 stage=T6 side=S res=2 off=8020 len=22
RLTRACE t_ns=859200675677608 stage=T6 side=S res=2 off=8276 len=1
RLTRACE t_ns=859200675690859 stage=T6 side=S res=2 off=8281 len=1
RLTRACE t_ns=859200675852137 stage=T6 side=S res=2 off=8288 len=24
RLTRACE t_ns=859200675911956 stage=T6 side=S res=2 off=8544 len=1
RLTRACE t_ns=859200675962104 stage=T6 side=S res=2 off=8549 len=1
RLTRACE t_ns=859200676028582 stage=T6 side=S res=2 off=8556 len=28
RLTRACE t_ns=859200676085200 stage=T6 side=S res=2 off=8812 len=1
RLTRACE t_ns=859200676139559 stage=T6 side=S res=2 off=8817 len=1
RLTRACE t_ns=859200676193636 stage=T6 side=S res=2 off=8824 len=23
RLTRACE t_ns=859200676246190 stage=T6 side=S res=2 off=9080 len=1
RLTRACE t_ns=859200676297295 stage=T6 side=S res=2 off=9085 len=1
RLTRACE t_ns=859200676352134 stage=T6 side=S res=2 off=9092 len=25
RLTRACE t_ns=859200676364762 stage=T6 side=S res=2 off=9348 len=1
RLTRACE t_ns=859200676419297 stage=T6 side=S res=2 off=9353 len=1
RLTRACE t_ns=859200676468946 stage=T6 side=S res=2 off=9360 len=25
RLTRACE t_ns=859200676522910 stage=T6 side=S res=2 off=9616 len=1
RLTRACE t_ns=859200676573838 stage=T6 side=S res=2 off=9621 len=1
RLTRACE t_ns=859200676585583 stage=T6 side=S res=2 off=9628 len=19
RLTRACE t_ns=859200676634976 stage=T6 side=S res=2 off=9884 len=1
RLTRACE t_ns=859200676788711 stage=T6 side=S res=2 off=9889 len=1
RLTRACE t_ns=859200676837139 stage=T6 side=S res=2 off=9896 len=19
RLTRACE t_ns=859200676886277 stage=T6 side=S res=2 off=10152 len=1
RLTRACE t_ns=859200676943160 stage=T6 side=S res=2 off=10157 len=1
RLTRACE t_ns=859200676994237 stage=T6 side=S res=2 off=10164 len=19
RLTRACE t_ns=859200677070235 stage=T6 side=S res=2 off=10420 len=1
RLTRACE t_ns=859200677123061 stage=T6 side=S res=2 off=10425 len=1
RLTRACE t_ns=859200677178692 stage=T6 side=S res=2 off=10432 len=19
RLTRACE t_ns=859200677325285 stage=T6 side=S res=2 off=10688 len=1
RLTRACE t_ns=859200677383637 stage=T6 side=S res=2 off=10693 len=1
RLTRACE t_ns=859200677455395 stage=T6 side=S res=2 off=10700 len=19
RLTRACE t_ns=859200677470439 stage=T6 side=S res=2 off=10956 len=1
RLTRACE t_ns=859200677482783 stage=T6 side=S res=2 off=10961 len=1
RLTRACE t_ns=859200677494601 stage=T6 side=S res=2 off=10968 len=19
RLTRACE t_ns=859200678027080 stage=T6 side=S res=2 off=11224 len=1
RLTRACE t_ns=859200678041608 stage=T6 side=S res=2 off=11229 len=1
RLTRACE t_ns=859200678053676 stage=T6 side=S res=2 off=11236 len=19
RLTRACE t_ns=859200678347733 stage=T6 side=S res=2 off=11492 len=1
RLTRACE t_ns=859200678360767 stage=T6 side=S res=2 off=11497 len=1
RLTRACE t_ns=859200678870241 stage=T6 side=S res=2 off=11504 len=16
RLTRACE t_ns=859200679278270 stage=T6 side=S res=2 off=11760 len=1
RLTRACE t_ns=859200679476688 stage=T6 side=S res=2 off=11765 len=1
RLTRACE t_ns=859200679661552 stage=T6 side=S res=2 off=11772 len=23
RLTRACE t_ns=859200679675956 stage=T6 side=S res=2 off=12028 len=1
RLTRACE t_ns=859200680010513 stage=T6 side=S res=2 off=12033 len=1
RLTRACE t_ns=859200680029454 stage=T6 side=S res=2 off=12040 len=22
RLTRACE t_ns=859200680228953 stage=T6 side=S res=2 off=12296 len=1
RLTRACE t_ns=859200680579113 stage=T6 side=S res=2 off=12301 len=1
RLTRACE t_ns=859200680764238 stage=T6 side=S res=2 off=12308 len=27
RLTRACE t_ns=859200681109615 stage=T6 side=S res=2 off=12564 len=1
RLTRACE t_ns=859200681297384 stage=T6 side=S res=2 off=12569 len=1
RLTRACE t_ns=859200681309490 stage=T6 side=S res=2 off=12576 len=35
RLTRACE t_ns=859200681622553 stage=T6 side=S res=2 off=12832 len=1
RLTRACE t_ns=859200681780050 stage=T6 side=S res=2 off=12837 len=1
RLTRACE t_ns=859200682221531 stage=T6 side=S res=2 off=12844 len=31
RLTRACE t_ns=859200682696134 stage=T6 side=S res=2 off=13100 len=1
RLTRACE t_ns=859200682998274 stage=T6 side=S res=2 off=13105 len=1
RLTRACE t_ns=859200683259257 stage=T6 side=S res=2 off=13112 len=37
RLTRACE t_ns=859200683617589 stage=T6 side=S res=2 off=13368 len=1
RLTRACE t_ns=859200683819850 stage=T6 side=S res=2 off=13373 len=1
RLTRACE t_ns=859200683833819 stage=T6 side=S res=2 off=13380 len=26
RLTRACE t_ns=859200684183694 stage=T6 side=S res=2 off=13636 len=1
RLTRACE t_ns=859200684388657 stage=T6 side=S res=2 off=13641 len=1
RLTRACE t_ns=859200684772724 stage=T6 side=S res=2 off=13648 len=19
RLTRACE t_ns=859200685124896 stage=T6 side=S res=2 off=13904 len=1
RLTRACE t_ns=859200685330543 stage=T6 side=S res=2 off=13909 len=1
RLTRACE t_ns=859200685521649 stage=T6 side=S res=2 off=13916 len=29
RLTRACE t_ns=859200685744631 stage=T6 side=S res=2 off=14172 len=1
RLTRACE t_ns=859200686182747 stage=T6 side=S res=2 off=14177 len=1
RLTRACE t_ns=859200686553002 stage=T6 side=S res=2 off=14184 len=27
RLTRACE t_ns=859200687155858 stage=T6 side=S res=2 off=14440 len=1
RLTRACE t_ns=859200687366426 stage=T6 side=S res=2 off=14445 len=1
RLTRACE t_ns=859200687380278 stage=T6 side=S res=2 off=14452 len=26
RLTRACE t_ns=859200687727615 stage=T6 side=S res=2 off=14708 len=1
RLTRACE t_ns=859200688099946 stage=T6 side=S res=2 off=14713 len=1
RLTRACE t_ns=859200688313288 stage=T6 side=S res=2 off=14720 len=28
RLTRACE t_ns=859200688549889 stage=T6 side=S res=2 off=14976 len=1
RLTRACE t_ns=859200688932068 stage=T6 side=S res=2 off=14981 len=1
RLTRACE t_ns=859200689649080 stage=T6 side=S res=2 off=14988 len=29
RLTRACE t_ns=859200689931240 stage=T6 side=S res=2 off=15244 len=1
RLTRACE t_ns=859200690718313 stage=T6 side=S res=2 off=15249 len=1
RLTRACE t_ns=859200690992506 stage=T6 side=S res=2 off=15256 len=33
RLTRACE t_ns=859200691278461 stage=T6 side=S res=2 off=15512 len=1
RLTRACE t_ns=859200691738485 stage=T6 side=S res=2 off=15517 len=1
RLTRACE t_ns=859200692207953 stage=T6 side=S res=2 off=15524 len=35
RLTRACE t_ns=859200692528771 stage=T6 side=S res=2 off=15780 len=1
RLTRACE t_ns=859200693169095 stage=T6 side=S res=2 off=15785 len=1
RLTRACE t_ns=859200693584775 stage=T6 side=S res=2 off=15792 len=31
RLTRACE t_ns=859200694444581 stage=T6 side=S res=2 off=16048 len=1
RLTRACE t_ns=859200695372657 stage=T6 side=S res=2 off=16053 len=1
RLTRACE t_ns=859200695863226 stage=T6 side=S res=2 off=16060 len=26
RLTRACE t_ns=859200696599580 stage=T6 side=S res=2 off=16316 len=1
RLTRACE t_ns=859200697251132 stage=T6 side=S res=2 off=16321 len=1
RLTRACE t_ns=859200697585840 stage=T6 side=S res=2 off=16328 len=42
RLTRACE t_ns=859200697790500 stage=T6 side=S res=2 off=16584 len=1
RLTRACE t_ns=859200697975698 stage=T6 side=S res=2 off=16589 len=1
RLTRACE t_ns=859200698638294 stage=T6 side=S res=2 off=16596 len=37
RLTRACE t_ns=859200700555581 stage=T6 side=S res=2 off=16852 len=1
RLTRACE t_ns=859200700897217 stage=T6 side=S res=2 off=16857 len=1
RLTRACE t_ns=859200701534052 stage=T6 side=S res=2 off=16864 len=29
RLTRACE t_ns=859200701816723 stage=T6 side=S res=2 off=17120 len=1
RLTRACE t_ns=859200702506799 stage=T6 side=S res=2 off=17125 len=1
RLTRACE t_ns=859200702716760 stage=T6 side=S res=2 off=17132 len=43
RLTRACE t_ns=859200703101926 stage=T6 side=S res=2 off=17388 len=1
RLTRACE t_ns=859200703717496 stage=T6 side=S res=2 off=17393 len=1
RLTRACE t_ns=859200704132208 stage=T6 side=S res=2 off=17400 len=34
RLTRACE t_ns=859200704638969 stage=T6 side=S res=2 off=17656 len=1
RLTRACE t_ns=859200704958376 stage=T6 side=S res=2 off=17661 len=1
RLTRACE t_ns=859200705085092 stage=T6 side=S res=2 off=17668 len=16
RLTRACE t_ns=859200705188388 stage=T6 side=S res=2 off=17924 len=1
RLTRACE t_ns=859200705407623 stage=T6 side=S res=2 off=17929 len=1
RLTRACE t_ns=859200705476776 stage=T6 side=S res=2 off=17936 len=35
RLTRACE t_ns=859200705530246 stage=T6 side=S res=2 off=18192 len=1
RLTRACE t_ns=859200705579977 stage=T6 side=S res=2 off=18197 len=1
RLTRACE t_ns=859200705632358 stage=T6 side=S res=2 off=18204 len=23
RLTRACE t_ns=859200705684803 stage=T6 side=S res=2 off=18460 len=1
RLTRACE t_ns=859200705733636 stage=T6 side=S res=2 off=18465 len=1
RLTRACE t_ns=859200705782531 stage=T6 side=S res=2 off=18472 len=25
RLTRACE t_ns=859200705835579 stage=T6 side=S res=2 off=18728 len=1
RLTRACE t_ns=859200706274530 stage=T6 side=S res=2 off=18733 len=1
RLTRACE t_ns=859200706888356 stage=T6 side=S res=2 off=18740 len=37
RLTRACE t_ns=859200707187747 stage=T6 side=S res=2 off=18996 len=1
RLTRACE t_ns=859200707897752 stage=T6 side=S res=2 off=19001 len=1
RLTRACE t_ns=859200708303658 stage=T6 side=S res=2 off=19008 len=24
RLTRACE t_ns=859200708561008 stage=T6 side=S res=2 off=19264 len=1
RLTRACE t_ns=859200709270744 stage=T6 side=S res=2 off=19269 len=1
RLTRACE t_ns=859200709838494 stage=T6 side=S res=2 off=19276 len=31
RLTRACE t_ns=859200710451755 stage=T6 side=S res=2 off=19532 len=1
RLTRACE t_ns=859200710889194 stage=T6 side=S res=2 off=19537 len=1
RLTRACE t_ns=859200711282736 stage=T6 side=S res=2 off=19544 len=26
RLTRACE t_ns=859200712043554 stage=T6 side=S res=2 off=19800 len=1
RLTRACE t_ns=859200712688486 stage=T6 side=S res=2 off=19805 len=1
RLTRACE t_ns=859200713349069 stage=T6 side=S res=2 off=19812 len=39
RLTRACE t_ns=859200713782283 stage=T6 side=S res=2 off=20068 len=1
RLTRACE t_ns=859200714106066 stage=T6 side=S res=2 off=20073 len=1
RLTRACE t_ns=859200714516731 stage=T6 side=S res=2 off=20080 len=39
RLTRACE t_ns=859200714772215 stage=T6 side=S res=2 off=20336 len=1
RLTRACE t_ns=859200715308919 stage=T6 side=S res=2 off=20341 len=1
RLTRACE t_ns=859200715700224 stage=T6 side=S res=2 off=20348 len=19
RLTRACE t_ns=859200715986230 stage=T6 side=S res=2 off=20604 len=1
RLTRACE t_ns=859200716268673 stage=T6 side=S res=2 off=20609 len=1
RLTRACE t_ns=859200716385779 stage=T6 side=S res=2 off=20616 len=45
RLTRACE t_ns=859200716629378 stage=T6 side=S res=2 off=20872 len=1
RLTRACE t_ns=859200716790535 stage=T6 side=S res=2 off=20877 len=1
RLTRACE t_ns=859200716885816 stage=T6 side=S res=2 off=20884 len=38
RLTRACE t_ns=859200717355850 stage=T6 side=S res=2 off=21140 len=1
RLTRACE t_ns=859200717504877 stage=T6 side=S res=2 off=21145 len=1
RLTRACE t_ns=859200717832035 stage=T6 side=S res=2 off=21152 len=27
RLTRACE t_ns=859200718279906 stage=T6 side=S res=2 off=21408 len=1
RLTRACE t_ns=859200718553722 stage=T6 side=S res=2 off=21413 len=1
RLTRACE t_ns=859200718842298 stage=T6 side=S res=2 off=21420 len=28
RLTRACE t_ns=859200718982179 stage=T6 side=S res=2 off=21676 len=1
RLTRACE t_ns=859200719122524 stage=T6 side=S res=2 off=21681 len=1
RLTRACE t_ns=859200719251066 stage=T6 side=S res=2 off=21688 len=28
RLTRACE t_ns=859200719560343 stage=T6 side=S res=2 off=21944 len=1
RLTRACE t_ns=859200719724437 stage=T6 side=S res=2 off=21949 len=1
RLTRACE t_ns=859200720893781 stage=T6 side=S res=2 off=21956 len=25
RLTRACE t_ns=859200721311659 stage=T6 side=S res=2 off=22212 len=1
RLTRACE t_ns=859200721658290 stage=T6 side=S res=2 off=22217 len=1
RLTRACE t_ns=859200722151590 stage=T6 side=S res=2 off=22224 len=28
RLTRACE t_ns=859200722869622 stage=T6 side=S res=2 off=22480 len=1
RLTRACE t_ns=859200723208336 stage=T6 side=S res=2 off=22485 len=1
RLTRACE t_ns=859200723867427 stage=T6 side=S res=2 off=22492 len=33
RLTRACE t_ns=859200724278785 stage=T6 side=S res=2 off=22748 len=1
RLTRACE t_ns=859200724293819 stage=T6 side=S res=2 off=22753 len=1
RLTRACE t_ns=859200724858653 stage=T6 side=S res=2 off=22760 len=26
RLTRACE t_ns=859200725144226 stage=T6 side=S res=2 off=23016 len=1
RLTRACE t_ns=859200725404502 stage=T6 side=S res=2 off=23021 len=1
RLTRACE t_ns=859200725952674 stage=T6 side=S res=2 off=23028 len=25
RLTRACE t_ns=859200726191110 stage=T6 side=S res=2 off=23284 len=1
RLTRACE t_ns=859200726384618 stage=T6 side=S res=2 off=23289 len=1
RLTRACE t_ns=859200726575727 stage=T6 side=S res=2 off=23296 len=26
RLTRACE t_ns=859200726931584 stage=T6 side=S res=2 off=23552 len=1
RLTRACE t_ns=859200727296696 stage=T6 side=S res=2 off=23557 len=1
RLTRACE t_ns=859200727309488 stage=T6 side=S res=2 off=23564 len=27
RLTRACE t_ns=859200727489606 stage=T6 side=S res=2 off=23820 len=1
RLTRACE t_ns=859200727501959 stage=T6 side=S res=2 off=23825 len=1
RLTRACE t_ns=859200727927463 stage=T6 side=S res=2 off=23832 len=25
RLTRACE t_ns=859200728395123 stage=T6 side=S res=2 off=24088 len=1
RLTRACE t_ns=859200728662254 stage=T6 side=S res=2 off=24093 len=1
RLTRACE t_ns=859200728915852 stage=T6 side=S res=2 off=24100 len=24
RLTRACE t_ns=859200729191397 stage=T6 side=S res=2 off=24356 len=1
RLTRACE t_ns=859200729610090 stage=T6 side=S res=2 off=24361 len=1
RLTRACE t_ns=859200730024145 stage=T6 side=S res=2 off=24368 len=26
RLTRACE t_ns=859200730298974 stage=T6 side=S res=2 off=24624 len=1
RLTRACE t_ns=859200730331011 stage=T6 side=S res=2 off=24629 len=1
RLTRACE t_ns=859200730579377 stage=T6 side=S res=2 off=24636 len=43
RLTRACE t_ns=859200730597399 stage=T6 side=S res=2 off=24892 len=1
RLTRACE t_ns=859200731121370 stage=T6 side=S res=2 off=24897 len=1
RLTRACE t_ns=859200731324806 stage=T6 side=S res=2 off=24904 len=29
RLTRACE t_ns=859200731514702 stage=T6 side=S res=2 off=25160 len=1
RLTRACE t_ns=859200731754204 stage=T6 side=S res=2 off=25165 len=1
RLTRACE t_ns=859200731766564 stage=T6 side=S res=2 off=25172 len=30
RLTRACE t_ns=859200731780143 stage=T6 side=S res=2 off=25428 len=1
RLTRACE t_ns=859200732092052 stage=T6 side=S res=2 off=25433 len=1
RLTRACE t_ns=859200732104931 stage=T6 side=S res=2 off=25440 len=30
RLTRACE t_ns=859200732907612 stage=T6 side=S res=2 off=25696 len=1
RLTRACE t_ns=859200733180026 stage=T6 side=S res=2 off=25701 len=1
RLTRACE t_ns=859200733443798 stage=T6 side=S res=2 off=25708 len=41
RLTRACE t_ns=859200733716062 stage=T6 side=S res=2 off=25964 len=1
RLTRACE t_ns=859200733810616 stage=T6 side=S res=2 off=25969 len=1
RLTRACE t_ns=859200733883913 stage=T6 side=S res=2 off=25976 len=30
RLTRACE t_ns=859200733951745 stage=T6 side=S res=2 off=26232 len=1
RLTRACE t_ns=859200734057779 stage=T6 side=S res=2 off=26237 len=1
RLTRACE t_ns=859200734904061 stage=T6 side=S res=2 off=26244 len=32
RLTRACE t_ns=859200735551738 stage=T6 side=S res=2 off=26500 len=1
RLTRACE t_ns=859200736289284 stage=T6 side=S res=2 off=26505 len=1
RLTRACE t_ns=859200736933336 stage=T6 side=S res=2 off=26512 len=22
RLTRACE t_ns=859200737365663 stage=T6 side=S res=2 off=26768 len=1
RLTRACE t_ns=859200737953834 stage=T6 side=S res=2 off=26773 len=1
RLTRACE t_ns=859200738534203 stage=T6 side=S res=2 off=26780 len=28
RLTRACE t_ns=859200739093000 stage=T6 side=S res=2 off=27036 len=1
RLTRACE t_ns=859200739124336 stage=T6 side=S res=2 off=27041 len=1
RLTRACE t_ns=859200739137758 stage=T6 side=S res=2 off=27048 len=32
RLTRACE t_ns=859200739156110 stage=T6 side=S res=2 off=27304 len=1
RLTRACE t_ns=859200739168292 stage=T6 side=S res=2 off=27309 len=1
RLTRACE t_ns=859200739488235 stage=T6 side=S res=2 off=27316 len=22
RLTRACE t_ns=859200739715954 stage=T6 side=S res=2 off=27572 len=1
RLTRACE t_ns=859200740127554 stage=T6 side=S res=2 off=27577 len=1
RLTRACE t_ns=859200740142108 stage=T6 side=S res=2 off=27584 len=23
RLTRACE t_ns=859200740345453 stage=T6 side=S res=2 off=27840 len=1
RLTRACE t_ns=859200740688492 stage=T6 side=S res=2 off=27845 len=1
RLTRACE t_ns=859200741056610 stage=T6 side=S res=2 off=27852 len=26
RLTRACE t_ns=859200741073317 stage=T6 side=S res=2 off=28108 len=1
RLTRACE t_ns=859200741254974 stage=T6 side=S res=2 off=28113 len=1
RLTRACE t_ns=859200741457826 stage=T6 side=S res=2 off=28120 len=32
RLTRACE t_ns=859200741888621 stage=T6 side=S res=2 off=28376 len=1
RLTRACE t_ns=859200742145880 stage=T6 side=S res=2 off=28381 len=1
RLTRACE t_ns=859200742160802 stage=T6 side=S res=2 off=28388 len=23
RLTRACE t_ns=859200742355721 stage=T6 side=S res=2 off=28644 len=1
RLTRACE t_ns=859200742594919 stage=T6 side=S res=2 off=28649 len=1
RLTRACE t_ns=859200742607878 stage=T6 side=S res=2 off=28656 len=30
RLTRACE t_ns=859200742940829 stage=T6 side=S res=2 off=28912 len=1
RLTRACE t_ns=859200742954011 stage=T6 side=S res=2 off=28917 len=1
RLTRACE t_ns=859200743418469 stage=T6 side=S res=2 off=28924 len=25
RLTRACE t_ns=859200743645482 stage=T6 side=S res=2 off=29180 len=1
RLTRACE t_ns=859200743857747 stage=T6 side=S res=2 off=29185 len=1
RLTRACE t_ns=859200744152390 stage=T6 side=S res=2 off=29192 len=23
RLTRACE t_ns=859200744829289 stage=T6 side=S res=2 off=29448 len=1
RLTRACE t_ns=859200744847938 stage=T6 side=S res=2 off=29453 len=1
RLTRACE t_ns=859200744862976 stage=T6 side=S res=2 off=29460 len=27
RLTRACE t_ns=859200745172135 stage=T6 side=S res=2 off=29716 len=1
RLTRACE t_ns=859200745406004 stage=T6 side=S res=2 off=29721 len=1
RLTRACE t_ns=859200746210936 stage=T6 side=S res=2 off=29728 len=23
RLTRACE t_ns=859200746428584 stage=T6 side=S res=2 off=29984 len=1
RLTRACE t_ns=859200746638793 stage=T6 side=S res=2 off=29989 len=1
RLTRACE t_ns=859200746839702 stage=T6 side=S res=2 off=29996 len=31
RLTRACE t_ns=859200747233706 stage=T6 side=S res=2 off=30252 len=1
RLTRACE t_ns=859200747248739 stage=T6 side=S res=2 off=30257 len=1
RLTRACE t_ns=859200747441249 stage=T6 side=S res=2 off=30264 len=25
RLTRACE t_ns=859200747624714 stage=T6 side=S res=2 off=30520 len=1
RLTRACE t_ns=859200747975110 stage=T6 side=S res=2 off=30525 len=1
RLTRACE t_ns=859200747987699 stage=T6 side=S res=2 off=30532 len=25
RLTRACE t_ns=859200748361841 stage=T6 side=S res=2 off=30788 len=1
RLTRACE t_ns=859200748999378 stage=T6 side=S res=2 off=30793 len=1
RLTRACE t_ns=859200749598818 stage=T6 side=S res=2 off=30800 len=20
RLTRACE t_ns=859200750184532 stage=T6 side=S res=2 off=31056 len=1
RLTRACE t_ns=859200750785787 stage=T6 side=S res=2 off=31061 len=1
RLTRACE t_ns=859200751461472 stage=T6 side=S res=2 off=31068 len=17
RLTRACE t_ns=859200752096923 stage=T6 side=S res=2 off=31324 len=1
RLTRACE t_ns=859200752722052 stage=T6 side=S res=2 off=31329 len=1
RLTRACE t_ns=859200753147399 stage=T6 side=S res=2 off=31336 len=30
RLTRACE t_ns=859200753647588 stage=T6 side=S res=2 off=31592 len=1
RLTRACE t_ns=859200753666760 stage=T6 side=S res=2 off=31597 len=1
RLTRACE t_ns=859200753878346 stage=T6 side=S res=2 off=31604 len=28
RLTRACE t_ns=859200754113866 stage=T6 side=S res=2 off=31860 len=1
RLTRACE t_ns=859200754304167 stage=T6 side=S res=2 off=31865 len=1
RLTRACE t_ns=859200754791161 stage=T6 side=S res=2 off=31872 len=28
RLTRACE t_ns=859200754809563 stage=T6 side=S res=2 off=32128 len=1
RLTRACE t_ns=859200755021841 stage=T6 side=S res=2 off=32133 len=1
RLTRACE t_ns=859200755037078 stage=T6 side=S res=2 off=32140 len=19
RLTRACE t_ns=859200755237925 stage=T6 side=S res=2 off=32396 len=1
RLTRACE t_ns=859200755441207 stage=T6 side=S res=2 off=32401 len=1
RLTRACE t_ns=859200755454404 stage=T6 side=S res=2 off=32408 len=38
RLTRACE t_ns=859200755810126 stage=T6 side=S res=2 off=32664 len=1
RLTRACE t_ns=859200755823150 stage=T6 side=S res=2 off=32669 len=1
RLTRACE t_ns=859200756218766 stage=T6 side=S res=2 off=32676 len=33
RLTRACE t_ns=859200756861989 stage=T6 side=S res=2 off=32932 len=1
RLTRACE t_ns=859200756877686 stage=T6 side=S res=2 off=32937 len=1
RLTRACE t_ns=859200757110313 stage=T6 side=S res=2 off=32944 len=32
RLTRACE t_ns=859200757574444 stage=T6 side=S res=2 off=33200 len=1
RLTRACE t_ns=859200757984015 stage=T6 side=S res=2 off=33205 len=1
RLTRACE t_ns=859200758262652 stage=T6 side=S res=2 off=33212 len=26
RLTRACE t_ns=859200758841793 stage=T6 side=S res=2 off=33468 len=1
RLTRACE t_ns=859200759359469 stage=T6 side=S res=2 off=33473 len=1
RLTRACE t_ns=859200759589620 stage=T6 side=S res=2 off=33480 len=26
RLTRACE t_ns=859200759822777 stage=T6 side=S res=2 off=33736 len=1
RLTRACE t_ns=859200760438035 stage=T6 side=S res=2 off=33741 len=1
RLTRACE t_ns=859200760791609 stage=T6 side=S res=2 off=33748 len=38
RLTRACE t_ns=859200760809529 stage=T6 side=S res=2 off=34004 len=1
RLTRACE t_ns=859200761017138 stage=T6 side=S res=2 off=34009 len=1
RLTRACE t_ns=859200761037555 stage=T6 side=S res=2 off=34016 len=33
RLTRACE t_ns=859200761057305 stage=T6 side=S res=2 off=34272 len=1
RLTRACE t_ns=859200761069624 stage=T6 side=S res=2 off=34277 len=1
RLTRACE t_ns=859200761482329 stage=T6 side=S res=2 off=34284 len=19
RLTRACE t_ns=859200761904104 stage=T6 side=S res=2 off=34540 len=1
RLTRACE t_ns=859200762280455 stage=T6 side=S res=2 off=34545 len=1
RLTRACE t_ns=859200762546605 stage=T6 side=S res=2 off=34552 len=23
RLTRACE t_ns=859200762937971 stage=T6 side=S res=2 off=34808 len=1
RLTRACE t_ns=859200763406476 stage=T6 side=S res=2 off=34813 len=1
RLTRACE t_ns=859200763425723 stage=T6 side=S res=2 off=34820 len=27
RLTRACE t_ns=859200763441708 stage=T6 side=S res=2 off=35076 len=1
RLTRACE t_ns=859200763740012 stage=T6 side=S res=2 off=35081 len=1
RLTRACE t_ns=859200764434415 stage=T6 side=S res=2 off=35088 len=18
RLTRACE t_ns=859200764651081 stage=T6 side=S res=2 off=35344 len=1
RLTRACE t_ns=859200765025817 stage=T6 side=S res=2 off=35349 len=1
RLTRACE t_ns=859200765039590 stage=T6 side=S res=2 off=35356 len=23
RLTRACE t_ns=859200765250937 stage=T6 side=S res=2 off=35612 len=1
RLTRACE t_ns=859200765607419 stage=T6 side=S res=2 off=35617 len=1
RLTRACE t_ns=859200765963540 stage=T6 side=S res=2 off=35624 len=28
RLTRACE t_ns=859200765978395 stage=T6 side=S res=2 off=35880 len=1
RLTRACE t_ns=859200766195153 stage=T6 side=S res=2 off=35885 len=1
RLTRACE t_ns=859200766444487 stage=T6 side=S res=2 off=35892 len=26
RLTRACE t_ns=859200766814676 stage=T6 side=S res=2 off=36148 len=1
RLTRACE t_ns=859200767215208 stage=T6 side=S res=2 off=36153 len=1
RLTRACE t_ns=859200767416890 stage=T6 side=S res=2 off=36160 len=29
RLTRACE t_ns=859200767605008 stage=T6 side=S res=2 off=36416 len=1
RLTRACE t_ns=859200767793496 stage=T6 side=S res=2 off=36421 len=1
RLTRACE t_ns=859200767977633 stage=T6 side=S res=2 off=36428 len=26
RLTRACE t_ns=859200767990496 stage=T6 side=S res=2 off=36684 len=1
RLTRACE t_ns=859200768803892 stage=T6 side=S res=2 off=36689 len=1
RLTRACE t_ns=859200769021070 stage=T6 side=S res=2 off=36696 len=27
RLTRACE t_ns=859200769038314 stage=T6 side=S res=2 off=36952 len=1
RLTRACE t_ns=859200769262232 stage=T6 side=S res=2 off=36957 len=1
RLTRACE t_ns=859200770037576 stage=T6 side=S res=2 off=36964 len=41
RLTRACE t_ns=859200770055341 stage=T6 side=S res=2 off=37220 len=1
RLTRACE t_ns=859200770068198 stage=T6 side=S res=2 off=37225 len=1
RLTRACE t_ns=859200770287642 stage=T6 side=S res=2 off=37232 len=32
RLTRACE t_ns=859200770491332 stage=T6 side=S res=2 off=37488 len=1
RLTRACE t_ns=859200770842662 stage=T6 side=S res=2 off=37493 len=1
RLTRACE t_ns=859200771237461 stage=T6 side=S res=2 off=37500 len=35
RLTRACE t_ns=859200771451908 stage=T6 side=S res=2 off=37756 len=1
RLTRACE t_ns=859200771464268 stage=T6 side=S res=2 off=37761 len=1
RLTRACE t_ns=859200771661629 stage=T6 side=S res=2 off=37768 len=28
RLTRACE t_ns=859200771864697 stage=T6 side=S res=2 off=38024 len=1
RLTRACE t_ns=859200772424401 stage=T6 side=S res=2 off=38029 len=1
RLTRACE t_ns=859200772437819 stage=T6 side=S res=2 off=38036 len=29
RLTRACE t_ns=859200772451075 stage=T6 side=S res=2 off=38292 len=1
RLTRACE t_ns=859200772664931 stage=T6 side=S res=2 off=38297 len=1
RLTRACE t_ns=859200772859763 stage=T6 side=S res=2 off=38304 len=27
RLTRACE t_ns=859200773238371 stage=T6 side=S res=2 off=38560 len=1
RLTRACE t_ns=859200773252319 stage=T6 side=S res=2 off=38565 len=1
RLTRACE t_ns=859200773593621 stage=T6 side=S res=2 off=38572 len=34
RLTRACE t_ns=859200773879295 stage=T6 side=S res=2 off=38828 len=1
RLTRACE t_ns=859200774186541 stage=T6 side=S res=2 off=38833 len=1
RLTRACE t_ns=859200774545128 stage=T6 side=S res=2 off=38840 len=28
RLTRACE t_ns=859200774900743 stage=T6 side=S res=2 off=39096 len=1
RLTRACE t_ns=859200775119711 stage=T6 side=S res=2 off=39101 len=1
RLTRACE t_ns=859200775324196 stage=T6 side=S res=2 off=39108 len=29
RLTRACE t_ns=859200775523611 stage=T6 side=S res=2 off=39364 len=1
RLTRACE t_ns=859200775537665 stage=T6 side=S res=2 off=39369 len=1
RLTRACE t_ns=859200775904513 stage=T6 side=S res=2 off=39376 len=25
RLTRACE t_ns=859200775919651 stage=T6 side=S res=2 off=39632 len=1
RLTRACE t_ns=859200776357476 stage=T6 side=S res=2 off=39637 len=1
RLTRACE t_ns=859200776642092 stage=T6 side=S res=2 off=39644 len=31
RLTRACE t_ns=859200777021093 stage=T6 side=S res=2 off=39900 len=1
RLTRACE t_ns=859200777181655 stage=T6 side=S res=2 off=39905 len=1
RLTRACE t_ns=859200777271973 stage=T6 side=S res=2 off=39912 len=33
RLTRACE t_ns=859200777344159 stage=T6 side=S res=2 off=40168 len=1
RLTRACE t_ns=859200777410749 stage=T6 side=S res=2 off=40173 len=1
RLTRACE t_ns=859200777477451 stage=T6 side=S res=2 off=40180 len=31
RLTRACE t_ns=859200777548370 stage=T6 side=S res=2 off=40436 len=1
RLTRACE t_ns=859200777694952 stage=T6 side=S res=2 off=40441 len=1
RLTRACE t_ns=859200777784862 stage=T6 side=S res=2 off=40448 len=25
RLTRACE t_ns=859200777883061 stage=T6 side=S res=2 off=40704 len=1
RLTRACE t_ns=859200777988472 stage=T6 side=S res=2 off=40709 len=1
RLTRACE t_ns=859200778166571 stage=T6 side=S res=2 off=40716 len=25
RLTRACE t_ns=859200778309112 stage=T6 side=S res=2 off=40972 len=1
RLTRACE t_ns=859200778937476 stage=T6 side=S res=2 off=40977 len=1
RLTRACE t_ns=859200779529782 stage=T6 side=S res=2 off=40984 len=29
RLTRACE t_ns=859200779802824 stage=T6 side=S res=2 off=41240 len=1
RLTRACE t_ns=859200780174750 stage=T6 side=S res=2 off=41245 len=1
RLTRACE t_ns=859200780674443 stage=T6 side=S res=2 off=41252 len=19
RLTRACE t_ns=859200781624978 stage=T6 side=S res=2 off=41508 len=1
RLTRACE t_ns=859200782073443 stage=T6 side=S res=2 off=41513 len=1
RLTRACE t_ns=859200782417754 stage=T6 side=S res=2 off=41520 len=32
RLTRACE t_ns=859200782790808 stage=T6 side=S res=2 off=41776 len=1
RLTRACE t_ns=859200782989136 stage=T6 side=S res=2 off=41781 len=1
RLTRACE t_ns=859200783221208 stage=T6 side=S res=2 off=41788 len=32
RLTRACE t_ns=859200783986903 stage=T6 side=S res=2 off=42044 len=1
RLTRACE t_ns=859200788290743 stage=T0 side=S res=1 tail=700 bytes=96
RLTRACE t_ns=859200788529991 stage=T2 side=S res=1 tail=700
RLTRACE t_ns=859200789173099 stage=T5 side=S res=2 off=42048 runs=6 fp=0x914a5f1e5c15a81d
RLTRACE t_ns=859200813265730 stage=T6 side=S res=2 off=42048 len=1
RLTRACE t_ns=859200813373270 stage=T6 side=S res=2 off=42052 len=1
RLTRACE t_ns=859200813385455 stage=T6 side=S res=2 off=42060 len=4
RLTRACE t_ns=859200813400002 stage=T6 side=S res=2 off=42072 len=1
RLTRACE t_ns=859200813411100 stage=T6 side=S res=2 off=42076 len=1
RLTRACE t_ns=859200813423076 stage=T6 side=S res=2 off=42080 len=1
RLTRACE t_ns=859200817373327 stage=T0 side=S res=1 tail=796 bytes=96
RLTRACE t_ns=859200817785827 stage=T2 side=S res=1 tail=796
RLTRACE t_ns=859200818430104 stage=T5 side=S res=2 off=42084 runs=6 fp=0x6ed0757cb4862312
RLTRACE t_ns=859200842434809 stage=T6 side=S res=2 off=42084 len=1
RLTRACE t_ns=859200842529103 stage=T6 side=S res=2 off=42088 len=1
RLTRACE t_ns=859200842541750 stage=T6 side=S res=2 off=42096 len=4
RLTRACE t_ns=859200842555038 stage=T6 side=S res=2 off=42108 len=1
RLTRACE t_ns=859200842566633 stage=T6 side=S res=2 off=42112 len=1
RLTRACE t_ns=859200842603835 stage=T6 side=S res=2 off=42116 len=1
RLTRACE t_ns=859200847496621 stage=T0 side=S res=1 tail=1996 bytes=1200
RLTRACE t_ns=859200847712651 stage=T2 side=S res=1 tail=832
RLTRACE t_ns=859200848478213 stage=T5 side=S res=2 off=42120 runs=319 fp=0x4c0613a75ad95cb3
RLTRACE t_ns=859200877759617 stage=T6 side=S res=2 off=42120 len=1
RLTRACE t_ns=859200877945992 stage=T6 side=S res=2 off=42124 len=1
RLTRACE t_ns=859200878480268 stage=T6 side=S res=2 off=42132 len=5
RLTRACE t_ns=859200878762106 stage=T6 side=S res=2 off=42144 len=5
RLTRACE t_ns=859200879014401 stage=T6 side=S res=2 off=42157 len=4
RLTRACE t_ns=859200879250009 stage=T6 side=S res=2 off=42168 len=5
RLTRACE t_ns=859200879295672 stage=T6 side=S res=2 off=42180 len=5
RLTRACE t_ns=859200879565462 stage=T6 side=S res=2 off=42192 len=5
RLTRACE t_ns=859200880044579 stage=T6 side=S res=2 off=42204 len=5
RLTRACE t_ns=859200880439204 stage=T6 side=S res=2 off=42216 len=5
RLTRACE t_ns=859200880692095 stage=T6 side=S res=2 off=42228 len=5
RLTRACE t_ns=859200880749763 stage=T6 side=S res=2 off=42240 len=5
RLTRACE t_ns=859200880792252 stage=T6 side=S res=2 off=42252 len=5
RLTRACE t_ns=859200880834776 stage=T6 side=S res=2 off=42264 len=5
RLTRACE t_ns=859200881267819 stage=T6 side=S res=2 off=42276 len=5
RLTRACE t_ns=859200881545459 stage=T6 side=S res=2 off=42288 len=5
RLTRACE t_ns=859200882139473 stage=T6 side=S res=2 off=42300 len=5
RLTRACE t_ns=859200882685462 stage=T6 side=S res=2 off=42312 len=5
RLTRACE t_ns=859200882914390 stage=T6 side=S res=2 off=42324 len=5
RLTRACE t_ns=859200883323800 stage=T6 side=S res=2 off=42336 len=5
RLTRACE t_ns=859200883883436 stage=T6 side=S res=2 off=42348 len=5
RLTRACE t_ns=859200884417400 stage=T6 side=S res=2 off=42360 len=5
RLTRACE t_ns=859200884928043 stage=T6 side=S res=2 off=42373 len=4
RLTRACE t_ns=859200885138621 stage=T6 side=S res=2 off=42384 len=5
RLTRACE t_ns=859200885850672 stage=T6 side=S res=2 off=42396 len=5
RLTRACE t_ns=859200886147137 stage=T6 side=S res=2 off=42408 len=5
RLTRACE t_ns=859200886343538 stage=T6 side=S res=2 off=42420 len=5
RLTRACE t_ns=859200886663804 stage=T6 side=S res=2 off=42432 len=5
RLTRACE t_ns=859200886829483 stage=T6 side=S res=2 off=42444 len=5
RLTRACE t_ns=859200886984537 stage=T6 side=S res=2 off=42456 len=5
RLTRACE t_ns=859200887181915 stage=T6 side=S res=2 off=42468 len=5
RLTRACE t_ns=859200887919951 stage=T6 side=S res=2 off=42480 len=5
RLTRACE t_ns=859200887982077 stage=T6 side=S res=2 off=42492 len=5
RLTRACE t_ns=859200888123073 stage=T6 side=S res=2 off=42504 len=5
RLTRACE t_ns=859200888748158 stage=T6 side=S res=2 off=42516 len=5
RLTRACE t_ns=859200889341100 stage=T6 side=S res=2 off=42528 len=5
RLTRACE t_ns=859200889522067 stage=T6 side=S res=2 off=42540 len=5
RLTRACE t_ns=859200889726050 stage=T6 side=S res=2 off=42552 len=5
RLTRACE t_ns=859200889998939 stage=T6 side=S res=2 off=42564 len=5
RLTRACE t_ns=859200890222551 stage=T6 side=S res=2 off=42576 len=5
RLTRACE t_ns=859200890405806 stage=T6 side=S res=2 off=42588 len=5
RLTRACE t_ns=859200890564903 stage=T6 side=S res=2 off=42600 len=5
RLTRACE t_ns=859200890663630 stage=T6 side=S res=2 off=42612 len=5
RLTRACE t_ns=859200891237631 stage=T6 side=S res=2 off=42624 len=5
RLTRACE t_ns=859200891333687 stage=T6 side=S res=2 off=42636 len=5
RLTRACE t_ns=859200891473737 stage=T6 side=S res=2 off=42648 len=5
RLTRACE t_ns=859200891738730 stage=T6 side=S res=2 off=42660 len=5
RLTRACE t_ns=859200891809874 stage=T6 side=S res=2 off=42672 len=5
RLTRACE t_ns=859200891936445 stage=T6 side=S res=2 off=42684 len=5
RLTRACE t_ns=859200892098488 stage=T6 side=S res=2 off=42696 len=5
RLTRACE t_ns=859200892270953 stage=T6 side=S res=2 off=42709 len=4
RLTRACE t_ns=859200892938035 stage=T6 side=S res=2 off=42720 len=5
RLTRACE t_ns=859200893226814 stage=T6 side=S res=2 off=42733 len=4
RLTRACE t_ns=859200893440765 stage=T6 side=S res=2 off=42744 len=5
RLTRACE t_ns=859200894161309 stage=T6 side=S res=2 off=42756 len=5
RLTRACE t_ns=859200894587033 stage=T6 side=S res=2 off=42768 len=5
RLTRACE t_ns=859200895229589 stage=T6 side=S res=2 off=42780 len=5
RLTRACE t_ns=859200895799192 stage=T6 side=S res=2 off=42792 len=5
RLTRACE t_ns=859200896033013 stage=T6 side=S res=2 off=42804 len=5
RLTRACE t_ns=859200896380812 stage=T6 side=S res=2 off=42816 len=5
RLTRACE t_ns=859200897063169 stage=T6 side=S res=2 off=42828 len=5
RLTRACE t_ns=859200897434893 stage=T6 side=S res=2 off=42840 len=5
RLTRACE t_ns=859200897666124 stage=T6 side=S res=2 off=42852 len=5
RLTRACE t_ns=859200897858585 stage=T6 side=S res=2 off=42864 len=5
RLTRACE t_ns=859200897869895 stage=T6 side=S res=2 off=42876 len=5
RLTRACE t_ns=859200897880501 stage=T6 side=S res=2 off=42888 len=5
RLTRACE t_ns=859200897894735 stage=T6 side=S res=2 off=42900 len=5
RLTRACE t_ns=859200898162166 stage=T6 side=S res=2 off=42912 len=5
RLTRACE t_ns=859200898656000 stage=T6 side=S res=2 off=42924 len=5
RLTRACE t_ns=859200898834214 stage=T6 side=S res=2 off=42936 len=5
RLTRACE t_ns=859200898999903 stage=T6 side=S res=2 off=42948 len=5
RLTRACE t_ns=859200899178382 stage=T6 side=S res=2 off=42960 len=1
RLTRACE t_ns=859200899346259 stage=T6 side=S res=2 off=42962 len=3
RLTRACE t_ns=859200899358160 stage=T6 side=S res=2 off=42972 len=5
RLTRACE t_ns=859200899662745 stage=T6 side=S res=2 off=42984 len=5
RLTRACE t_ns=859200899955939 stage=T6 side=S res=2 off=42996 len=5
RLTRACE t_ns=859200900276275 stage=T6 side=S res=2 off=43008 len=5
RLTRACE t_ns=859200900445962 stage=T6 side=S res=2 off=43020 len=5
RLTRACE t_ns=859200900612346 stage=T6 side=S res=2 off=43032 len=5
RLTRACE t_ns=859200900770180 stage=T6 side=S res=2 off=43044 len=5
RLTRACE t_ns=859200901096744 stage=T6 side=S res=2 off=43056 len=5
RLTRACE t_ns=859200901387633 stage=T6 side=S res=2 off=43068 len=5
RLTRACE t_ns=859200901541562 stage=T6 side=S res=2 off=43080 len=5
RLTRACE t_ns=859200901704422 stage=T6 side=S res=2 off=43092 len=5
RLTRACE t_ns=859200902257293 stage=T6 side=S res=2 off=43104 len=5
RLTRACE t_ns=859200902600412 stage=T6 side=S res=2 off=43116 len=5
RLTRACE t_ns=859200902776685 stage=T6 side=S res=2 off=43128 len=5
RLTRACE t_ns=859200902947901 stage=T6 side=S res=2 off=43140 len=5
RLTRACE t_ns=859200903146942 stage=T6 side=S res=2 off=43152 len=5
RLTRACE t_ns=859200903327190 stage=T6 side=S res=2 off=43164 len=5
RLTRACE t_ns=859200903654861 stage=T6 side=S res=2 off=43176 len=5
RLTRACE t_ns=859200903668608 stage=T6 side=S res=2 off=43188 len=5
RLTRACE t_ns=859200903964035 stage=T6 side=S res=2 off=43200 len=5
RLTRACE t_ns=859200904156160 stage=T6 side=S res=2 off=43212 len=5
RLTRACE t_ns=859200904456274 stage=T6 side=S res=2 off=43224 len=5
RLTRACE t_ns=859200904468739 stage=T6 side=S res=2 off=43236 len=1
RLTRACE t_ns=859200904631000 stage=T6 side=S res=2 off=43238 len=3
RLTRACE t_ns=859200904811130 stage=T6 side=S res=2 off=43248 len=5
RLTRACE t_ns=859200904823782 stage=T6 side=S res=2 off=43260 len=4
RLTRACE t_ns=859200904835400 stage=T6 side=S res=2 off=43272 len=1
RLTRACE t_ns=859200905166678 stage=T6 side=S res=2 off=43276 len=1
RLTRACE t_ns=859200905473267 stage=T6 side=S res=2 off=43280 len=1
RLTRACE t_ns=859200905638443 stage=T6 side=S res=2 off=43288 len=1
RLTRACE t_ns=859200905935186 stage=T6 side=S res=2 off=43292 len=1
RLTRACE t_ns=859200906155227 stage=T6 side=S res=2 off=43296 len=1
RLTRACE t_ns=859200906167108 stage=T6 side=S res=2 off=43300 len=1
RLTRACE t_ns=859200906467105 stage=T6 side=S res=2 off=43304 len=1
RLTRACE t_ns=859200906478980 stage=T6 side=S res=2 off=43308 len=1
RLTRACE t_ns=859200906778124 stage=T6 side=S res=2 off=43312 len=1
RLTRACE t_ns=859200906965260 stage=T6 side=S res=2 off=43316 len=1
RLTRACE t_ns=859200906977723 stage=T6 side=S res=2 off=43320 len=1
RLTRACE t_ns=859200907168997 stage=T6 side=S res=2 off=43324 len=1
RLTRACE t_ns=859200907344785 stage=T6 side=S res=2 off=43328 len=1
RLTRACE t_ns=859200907359666 stage=T6 side=S res=2 off=43332 len=1
RLTRACE t_ns=859200907662128 stage=T6 side=S res=2 off=43336 len=1
RLTRACE t_ns=859200908068126 stage=T6 side=S res=2 off=43348 len=1
RLTRACE t_ns=859200908262280 stage=T6 side=S res=2 off=43352 len=1
RLTRACE t_ns=859200908428872 stage=T6 side=S res=2 off=43356 len=1
RLTRACE t_ns=859200908788920 stage=T6 side=S res=2 off=43360 len=1
RLTRACE t_ns=859200908800374 stage=T6 side=S res=2 off=43364 len=1
RLTRACE t_ns=859200909198185 stage=T6 side=S res=2 off=43368 len=1
RLTRACE t_ns=859200909373579 stage=T6 side=S res=2 off=43376 len=1
RLTRACE t_ns=859200909385146 stage=T6 side=S res=2 off=43380 len=1
RLTRACE t_ns=859200909690386 stage=T6 side=S res=2 off=43384 len=1
RLTRACE t_ns=859200910295144 stage=T6 side=S res=2 off=43388 len=1
RLTRACE t_ns=859200910995616 stage=T6 side=S res=2 off=43392 len=1
RLTRACE t_ns=859200911692916 stage=T6 side=S res=2 off=43396 len=1
RLTRACE t_ns=859200911957007 stage=T6 side=S res=2 off=43400 len=1
RLTRACE t_ns=859200912522227 stage=T6 side=S res=2 off=43404 len=1
RLTRACE t_ns=859200912720991 stage=T6 side=S res=2 off=43408 len=1
RLTRACE t_ns=859200913091527 stage=T6 side=S res=2 off=43412 len=1
RLTRACE t_ns=859200913297515 stage=T6 side=S res=2 off=43416 len=1
RLTRACE t_ns=859200913653223 stage=T6 side=S res=2 off=43420 len=1
RLTRACE t_ns=859200913824915 stage=T6 side=S res=2 off=43424 len=1
RLTRACE t_ns=859200914145615 stage=T6 side=S res=2 off=43428 len=1
RLTRACE t_ns=859200914314429 stage=T6 side=S res=2 off=43432 len=1
RLTRACE t_ns=859200914481443 stage=T6 side=S res=2 off=43436 len=1
RLTRACE t_ns=859200914806991 stage=T6 side=S res=2 off=43440 len=1
RLTRACE t_ns=859200914819851 stage=T6 side=S res=2 off=43448 len=1
RLTRACE t_ns=859200915166875 stage=T6 side=S res=2 off=43452 len=1
RLTRACE t_ns=859200915179595 stage=T6 side=S res=2 off=43456 len=1
RLTRACE t_ns=859200915515629 stage=T6 side=S res=2 off=43460 len=1
RLTRACE t_ns=859200915738691 stage=T6 side=S res=2 off=43464 len=1
RLTRACE t_ns=859200915926892 stage=T6 side=S res=2 off=43468 len=1
RLTRACE t_ns=859200916165001 stage=T6 side=S res=2 off=43472 len=1
RLTRACE t_ns=859200916492535 stage=T6 side=S res=2 off=43476 len=1
RLTRACE t_ns=859200916504680 stage=T6 side=S res=2 off=43480 len=1
RLTRACE t_ns=859200916934524 stage=T6 side=S res=2 off=43484 len=1
RLTRACE t_ns=859200916964081 stage=T6 side=S res=2 off=43488 len=1
RLTRACE t_ns=859200917195382 stage=T6 side=S res=2 off=43492 len=1
RLTRACE t_ns=859200917424527 stage=T6 side=S res=2 off=43496 len=1
RLTRACE t_ns=859200917846284 stage=T6 side=S res=2 off=43500 len=1
RLTRACE t_ns=859200917923640 stage=T6 side=S res=2 off=43504 len=1
RLTRACE t_ns=859200917974640 stage=T6 side=S res=2 off=43508 len=1
RLTRACE t_ns=859200918091785 stage=T6 side=S res=2 off=43512 len=1
RLTRACE t_ns=859200918303986 stage=T6 side=S res=2 off=43516 len=1
RLTRACE t_ns=859200918496449 stage=T6 side=S res=2 off=43520 len=1
RLTRACE t_ns=859200918947434 stage=T6 side=S res=2 off=43524 len=1
RLTRACE t_ns=859200919197669 stage=T6 side=S res=2 off=43528 len=1
RLTRACE t_ns=859200919603363 stage=T6 side=S res=2 off=43532 len=1
RLTRACE t_ns=859200919821173 stage=T6 side=S res=2 off=43536 len=1
RLTRACE t_ns=859200920217538 stage=T6 side=S res=2 off=43544 len=1
RLTRACE t_ns=859200920431611 stage=T6 side=S res=2 off=43548 len=1
RLTRACE t_ns=859200920852062 stage=T6 side=S res=2 off=43552 len=1
RLTRACE t_ns=859200921268300 stage=T6 side=S res=2 off=43556 len=1
RLTRACE t_ns=859200921385117 stage=T6 side=S res=2 off=43560 len=1
RLTRACE t_ns=859200921751246 stage=T6 side=S res=2 off=43564 len=1
RLTRACE t_ns=859200922059919 stage=T6 side=S res=2 off=43568 len=1
RLTRACE t_ns=859200922542556 stage=T6 side=S res=2 off=43572 len=1
RLTRACE t_ns=859200923059795 stage=T6 side=S res=2 off=43576 len=1
RLTRACE t_ns=859200923368635 stage=T6 side=S res=2 off=43580 len=1
RLTRACE t_ns=859200923609857 stage=T6 side=S res=2 off=43584 len=1
RLTRACE t_ns=859200924312768 stage=T6 side=S res=2 off=43596 len=1
RLTRACE t_ns=859200924673549 stage=T6 side=S res=2 off=43604 len=1
RLTRACE t_ns=859200925357326 stage=T6 side=S res=2 off=43608 len=1
RLTRACE t_ns=859200925609614 stage=T6 side=S res=2 off=43612 len=1
RLTRACE t_ns=859200926343265 stage=T6 side=S res=2 off=43616 len=1
RLTRACE t_ns=859200926586113 stage=T6 side=S res=2 off=43620 len=1
RLTRACE t_ns=859200926823039 stage=T6 side=S res=2 off=43624 len=1
RLTRACE t_ns=859200927738482 stage=T6 side=S res=2 off=43628 len=1
RLTRACE t_ns=859200928211784 stage=T6 side=S res=2 off=43632 len=1
RLTRACE t_ns=859200928940545 stage=T6 side=S res=2 off=43636 len=1
RLTRACE t_ns=859200929356581 stage=T6 side=S res=2 off=43640 len=1
RLTRACE t_ns=859200930088282 stage=T6 side=S res=2 off=43644 len=1
RLTRACE t_ns=859200930330490 stage=T6 side=S res=2 off=43648 len=1
RLTRACE t_ns=859200930846487 stage=T6 side=S res=2 off=43652 len=1
RLTRACE t_ns=859200931220002 stage=T6 side=S res=2 off=43656 len=1
RLTRACE t_ns=859200931458263 stage=T6 side=S res=2 off=43660 len=1
RLTRACE t_ns=859200932021211 stage=T6 side=S res=2 off=43672 len=1
RLTRACE t_ns=859200932731441 stage=T6 side=S res=2 off=43676 len=1
RLTRACE t_ns=859200932950281 stage=T6 side=S res=2 off=43680 len=1
RLTRACE t_ns=859200933237262 stage=T6 side=S res=2 off=43684 len=1
RLTRACE t_ns=859200933627665 stage=T6 side=S res=2 off=43688 len=1
RLTRACE t_ns=859200934245380 stage=T6 side=S res=2 off=43696 len=1
RLTRACE t_ns=859200934400035 stage=T6 side=S res=2 off=43700 len=1
RLTRACE t_ns=859200934529341 stage=T6 side=S res=2 off=43704 len=1
RLTRACE t_ns=859200935172209 stage=T6 side=S res=2 off=43708 len=1
RLTRACE t_ns=859200935919006 stage=T6 side=S res=2 off=43712 len=1
RLTRACE t_ns=859200935983708 stage=T6 side=S res=2 off=43716 len=1
RLTRACE t_ns=859200936290417 stage=T6 side=S res=2 off=43720 len=1
RLTRACE t_ns=859200936762201 stage=T6 side=S res=2 off=43724 len=1
RLTRACE t_ns=859200937366382 stage=T6 side=S res=2 off=43728 len=1
RLTRACE t_ns=859200937630140 stage=T6 side=S res=2 off=43732 len=1
RLTRACE t_ns=859200938659784 stage=T6 side=S res=2 off=43736 len=1
RLTRACE t_ns=859200938987225 stage=T6 side=S res=2 off=43740 len=1
RLTRACE t_ns=859200939258868 stage=T6 side=S res=2 off=43744 len=1
RLTRACE t_ns=859200939796176 stage=T6 side=S res=2 off=43756 len=1
RLTRACE t_ns=859200940364812 stage=T6 side=S res=2 off=43760 len=1
RLTRACE t_ns=859200940723487 stage=T6 side=S res=2 off=43764 len=1
RLTRACE t_ns=859200941387011 stage=T6 side=S res=2 off=43768 len=1
RLTRACE t_ns=859200941942294 stage=T6 side=S res=2 off=43772 len=1
RLTRACE t_ns=859200942598998 stage=T6 side=S res=2 off=43776 len=1
RLTRACE t_ns=859200943111705 stage=T6 side=S res=2 off=43784 len=1
RLTRACE t_ns=859200943377862 stage=T6 side=S res=2 off=43788 len=1
RLTRACE t_ns=859200943934421 stage=T6 side=S res=2 off=43792 len=1
RLTRACE t_ns=859200944225262 stage=T6 side=S res=2 off=43796 len=1
RLTRACE t_ns=859200944906665 stage=T6 side=S res=2 off=43800 len=1
RLTRACE t_ns=859200945569814 stage=T6 side=S res=2 off=43804 len=1
RLTRACE t_ns=859200945948599 stage=T6 side=S res=2 off=43808 len=1
RLTRACE t_ns=859200946523438 stage=T6 side=S res=2 off=43812 len=1
RLTRACE t_ns=859200946761429 stage=T6 side=S res=2 off=43816 len=1
RLTRACE t_ns=859200947672405 stage=T6 side=S res=2 off=43820 len=1
RLTRACE t_ns=859200947882610 stage=T6 side=S res=2 off=43824 len=1
RLTRACE t_ns=859200948473757 stage=T6 side=S res=2 off=43828 len=1
RLTRACE t_ns=859200948858475 stage=T6 side=S res=2 off=43832 len=1
RLTRACE t_ns=859200949134164 stage=T6 side=S res=2 off=43836 len=1
RLTRACE t_ns=859200949719678 stage=T6 side=S res=2 off=43840 len=1
RLTRACE t_ns=859200950154070 stage=T6 side=S res=2 off=43844 len=1
RLTRACE t_ns=859200950371523 stage=T6 side=S res=2 off=43848 len=1
RLTRACE t_ns=859200950641846 stage=T6 side=S res=2 off=43852 len=1
RLTRACE t_ns=859200950916548 stage=T6 side=S res=2 off=43856 len=1
RLTRACE t_ns=859200951508354 stage=T6 side=S res=2 off=43864 len=1
RLTRACE t_ns=859200951995229 stage=T6 side=S res=2 off=43868 len=1
RLTRACE t_ns=859200952256233 stage=T6 side=S res=2 off=43876 len=1
RLTRACE t_ns=859200952492450 stage=T6 side=S res=2 off=43880 len=1
RLTRACE t_ns=859200953239351 stage=T6 side=S res=2 off=43884 len=1
RLTRACE t_ns=859200953544894 stage=T6 side=S res=2 off=43888 len=1
RLTRACE t_ns=859200954233784 stage=T6 side=S res=2 off=43932 len=1
RLTRACE t_ns=859200954661059 stage=T6 side=S res=2 off=43936 len=1
RLTRACE t_ns=859200954927653 stage=T6 side=S res=2 off=43944 len=1
RLTRACE t_ns=859200955545614 stage=T6 side=S res=2 off=43948 len=1
RLTRACE t_ns=859200956072091 stage=T6 side=S res=2 off=43952 len=1
RLTRACE t_ns=859200956589826 stage=T6 side=S res=2 off=43956 len=1
RLTRACE t_ns=859200957173844 stage=T6 side=S res=2 off=43960 len=1
RLTRACE t_ns=859200957808089 stage=T6 side=S res=2 off=43964 len=1
RLTRACE t_ns=859200958372973 stage=T6 side=S res=2 off=43968 len=1
RLTRACE t_ns=859200958932336 stage=T6 side=S res=2 off=43972 len=1
RLTRACE t_ns=859200959203629 stage=T6 side=S res=2 off=43976 len=1
RLTRACE t_ns=859200959536219 stage=T6 side=S res=2 off=43980 len=1
RLTRACE t_ns=859200959705428 stage=T6 side=S res=2 off=43984 len=1
RLTRACE t_ns=859200959906566 stage=T6 side=S res=2 off=43992 len=1
RLTRACE t_ns=859200959924660 stage=T6 side=S res=2 off=43996 len=1
RLTRACE t_ns=859200960751040 stage=T6 side=S res=2 off=44000 len=1
RLTRACE t_ns=859200960965461 stage=T6 side=S res=2 off=44004 len=1
RLTRACE t_ns=859200961401447 stage=T6 side=S res=2 off=44016 len=1
RLTRACE t_ns=859200961414717 stage=T6 side=S res=2 off=44020 len=1
RLTRACE t_ns=859200961427083 stage=T6 side=S res=2 off=44024 len=1
RLTRACE t_ns=859200961841205 stage=T6 side=S res=2 off=44040 len=1
RLTRACE t_ns=859200961864672 stage=T6 side=S res=2 off=44056 len=1
RLTRACE t_ns=859200961886329 stage=T6 side=S res=2 off=44084 len=1
RLTRACE t_ns=859200962248541 stage=T6 side=S res=2 off=44104 len=1
RLTRACE t_ns=859200962881446 stage=T6 side=S res=2 off=44120 len=1
RLTRACE t_ns=859200962894885 stage=T6 side=S res=2 off=44128 len=1
RLTRACE t_ns=859200963156042 stage=T6 side=S res=2 off=44132 len=1
RLTRACE t_ns=859200963498410 stage=T6 side=S res=2 off=44136 len=1
RLTRACE t_ns=859200963511001 stage=T6 side=S res=2 off=44140 len=1
RLTRACE t_ns=859200963522714 stage=T6 side=S res=2 off=44144 len=1
RLTRACE t_ns=859200964135278 stage=T6 side=S res=2 off=44148 len=1
RLTRACE t_ns=859200964738871 stage=T6 side=S res=2 off=44152 len=1
RLTRACE t_ns=859200965084513 stage=T6 side=S res=2 off=44156 len=1
RLTRACE t_ns=859200965525224 stage=T6 side=S res=2 off=44160 len=1
RLTRACE t_ns=859200965561524 stage=T6 side=S res=2 off=44164 len=1
RLTRACE t_ns=859200965863681 stage=T6 side=S res=2 off=44168 len=1
RLTRACE t_ns=859200966357477 stage=T6 side=S res=2 off=44172 len=1
RLTRACE t_ns=859200966616328 stage=T6 side=S res=2 off=44176 len=1
RLTRACE t_ns=859200967074043 stage=T6 side=S res=2 off=44180 len=1
RLTRACE t_ns=859200967578738 stage=T6 side=S res=2 off=44184 len=1
RLTRACE t_ns=859200967833463 stage=T6 side=S res=2 off=44188 len=1
RLTRACE t_ns=859200968541003 stage=T6 side=S res=2 off=44192 len=1
RLTRACE t_ns=859200968976634 stage=T6 side=S res=2 off=44196 len=1
RLTRACE t_ns=859200969126496 stage=T6 side=S res=2 off=44200 len=1
RLTRACE t_ns=859200969528122 stage=T6 side=S res=2 off=44204 len=1
RLTRACE t_ns=859200970167792 stage=T6 side=S res=2 off=44208 len=1
RLTRACE t_ns=859200970420537 stage=T6 side=S res=2 off=44212 len=1
RLTRACE t_ns=859200970762281 stage=T6 side=S res=2 off=44216 len=1
RLTRACE t_ns=859200970986041 stage=T6 side=S res=2 off=44220 len=1
RLTRACE t_ns=859200972082444 stage=T6 side=S res=2 off=44224 len=1
RLTRACE t_ns=859200972701492 stage=T6 side=S res=2 off=44228 len=1
RLTRACE t_ns=859200973436984 stage=T6 side=S res=2 off=44232 len=1
RLTRACE t_ns=859200973724674 stage=T6 side=S res=2 off=44236 len=1
RLTRACE t_ns=859200974503391 stage=T6 side=S res=2 off=44240 len=1
RLTRACE t_ns=859200975286754 stage=T6 side=S res=2 off=44244 len=1
RLTRACE t_ns=859200976043749 stage=T6 side=S res=2 off=44248 len=1
RLTRACE t_ns=859200976693854 stage=T6 side=S res=2 off=44252 len=1
RLTRACE t_ns=859200977427710 stage=T6 side=S res=2 off=44256 len=1
RLTRACE t_ns=859200977950235 stage=T6 side=S res=2 off=44260 len=1
RLTRACE t_ns=859200978351496 stage=T6 side=S res=2 off=44264 len=1
RLTRACE t_ns=859200978441289 stage=T6 side=S res=2 off=44276 len=1
RLTRACE t_ns=859200978738084 stage=T6 side=S res=2 off=44280 len=1
RLTRACE t_ns=859200979454723 stage=T6 side=S res=2 off=44284 len=1
RLTRACE t_ns=859200980223415 stage=T6 side=S res=2 off=44288 len=1
RLTRACE t_ns=859200980279641 stage=T6 side=S res=2 off=44292 len=1
RLTRACE t_ns=859200980530006 stage=T6 side=S res=2 off=44296 len=1
RLTRACE t_ns=859200981147905 stage=T6 side=S res=2 off=44300 len=1
RLTRACE t_ns=859200981550103 stage=T6 side=S res=2 off=44308 len=1
RLTRACE t_ns=859200981784260 stage=T6 side=S res=2 off=44312 len=1
RLTRACE t_ns=859200982362015 stage=T6 side=S res=2 off=44316 len=1
RLTRACE t_ns=859200982885981 stage=T6 side=S res=2 off=44320 len=1
RLTRACE t_ns=859200983295114 stage=T6 side=S res=2 off=44324 len=1
RLTRACE t_ns=859200983541652 stage=T6 side=S res=2 off=44328 len=1
RLTRACE t_ns=859200984209658 stage=T6 side=S res=2 off=44332 len=1
RLTRACE t_ns=859200984517905 stage=T6 side=S res=2 off=44336 len=1
RLTRACE t_ns=859200985209174 stage=T6 side=S res=2 off=44340 len=1
RLTRACE t_ns=859200985571130 stage=T6 side=S res=2 off=44344 len=1
RLTRACE t_ns=859200986029568 stage=T6 side=S res=2 off=44348 len=1
RLTRACE t_ns=859200986374299 stage=T6 side=S res=2 off=44352 len=1
RLTRACE t_ns=859200986706800 stage=T6 side=S res=2 off=44356 len=1
RLTRACE t_ns=859200987378759 stage=T6 side=S res=2 off=44360 len=1
RLTRACE t_ns=859200987588902 stage=T6 side=S res=2 off=44364 len=1
RLTRACE t_ns=859200988736983 stage=T2 side=S res=1 tail=1996
RLTRACE t_ns=859201022076673 stage=T0 side=S res=1 tail=2560 bytes=564
RLTRACE t_ns=859201022324692 stage=T2 side=S res=1 tail=2032
RLTRACE t_ns=859201023893359 stage=T5 side=S res=2 off=44368 runs=318 fp=0x462c844dda1c56a2
RLTRACE t_ns=859201051185576 stage=T6 side=S res=2 off=44368 len=1
RLTRACE t_ns=859201051287328 stage=T6 side=S res=2 off=44372 len=1
RLTRACE t_ns=859201051299943 stage=T6 side=S res=2 off=44380 len=5
RLTRACE t_ns=859201051313815 stage=T6 side=S res=2 off=44392 len=5
RLTRACE t_ns=859201051325525 stage=T6 side=S res=2 off=44404 len=5
RLTRACE t_ns=859201051363740 stage=T6 side=S res=2 off=44416 len=5
RLTRACE t_ns=859201051702237 stage=T6 side=S res=2 off=44428 len=5
RLTRACE t_ns=859201051791914 stage=T6 side=S res=2 off=44440 len=5
RLTRACE t_ns=859201051925467 stage=T6 side=S res=2 off=44452 len=5
RLTRACE t_ns=859201052018993 stage=T6 side=S res=2 off=44464 len=5
RLTRACE t_ns=859201052168731 stage=T6 side=S res=2 off=44476 len=5
RLTRACE t_ns=859201052208373 stage=T6 side=S res=2 off=44488 len=5
RLTRACE t_ns=859201052229921 stage=T6 side=S res=2 off=44500 len=5
RLTRACE t_ns=859201052245175 stage=T6 side=S res=2 off=44512 len=5
RLTRACE t_ns=859201052263819 stage=T6 side=S res=2 off=44524 len=5
RLTRACE t_ns=859201052281974 stage=T6 side=S res=2 off=44536 len=5
RLTRACE t_ns=859201052295272 stage=T6 side=S res=2 off=44548 len=5
RLTRACE t_ns=859201052314193 stage=T6 side=S res=2 off=44560 len=5
RLTRACE t_ns=859201052330071 stage=T6 side=S res=2 off=44572 len=5
RLTRACE t_ns=859201052342635 stage=T6 side=S res=2 off=44584 len=5
RLTRACE t_ns=859201052354839 stage=T6 side=S res=2 off=44596 len=5
RLTRACE t_ns=859201052371005 stage=T6 side=S res=2 off=44608 len=5
RLTRACE t_ns=859201052391110 stage=T6 side=S res=2 off=44620 len=5
RLTRACE t_ns=859201052407482 stage=T6 side=S res=2 off=44632 len=5
RLTRACE t_ns=859201052427188 stage=T6 side=S res=2 off=44644 len=5
RLTRACE t_ns=859201052447082 stage=T6 side=S res=2 off=44656 len=5
RLTRACE t_ns=859201052467369 stage=T6 side=S res=2 off=44668 len=5
RLTRACE t_ns=859201052489361 stage=T6 side=S res=2 off=44680 len=5
RLTRACE t_ns=859201052511595 stage=T6 side=S res=2 off=44692 len=5
RLTRACE t_ns=859201052534696 stage=T6 side=S res=2 off=44704 len=5
RLTRACE t_ns=859201052553486 stage=T6 side=S res=2 off=44716 len=5
RLTRACE t_ns=859201052572880 stage=T6 side=S res=2 off=44728 len=5
RLTRACE t_ns=859201052591962 stage=T6 side=S res=2 off=44740 len=5
RLTRACE t_ns=859201052613587 stage=T6 side=S res=2 off=44752 len=5
RLTRACE t_ns=859201052632942 stage=T6 side=S res=2 off=44764 len=5
RLTRACE t_ns=859201052652201 stage=T6 side=S res=2 off=44776 len=5
RLTRACE t_ns=859201053291049 stage=T6 side=S res=2 off=44788 len=5
RLTRACE t_ns=859201053529591 stage=T6 side=S res=2 off=44800 len=1
RLTRACE t_ns=859201053730530 stage=T6 side=S res=2 off=44802 len=3
RLTRACE t_ns=859201053921805 stage=T6 side=S res=2 off=44812 len=5
RLTRACE t_ns=859201054488265 stage=T6 side=S res=2 off=44824 len=5
RLTRACE t_ns=859201054893660 stage=T6 side=S res=2 off=44836 len=5
RLTRACE t_ns=859201055369388 stage=T6 side=S res=2 off=44848 len=4
RLTRACE t_ns=859201055686200 stage=T6 side=S res=2 off=44860 len=1
RLTRACE t_ns=859201055994729 stage=T6 side=S res=2 off=44868 len=5
RLTRACE t_ns=859201056400138 stage=T6 side=S res=2 off=44877 len=1
RLTRACE t_ns=859201057093868 stage=T6 side=S res=2 off=44884 len=1
RLTRACE t_ns=859201057362007 stage=T6 side=S res=2 off=44892 len=17
RLTRACE t_ns=859201057723947 stage=T6 side=S res=2 off=44933 len=1
RLTRACE t_ns=859201057790200 stage=T6 side=S res=2 off=44937 len=4
RLTRACE t_ns=859201057838753 stage=T6 side=S res=2 off=44944 len=1
RLTRACE t_ns=859201057883279 stage=T6 side=S res=2 off=44948 len=5
RLTRACE t_ns=859201057936006 stage=T6 side=S res=2 off=44960 len=1
RLTRACE t_ns=859201057982575 stage=T6 side=S res=2 off=44964 len=1
RLTRACE t_ns=859201058074897 stage=T6 side=S res=2 off=44968 len=2
RLTRACE t_ns=859201058442670 stage=T6 side=S res=2 off=44972 len=1
RLTRACE t_ns=859201058574195 stage=T6 side=S res=2 off=44976 len=1
RLTRACE t_ns=859201058646980 stage=T6 side=S res=2 off=44980 len=1
RLTRACE t_ns=859201058765234 stage=T6 side=S res=2 off=44984 len=1
RLTRACE t_ns=859201058880892 stage=T6 side=S res=2 off=44988 len=1
RLTRACE t_ns=859201058951669 stage=T6 side=S res=2 off=44995 len=1
RLTRACE t_ns=859201059090885 stage=T6 side=S res=2 off=45004 len=1
RLTRACE t_ns=859201059118598 stage=T6 side=S res=2 off=45016 len=1
RLTRACE t_ns=859201059131805 stage=T6 side=S res=2 off=45027 len=1
RLTRACE t_ns=859201059144312 stage=T6 side=S res=2 off=45031 len=1
RLTRACE t_ns=859201059161229 stage=T6 side=S res=2 off=45035 len=1
RLTRACE t_ns=859201059179559 stage=T6 side=S res=2 off=45039 len=1
RLTRACE t_ns=859201059416999 stage=T6 side=S res=2 off=45043 len=2
RLTRACE t_ns=859201059741767 stage=T6 side=S res=2 off=45051 len=1
RLTRACE t_ns=859201059971492 stage=T6 side=S res=2 off=45055 len=1
RLTRACE t_ns=859201059996859 stage=T6 side=S res=2 off=45059 len=2
RLTRACE t_ns=859201060347341 stage=T6 side=S res=2 off=45067 len=2
RLTRACE t_ns=859201060555010 stage=T6 side=S res=2 off=45075 len=1
RLTRACE t_ns=859201060919688 stage=T6 side=S res=2 off=45079 len=1
RLTRACE t_ns=859201060939152 stage=T6 side=S res=2 off=45081 len=1
RLTRACE t_ns=859201061795904 stage=T6 side=S res=2 off=45084 len=1
RLTRACE t_ns=859201062596322 stage=T6 side=S res=2 off=45089 len=1
RLTRACE t_ns=859201062857970 stage=T6 side=S res=2 off=45096 len=29
RLTRACE t_ns=859201063387599 stage=T6 side=S res=2 off=45353 len=1
RLTRACE t_ns=859201064165896 stage=T6 side=S res=2 off=45360 len=22
RLTRACE t_ns=859201064743559 stage=T6 side=S res=2 off=45616 len=1
RLTRACE t_ns=859201065031399 stage=T6 side=S res=2 off=45620 len=1
RLTRACE t_ns=859201065063707 stage=T6 side=S res=2 off=45632 len=1
RLTRACE t_ns=859201065080492 stage=T6 side=S res=2 off=45636 len=1
RLTRACE t_ns=859201065092705 stage=T6 side=S res=2 off=45640 len=1
RLTRACE t_ns=859201065104247 stage=T6 side=S res=2 off=45644 len=1
RLTRACE t_ns=859201065122296 stage=T6 side=S res=2 off=45648 len=1
RLTRACE t_ns=859201065141857 stage=T6 side=S res=2 off=45652 len=1
RLTRACE t_ns=859201065160997 stage=T6 side=S res=2 off=45656 len=1
RLTRACE t_ns=859201065178487 stage=T6 side=S res=2 off=45660 len=1
RLTRACE t_ns=859201065195532 stage=T6 side=S res=2 off=45668 len=1
RLTRACE t_ns=859201065213323 stage=T6 side=S res=2 off=45672 len=1
RLTRACE t_ns=859201066060574 stage=T6 side=S res=2 off=45676 len=1
RLTRACE t_ns=859201066376572 stage=T6 side=S res=2 off=45680 len=1
RLTRACE t_ns=859201066766621 stage=T6 side=S res=2 off=45684 len=1
RLTRACE t_ns=859201066835847 stage=T6 side=S res=2 off=45688 len=1
RLTRACE t_ns=859201067790385 stage=T6 side=S res=2 off=45692 len=1
RLTRACE t_ns=859201067817778 stage=T6 side=S res=2 off=45696 len=1
RLTRACE t_ns=859201068153809 stage=T6 side=S res=2 off=45700 len=1
RLTRACE t_ns=859201068424041 stage=T6 side=S res=2 off=45704 len=1
RLTRACE t_ns=859201068442317 stage=T6 side=S res=2 off=45708 len=8
RLTRACE t_ns=859201068969970 stage=T6 side=S res=2 off=45717 len=1
RLTRACE t_ns=859201069457265 stage=T6 side=S res=2 off=45720 len=1
RLTRACE t_ns=859201069712587 stage=T6 side=S res=2 off=45724 len=1
RLTRACE t_ns=859201069735137 stage=T6 side=S res=2 off=45728 len=1
RLTRACE t_ns=859201070232691 stage=T6 side=S res=2 off=45732 len=1
RLTRACE t_ns=859201070497785 stage=T6 side=S res=2 off=45740 len=1
RLTRACE t_ns=859201071073346 stage=T6 side=S res=2 off=45756 len=1
RLTRACE t_ns=859201071345509 stage=T6 side=S res=2 off=45760 len=1
RLTRACE t_ns=859201071822609 stage=T6 side=S res=2 off=45764 len=1
RLTRACE t_ns=859201072122697 stage=T6 side=S res=2 off=45816 len=1
RLTRACE t_ns=859201072138523 stage=T6 side=S res=2 off=45820 len=1
RLTRACE t_ns=859201072315964 stage=T6 side=S res=2 off=45824 len=1
RLTRACE t_ns=859201072492960 stage=T6 side=S res=2 off=45864 len=1
RLTRACE t_ns=859201072558118 stage=T6 side=S res=2 off=45868 len=1
RLTRACE t_ns=859201072624470 stage=T6 side=S res=2 off=45872 len=1
RLTRACE t_ns=859201072701543 stage=T6 side=S res=2 off=45876 len=1
RLTRACE t_ns=859201072775760 stage=T6 side=S res=2 off=45880 len=1
RLTRACE t_ns=859201072854618 stage=T6 side=S res=2 off=45888 len=1
RLTRACE t_ns=859201073244851 stage=T6 side=S res=2 off=45892 len=1
RLTRACE t_ns=859201073258878 stage=T6 side=S res=2 off=45900 len=1
RLTRACE t_ns=859201073272180 stage=T6 side=S res=2 off=45904 len=1
RLTRACE t_ns=859201073284377 stage=T6 side=S res=2 off=45908 len=1
RLTRACE t_ns=859201073295899 stage=T6 side=S res=2 off=45916 len=1
RLTRACE t_ns=859201074099989 stage=T6 side=S res=2 off=45920 len=1
RLTRACE t_ns=859201074374525 stage=T6 side=S res=2 off=45924 len=1
RLTRACE t_ns=859201074389150 stage=T6 side=S res=2 off=45928 len=1
RLTRACE t_ns=859201074842428 stage=T6 side=S res=2 off=45932 len=1
RLTRACE t_ns=859201074856873 stage=T6 side=S res=2 off=45936 len=1
RLTRACE t_ns=859201074873349 stage=T6 side=S res=2 off=45940 len=1
RLTRACE t_ns=859201075150831 stage=T6 side=S res=2 off=45944 len=45
RLTRACE t_ns=859201075421591 stage=T6 side=S res=2 off=45992 len=1
RLTRACE t_ns=859201075867356 stage=T6 side=S res=2 off=46000 len=1
RLTRACE t_ns=859201075881871 stage=T6 side=S res=2 off=46004 len=1
RLTRACE t_ns=859201076168500 stage=T6 side=S res=2 off=46008 len=1
RLTRACE t_ns=859201076182957 stage=T6 side=S res=2 off=46012 len=1
RLTRACE t_ns=859201076634158 stage=T6 side=S res=2 off=46016 len=1
RLTRACE t_ns=859201076647660 stage=T6 side=S res=2 off=46020 len=1
RLTRACE t_ns=859201076660655 stage=T6 side=S res=2 off=46024 len=1
RLTRACE t_ns=859201077124099 stage=T6 side=S res=2 off=46028 len=45
RLTRACE t_ns=859201077402097 stage=T6 side=S res=2 off=46080 len=16
RLTRACE t_ns=859201077615639 stage=T6 side=S res=2 off=46100 len=1
RLTRACE t_ns=859201078055344 stage=T6 side=S res=2 off=46112 len=1
RLTRACE t_ns=859201078285384 stage=T6 side=S res=2 off=46116 len=1
RLTRACE t_ns=859201078301441 stage=T6 side=S res=2 off=46128 len=1
RLTRACE t_ns=859201078732817 stage=T6 side=S res=2 off=46132 len=1
RLTRACE t_ns=859201078746329 stage=T6 side=S res=2 off=46136 len=1
RLTRACE t_ns=859201078758806 stage=T6 side=S res=2 off=46140 len=1
RLTRACE t_ns=859201078771168 stage=T6 side=S res=2 off=46144 len=1
RLTRACE t_ns=859201078989775 stage=T6 side=S res=2 off=46148 len=1
RLTRACE t_ns=859201079009307 stage=T6 side=S res=2 off=46152 len=1
RLTRACE t_ns=859201079022442 stage=T6 side=S res=2 off=46156 len=1
RLTRACE t_ns=859201079439517 stage=T6 side=S res=2 off=46160 len=5
RLTRACE t_ns=859201079452928 stage=T6 side=S res=2 off=46204 len=1
RLTRACE t_ns=859201079870272 stage=T6 side=S res=2 off=46208 len=1
RLTRACE t_ns=859201080103084 stage=T6 side=S res=2 off=46212 len=1
RLTRACE t_ns=859201080335552 stage=T6 side=S res=2 off=46217 len=1
RLTRACE t_ns=859201080819449 stage=T6 side=S res=2 off=46220 len=1
RLTRACE t_ns=859201081239310 stage=T6 side=S res=2 off=46228 len=1
RLTRACE t_ns=859201081452002 stage=T6 side=S res=2 off=46236 len=1
RLTRACE t_ns=859201081663183 stage=T6 side=S res=2 off=46240 len=1
RLTRACE t_ns=859201081678302 stage=T6 side=S res=2 off=46244 len=1
RLTRACE t_ns=859201081908766 stage=T6 side=S res=2 off=46248 len=1
RLTRACE t_ns=859201082540888 stage=T6 side=S res=2 off=46252 len=1
RLTRACE t_ns=859201083086393 stage=T6 side=S res=2 off=46256 len=1
RLTRACE t_ns=859201083103565 stage=T6 side=S res=2 off=46260 len=1
RLTRACE t_ns=859201083385092 stage=T6 side=S res=2 off=46264 len=1
RLTRACE t_ns=859201083852231 stage=T6 side=S res=2 off=46268 len=1
RLTRACE t_ns=859201084117474 stage=T6 side=S res=2 off=46272 len=1
RLTRACE t_ns=859201084133624 stage=T6 side=S res=2 off=46276 len=1
RLTRACE t_ns=859201084545317 stage=T6 side=S res=2 off=46280 len=1
RLTRACE t_ns=859201084768531 stage=T6 side=S res=2 off=46284 len=1
RLTRACE t_ns=859201084782089 stage=T6 side=S res=2 off=46292 len=1
RLTRACE t_ns=859201085195316 stage=T6 side=S res=2 off=46303 len=1
RLTRACE t_ns=859201085208945 stage=T6 side=S res=2 off=46320 len=1
RLTRACE t_ns=859201085496030 stage=T6 side=S res=2 off=46332 len=1
RLTRACE t_ns=859201085606210 stage=T6 side=S res=2 off=46337 len=1
RLTRACE t_ns=859201085674029 stage=T6 side=S res=2 off=46340 len=1
RLTRACE t_ns=859201085738739 stage=T6 side=S res=2 off=46344 len=1
RLTRACE t_ns=859201085805872 stage=T6 side=S res=2 off=46348 len=1
RLTRACE t_ns=859201085870178 stage=T6 side=S res=2 off=46352 len=1
RLTRACE t_ns=859201086055042 stage=T6 side=S res=2 off=46357 len=1
RLTRACE t_ns=859201086179348 stage=T6 side=S res=2 off=46360 len=4
RLTRACE t_ns=859201086247707 stage=T6 side=S res=2 off=46372 len=1
RLTRACE t_ns=859201086309579 stage=T6 side=S res=2 off=46380 len=1
RLTRACE t_ns=859201086370683 stage=T6 side=S res=2 off=46388 len=1
RLTRACE t_ns=859201086383186 stage=T6 side=S res=2 off=46392 len=1
RLTRACE t_ns=859201086439610 stage=T6 side=S res=2 off=46396 len=1
RLTRACE t_ns=859201086502637 stage=T6 side=S res=2 off=46400 len=1
RLTRACE t_ns=859201086567320 stage=T6 side=S res=2 off=46414 len=3
RLTRACE t_ns=859201086623822 stage=T6 side=S res=2 off=46420 len=1
RLTRACE t_ns=859201086688455 stage=T6 side=S res=2 off=46424 len=1
RLTRACE t_ns=859201086744741 stage=T6 side=S res=2 off=46428 len=1
RLTRACE t_ns=859201086801734 stage=T6 side=S res=2 off=46436 len=1
RLTRACE t_ns=859201086860155 stage=T6 side=S res=2 off=46441 len=1
RLTRACE t_ns=859201086915706 stage=T6 side=S res=2 off=46445 len=1
RLTRACE t_ns=859201086971461 stage=T6 side=S res=2 off=46449 len=1
RLTRACE t_ns=859201087047079 stage=T6 side=S res=2 off=46452 len=1
RLTRACE t_ns=859201087059867 stage=T6 side=S res=2 off=46464 len=1
RLTRACE t_ns=859201087072183 stage=T6 side=S res=2 off=46468 len=3
RLTRACE t_ns=859201087084144 stage=T6 side=S res=2 off=46472 len=1
RLTRACE t_ns=859201087416220 stage=T6 side=S res=2 off=46474 len=4
RLTRACE t_ns=859201087633384 stage=T6 side=S res=2 off=46480 len=2
RLTRACE t_ns=859201087646052 stage=T6 side=S res=2 off=46484 len=1
RLTRACE t_ns=859201088315867 stage=T6 side=S res=2 off=46489 len=1
RLTRACE t_ns=859201088338476 stage=T6 side=S res=2 off=46496 len=36
RLTRACE t_ns=859201088747855 stage=T6 side=S res=2 off=46752 len=1
RLTRACE t_ns=859201088979316 stage=T6 side=S res=2 off=46760 len=16
RLTRACE t_ns=859201089212976 stage=T6 side=S res=2 off=46777 len=1
RLTRACE t_ns=859201089420809 stage=T6 side=S res=2 off=46781 len=1
RLTRACE t_ns=859201089433229 stage=T6 side=S res=2 off=46785 len=1
RLTRACE t_ns=859201090283388 stage=T6 side=S res=2 off=46789 len=1
RLTRACE t_ns=859201090901016 stage=T6 side=S res=2 off=46793 len=1
RLTRACE t_ns=859201091204378 stage=T6 side=S res=2 off=46799 len=1
RLTRACE t_ns=859201091637828 stage=T6 side=S res=2 off=46803 len=5
RLTRACE t_ns=859201092090866 stage=T6 side=S res=2 off=46809 len=1
RLTRACE t_ns=859201092320576 stage=T6 side=S res=2 off=46812 len=4
RLTRACE t_ns=859201092526074 stage=T6 side=S res=2 off=46818 len=1
RLTRACE t_ns=859201092914820 stage=T6 side=S res=2 off=46820 len=1
RLTRACE t_ns=859201093536389 stage=T6 side=S res=2 off=46832 len=2
RLTRACE t_ns=859201093858450 stage=T6 side=S res=2 off=46836 len=1
RLTRACE t_ns=859201094589588 stage=T6 side=S res=2 off=46843 len=1
RLTRACE t_ns=859201094986835 stage=T6 side=S res=2 off=46847 len=1
RLTRACE t_ns=859201095258173 stage=T6 side=S res=2 off=46851 len=1
RLTRACE t_ns=859201095920124 stage=T6 side=S res=2 off=46855 len=1
RLTRACE t_ns=859201096225685 stage=T6 side=S res=2 off=46859 len=2
RLTRACE t_ns=859201096703496 stage=T6 side=S res=2 off=46867 len=1
RLTRACE t_ns=859201097375632 stage=T6 side=S res=2 off=46871 len=1
RLTRACE t_ns=859201097816212 stage=T6 side=S res=2 off=46875 len=2
RLTRACE t_ns=859201098518075 stage=T6 side=S res=2 off=46883 len=2
RLTRACE t_ns=859201099250794 stage=T6 side=S res=2 off=46891 len=1
RLTRACE t_ns=859201099505015 stage=T6 side=S res=2 off=46895 len=1
RLTRACE t_ns=859201099900418 stage=T6 side=S res=2 off=46897 len=1
RLTRACE t_ns=859201100179370 stage=T6 side=S res=2 off=46900 len=1
RLTRACE t_ns=859201100431947 stage=T6 side=S res=2 off=46904 len=1
RLTRACE t_ns=859201100675456 stage=T6 side=S res=2 off=46908 len=2
RLTRACE t_ns=859201101218637 stage=T6 side=S res=2 off=46912 len=2
RLTRACE t_ns=859201101424935 stage=T6 side=S res=2 off=46916 len=1
RLTRACE t_ns=859201101621606 stage=T6 side=S res=2 off=46920 len=1
RLTRACE t_ns=859201101875146 stage=T6 side=S res=2 off=46924 len=1
RLTRACE t_ns=859201101889342 stage=T6 side=S res=2 off=46928 len=1
RLTRACE t_ns=859201102303496 stage=T6 side=S res=2 off=46932 len=1
RLTRACE t_ns=859201102753932 stage=T6 side=S res=2 off=46936 len=1
RLTRACE t_ns=859201103439278 stage=T6 side=S res=2 off=46941 len=1
RLTRACE t_ns=859201103796379 stage=T6 side=S res=2 off=46944 len=1
RLTRACE t_ns=859201104020795 stage=T6 side=S res=2 off=46948 len=1
RLTRACE t_ns=859201104036223 stage=T6 side=S res=2 off=46952 len=1
RLTRACE t_ns=859201104048546 stage=T6 side=S res=2 off=46956 len=1
RLTRACE t_ns=859201104304481 stage=T6 side=S res=2 off=46960 len=1
RLTRACE t_ns=859201104664942 stage=T6 side=S res=2 off=46965 len=1
RLTRACE t_ns=859201105027015 stage=T6 side=S res=2 off=46969 len=1
RLTRACE t_ns=859201105039884 stage=T6 side=S res=2 off=46972 len=1
RLTRACE t_ns=859201105051238 stage=T6 side=S res=2 off=46976 len=1
RLTRACE t_ns=859201105274593 stage=T6 side=S res=2 off=46980 len=1
RLTRACE t_ns=859201105484207 stage=T6 side=S res=2 off=46984 len=1
RLTRACE t_ns=859201105497040 stage=T6 side=S res=2 off=46987 len=1
RLTRACE t_ns=859201105508996 stage=T6 side=S res=2 off=46989 len=1
RLTRACE t_ns=859201105521610 stage=T6 side=S res=2 off=46992 len=1
RLTRACE t_ns=859201105959732 stage=T6 side=S res=2 off=47000 len=6
RLTRACE t_ns=859201105972957 stage=T6 side=S res=2 off=47008 len=2
RLTRACE t_ns=859201105984649 stage=T6 side=S res=2 off=47013 len=1
RLTRACE t_ns=859201105996456 stage=T6 side=S res=2 off=47016 len=1
RLTRACE t_ns=859201106389594 stage=T6 side=S res=2 off=47025 len=1
RLTRACE t_ns=859201106589826 stage=T6 side=S res=2 off=47029 len=1
RLTRACE t_ns=859201106822788 stage=T6 side=S res=2 off=47033 len=1
RLTRACE t_ns=859201106845779 stage=T6 side=S res=2 off=47036 len=1
RLTRACE t_ns=859201107956248 stage=T6 side=S res=2 off=47040 len=1
RLTRACE t_ns=859201108206269 stage=T6 side=S res=2 off=47044 len=1
RLTRACE t_ns=859201108437287 stage=T6 side=S res=2 off=47048 len=8
RLTRACE t_ns=859201108459463 stage=T6 side=S res=2 off=47058 len=2
RLTRACE t_ns=859201108871088 stage=T6 side=S res=2 off=47062 len=3
RLTRACE t_ns=859201109313666 stage=T6 side=S res=2 off=47068 len=1
RLTRACE t_ns=859201109327145 stage=T6 side=S res=2 off=47077 len=1
RLTRACE t_ns=859201109535491 stage=T6 side=S res=2 off=47081 len=1
RLTRACE t_ns=859201109743505 stage=T6 side=S res=2 off=47084 len=1
RLTRACE t_ns=859201109758726 stage=T6 side=S res=2 off=47095 len=1
RLTRACE t_ns=859201110261028 stage=T6 side=S res=2 off=47097 len=4
RLTRACE t_ns=859201110685781 stage=T6 side=S res=2 off=47105 len=1
RLTRACE t_ns=859201110699051 stage=T6 side=S res=2 off=47112 len=1
RLTRACE t_ns=859201110711352 stage=T6 side=S res=2 off=47120 len=1
RLTRACE t_ns=859201110723256 stage=T6 side=S res=2 off=47128 len=1
RLTRACE t_ns=859201110945997 stage=T6 side=S res=2 off=47136 len=5
RLTRACE t_ns=859201111185858 stage=T6 side=S res=2 off=47144 len=5
RLTRACE t_ns=859201111894118 stage=T6 side=S res=2 off=47155 len=1
RLTRACE t_ns=859201112063030 stage=T6 side=S res=2 off=47158 len=3
RLTRACE t_ns=859201112815058 stage=T6 side=S res=2 off=47165 len=1
RLTRACE t_ns=859201113022743 stage=T6 side=S res=2 off=47169 len=1
RLTRACE t_ns=859201113401679 stage=T6 side=S res=2 off=47173 len=1
RLTRACE t_ns=859201113416467 stage=T6 side=S res=2 off=47176 len=1
RLTRACE t_ns=859201113952905 stage=T6 side=S res=2 off=47180 len=1
RLTRACE t_ns=859201114773810 stage=T6 side=S res=2 off=47184 len=1
RLTRACE t_ns=859201114930373 stage=T6 side=S res=2 off=47188 len=1
RLTRACE t_ns=859201115401762 stage=T6 side=S res=2 off=47192 len=1
RLTRACE t_ns=859201116347809 stage=T6 side=S res=2 off=47196 len=1
RLTRACE t_ns=859201116619379 stage=T6 side=S res=2 off=47200 len=1
RLTRACE t_ns=859201117019749 stage=T6 side=S res=2 off=47204 len=1
RLTRACE t_ns=859201117467015 stage=T6 side=S res=2 off=47208 len=1
RLTRACE t_ns=859201118443885 stage=T6 side=S res=2 off=47212 len=1
RLTRACE t_ns=859201118745945 stage=T6 side=S res=2 off=47216 len=1
RLTRACE t_ns=859201119571731 stage=T6 side=S res=2 off=47220 len=1
RLTRACE t_ns=859201119992822 stage=T6 side=S res=2 off=47224 len=5
RLTRACE t_ns=859201120422306 stage=T6 side=S res=2 off=47232 len=1
RLTRACE t_ns=859201120770911 stage=T6 side=S res=2 off=47236 len=1
RLTRACE t_ns=859201121269125 stage=T6 side=S res=2 off=47240 len=1
RLTRACE t_ns=859201121537252 stage=T6 side=S res=2 off=47244 len=1
RLTRACE t_ns=859201122076081 stage=T6 side=S res=2 off=47255 len=1
RLTRACE t_ns=859201122667263 stage=T6 side=S res=2 off=47257 len=4
RLTRACE t_ns=859201123205662 stage=T6 side=S res=2 off=47275 len=1
RLTRACE t_ns=859201123397262 stage=T6 side=S res=2 off=47279 len=1
RLTRACE t_ns=859201123499249 stage=T6 side=S res=2 off=47283 len=1
RLTRACE t_ns=859201123624156 stage=T6 side=S res=2 off=47288 len=1
RLTRACE t_ns=859201123777272 stage=T6 side=S res=2 off=47292 len=1
RLTRACE t_ns=859201123868473 stage=T6 side=S res=2 off=47300 len=1
RLTRACE t_ns=859201124811829 stage=T6 side=S res=2 off=47308 len=1
RLTRACE t_ns=859201125119619 stage=T6 side=S res=2 off=47316 len=1
RLTRACE t_ns=859201125770690 stage=T6 side=S res=2 off=47320 len=1
RLTRACE t_ns=859201126060961 stage=T6 side=S res=2 off=47324 len=1
RLTRACE t_ns=859201126530272 stage=T6 side=S res=2 off=47332 len=1
RLTRACE t_ns=859201127266603 stage=T2 side=S res=1 tail=2560
RLTRACE t_ns=859201158553797 stage=T0 side=S res=1 tail=2632 bytes=72
RLTRACE t_ns=859201159103888 stage=T2 side=S res=1 tail=2632
RLTRACE t_ns=859201159797793 stage=T5 side=S res=2 off=47704 runs=3 fp=0x462c844dda1c56a2
RLTRACE t_ns=859201185953960 stage=T6 side=S res=2 off=47704 len=1
RLTRACE t_ns=859201186084471 stage=T6 side=S res=2 off=47708 len=1
RLTRACE t_ns=859201186099862 stage=T6 side=S res=2 off=47716 len=1
RLTRACE t_ns=859201190463634 stage=T0 side=S res=1 tail=2728 bytes=96
RLTRACE t_ns=859201190774062 stage=T2 side=S res=1 tail=2728
RLTRACE t_ns=859201191562773 stage=T5 side=S res=2 off=47728 runs=16 fp=0x13f730742b007d1a
RLTRACE t_ns=859201217027068 stage=T6 side=S res=2 off=47728 len=1
RLTRACE t_ns=859201217121430 stage=T6 side=S res=2 off=47732 len=1
RLTRACE t_ns=859201217134290 stage=T6 side=S res=2 off=47740 len=1
RLTRACE t_ns=859201217148042 stage=T6 side=S res=2 off=47744 len=1
RLTRACE t_ns=859201217504249 stage=T6 side=S res=2 off=47752 len=5
RLTRACE t_ns=859201217533345 stage=T6 side=S res=2 off=47764 len=4
RLTRACE t_ns=859201217545215 stage=T6 side=S res=2 off=47776 len=1
RLTRACE t_ns=859201217932568 stage=T6 side=S res=2 off=47780 len=1
RLTRACE t_ns=859201217959425 stage=T6 side=S res=2 off=47788 len=1
RLTRACE t_ns=859201218367815 stage=T6 side=S res=2 off=47793 len=1
RLTRACE t_ns=859201218963061 stage=T6 side=S res=2 off=47852 len=1
RLTRACE t_ns=859201219380423 stage=T6 side=S res=2 off=47856 len=1
RLTRACE t_ns=859201219408150 stage=T6 side=S res=2 off=47860 len=1
RLTRACE t_ns=859201219420081 stage=T6 side=S res=2 off=47864 len=1
RLTRACE t_ns=859201220097272 stage=T6 side=S res=2 off=47868 len=1
RLTRACE t_ns=859201220473414 stage=T6 side=S res=2 off=47872 len=1
RLTRACE t_ns=859201224108663 stage=T0 side=S res=1 tail=2816 bytes=88
RLTRACE t_ns=859201224558138 stage=T2 side=S res=1 tail=2816
RLTRACE t_ns=859201225245740 stage=T5 side=S res=2 off=47876 runs=16 fp=0x4c8f0ad5646e8fcb
RLTRACE t_ns=859201251833734 stage=T6 side=S res=2 off=47876 len=1
RLTRACE t_ns=859201251927734 stage=T6 side=S res=2 off=47880 len=1
RLTRACE t_ns=859201251942397 stage=T6 side=S res=2 off=47888 len=4
RLTRACE t_ns=859201251958161 stage=T6 side=S res=2 off=47900 len=1
RLTRACE t_ns=859201251978529 stage=T6 side=S res=2 off=47904 len=1
RLTRACE t_ns=859201252308423 stage=T6 side=S res=2 off=47912 len=1
RLTRACE t_ns=859201252538703 stage=T6 side=S res=2 off=47920 len=1
RLTRACE t_ns=859201252775943 stage=T6 side=S res=2 off=47928 len=1
RLTRACE t_ns=859201253041624 stage=T6 side=S res=2 off=47936 len=1
RLTRACE t_ns=859201253289379 stage=T6 side=S res=2 off=47944 len=1
RLTRACE t_ns=859201253310305 stage=T6 side=S res=2 off=47952 len=1
RLTRACE t_ns=859201253654492 stage=T6 side=S res=2 off=47960 len=1
RLTRACE t_ns=859201253754077 stage=T6 side=S res=2 off=48168 len=1
RLTRACE t_ns=859201253950073 stage=T6 side=S res=2 off=48172 len=1
RLTRACE t_ns=859201254039798 stage=T6 side=S res=2 off=48181 len=4
RLTRACE t_ns=859201254055305 stage=T6 side=S res=2 off=48188 len=1
RLTRACE t_ns=859201258290429 stage=T0 side=S res=1 tail=2888 bytes=72
RLTRACE t_ns=859201258537209 stage=T2 side=S res=1 tail=2852
RLTRACE t_ns=859201287518058 stage=T2 side=S res=1 tail=2888
RLTRACE t_ns=859201288233843 stage=T5 side=S res=2 off=48372 runs=3 fp=0x4c8f0ad5646e8fcb
RLTRACE t_ns=859201314905473 stage=T6 side=S res=2 off=48372 len=1
RLTRACE t_ns=859201315033231 stage=T6 side=S res=2 off=48380 len=1
RLTRACE t_ns=859201315746800 stage=T6 side=S res=2 off=48388 len=1
RLTRACE t_ns=859201321173787 stage=T0 side=S res=1 tail=3236 bytes=348
RLTRACE t_ns=859201321662843 stage=T2 side=S res=1 tail=3236
RLTRACE t_ns=859201322390431 stage=T5 side=S res=2 off=48400 runs=8 fp=0x4c8f0ad5646e8fcb
RLTRACE t_ns=859201349059052 stage=T6 side=S res=2 off=48400 len=1
RLTRACE t_ns=859201349146503 stage=T6 side=S res=2 off=48408 len=1
RLTRACE t_ns=859201349174268 stage=T6 side=S res=2 off=48416 len=1
RLTRACE t_ns=859201349189690 stage=T6 side=S res=2 off=48420 len=1
RLTRACE t_ns=859201349201302 stage=T6 side=S res=2 off=48428 len=4
RLTRACE t_ns=859201349751173 stage=T6 side=S res=2 off=48440 len=1
RLTRACE t_ns=859201350066930 stage=T6 side=S res=2 off=48444 len=1
RLTRACE t_ns=859201350337963 stage=T6 side=S res=2 off=48452 len=1
RLTRACE t_ns=859201357549905 stage=T0 side=S res=1 tail=3700 bytes=464
RLTRACE t_ns=859201358150962 stage=T2 side=S res=1 tail=3272
RLTRACE t_ns=859201400842796 stage=T2 side=S res=1 tail=3700
RLTRACE t_ns=859201402502994 stage=T5 side=S res=2 off=48712 runs=3 fp=0x4c8f0ad5646e8fcb
RLTRACE t_ns=859201428414160 stage=T6 side=S res=2 off=48712 len=1
RLTRACE t_ns=859201428553906 stage=T6 side=S res=2 off=48720 len=1
RLTRACE t_ns=859201428573748 stage=T6 side=S res=2 off=48728 len=1
RLTRACE t_ns=859201432769004 stage=T0 side=S res=1 tail=3816 bytes=116
RLTRACE t_ns=859201433327338 stage=T2 side=S res=1 tail=3816
RLTRACE t_ns=859201433953213 stage=T5 side=S res=2 off=48736 runs=3 fp=0x4c8f0ad5646e8fcb
RLTRACE t_ns=859201457319335 stage=T6 side=S res=2 off=48736 len=1
RLTRACE t_ns=859201457360262 stage=T6 side=S res=2 off=48740 len=1
RLTRACE t_ns=859201457370773 stage=T6 side=S res=2 off=48748 len=1
rayland-s: WP0 replay connected to S's compositor (20 globals advertised)
rayland-s: WP0 replay bound `wl_compositor` v4 (app obj 4)
rayland-s: WP0 replay bound `xdg_wm_base` v1 (app obj 5)
rayland-s: WP0 replay: S's compositor advertises no `wl_seat`; bind skipped
rayland-s: WP0 replay bound `zwp_linux_dmabuf_v1` v3 (app obj 11)
RLTRACE t_ns=859201465457470 stage=T0 side=S res=1 tail=3892 bytes=76
RLTRACE t_ns=859201465751799 stage=T2 side=S res=1 tail=3892
RLTRACE t_ns=859201466974555 stage=T5 side=S res=2 off=48756 runs=3 fp=0x91a1b8dbf3075b49
RLTRACE t_ns=859201491315673 stage=T6 side=S res=2 off=48756 len=1
RLTRACE t_ns=859201491586808 stage=T6 side=S res=2 off=48760 len=1
RLTRACE t_ns=859201491818650 stage=T6 side=S res=2 off=48768 len=4
RLTRACE t_ns=859201495820697 stage=T0 side=S res=1 tail=3968 bytes=76
RLTRACE t_ns=859201496305316 stage=T2 side=S res=1 tail=3968
RLTRACE t_ns=859201496906771 stage=T5 side=S res=2 off=48792 runs=3 fp=0x91a1b8dbf3075b49
RLTRACE t_ns=859201519490232 stage=T6 side=S res=2 off=48792 len=1
RLTRACE t_ns=859201519561105 stage=T6 side=S res=2 off=48796 len=1
RLTRACE t_ns=859201519571634 stage=T6 side=S res=2 off=48804 len=4
RLTRACE t_ns=859201523086694 stage=T0 side=S res=1 tail=4044 bytes=76
RLTRACE t_ns=859201523580914 stage=T2 side=S res=1 tail=4044
RLTRACE t_ns=859201524204985 stage=T5 side=S res=2 off=48828 runs=6 fp=0x5fccc28a6d1a4110
RLTRACE t_ns=859201546461093 stage=T6 side=S res=2 off=48828 len=1
RLTRACE t_ns=859201546528549 stage=T6 side=S res=2 off=48832 len=1
RLTRACE t_ns=859201546539321 stage=T6 side=S res=2 off=48840 len=4
RLTRACE t_ns=859201546549726 stage=T6 side=S res=2 off=48852 len=3
RLTRACE t_ns=859201546559563 stage=T6 side=S res=2 off=48856 len=3
RLTRACE t_ns=859201546570746 stage=T6 side=S res=2 off=48860 len=1
RLTRACE t_ns=859201550278082 stage=T0 side=S res=1 tail=4120 bytes=76
RLTRACE t_ns=859201550804195 stage=T2 side=S res=1 tail=4120
RLTRACE t_ns=859201551414401 stage=T5 side=S res=2 off=48864 runs=6 fp=0xd59a34f741f20ce8
RLTRACE t_ns=859201573766565 stage=T6 side=S res=2 off=48864 len=1
RLTRACE t_ns=859201573833526 stage=T6 side=S res=2 off=48868 len=1
RLTRACE t_ns=859201573845009 stage=T6 side=S res=2 off=48876 len=4
RLTRACE t_ns=859201573856048 stage=T6 side=S res=2 off=48888 len=3
RLTRACE t_ns=859201574492178 stage=T6 side=S res=2 off=48892 len=3
RLTRACE t_ns=859201574519154 stage=T6 side=S res=2 off=48896 len=1
rayland-s: WP0 replay bound `zwp_linux_dmabuf_v1` v3 (app obj 11)
RLTRACE t_ns=859201578815050 stage=T0 side=S res=1 tail=4256 bytes=136
RLTRACE t_ns=859201592607553 stage=T2 side=S res=1 tail=4256
RLTRACE t_ns=859201627031198 stage=T0 side=S res=1 tail=4332 bytes=76
RLTRACE t_ns=859201627602497 stage=T2 side=S res=1 tail=4332
RLTRACE t_ns=859201628254819 stage=T5 side=S res=2 off=48900 runs=6 fp=0xd59a34f741f20ce8
RLTRACE t_ns=859201655156231 stage=T6 side=S res=2 off=48900 len=1
RLTRACE t_ns=859201655219587 stage=T6 side=S res=2 off=48904 len=1
RLTRACE t_ns=859201655231451 stage=T6 side=S res=2 off=48912 len=4
RLTRACE t_ns=859201655245831 stage=T6 side=S res=2 off=48924 len=3
RLTRACE t_ns=859201655256766 stage=T6 side=S res=2 off=48928 len=3
RLTRACE t_ns=859201655267832 stage=T6 side=S res=2 off=48932 len=1
RLTRACE t_ns=859201663389773 stage=T0 side=S res=1 tail=4492 bytes=160
RLTRACE t_ns=859201663927193 stage=T2 side=S res=1 tail=4492
RLTRACE t_ns=859201664525319 stage=T5 side=S res=2 off=48936 runs=3 fp=0xd59a34f741f20ce8
RLTRACE t_ns=859201690709690 stage=T6 side=S res=2 off=48936 len=1
RLTRACE t_ns=859201690797481 stage=T6 side=S res=2 off=48944 len=1
RLTRACE t_ns=859201690809591 stage=T6 side=S res=2 off=48952 len=1
RLTRACE t_ns=859201698404322 stage=T0 side=S res=1 tail=4604 bytes=112
RLTRACE t_ns=859201698974554 stage=T2 side=S res=1 tail=4604
RLTRACE t_ns=859201699575543 stage=T5 side=S res=2 off=48960 runs=7 fp=0xef947d8c0fb95e78
RLTRACE t_ns=859201727879202 stage=T6 side=S res=2 off=48960 len=1
RLTRACE t_ns=859201728015694 stage=T6 side=S res=2 off=48964 len=1
RLTRACE t_ns=859201728027086 stage=T6 side=S res=2 off=48972 len=5
RLTRACE t_ns=859201728045006 stage=T6 side=S res=2 off=48984 len=4
RLTRACE t_ns=859201728055845 stage=T6 side=S res=2 off=49006 len=1
RLTRACE t_ns=859201728067439 stage=T6 side=S res=2 off=49012 len=1
RLTRACE t_ns=859201728475743 stage=T6 side=S res=2 off=49020 len=1
RLTRACE t_ns=859201735835206 stage=T0 side=S res=1 tail=4828 bytes=224
RLTRACE t_ns=859201736454232 stage=T2 side=S res=1 tail=4828
RLTRACE t_ns=859201737278914 stage=T5 side=S res=2 off=49024 runs=6 fp=0x59f41ff71cc9de70
RLTRACE t_ns=859201765633943 stage=T6 side=S res=2 off=49024 len=1
RLTRACE t_ns=859201765679690 stage=T6 side=S res=2 off=49028 len=1
RLTRACE t_ns=859201765690484 stage=T6 side=S res=2 off=49046 len=1
RLTRACE t_ns=859201765702255 stage=T6 side=S res=2 off=49053 len=1
RLTRACE t_ns=859201765712280 stage=T6 side=S res=2 off=49062 len=1
RLTRACE t_ns=859201765961647 stage=T6 side=S res=2 off=49070 len=1
RLTRACE t_ns=859201828485359 stage=T0 side=S res=1 tail=5196 bytes=368
RLTRACE t_ns=859201829173655 stage=T2 side=S res=1 tail=5196
RLTRACE t_ns=859201835838693 stage=T5 side=S res=2 off=49076 runs=3 fp=0x59f41ff71cc9de70
RLTRACE t_ns=859201860879851 stage=T6 side=S res=2 off=49076 len=1
RLTRACE t_ns=859201861033422 stage=T6 side=S res=2 off=49084 len=1
RLTRACE t_ns=859201861046358 stage=T6 side=S res=2 off=49092 len=1
RLTRACE t_ns=859201869929113 stage=T0 side=S res=1 tail=5308 bytes=112
RLTRACE t_ns=859201870239725 stage=T2 side=S res=1 tail=5232
RLTRACE t_ns=859201874919565 stage=T5 side=S res=2 off=49100 runs=7 fp=0xe562c0bc16271b0
RLTRACE t_ns=859201897119606 stage=T6 side=S res=2 off=49100 len=1
RLTRACE t_ns=859201897192435 stage=T6 side=S res=2 off=49104 len=1
RLTRACE t_ns=859201897203356 stage=T6 side=S res=2 off=49112 len=5
RLTRACE t_ns=859201897216331 stage=T6 side=S res=2 off=49124 len=4
RLTRACE t_ns=859201897585464 stage=T6 side=S res=2 off=49144 len=2
RLTRACE t_ns=859201897769473 stage=T6 side=S res=2 off=49152 len=1
RLTRACE t_ns=859201897856033 stage=T6 side=S res=2 off=49160 len=1
RLTRACE t_ns=859201898799362 stage=T2 side=S res=1 tail=5308
RLTRACE t_ns=859201935120331 stage=T0 side=S res=1 tail=5380 bytes=72
RLTRACE t_ns=859201935537588 stage=T2 side=S res=1 tail=5380
RLTRACE t_ns=859201998528940 stage=T0 side=S res=1 tail=5608 bytes=228
RLTRACE t_ns=859201999089446 stage=T2 side=S res=1 tail=5536
RLTRACE t_ns=859202031051109 stage=T2 side=S res=1 tail=5608
RLTRACE t_ns=859202099110908 stage=T0 side=S res=1 tail=12904 bytes=7296
RLTRACE t_ns=859202100158209 stage=T2 side=S res=1 tail=10640
RLTRACE t_ns=859202105484472 stage=T5 side=S res=2 off=49164 runs=2 fp=0xe562c0bc16271b0
RLTRACE t_ns=859202131074123 stage=T6 side=S res=2 off=49164 len=1
RLTRACE t_ns=859202131186255 stage=T6 side=S res=2 off=49168 len=1
RLTRACE t_ns=859202131496759 stage=T2 side=S res=1 tail=12904
RLTRACE t_ns=859202170794592 stage=T0 side=S res=1 tail=12964 bytes=60
RLTRACE t_ns=859202171496113 stage=T2 side=S res=1 tail=12940
RLTRACE t_ns=859202176655126 stage=T5 side=S res=2 off=49172 runs=1 fp=0xe562c0bc16271b0
RLTRACE t_ns=859202178111131 stage=T6 side=S res=2 off=49172 len=1
RLTRACE t_ns=859202178499038 stage=T2 side=S res=1 tail=12964
rayland-s: WP0 replay bound `zwp_linux_dmabuf_v1` v3 (app obj 11)
rayland-s: WP0 replay bound `zwp_linux_dmabuf_v1` v3 (app obj 11)
rayland-s: WP0 replay bound `zwp_linux_dmabuf_v1` v3 (app obj 11)
rayland-s: WP0 replay bound `zwp_linux_dmabuf_v1` v3 (app obj 11)
RLTRACE t_ns=859202195358045 stage=T0 side=S res=1 tail=13040 bytes=76
RLTRACE t_ns=859202196392266 stage=T2 side=S res=1 tail=13040
RLTRACE t_ns=859202205867879 stage=T0 side=S res=1 tail=13140 bytes=100
RLTRACE t_ns=859202206582711 stage=T2 side=S res=1 tail=13076
RLTRACE t_ns=859202212101679 stage=T5 side=S res=2 off=49180 runs=8 fp=0xdd50f580e6b035b5
RLTRACE t_ns=859202213538723 stage=T6 side=S res=2 off=49180 len=1
RLTRACE t_ns=859202213637547 stage=T6 side=S res=2 off=49184 len=1
RLTRACE t_ns=859202213651595 stage=T6 side=S res=2 off=49192 len=5
RLTRACE t_ns=859202213666066 stage=T6 side=S res=2 off=49204 len=4
RLTRACE t_ns=859202213678412 stage=T6 side=S res=2 off=49216 len=1
RLTRACE t_ns=859202213692195 stage=T6 side=S res=2 off=49228 len=3
RLTRACE t_ns=859202214066735 stage=T6 side=S res=2 off=49232 len=3
RLTRACE t_ns=859202214376886 stage=T6 side=S res=2 off=49236 len=1
RLTRACE t_ns=859202215588878 stage=T2 side=S res=1 tail=13140
RLTRACE t_ns=859202230059892 stage=T0 side=S res=1 tail=13240 bytes=100
RLTRACE t_ns=859202230995301 stage=T2 side=S res=1 tail=13240
RLTRACE t_ns=859202236949266 stage=T5 side=S res=2 off=49240 runs=23 fp=0x5b83eec30e83a41c
RLTRACE t_ns=859202238639670 stage=T6 side=S res=2 off=49240 len=1
RLTRACE t_ns=859202238719742 stage=T6 side=S res=2 off=49244 len=1
RLTRACE t_ns=859202238739697 stage=T6 side=S res=2 off=49252 len=5
RLTRACE t_ns=859202238755917 stage=T6 side=S res=2 off=49264 len=4
RLTRACE t_ns=859202238772110 stage=T6 side=S res=2 off=49276 len=1
RLTRACE t_ns=859202239047176 stage=T6 side=S res=2 off=49280 len=1
RLTRACE t_ns=859202239216837 stage=T6 side=S res=2 off=49296 len=1
RLTRACE t_ns=859202239517610 stage=T6 side=S res=2 off=49300 len=3
RLTRACE t_ns=859202240327522 stage=T6 side=S res=2 off=49304 len=1
RLTRACE t_ns=859202240361874 stage=T6 side=S res=2 off=49311 len=2
RLTRACE t_ns=859202240380243 stage=T6 side=S res=2 off=49316 len=3
RLTRACE t_ns=859202240397661 stage=T6 side=S res=2 off=49320 len=1
RLTRACE t_ns=859202240413858 stage=T6 side=S res=2 off=49327 len=2
RLTRACE t_ns=859202240431680 stage=T6 side=S res=2 off=49332 len=3
RLTRACE t_ns=859202240448554 stage=T6 side=S res=2 off=49336 len=1
RLTRACE t_ns=859202240465032 stage=T6 side=S res=2 off=49343 len=2
RLTRACE t_ns=859202240480913 stage=T6 side=S res=2 off=49348 len=3
RLTRACE t_ns=859202240497456 stage=T6 side=S res=2 off=49352 len=1
RLTRACE t_ns=859202240515675 stage=T6 side=S res=2 off=49359 len=2
RLTRACE t_ns=859202240528585 stage=T6 side=S res=2 off=49364 len=3
RLTRACE t_ns=859202240543877 stage=T6 side=S res=2 off=49368 len=3
RLTRACE t_ns=859202240554439 stage=T6 side=S res=2 off=49372 len=3
RLTRACE t_ns=859202240564637 stage=T6 side=S res=2 off=49376 len=1
RLTRACE t_ns=859202249613709 stage=T0 side=S res=1 tail=13388 bytes=148
RLTRACE t_ns=859202250348665 stage=T2 side=S res=1 tail=13276
RLTRACE t_ns=859202255566369 stage=T5 side=S res=2 off=49380 runs=10 fp=0x5b83eec30e83a41c
RLTRACE t_ns=859202256959594 stage=T6 side=S res=2 off=49380 len=1
RLTRACE t_ns=859202257056014 stage=T6 side=S res=2 off=49388 len=1
RLTRACE t_ns=859202257069036 stage=T6 side=S res=2 off=49396 len=4
RLTRACE t_ns=859202257082295 stage=T6 side=S res=2 off=49409 len=1
RLTRACE t_ns=859202257095284 stage=T6 side=S res=2 off=49413 len=1
RLTRACE t_ns=859202257137922 stage=T6 side=S res=2 off=49416 len=1
RLTRACE t_ns=859202257149260 stage=T6 side=S res=2 off=49420 len=1
RLTRACE t_ns=859202257502710 stage=T6 side=S res=2 off=49425 len=1
RLTRACE t_ns=859202257698843 stage=T6 side=S res=2 off=49428 len=1
RLTRACE t_ns=859202257878070 stage=T6 side=S res=2 off=49437 len=1
RLTRACE t_ns=859202258532045 stage=T2 side=S res=1 tail=13388
RLTRACE t_ns=859202273954555 stage=T0 side=S res=1 tail=13488 bytes=100
RLTRACE t_ns=859202274829341 stage=T2 side=S res=1 tail=13488
RLTRACE t_ns=859202280328000 stage=T5 side=S res=2 off=49440 runs=8 fp=0x5b83eec30e83a41c
RLTRACE t_ns=859202281825310 stage=T6 side=S res=2 off=49440 len=1
RLTRACE t_ns=859202281929660 stage=T6 side=S res=2 off=49444 len=1
RLTRACE t_ns=859202281954640 stage=T6 side=S res=2 off=49452 len=5
RLTRACE t_ns=859202282224122 stage=T6 side=S res=2 off=49464 len=4
RLTRACE t_ns=859202282332549 stage=T6 side=S res=2 off=49476 len=1
RLTRACE t_ns=859202282424756 stage=T6 side=S res=2 off=49488 len=3
RLTRACE t_ns=859202282513847 stage=T6 side=S res=2 off=49492 len=3
RLTRACE t_ns=859202282598313 stage=T6 side=S res=2 off=49496 len=1
RLTRACE t_ns=859202296588776 stage=T0 side=S res=1 tail=13588 bytes=100
RLTRACE t_ns=859202297482820 stage=T2 side=S res=1 tail=13588
RLTRACE t_ns=859202304418187 stage=T5 side=S res=2 off=49500 runs=23 fp=0xf810aadeb284fa3b
RLTRACE t_ns=859202306014933 stage=T6 side=S res=2 off=49500 len=1
RLTRACE t_ns=859202306134876 stage=T6 side=S res=2 off=49504 len=1
RLTRACE t_ns=859202306156166 stage=T6 side=S res=2 off=49512 len=5
RLTRACE t_ns=859202306177684 stage=T6 side=S res=2 off=49524 len=4
RLTRACE t_ns=859202306560760 stage=T6 side=S res=2 off=49536 len=1
RLTRACE t_ns=859202306583881 stage=T6 side=S res=2 off=49540 len=1
RLTRACE t_ns=859202306822914 stage=T6 side=S res=2 off=49556 len=1
RLTRACE t_ns=859202307094856 stage=T6 side=S res=2 off=49560 len=3
RLTRACE t_ns=859202307362577 stage=T6 side=S res=2 off=49564 len=1
RLTRACE t_ns=859202307803640 stage=T6 side=S res=2 off=49571 len=2
RLTRACE t_ns=859202308546857 stage=T6 side=S res=2 off=49576 len=3
RLTRACE t_ns=859202308788866 stage=T6 side=S res=2 off=49580 len=1
RLTRACE t_ns=859202309022634 stage=T6 side=S res=2 off=49587 len=2
RLTRACE t_ns=859202309042684 stage=T6 side=S res=2 off=49592 len=3
RLTRACE t_ns=859202309060075 stage=T6 side=S res=2 off=49596 len=1
RLTRACE t_ns=859202309565736 stage=T6 side=S res=2 off=49603 len=2
RLTRACE t_ns=859202309788097 stage=T6 side=S res=2 off=49608 len=3
RLTRACE t_ns=859202309996060 stage=T6 side=S res=2 off=49612 len=1
RLTRACE t_ns=859202310034144 stage=T6 side=S res=2 off=49619 len=2
RLTRACE t_ns=859202310262854 stage=T6 side=S res=2 off=49624 len=3
RLTRACE t_ns=859202310639205 stage=T6 side=S res=2 off=49628 len=3
RLTRACE t_ns=859202310996977 stage=T6 side=S res=2 off=49632 len=3
RLTRACE t_ns=859202311310549 stage=T6 side=S res=2 off=49636 len=1
RLTRACE t_ns=859202320724694 stage=T0 side=S res=1 tail=13736 bytes=148
RLTRACE t_ns=859202321671229 stage=T2 side=S res=1 tail=13736
RLTRACE t_ns=859202328057093 stage=T5 side=S res=2 off=49640 runs=10 fp=0xf810aadeb284fa3b
RLTRACE t_ns=859202329531167 stage=T6 side=S res=2 off=49640 len=1
RLTRACE t_ns=859202329660096 stage=T6 side=S res=2 off=49648 len=1
RLTRACE t_ns=859202329674819 stage=T6 side=S res=2 off=49656 len=4
RLTRACE t_ns=859202329688782 stage=T6 side=S res=2 off=49669 len=1
RLTRACE t_ns=859202329702508 stage=T6 side=S res=2 off=49673 len=1
RLTRACE t_ns=859202329716163 stage=T6 side=S res=2 off=49676 len=1
RLTRACE t_ns=859202330174427 stage=T6 side=S res=2 off=49680 len=1
RLTRACE t_ns=859202330253041 stage=T6 side=S res=2 off=49684 len=1
RLTRACE t_ns=859202330302460 stage=T6 side=S res=2 off=49688 len=1
RLTRACE t_ns=859202330349328 stage=T6 side=S res=2 off=49697 len=1
RLTRACE t_ns=859202339529541 stage=T0 side=S res=1 tail=13836 bytes=100
RLTRACE t_ns=859202340493206 stage=T2 side=S res=1 tail=13836
RLTRACE t_ns=859202347345247 stage=T5 side=S res=2 off=49700 runs=8 fp=0xf810aadeb284fa3b
RLTRACE t_ns=859202348828059 stage=T6 side=S res=2 off=49700 len=1
RLTRACE t_ns=859202348925644 stage=T6 side=S res=2 off=49704 len=1
RLTRACE t_ns=859202348940507 stage=T6 side=S res=2 off=49712 len=5
RLTRACE t_ns=859202348968209 stage=T6 side=S res=2 off=49724 len=4
RLTRACE t_ns=859202348981694 stage=T6 side=S res=2 off=49736 len=1
RLTRACE t_ns=859202349428529 stage=T6 side=S res=2 off=49748 len=3
RLTRACE t_ns=859202349501047 stage=T6 side=S res=2 off=49752 len=3
RLTRACE t_ns=859202349548974 stage=T6 side=S res=2 off=49756 len=1
RLTRACE t_ns=859202359949687 stage=T0 side=S res=1 tail=13936 bytes=100
RLTRACE t_ns=859202360709797 stage=T2 side=S res=1 tail=13872
RLTRACE t_ns=859202367955290 stage=T5 side=S res=2 off=49760 runs=23 fp=0x25f6e132de84822d
RLTRACE t_ns=859202369492862 stage=T6 side=S res=2 off=49760 len=1
RLTRACE t_ns=859202369608658 stage=T6 side=S res=2 off=49764 len=1
RLTRACE t_ns=859202369630769 stage=T6 side=S res=2 off=49772 len=5
RLTRACE t_ns=859202369643959 stage=T6 side=S res=2 off=49784 len=4
RLTRACE t_ns=859202369657533 stage=T6 side=S res=2 off=49796 len=1
RLTRACE t_ns=859202369675661 stage=T6 side=S res=2 off=49800 len=1
RLTRACE t_ns=859202369691347 stage=T6 side=S res=2 off=49816 len=1
RLTRACE t_ns=859202370079635 stage=T6 side=S res=2 off=49820 len=3
RLTRACE t_ns=859202370295126 stage=T6 side=S res=2 off=49824 len=1
RLTRACE t_ns=859202370517432 stage=T6 side=S res=2 off=49831 len=2
RLTRACE t_ns=859202370741155 stage=T6 side=S res=2 off=49836 len=3
RLTRACE t_ns=859202370940502 stage=T6 side=S res=2 off=49840 len=1
RLTRACE t_ns=859202370953042 stage=T6 side=S res=2 off=49847 len=2
RLTRACE t_ns=859202371444307 stage=T6 side=S res=2 off=49852 len=3
RLTRACE t_ns=859202371837883 stage=T6 side=S res=2 off=49856 len=1
RLTRACE t_ns=859202372142000 stage=T6 side=S res=2 off=49863 len=2
RLTRACE t_ns=859202372512992 stage=T6 side=S res=2 off=49868 len=3
RLTRACE t_ns=859202372526676 stage=T6 side=S res=2 off=49872 len=1
RLTRACE t_ns=859202372904890 stage=T6 side=S res=2 off=49879 len=2
RLTRACE t_ns=859202372917826 stage=T6 side=S res=2 off=49884 len=3
RLTRACE t_ns=859202372930070 stage=T6 side=S res=2 off=49888 len=3
RLTRACE t_ns=859202372941799 stage=T6 side=S res=2 off=49892 len=3
RLTRACE t_ns=859202373203976 stage=T6 side=S res=2 off=49896 len=1
RLTRACE t_ns=859202373700470 stage=T2 side=S res=1 tail=13936
RLTRACE t_ns=859202389284798 stage=T0 side=S res=1 tail=14084 bytes=148
RLTRACE t_ns=859202389961547 stage=T2 side=S res=1 tail=13972
RLTRACE t_ns=859202395394283 stage=T5 side=S res=2 off=49900 runs=10 fp=0x25f6e132de84822d
RLTRACE t_ns=859202396869982 stage=T6 side=S res=2 off=49900 len=1
RLTRACE t_ns=859202397031665 stage=T6 side=S res=2 off=49908 len=1
RLTRACE t_ns=859202397047907 stage=T6 side=S res=2 off=49916 len=4
RLTRACE t_ns=859202397252018 stage=T6 side=S res=2 off=49929 len=1
RLTRACE t_ns=859202397341772 stage=T6 side=S res=2 off=49933 len=1
RLTRACE t_ns=859202397477830 stage=T6 side=S res=2 off=49936 len=1
RLTRACE t_ns=859202398279782 stage=T6 side=S res=2 off=49940 len=1
RLTRACE t_ns=859202398691211 stage=T6 side=S res=2 off=49944 len=1
RLTRACE t_ns=859202398886267 stage=T6 side=S res=2 off=49948 len=1
RLTRACE t_ns=859202399022512 stage=T6 side=S res=2 off=49957 len=1
RLTRACE t_ns=859202399468230 stage=T2 side=S res=1 tail=14084
RLTRACE t_ns=859202414206341 stage=T0 side=S res=1 tail=14120 bytes=36
RLTRACE t_ns=859202415013890 stage=T2 side=S res=1 tail=14120
RLTRACE t_ns=859202424641559 stage=T0 side=S res=1 tail=14184 bytes=64
RLTRACE t_ns=859202425530222 stage=T2 side=S res=1 tail=14184
RLTRACE t_ns=859202430511938 stage=T5 side=S res=2 off=49960 runs=8 fp=0xeb967f7c2a58c73d
RLTRACE t_ns=859202431814674 stage=T6 side=S res=2 off=49960 len=1
RLTRACE t_ns=859202431879167 stage=T6 side=S res=2 off=49964 len=1
RLTRACE t_ns=859202431891082 stage=T6 side=S res=2 off=49972 len=5
RLTRACE t_ns=859202431906628 stage=T6 side=S res=2 off=49984 len=4
RLTRACE t_ns=859202431918225 stage=T6 side=S res=2 off=49996 len=1
RLTRACE t_ns=859202431930185 stage=T6 side=S res=2 off=50008 len=3
RLTRACE t_ns=859202431941599 stage=T6 side=S res=2 off=50012 len=3
RLTRACE t_ns=859202432598322 stage=T6 side=S res=2 off=50016 len=1
RLTRACE t_ns=859202441883637 stage=T0 side=S res=1 tail=14284 bytes=100
RLTRACE t_ns=859202442675057 stage=T2 side=S res=1 tail=14220
RLTRACE t_ns=859202448035760 stage=T5 side=S res=2 off=50020 runs=23 fp=0x351d6b596b6220a6
RLTRACE t_ns=859202449388766 stage=T6 side=S res=2 off=50020 len=1
RLTRACE t_ns=859202449477859 stage=T6 side=S res=2 off=50024 len=1
RLTRACE t_ns=859202449491043 stage=T6 side=S res=2 off=50032 len=5
RLTRACE t_ns=859202449507276 stage=T6 side=S res=2 off=50044 len=4
RLTRACE t_ns=859202449518856 stage=T6 side=S res=2 off=50056 len=1
RLTRACE t_ns=859202449565225 stage=T6 side=S res=2 off=50060 len=1
RLTRACE t_ns=859202449970718 stage=T6 side=S res=2 off=50076 len=1
RLTRACE t_ns=859202450208588 stage=T6 side=S res=2 off=50080 len=3
RLTRACE t_ns=859202450476110 stage=T6 side=S res=2 off=50084 len=1
RLTRACE t_ns=859202451144559 stage=T6 side=S res=2 off=50091 len=2
RLTRACE t_ns=859202451562184 stage=T6 side=S res=2 off=50096 len=3
RLTRACE t_ns=859202451812123 stage=T6 side=S res=2 off=50100 len=1
RLTRACE t_ns=859202452047927 stage=T6 side=S res=2 off=50107 len=2
RLTRACE t_ns=859202452453627 stage=T6 side=S res=2 off=50112 len=3
RLTRACE t_ns=859202452872576 stage=T6 side=S res=2 off=50116 len=1
RLTRACE t_ns=859202453143937 stage=T6 side=S res=2 off=50123 len=2
RLTRACE t_ns=859202453434329 stage=T6 side=S res=2 off=50128 len=3
RLTRACE t_ns=859202453535608 stage=T6 side=S res=2 off=50132 len=1
RLTRACE t_ns=859202453637855 stage=T6 side=S res=2 off=50139 len=2
RLTRACE t_ns=859202453722457 stage=T6 side=S res=2 off=50144 len=3
RLTRACE t_ns=859202453997035 stage=T6 side=S res=2 off=50148 len=3
RLTRACE t_ns=859202454472200 stage=T6 side=S res=2 off=50152 len=3
RLTRACE t_ns=859202454630621 stage=T6 side=S res=2 off=50156 len=1
RLTRACE t_ns=859202455931402 stage=T2 side=S res=1 tail=14284
RLTRACE t_ns=859202471476172 stage=T0 side=S res=1 tail=14384 bytes=100
RLTRACE t_ns=859202472185383 stage=T2 side=S res=1 tail=14320
RLTRACE t_ns=859202479532317 stage=T5 side=S res=2 off=50160 runs=8 fp=0xfb23028b2383b999
RLTRACE t_ns=859202480906741 stage=T6 side=S res=2 off=50160 len=1
RLTRACE t_ns=859202480985428 stage=T6 side=S res=2 off=50164 len=1
RLTRACE t_ns=859202481018440 stage=T6 side=S res=2 off=50172 len=5
RLTRACE t_ns=859202481031902 stage=T6 side=S res=2 off=50184 len=4
RLTRACE t_ns=859202481044522 stage=T6 side=S res=2 off=50196 len=1
RLTRACE t_ns=859202481405450 stage=T6 side=S res=2 off=50208 len=3
RLTRACE t_ns=859202481693069 stage=T6 side=S res=2 off=50212 len=3
RLTRACE t_ns=859202481707080 stage=T6 side=S res=2 off=50216 len=1
RLTRACE t_ns=859202481996071 stage=T2 side=S res=1 tail=14384
RLTRACE t_ns=859202500834193 stage=T0 side=S res=1 tail=14484 bytes=100
RLTRACE t_ns=859202501684984 stage=T2 side=S res=1 tail=14420
RLTRACE t_ns=859202510133627 stage=T5 side=S res=2 off=50220 runs=23 fp=0xfb23028b2383b999
RLTRACE t_ns=859202512316933 stage=T6 side=S res=2 off=50220 len=1
RLTRACE t_ns=859202512452379 stage=T6 side=S res=2 off=50224 len=1
RLTRACE t_ns=859202512476194 stage=T6 side=S res=2 off=50232 len=5
RLTRACE t_ns=859202513105260 stage=T6 side=S res=2 off=50244 len=4
RLTRACE t_ns=859202513455519 stage=T6 side=S res=2 off=50256 len=1
RLTRACE t_ns=859202513689154 stage=T6 side=S res=2 off=50260 len=1
RLTRACE t_ns=859202514149850 stage=T6 side=S res=2 off=50276 len=1
RLTRACE t_ns=859202514617826 stage=T6 side=S res=2 off=50280 len=3
RLTRACE t_ns=859202514822568 stage=T6 side=S res=2 off=50284 len=1
RLTRACE t_ns=859202515020989 stage=T6 side=S res=2 off=50291 len=2
RLTRACE t_ns=859202515036442 stage=T6 side=S res=2 off=50296 len=3
RLTRACE t_ns=859202515291325 stage=T6 side=S res=2 off=50300 len=1
RLTRACE t_ns=859202515308666 stage=T6 side=S res=2 off=50307 len=2
RLTRACE t_ns=859202515869732 stage=T6 side=S res=2 off=50312 len=3
RLTRACE t_ns=859202515958177 stage=T6 side=S res=2 off=50316 len=1
RLTRACE t_ns=859202516052051 stage=T6 side=S res=2 off=50323 len=2
RLTRACE t_ns=859202516130191 stage=T6 side=S res=2 off=50328 len=3
RLTRACE t_ns=859202516211452 stage=T6 side=S res=2 off=50332 len=1
RLTRACE t_ns=859202516283875 stage=T6 side=S res=2 off=50339 len=2
RLTRACE t_ns=859202516369382 stage=T6 side=S res=2 off=50344 len=3
RLTRACE t_ns=859202516436921 stage=T6 side=S res=2 off=50348 len=3
RLTRACE t_ns=859202516508738 stage=T6 side=S res=2 off=50352 len=3
RLTRACE t_ns=859202516580111 stage=T6 side=S res=2 off=50356 len=1
RLTRACE t_ns=859202517024596 stage=T2 side=S res=1 tail=14484
RLTRACE t_ns=859202540151026 stage=T0 side=S res=1 tail=14692 bytes=208
RLTRACE t_ns=859202540974576 stage=T2 side=S res=1 tail=14520
RLTRACE t_ns=859202545992369 stage=T5 side=S res=2 off=50360 runs=3 fp=0xd6de51f8077b8ac0
RLTRACE t_ns=859202547394427 stage=T6 side=S res=2 off=50360 len=1
RLTRACE t_ns=859202547488696 stage=T6 side=S res=2 off=50368 len=1
RLTRACE t_ns=859202547508661 stage=T6 side=S res=2 off=50376 len=1
RLTRACE t_ns=859202547796152 stage=T2 side=S res=1 tail=14692
RLTRACE t_ns=859202562568406 stage=T0 side=S res=1 tail=14804 bytes=112
RLTRACE t_ns=859202563614750 stage=T2 side=S res=1 tail=14804
RLTRACE t_ns=859202568575618 stage=T5 side=S res=2 off=50384 runs=7 fp=0xd6de51f8077b8ac0
RLTRACE t_ns=859202569910549 stage=T6 side=S res=2 off=50384 len=1
RLTRACE t_ns=859202569955680 stage=T6 side=S res=2 off=50388 len=1
RLTRACE t_ns=859202569969925 stage=T6 side=S res=2 off=50396 len=5
RLTRACE t_ns=859202569982494 stage=T6 side=S res=2 off=50408 len=4
RLTRACE t_ns=859202569994276 stage=T6 side=S res=2 off=50428 len=3
RLTRACE t_ns=859202570018487 stage=T6 side=S res=2 off=50436 len=1
RLTRACE t_ns=859202570334478 stage=T6 side=S res=2 off=50444 len=1
RLTRACE t_ns=859202579958837 stage=T0 side=S res=1 tail=14920 bytes=116
RLTRACE t_ns=859202581221045 stage=T2 side=S res=1 tail=14920
RLTRACE t_ns=859202601912749 stage=T0 side=S res=1 tail=15000 bytes=80
RLTRACE t_ns=859202603309547 stage=T2 side=S res=1 tail=15000
RLTRACE t_ns=859202612469347 stage=T5 side=S res=2 off=50448 runs=3 fp=0xd6de51f8077b8ac0
RLTRACE t_ns=859202614674715 stage=T6 side=S res=2 off=50448 len=1
RLTRACE t_ns=859202614797465 stage=T6 side=S res=2 off=50456 len=1
RLTRACE t_ns=859202614813299 stage=T6 side=S res=2 off=50464 len=4
RLTRACE t_ns=859202623378768 stage=T0 side=S res=1 tail=15088 bytes=88
RLTRACE t_ns=859202624241389 stage=T2 side=S res=1 tail=15088
RLTRACE t_ns=859202629024339 stage=T5 side=S res=2 off=50484 runs=6 fp=0xd6de51f8077b8ac0
RLTRACE t_ns=859202630965909 stage=T6 side=S res=2 off=50484 len=1
RLTRACE t_ns=859202631090111 stage=T6 side=S res=2 off=50488 len=1
RLTRACE t_ns=859202631106571 stage=T6 side=S res=2 off=50504 len=3
RLTRACE t_ns=859202631329585 stage=T6 side=S res=2 off=50512 len=2
RLTRACE t_ns=859202631405382 stage=T6 side=S res=2 off=50520 len=3
RLTRACE t_ns=859202631475333 stage=T6 side=S res=2 off=50528 len=3
RLTRACE t_ns=859202642971498 stage=T0 side=S res=1 tail=15360 bytes=272
RLTRACE t_ns=859202643920648 stage=T2 side=S res=1 tail=15360
RLTRACE t_ns=859202649328491 stage=T5 side=S res=2 off=50536 runs=3 fp=0xd6de51f8077b8ac0
RLTRACE t_ns=859202651612684 stage=T6 side=S res=2 off=50536 len=1
RLTRACE t_ns=859202651689046 stage=T6 side=S res=2 off=50544 len=1
RLTRACE t_ns=859202651704376 stage=T6 side=S res=2 off=50552 len=1
RLTRACE t_ns=859202667206303 stage=T0 side=S res=1 tail=15472 bytes=112
RLTRACE t_ns=859202668180318 stage=T2 side=S res=1 tail=15472
RLTRACE t_ns=859202674545082 stage=T5 side=S res=2 off=50560 runs=7 fp=0xebe1b5bea20358f0
RLTRACE t_ns=859202677250084 stage=T6 side=S res=2 off=50560 len=1
RLTRACE t_ns=859202677398331 stage=T6 side=S res=2 off=50564 len=1
RLTRACE t_ns=859202677413283 stage=T6 side=S res=2 off=50572 len=5
RLTRACE t_ns=859202677426968 stage=T6 side=S res=2 off=50584 len=4
RLTRACE t_ns=859202677440086 stage=T6 side=S res=2 off=50604 len=3
RLTRACE t_ns=859202677453516 stage=T6 side=S res=2 off=50612 len=1
RLTRACE t_ns=859202677884972 stage=T6 side=S res=2 off=50620 len=1
RLTRACE t_ns=859202694683558 stage=T0 side=S res=1 tail=15588 bytes=116
RLTRACE t_ns=859202695878952 stage=T2 side=S res=1 tail=15588
RLTRACE t_ns=859202728152546 stage=T0 side=S res=1 tail=15668 bytes=80
RLTRACE t_ns=859202729015623 stage=T2 side=S res=1 tail=15668
RLTRACE t_ns=859202734810251 stage=T5 side=S res=2 off=50624 runs=3 fp=0xe5c4294dabba2b63
RLTRACE t_ns=859202737226616 stage=T6 side=S res=2 off=50624 len=1
RLTRACE t_ns=859202737322956 stage=T6 side=S res=2 off=50632 len=1
RLTRACE t_ns=859202737335871 stage=T6 side=S res=2 off=50640 len=4
RLTRACE t_ns=859202748133892 stage=T0 side=S res=1 tail=15756 bytes=88
RLTRACE t_ns=859202749073287 stage=T2 side=S res=1 tail=15756
RLTRACE t_ns=859202754152649 stage=T5 side=S res=2 off=50660 runs=6 fp=0x6959c702380333f3
RLTRACE t_ns=859202757168349 stage=T6 side=S res=2 off=50660 len=1
RLTRACE t_ns=859202757300952 stage=T6 side=S res=2 off=50664 len=1
RLTRACE t_ns=859202757318192 stage=T6 side=S res=2 off=50680 len=3
RLTRACE t_ns=859202757333913 stage=T6 side=S res=2 off=50688 len=2
RLTRACE t_ns=859202757348824 stage=T6 side=S res=2 off=50696 len=3
RLTRACE t_ns=859202757364817 stage=T6 side=S res=2 off=50704 len=3
RLTRACE t_ns=859202769670040 stage=T0 side=S res=1 tail=16028 bytes=272
RLTRACE t_ns=859202770563309 stage=T2 side=S res=1 tail=16028
RLTRACE t_ns=859202774970040 stage=T5 side=S res=2 off=50712 runs=3 fp=0x6959c702380333f3
RLTRACE t_ns=859202777532913 stage=T6 side=S res=2 off=50712 len=1
RLTRACE t_ns=859202777656937 stage=T6 side=S res=2 off=50720 len=1
RLTRACE t_ns=859202777674482 stage=T6 side=S res=2 off=50728 len=1
RLTRACE t_ns=859202794060584 stage=T0 side=S res=1 tail=16140 bytes=112
RLTRACE t_ns=859202795423540 stage=T2 side=S res=1 tail=16140
RLTRACE t_ns=859202805247682 stage=T5 side=S res=2 off=50736 runs=7 fp=0xa53d65290a2c8652
RLTRACE t_ns=859202809618014 stage=T6 side=S res=2 off=50736 len=1
RLTRACE t_ns=859202809731045 stage=T6 side=S res=2 off=50740 len=1
RLTRACE t_ns=859202809750391 stage=T6 side=S res=2 off=50748 len=5
RLTRACE t_ns=859202809770747 stage=T6 side=S res=2 off=50760 len=4
RLTRACE t_ns=859202809787398 stage=T6 side=S res=2 off=50780 len=3
RLTRACE t_ns=859202809804446 stage=T6 side=S res=2 off=50788 len=1
RLTRACE t_ns=859202809820549 stage=T6 side=S res=2 off=50796 len=1
RLTRACE t_ns=859202826444402 stage=T0 side=S res=1 tail=16256 bytes=116
RLTRACE t_ns=859202830687984 stage=T2 side=S res=1 tail=16256
RLTRACE t_ns=859202843709085 stage=T0 side=S res=1 tail=16336 bytes=80
RLTRACE t_ns=859202844708492 stage=T2 side=S res=1 tail=16336
RLTRACE t_ns=859202852500208 stage=T5 side=S res=2 off=50800 runs=3 fp=0x1773639977b037f1
RLTRACE t_ns=859202855285871 stage=T6 side=S res=2 off=50800 len=1
RLTRACE t_ns=859202855373284 stage=T6 side=S res=2 off=50808 len=1
RLTRACE t_ns=859202855388360 stage=T6 side=S res=2 off=50816 len=4
RLTRACE t_ns=859202866114772 stage=T0 side=S res=1 tail=16424 bytes=88
RLTRACE t_ns=859202867030696 stage=T2 side=S res=1 tail=16372
RLTRACE t_ns=859202875428031 stage=T5 side=S res=2 off=50836 runs=6 fp=0x95fb38752d0c9b1
RLTRACE t_ns=859202880638905 stage=T6 side=S res=2 off=50836 len=1
RLTRACE t_ns=859202880761525 stage=T6 side=S res=2 off=50840 len=1
RLTRACE t_ns=859202880776376 stage=T6 side=S res=2 off=50856 len=3
RLTRACE t_ns=859202880800588 stage=T6 side=S res=2 off=50864 len=2
RLTRACE t_ns=859202880813897 stage=T6 side=S res=2 off=50872 len=3
RLTRACE t_ns=859202880827099 stage=T6 side=S res=2 off=50880 len=3
RLTRACE t_ns=859202881121916 stage=T2 side=S res=1 tail=16424
RLTRACE t_ns=859202899380115 stage=T0 side=S res=1 tail=16696 bytes=272
RLTRACE t_ns=859202900234602 stage=T2 side=S res=1 tail=16696
RLTRACE t_ns=859202912141434 stage=T5 side=S res=2 off=50888 runs=3 fp=0x95fb38752d0c9b1
RLTRACE t_ns=859202916303592 stage=T6 side=S res=2 off=50888 len=1
RLTRACE t_ns=859202916438567 stage=T6 side=S res=2 off=50896 len=1
RLTRACE t_ns=859202916477982 stage=T6 side=S res=2 off=50904 len=1
RLTRACE t_ns=859202931226648 stage=T0 side=S res=1 tail=16808 bytes=112
RLTRACE t_ns=859202932383482 stage=T2 side=S res=1 tail=16808
RLTRACE t_ns=859202940088723 stage=T5 side=S res=2 off=50912 runs=7 fp=0x95fb38752d0c9b1
RLTRACE t_ns=859202944670046 stage=T6 side=S res=2 off=50912 len=1
RLTRACE t_ns=859202945871512 stage=T6 side=S res=2 off=50916 len=1
RLTRACE t_ns=859202946195681 stage=T6 side=S res=2 off=50924 len=5
RLTRACE t_ns=859202946482627 stage=T6 side=S res=2 off=50936 len=4
RLTRACE t_ns=859202946732014 stage=T6 side=S res=2 off=50956 len=3
RLTRACE t_ns=859202947303178 stage=T6 side=S res=2 off=50964 len=1
RLTRACE t_ns=859202947835354 stage=T6 side=S res=2 off=50972 len=1
RLTRACE t_ns=859202964177654 stage=T0 side=S res=1 tail=16924 bytes=116
RLTRACE t_ns=859202969288114 stage=T2 side=S res=1 tail=16924
RLTRACE t_ns=859202983810979 stage=T0 side=S res=1 tail=17004 bytes=80
RLTRACE t_ns=859202984651956 stage=T2 side=S res=1 tail=17004
RLTRACE t_ns=859202992634511 stage=T5 side=S res=2 off=50976 runs=3 fp=0x95fb38752d0c9b1
RLTRACE t_ns=859202997463191 stage=T6 side=S res=2 off=50976 len=1
RLTRACE t_ns=859202997621913 stage=T6 side=S res=2 off=50984 len=1
RLTRACE t_ns=859202998102825 stage=T6 side=S res=2 off=50992 len=4
RLTRACE t_ns=859203007400427 stage=T0 side=S res=1 tail=17092 bytes=88
RLTRACE t_ns=859203008260085 stage=T2 side=S res=1 tail=17092
RLTRACE t_ns=859203017365824 stage=T5 side=S res=2 off=51012 runs=6 fp=0x95fb38752d0c9b1
RLTRACE t_ns=859203022557607 stage=T6 side=S res=2 off=51012 len=1
RLTRACE t_ns=859203022687855 stage=T6 side=S res=2 off=51016 len=1
RLTRACE t_ns=859203022763905 stage=T6 side=S res=2 off=51032 len=3
RLTRACE t_ns=859203022808382 stage=T6 side=S res=2 off=51040 len=2
RLTRACE t_ns=859203023228489 stage=T6 side=S res=2 off=51048 len=3
RLTRACE t_ns=859203023283717 stage=T6 side=S res=2 off=51056 len=3
RLTRACE t_ns=859203033482485 stage=T0 side=S res=1 tail=18036 bytes=944
RLTRACE t_ns=859203034446882 stage=T2 side=S res=1 tail=17684
RLTRACE t_ns=859203042610551 stage=T5 side=S res=2 off=51064 runs=3 fp=0xfb8a7fb221f62486
RLTRACE t_ns=859203047217313 stage=T6 side=S res=2 off=51064 len=1
RLTRACE t_ns=859203047369099 stage=T6 side=S res=2 off=51072 len=1
RLTRACE t_ns=859203047459925 stage=T6 side=S res=2 off=51080 len=1
RLTRACE t_ns=859203048402898 stage=T2 side=S res=1 tail=18036
RLTRACE t_ns=859203076589618 stage=T0 side=S res=1 tail=18148 bytes=112
RLTRACE t_ns=859203077661260 stage=T2 side=S res=1 tail=18148
RLTRACE t_ns=859203085383539 stage=T5 side=S res=2 off=51088 runs=7 fp=0xfb8a7fb221f62486
RLTRACE t_ns=859203089047626 stage=T6 side=S res=2 off=51088 len=1
RLTRACE t_ns=859203089145259 stage=T6 side=S res=2 off=51092 len=1
RLTRACE t_ns=859203089157392 stage=T6 side=S res=2 off=51100 len=5
RLTRACE t_ns=859203089170902 stage=T6 side=S res=2 off=51112 len=4
RLTRACE t_ns=859203089187746 stage=T6 side=S res=2 off=51133 len=2
RLTRACE t_ns=859203089491797 stage=T6 side=S res=2 off=51142 len=1
RLTRACE t_ns=859203089937793 stage=T6 side=S res=2 off=51148 len=1
RLTRACE t_ns=859203104146903 stage=T0 side=S res=1 tail=18908 bytes=760
RLTRACE t_ns=859203105372856 stage=T2 side=S res=1 tail=18220
RLTRACE t_ns=859203116413810 stage=T5 side=S res=2 off=51152 runs=1 fp=0xfb8a7fb221f62486
RLTRACE t_ns=859203120892794 stage=T6 side=S res=2 off=51152 len=1
RLTRACE t_ns=859203121282847 stage=T2 side=S res=1 tail=18908
rayland-s: WP0 4.3: bound S's own `zwp_linux_dmabuf_v1` v3 for buffer creation
rayland-s: WP0 4.3: built wl_buffer (app obj 17) from resource 7 (500x500 fmt 0x34325258 offset 0 stride 2000 modifier 0x0)
RLTRACE t_ns=859203148246247 stage=T0 side=S res=1 tail=20104 bytes=1196
RLTRACE t_ns=859203149617806 stage=T2 side=S res=1 tail=18976
rayland-s: WP0 4.3: built wl_buffer (app obj 19) from resource 8 (500x500 fmt 0x34325258 offset 0 stride 2000 modifier 0x0)
RLTRACE t_ns=859203158460428 stage=T2 side=S res=1 tail=20104
RLTRACE t_ns=859203163462289 stage=T5 side=S res=2 off=51160 runs=3 fp=0xfb8a7fb221f62486
RLTRACE t_ns=859203165841214 stage=T6 side=S res=2 off=51160 len=1
RLTRACE t_ns=859203165903961 stage=T6 side=S res=2 off=51168 len=1
RLTRACE t_ns=859203165919938 stage=T6 side=S res=2 off=51172 len=1
rayland-s: WP0 4.3: built wl_buffer (app obj 21) from resource 9 (500x500 fmt 0x34325258 offset 0 stride 2000 modifier 0x0)
rayland-s: WP0 4.3: built wl_buffer (app obj 23) from resource 10 (500x500 fmt 0x34325258 offset 0 stride 2000 modifier 0x0)
RLTRACE t_ns=859203192365454 stage=T0 side=S res=1 tail=20972 bytes=868
RLTRACE t_ns=859203193812261 stage=T2 side=S res=1 tail=20792
RLTRACE t_ns=859203199181866 stage=T5 side=S res=2 off=51176 runs=1 fp=0xfb8a7fb221f62486
RLTRACE t_ns=859203201097784 stage=T6 side=S res=2 off=51176 len=1
RLTRACE t_ns=859203201609309 stage=T2 side=S res=1 tail=20972
RLTRACE t_ns=859203228033083 stage=T0 side=S res=1 tail=21332 bytes=360
RLTRACE t_ns=859203229044504 stage=T2 side=S res=1 tail=21236
RLTRACE t_ns=859203234582833 stage=T5 side=S res=2 off=51184 runs=3 fp=0xfb8a7fb221f62486
RLTRACE t_ns=859203235865108 stage=T6 side=S res=2 off=51184 len=1
RLTRACE t_ns=859203235971759 stage=T6 side=S res=2 off=51192 len=1
RLTRACE t_ns=859203235992432 stage=T6 side=S res=2 off=51196 len=1
RLTRACE t_ns=859203236954474 stage=T2 side=S res=1 tail=21332
RLTRACE t_ns=859203261239676 stage=T0 side=S res=1 tail=22140 bytes=808
RLTRACE t_ns=859203262574874 stage=T2 side=S res=1 tail=22020
RLTRACE t_ns=859203269531854 stage=T2 side=S res=1 tail=22140
RLTRACE t_ns=859203277639703 stage=T0 side=S res=1 tail=22200 bytes=60
RLTRACE t_ns=859203279097748 stage=T2 side=S res=1 tail=22200
RLTRACE t_ns=859203288730607 stage=T5 side=S res=2 off=51200 runs=1 fp=0x228f8ca0d6b7268c
RLTRACE t_ns=859203290544473 stage=T6 side=S res=2 off=51200 len=1
RLTRACE t_ns=859203304861356 stage=T0 side=S res=1 tail=22560 bytes=360
RLTRACE t_ns=859203306064589 stage=T2 side=S res=1 tail=22236
RLTRACE t_ns=859203316631776 stage=T5 side=S res=2 off=51208 runs=3 fp=0x228f8ca0d6b7268c
RLTRACE t_ns=859203318431544 stage=T6 side=S res=2 off=51208 len=1
RLTRACE t_ns=859203319027877 stage=T6 side=S res=2 off=51216 len=1
RLTRACE t_ns=859203319314036 stage=T6 side=S res=2 off=51220 len=1
RLTRACE t_ns=859203320577704 stage=T2 side=S res=1 tail=22560
RLTRACE t_ns=859203355788668 stage=T0 side=S res=1 tail=23428 bytes=868
RLTRACE t_ns=859203357092165 stage=T2 side=S res=1 tail=23308
RLTRACE t_ns=859203365588753 stage=T5 side=S res=2 off=51224 runs=1 fp=0x228f8ca0d6b7268c
RLTRACE t_ns=859203367067898 stage=T6 side=S res=2 off=51224 len=1
RLTRACE t_ns=859203367459856 stage=T2 side=S res=1 tail=23428
RLTRACE t_ns=859203378177107 stage=T0 side=S res=1 tail=23788 bytes=360
RLTRACE t_ns=859203379396442 stage=T2 side=S res=1 tail=23788
RLTRACE t_ns=859203388256220 stage=T5 side=S res=2 off=51232 runs=3 fp=0x228f8ca0d6b7268c
RLTRACE t_ns=859203389686986 stage=T6 side=S res=2 off=51232 len=1
RLTRACE t_ns=859203389784428 stage=T6 side=S res=2 off=51236 len=1
RLTRACE t_ns=859203389798055 stage=T6 side=S res=2 off=51240 len=1
RLTRACE t_ns=859203415846363 stage=T0 side=S res=1 tail=24656 bytes=868
RLTRACE t_ns=859203417069328 stage=T2 side=S res=1 tail=24452
RLTRACE t_ns=859203422030048 stage=T5 side=S res=2 off=51248 runs=1 fp=0x228f8ca0d6b7268c
RLTRACE t_ns=859203423357788 stage=T6 side=S res=2 off=51248 len=1
RLTRACE t_ns=859203423719988 stage=T2 side=S res=1 tail=24656
RLTRACE t_ns=859203440603672 stage=T0 side=S res=1 tail=24812 bytes=156
RLTRACE t_ns=859203442029959 stage=T2 side=S res=1 tail=24812
RLTRACE t_ns=859203451621059 stage=T5 side=S res=2 off=51256 runs=2 fp=0xf5ec34d765c9afaa
RLTRACE t_ns=859203453470534 stage=T6 side=S res=2 off=51256 len=1
RLTRACE t_ns=859203453620529 stage=T6 side=S res=2 off=51264 len=1
RLTRACE t_ns=859203486209162 stage=T0 side=S res=1 tail=24848 bytes=36
RLTRACE t_ns=859203487503346 stage=T2 side=S res=1 tail=24848
RLTRACE t_ns=859203498621005 stage=T0 side=S res=1 tail=25856 bytes=1008
RLTRACE t_ns=859203500041162 stage=T2 side=S res=1 tail=25736
RLTRACE t_ns=859203505998428 stage=T5 side=S res=2 off=51272 runs=2 fp=0xf5ec34d765c9afaa
RLTRACE t_ns=859203507346371 stage=T6 side=S res=2 off=51272 len=1
RLTRACE t_ns=859203507435173 stage=T6 side=S res=2 off=51276 len=1
RLTRACE t_ns=859203507961608 stage=T2 side=S res=1 tail=25856
RLTRACE t_ns=859203521761708 stage=T0 side=S res=1 tail=25916 bytes=60
RLTRACE t_ns=859203523216901 stage=T2 side=S res=1 tail=25916
RLTRACE t_ns=859203528576131 stage=T5 side=S res=2 off=51280 runs=1 fp=0xf5ec34d765c9afaa
RLTRACE t_ns=859203529895834 stage=T6 side=S res=2 off=51280 len=1
RLTRACE t_ns=859203541327738 stage=T0 side=S res=1 tail=26072 bytes=156
RLTRACE t_ns=859203542683960 stage=T2 side=S res=1 tail=26072
RLTRACE t_ns=859203548237800 stage=T5 side=S res=2 off=51288 runs=2 fp=0xf5ec34d765c9afaa
RLTRACE t_ns=859203549566858 stage=T6 side=S res=2 off=51288 len=1
RLTRACE t_ns=859203549669772 stage=T6 side=S res=2 off=51296 len=1
RLTRACE t_ns=859203566542277 stage=T0 side=S res=1 tail=27116 bytes=1044
RLTRACE t_ns=859203567689769 stage=T2 side=S res=1 tail=26212
RLTRACE t_ns=859203572786462 stage=T5 side=S res=2 off=51304 runs=2 fp=0xf5ec34d765c9afaa
RLTRACE t_ns=859203574128717 stage=T6 side=S res=2 off=51304 len=1
RLTRACE t_ns=859203574215106 stage=T6 side=S res=2 off=51308 len=1
RLTRACE t_ns=859203574527175 stage=T2 side=S res=1 tail=27116
RLTRACE t_ns=859203593080150 stage=T0 side=S res=1 tail=27176 bytes=60
RLTRACE t_ns=859203594376616 stage=T2 side=S res=1 tail=27176
RLTRACE t_ns=859203603414869 stage=T5 side=S res=2 off=51312 runs=1 fp=0xf5ec34d765c9afaa
RLTRACE t_ns=859203605109227 stage=T6 side=S res=2 off=51312 len=1
RLTRACE t_ns=859203624088869 stage=T0 side=S res=1 tail=27332 bytes=156
RLTRACE t_ns=859203625578223 stage=T2 side=S res=1 tail=27332
RLTRACE t_ns=859203634032277 stage=T5 side=S res=2 off=51320 runs=2 fp=0x4b63043ce723b728
RLTRACE t_ns=859203635623865 stage=T6 side=S res=2 off=51320 len=1
RLTRACE t_ns=859203635737866 stage=T6 side=S res=2 off=51328 len=1
RLTRACE t_ns=859203668508573 stage=T0 side=S res=1 tail=28376 bytes=1044
RLTRACE t_ns=859203669954181 stage=T2 side=S res=1 tail=27368
RLTRACE t_ns=859203679393071 stage=T5 side=S res=2 off=51336 runs=2 fp=0x4b63043ce723b728
RLTRACE t_ns=859203681205445 stage=T6 side=S res=2 off=51336 len=1
RLTRACE t_ns=859203681343007 stage=T6 side=S res=2 off=51340 len=1
RLTRACE t_ns=859203682173155 stage=T2 side=S res=1 tail=28376
RLTRACE t_ns=859203704899410 stage=T0 side=S res=1 tail=28436 bytes=60
RLTRACE t_ns=859203706275194 stage=T2 side=S res=1 tail=28412
RLTRACE t_ns=859203716247808 stage=T5 side=S res=2 off=51344 runs=1 fp=0x4b63043ce723b728
RLTRACE t_ns=859203718066666 stage=T6 side=S res=2 off=51344 len=1
RLTRACE t_ns=859203718524658 stage=T2 side=S res=1 tail=28436
RLTRACE t_ns=859203740645671 stage=T0 side=S res=1 tail=28592 bytes=156
RLTRACE t_ns=859203742033018 stage=T2 side=S res=1 tail=28592
RLTRACE t_ns=859203748563013 stage=T5 side=S res=2 off=51352 runs=2 fp=0x4b63043ce723b728
RLTRACE t_ns=859203749970074 stage=T6 side=S res=2 off=51352 len=1
RLTRACE t_ns=859203750089008 stage=T6 side=S res=2 off=51360 len=1
RLTRACE t_ns=859203774258809 stage=T0 side=S res=1 tail=29636 bytes=1044
RLTRACE t_ns=859203775834604 stage=T2 side=S res=1 tail=28628
RLTRACE t_ns=859203781835328 stage=T5 side=S res=2 off=51368 runs=2 fp=0x4b63043ce723b728
RLTRACE t_ns=859203783603267 stage=T6 side=S res=2 off=51368 len=1
RLTRACE t_ns=859203783711935 stage=T6 side=S res=2 off=51372 len=1
RLTRACE t_ns=859203784019130 stage=T2 side=S res=1 tail=29636
RLTRACE t_ns=859203801217946 stage=T0 side=S res=1 tail=29696 bytes=60
RLTRACE t_ns=859203802558086 stage=T2 side=S res=1 tail=29696
RLTRACE t_ns=859203812846084 stage=T5 side=S res=2 off=51376 runs=1 fp=0x4b63043ce723b728
RLTRACE t_ns=859203814730830 stage=T6 side=S res=2 off=51376 len=1
RLTRACE t_ns=859203825757739 stage=T0 side=S res=1 tail=29852 bytes=156
RLTRACE t_ns=859203827214084 stage=T2 side=S res=1 tail=29852
RLTRACE t_ns=859203837016728 stage=T5 side=S res=2 off=51384 runs=2 fp=0x65dc86b9cf31c79e
RLTRACE t_ns=859203838579244 stage=T6 side=S res=2 off=51384 len=1
RLTRACE t_ns=859203838713444 stage=T6 side=S res=2 off=51392 len=1
RLTRACE t_ns=859203856166311 stage=T0 side=S res=1 tail=30896 bytes=1044
RLTRACE t_ns=859203857771420 stage=T2 side=S res=1 tail=29888
RLTRACE t_ns=859203865611090 stage=T5 side=S res=2 off=51400 runs=2 fp=0x65dc86b9cf31c79e
RLTRACE t_ns=859203867483858 stage=T6 side=S res=2 off=51400 len=1
RLTRACE t_ns=859203867636409 stage=T6 side=S res=2 off=51404 len=1
RLTRACE t_ns=859203868702972 stage=T2 side=S res=1 tail=30896
RLTRACE t_ns=859203888943496 stage=T0 side=S res=1 tail=30956 bytes=60
RLTRACE t_ns=859203890279038 stage=T2 side=S res=1 tail=30956
RLTRACE t_ns=859203900373621 stage=T5 side=S res=2 off=51408 runs=1 fp=0x65dc86b9cf31c79e
RLTRACE t_ns=859203901761773 stage=T6 side=S res=2 off=51408 len=1
RLTRACE t_ns=859203918932847 stage=T0 side=S res=1 tail=31112 bytes=156
RLTRACE t_ns=859203920716158 stage=T2 side=S res=1 tail=31088
RLTRACE t_ns=859203930819270 stage=T5 side=S res=2 off=51416 runs=2 fp=0x65dc86b9cf31c79e
RLTRACE t_ns=859203932691853 stage=T6 side=S res=2 off=51416 len=1
RLTRACE t_ns=859203932827591 stage=T6 side=S res=2 off=51424 len=1
RLTRACE t_ns=859203933633187 stage=T2 side=S res=1 tail=31112
RLTRACE t_ns=859203950811390 stage=T0 side=S res=1 tail=31348 bytes=236
RLTRACE t_ns=859203952370763 stage=T2 side=S res=1 tail=31348
RLTRACE t_ns=859203958065990 stage=T5 side=S res=2 off=51432 runs=2 fp=0x65dc86b9cf31c79e
RLTRACE t_ns=859203960385569 stage=T6 side=S res=2 off=51432 len=1
RLTRACE t_ns=859203960487254 stage=T6 side=S res=2 off=51436 len=1
RLTRACE t_ns=859203979211119 stage=T0 side=S res=1 tail=32156 bytes=808
RLTRACE t_ns=859203980717756 stage=T2 side=S res=1 tail=31416
RLTRACE t_ns=859203992451959 stage=T0 side=S res=1 tail=32216 bytes=60
RLTRACE t_ns=859203994042982 stage=T2 side=S res=1 tail=32216
RLTRACE t_ns=859204004191630 stage=T5 side=S res=2 off=51440 runs=1 fp=0x65dc86b9cf31c79e
RLTRACE t_ns=859204005999809 stage=T6 side=S res=2 off=51440 len=1
RLTRACE t_ns=859204024895274 stage=T0 side=S res=1 tail=32372 bytes=156
RLTRACE t_ns=859204026696957 stage=T2 side=S res=1 tail=32372
RLTRACE t_ns=859204031979269 stage=T5 side=S res=2 off=51448 runs=2 fp=0xd6cae9df98766504
RLTRACE t_ns=859204033363303 stage=T6 side=S res=2 off=51448 len=1
RLTRACE t_ns=859204033450298 stage=T6 side=S res=2 off=51456 len=1
RLTRACE t_ns=859204060700419 stage=T0 side=S res=1 tail=33416 bytes=1044
RLTRACE t_ns=859204062487895 stage=T2 side=S res=1 tail=33020
RLTRACE t_ns=859204072811800 stage=T5 side=S res=2 off=51464 runs=2 fp=0xd6cae9df98766504
RLTRACE t_ns=859204075142553 stage=T6 side=S res=2 off=51464 len=1
RLTRACE t_ns=859204075323265 stage=T6 side=S res=2 off=51468 len=1
RLTRACE t_ns=859204076353693 stage=T2 side=S res=1 tail=33416
RLTRACE t_ns=859204090264911 stage=T0 side=S res=1 tail=33476 bytes=60
RLTRACE t_ns=859204092516503 stage=T2 side=S res=1 tail=33476
RLTRACE t_ns=859204104405276 stage=T5 side=S res=2 off=51472 runs=1 fp=0xd6cae9df98766504
RLTRACE t_ns=859204106593306 stage=T6 side=S res=2 off=51472 len=1
RLTRACE t_ns=859204126146035 stage=T0 side=S res=1 tail=33632 bytes=156
RLTRACE t_ns=859204128578440 stage=T2 side=S res=1 tail=33632
RLTRACE t_ns=859204139116871 stage=T5 side=S res=2 off=51480 runs=2 fp=0xd6cae9df98766504
RLTRACE t_ns=859204141162865 stage=T6 side=S res=2 off=51480 len=1
RLTRACE t_ns=859204141288559 stage=T6 side=S res=2 off=51488 len=1
RLTRACE t_ns=859204168461072 stage=T0 side=S res=1 tail=34676 bytes=1044
RLTRACE t_ns=859204170271753 stage=T2 side=S res=1 tail=34312
RLTRACE t_ns=859204181283299 stage=T5 side=S res=2 off=51496 runs=2 fp=0xd6cae9df98766504
RLTRACE t_ns=859204183288556 stage=T6 side=S res=2 off=51496 len=1
RLTRACE t_ns=859204183446372 stage=T6 side=S res=2 off=51500 len=1
RLTRACE t_ns=859204183825144 stage=T2 side=S res=1 tail=34676
RLTRACE t_ns=859204196510763 stage=T0 side=S res=1 tail=34736 bytes=60
RLTRACE t_ns=859204198419848 stage=T2 side=S res=1 tail=34736
RLTRACE t_ns=859204205133263 stage=T5 side=S res=2 off=51504 runs=1 fp=0xd6cae9df98766504
RLTRACE t_ns=859204206444325 stage=T6 side=S res=2 off=51504 len=1
RLTRACE t_ns=859204220394337 stage=T0 side=S res=1 tail=34892 bytes=156
RLTRACE t_ns=859204222116429 stage=T2 side=S res=1 tail=34892
RLTRACE t_ns=859204227445394 stage=T5 side=S res=2 off=51512 runs=2 fp=0x89dc897c7dde6342
RLTRACE t_ns=859204228875086 stage=T6 side=S res=2 off=51512 len=1
RLTRACE t_ns=859204228979388 stage=T6 side=S res=2 off=51520 len=1
RLTRACE t_ns=859204265378558 stage=T0 side=S res=1 tail=35936 bytes=1044
RLTRACE t_ns=859204267493960 stage=T2 side=S res=1 tail=34928
RLTRACE t_ns=859204273777941 stage=T5 side=S res=2 off=51528 runs=2 fp=0x89dc897c7dde6342
RLTRACE t_ns=859204275939249 stage=T6 side=S res=2 off=51528 len=1
RLTRACE t_ns=859204276100301 stage=T6 side=S res=2 off=51532 len=1
RLTRACE t_ns=859204276872080 stage=T2 side=S res=1 tail=35936
RLTRACE t_ns=859204319563662 stage=T0 side=S res=1 tail=35996 bytes=60
RLTRACE t_ns=859204321917086 stage=T2 side=S res=1 tail=35996
RLTRACE t_ns=859204328360802 stage=T5 side=S res=2 off=51536 runs=1 fp=0x89dc897c7dde6342
RLTRACE t_ns=859204330128533 stage=T6 side=S res=2 off=51536 len=1
RLTRACE t_ns=859204343977803 stage=T0 side=S res=1 tail=36152 bytes=156
RLTRACE t_ns=859204347129840 stage=T2 side=S res=1 tail=36152
RLTRACE t_ns=859204354930529 stage=T5 side=S res=2 off=51544 runs=2 fp=0x89dc897c7dde6342
RLTRACE t_ns=859204356686714 stage=T6 side=S res=2 off=51544 len=1
RLTRACE t_ns=859204356795938 stage=T6 side=S res=2 off=51552 len=1
RLTRACE t_ns=859204379475584 stage=T0 side=S res=1 tail=37196 bytes=1044
RLTRACE t_ns=859204381335595 stage=T2 side=S res=1 tail=36188
RLTRACE t_ns=859204387443668 stage=T5 side=S res=2 off=51560 runs=2 fp=0x89dc897c7dde6342
RLTRACE t_ns=859204389058343 stage=T6 side=S res=2 off=51560 len=1
RLTRACE t_ns=859204389162355 stage=T6 side=S res=2 off=51564 len=1
RLTRACE t_ns=859204389455367 stage=T2 side=S res=1 tail=37196
RLTRACE t_ns=859204410010395 stage=T0 side=S res=1 tail=37256 bytes=60
RLTRACE t_ns=859204411845789 stage=T2 side=S res=1 tail=37256
RLTRACE t_ns=859204417554693 stage=T5 side=S res=2 off=51568 runs=1 fp=0x89dc897c7dde6342
RLTRACE t_ns=859204419086555 stage=T6 side=S res=2 off=51568 len=1
RLTRACE t_ns=859204430597535 stage=T0 side=S res=1 tail=37412 bytes=156
RLTRACE t_ns=859204432742844 stage=T2 side=S res=1 tail=37412
RLTRACE t_ns=859204443747454 stage=T5 side=S res=2 off=51576 runs=2 fp=0x7a207af6f47ea9e0
RLTRACE t_ns=859204445332911 stage=T6 side=S res=2 off=51576 len=1
RLTRACE t_ns=859204445467070 stage=T6 side=S res=2 off=51584 len=1
RLTRACE t_ns=859204472991709 stage=T0 side=S res=1 tail=38456 bytes=1044
RLTRACE t_ns=859204475206612 stage=T2 side=S res=1 tail=37448
RLTRACE t_ns=859204481165579 stage=T5 side=S res=2 off=51592 runs=2 fp=0x7a207af6f47ea9e0
RLTRACE t_ns=859204482673171 stage=T6 side=S res=2 off=51592 len=1
RLTRACE t_ns=859204482778842 stage=T6 side=S res=2 off=51596 len=1
RLTRACE t_ns=859204483564266 stage=T2 side=S res=1 tail=38456
RLTRACE t_ns=859204503698788 stage=T0 side=S res=1 tail=38492 bytes=36
RLTRACE t_ns=859204505579964 stage=T2 side=S res=1 tail=38492
RLTRACE t_ns=859204513584846 stage=T0 side=S res=1 tail=38516 bytes=24
RLTRACE t_ns=859204515995735 stage=T2 side=S res=1 tail=38516
RLTRACE t_ns=859204526436156 stage=T5 side=S res=2 off=51600 runs=1 fp=0x7a207af6f47ea9e0
RLTRACE t_ns=859204527903885 stage=T6 side=S res=2 off=51600 len=1
RLTRACE t_ns=859204541059538 stage=T0 side=S res=1 tail=38672 bytes=156
RLTRACE t_ns=859204543325328 stage=T2 side=S res=1 tail=38672
RLTRACE t_ns=859204554650688 stage=T5 side=S res=2 off=51608 runs=2 fp=0x7a207af6f47ea9e0
RLTRACE t_ns=859204556638980 stage=T6 side=S res=2 off=51608 len=1
RLTRACE t_ns=859204556779179 stage=T6 side=S res=2 off=51616 len=1
RLTRACE t_ns=859204587028787 stage=T0 side=S res=1 tail=39716 bytes=1044
RLTRACE t_ns=859204589743761 stage=T2 side=S res=1 tail=39152
RLTRACE t_ns=859204597938643 stage=T5 side=S res=2 off=51624 runs=2 fp=0x7a207af6f47ea9e0
RLTRACE t_ns=859204599482772 stage=T6 side=S res=2 off=51624 len=1
RLTRACE t_ns=859204599585015 stage=T6 side=S res=2 off=51628 len=1
RLTRACE t_ns=859204599873036 stage=T2 side=S res=1 tail=39716
RLTRACE t_ns=859204616574633 stage=T0 side=S res=1 tail=39776 bytes=60
RLTRACE t_ns=859204618752003 stage=T2 side=S res=1 tail=39776
RLTRACE t_ns=859204624678578 stage=T5 side=S res=2 off=51632 runs=1 fp=0x7a207af6f47ea9e0
RLTRACE t_ns=859204625998789 stage=T6 side=S res=2 off=51632 len=1
RLTRACE t_ns=859204642347514 stage=T0 side=S res=1 tail=39932 bytes=156
RLTRACE t_ns=859204644230167 stage=T2 side=S res=1 tail=39932
RLTRACE t_ns=859204649138954 stage=T5 side=S res=2 off=51640 runs=2 fp=0xd00c4018ceaec5f6
RLTRACE t_ns=859204650541849 stage=T6 side=S res=2 off=51640 len=1
RLTRACE t_ns=859204650593762 stage=T6 side=S res=2 off=51648 len=1
RLTRACE t_ns=859204678089553 stage=T0 side=S res=1 tail=40976 bytes=1044
RLTRACE t_ns=859204680440734 stage=T2 side=S res=1 tail=40808
RLTRACE t_ns=859204687035984 stage=T5 side=S res=2 off=51656 runs=2 fp=0xd00c4018ceaec5f6
RLTRACE t_ns=859204688773784 stage=T6 side=S res=2 off=51656 len=1
RLTRACE t_ns=859204688890597 stage=T6 side=S res=2 off=51660 len=1
RLTRACE t_ns=859204689189258 stage=T2 side=S res=1 tail=40976
RLTRACE t_ns=859204702441259 stage=T0 side=S res=1 tail=41036 bytes=60
RLTRACE t_ns=859204704440011 stage=T2 side=S res=1 tail=41036
RLTRACE t_ns=859204714265123 stage=T5 side=S res=2 off=51664 runs=1 fp=0xd00c4018ceaec5f6
RLTRACE t_ns=859204715871702 stage=T6 side=S res=2 off=51664 len=1
RLTRACE t_ns=859204727422994 stage=T0 side=S res=1 tail=41072 bytes=36
RLTRACE t_ns=859204729773723 stage=T2 side=S res=1 tail=41072
RLTRACE t_ns=859204736959284 stage=T0 side=S res=1 tail=41192 bytes=120
RLTRACE t_ns=859204738854266 stage=T2 side=S res=1 tail=41192
RLTRACE t_ns=859204744491038 stage=T5 side=S res=2 off=51672 runs=2 fp=0xd00c4018ceaec5f6
RLTRACE t_ns=859204746027428 stage=T6 side=S res=2 off=51672 len=1
RLTRACE t_ns=859204746171785 stage=T6 side=S res=2 off=51680 len=1
RLTRACE t_ns=859204765723089 stage=T0 side=S res=1 tail=42236 bytes=1044
RLTRACE t_ns=859204767655291 stage=T2 side=S res=1 tail=41228
RLTRACE t_ns=859204778127212 stage=T5 side=S res=2 off=51688 runs=2 fp=0xd00c4018ceaec5f6
RLTRACE t_ns=859204779967817 stage=T6 side=S res=2 off=51688 len=1
RLTRACE t_ns=859204780130134 stage=T6 side=S res=2 off=51692 len=1
RLTRACE t_ns=859204780423406 stage=T2 side=S res=1 tail=42236
RLTRACE t_ns=859204798728357 stage=T0 side=S res=1 tail=42296 bytes=60
RLTRACE t_ns=859204800809090 stage=T2 side=S res=1 tail=42296
RLTRACE t_ns=859204806472321 stage=T5 side=S res=2 off=51696 runs=1 fp=0xd00c4018ceaec5f6
RLTRACE t_ns=859204807981799 stage=T6 side=S res=2 off=51696 len=1
RLTRACE t_ns=859204818901663 stage=T0 side=S res=1 tail=42452 bytes=156
RLTRACE t_ns=859204820993847 stage=T2 side=S res=1 tail=42452
RLTRACE t_ns=859204826659924 stage=T5 side=S res=2 off=51704 runs=2 fp=0x39cc29d2f49be33c
RLTRACE t_ns=859204828145295 stage=T6 side=S res=2 off=51704 len=1
RLTRACE t_ns=859204828233339 stage=T6 side=S res=2 off=51712 len=1
RLTRACE t_ns=859204846232153 stage=T0 side=S res=1 tail=43496 bytes=1044
RLTRACE t_ns=859204848710829 stage=T2 side=S res=1 tail=43376
RLTRACE t_ns=859204854314193 stage=T5 side=S res=2 off=51720 runs=2 fp=0x39cc29d2f49be33c
RLTRACE t_ns=859204855793264 stage=T6 side=S res=2 off=51720 len=1
RLTRACE t_ns=859204855901299 stage=T6 side=S res=2 off=51724 len=1
RLTRACE t_ns=859204856208451 stage=T2 side=S res=1 tail=43496
RLTRACE t_ns=859204867352357 stage=T0 side=S res=1 tail=43556 bytes=60
RLTRACE t_ns=859204869435976 stage=T2 side=S res=1 tail=43556
RLTRACE t_ns=859204877437658 stage=T5 side=S res=2 off=51728 runs=1 fp=0x39cc29d2f49be33c
RLTRACE t_ns=859204879063677 stage=T6 side=S res=2 off=51728 len=1
RLTRACE t_ns=859204894192179 stage=T0 side=S res=1 tail=43712 bytes=156
RLTRACE t_ns=859204896459599 stage=T2 side=S res=1 tail=43712
RLTRACE t_ns=859204902433289 stage=T5 side=S res=2 off=51736 runs=2 fp=0x39cc29d2f49be33c
RLTRACE t_ns=859204904307309 stage=T6 side=S res=2 off=51736 len=1
RLTRACE t_ns=859204904417461 stage=T6 side=S res=2 off=51744 len=1
RLTRACE t_ns=859204931667577 stage=T0 side=S res=1 tail=44756 bytes=1044
RLTRACE t_ns=859204934788280 stage=T2 side=S res=1 tail=44636
RLTRACE t_ns=859204943382355 stage=T5 side=S res=2 off=51752 runs=2 fp=0x39cc29d2f49be33c
RLTRACE t_ns=859204945593972 stage=T6 side=S res=2 off=51752 len=1
RLTRACE t_ns=859204945712269 stage=T6 side=S res=2 off=51756 len=1
RLTRACE t_ns=859204946025712 stage=T2 side=S res=1 tail=44756
RLTRACE t_ns=859204958187319 stage=T0 side=S res=1 tail=44816 bytes=60
RLTRACE t_ns=859204960889829 stage=T2 side=S res=1 tail=44816
RLTRACE t_ns=859204967103632 stage=T5 side=S res=2 off=51760 runs=1 fp=0x39cc29d2f49be33c
RLTRACE t_ns=859204968735228 stage=T6 side=S res=2 off=51760 len=1
RLTRACE t_ns=859204981022558 stage=T0 side=S res=1 tail=44972 bytes=156
RLTRACE t_ns=859204983551718 stage=T2 side=S res=1 tail=44972
RLTRACE t_ns=859204989680802 stage=T5 side=S res=2 off=51768 runs=2 fp=0x5e079068fbb1bc5a
RLTRACE t_ns=859204991296713 stage=T6 side=S res=2 off=51768 len=1
RLTRACE t_ns=859204991388315 stage=T6 side=S res=2 off=51776 len=1
RLTRACE t_ns=859205030414454 stage=T0 side=S res=1 tail=46016 bytes=1044
RLTRACE t_ns=859205033333411 stage=T2 side=S res=1 tail=45008
RLTRACE t_ns=859205045668505 stage=T5 side=S res=2 off=51784 runs=2 fp=0x5e079068fbb1bc5a
RLTRACE t_ns=859205048012975 stage=T6 side=S res=2 off=51784 len=1
RLTRACE t_ns=859205048231292 stage=T6 side=S res=2 off=51788 len=1
RLTRACE t_ns=859205049202172 stage=T2 side=S res=1 tail=46016
RLTRACE t_ns=859205079846309 stage=T0 side=S res=1 tail=46076 bytes=60
RLTRACE t_ns=859205082517810 stage=T2 side=S res=1 tail=46076
RLTRACE t_ns=859205097628558 stage=T5 side=S res=2 off=51792 runs=1 fp=0x5e079068fbb1bc5a
RLTRACE t_ns=859205099853139 stage=T6 side=S res=2 off=51792 len=1
RLTRACE t_ns=859205114086524 stage=T0 side=S res=1 tail=46112 bytes=36
RLTRACE t_ns=859205117190652 stage=T2 side=S res=1 tail=46112
RLTRACE t_ns=859205125811720 stage=T0 side=S res=1 tail=46232 bytes=120
RLTRACE t_ns=859205128207501 stage=T2 side=S res=1 tail=46232
RLTRACE t_ns=859205134806667 stage=T5 side=S res=2 off=51800 runs=2 fp=0x5e079068fbb1bc5a
RLTRACE t_ns=859205136425868 stage=T6 side=S res=2 off=51800 len=1
RLTRACE t_ns=859205136510195 stage=T6 side=S res=2 off=51808 len=1
RLTRACE t_ns=859205162751468 stage=T0 side=S res=1 tail=47276 bytes=1044
RLTRACE t_ns=859205165529975 stage=T2 side=S res=1 tail=46268
RLTRACE t_ns=859205177693514 stage=T5 side=S res=2 off=51816 runs=2 fp=0x5e079068fbb1bc5a
RLTRACE t_ns=859205179905807 stage=T6 side=S res=2 off=51816 len=1
RLTRACE t_ns=859205180086807 stage=T6 side=S res=2 off=51820 len=1
RLTRACE t_ns=859205181450742 stage=T2 side=S res=1 tail=47276
RLTRACE t_ns=859205204707922 stage=T0 side=S res=1 tail=47336 bytes=60
RLTRACE t_ns=859205207289193 stage=T2 side=S res=1 tail=47312
RLTRACE t_ns=859205219692765 stage=T5 side=S res=2 off=51824 runs=1 fp=0x5e079068fbb1bc5a
RLTRACE t_ns=859205221917330 stage=T6 side=S res=2 off=51824 len=1
RLTRACE t_ns=859205222409669 stage=T2 side=S res=1 tail=47336
RLTRACE t_ns=859205249044877 stage=T0 side=S res=1 tail=47492 bytes=156
RLTRACE t_ns=859205252138463 stage=T2 side=S res=1 tail=47492
RLTRACE t_ns=859205264078839 stage=T5 side=S res=2 off=51832 runs=2 fp=0x3a81c9622383b958
RLTRACE t_ns=859205266274777 stage=T6 side=S res=2 off=51832 len=1
RLTRACE t_ns=859205266433761 stage=T6 side=S res=2 off=51840 len=1
RLTRACE t_ns=859205289720166 stage=T0 side=S res=1 tail=48536 bytes=1044
RLTRACE t_ns=859205293041838 stage=T2 side=S res=1 tail=48332
RLTRACE t_ns=859205301451240 stage=T5 side=S res=2 off=51848 runs=2 fp=0x3a81c9622383b958
RLTRACE t_ns=859205303295725 stage=T6 side=S res=2 off=51848 len=1
RLTRACE t_ns=859205303403393 stage=T6 side=S res=2 off=51852 len=1
RLTRACE t_ns=859205303703261 stage=T2 side=S res=1 tail=48536
RLTRACE t_ns=859205321120773 stage=T0 side=S res=1 tail=48596 bytes=60
RLTRACE t_ns=859205324521857 stage=T2 side=S res=1 tail=48596
RLTRACE t_ns=859205338225175 stage=T5 side=S res=2 off=51856 runs=1 fp=0x3a81c9622383b958
RLTRACE t_ns=859205340774235 stage=T6 side=S res=2 off=51856 len=1
RLTRACE t_ns=859205355730610 stage=T0 side=S res=1 tail=48752 bytes=156
RLTRACE t_ns=859205358263636 stage=T2 side=S res=1 tail=48752
RLTRACE t_ns=859205364502643 stage=T5 side=S res=2 off=51864 runs=2 fp=0x3a81c9622383b958
RLTRACE t_ns=859205366133927 stage=T6 side=S res=2 off=51864 len=1
RLTRACE t_ns=859205366238871 stage=T6 side=S res=2 off=51872 len=1
RLTRACE t_ns=859205389671196 stage=T0 side=S res=1 tail=49796 bytes=1044
RLTRACE t_ns=859205392235205 stage=T2 side=S res=1 tail=49676
RLTRACE t_ns=859205398201170 stage=T5 side=S res=2 off=51880 runs=2 fp=0x3a81c9622383b958
RLTRACE t_ns=859205399866917 stage=T6 side=S res=2 off=51880 len=1
RLTRACE t_ns=859205399984533 stage=T6 side=S res=2 off=51884 len=1
RLTRACE t_ns=859205400287665 stage=T2 side=S res=1 tail=49796
RLTRACE t_ns=859205413904635 stage=T0 side=S res=1 tail=49856 bytes=60
RLTRACE t_ns=859205416177302 stage=T2 side=S res=1 tail=49832
RLTRACE t_ns=859205422418342 stage=T5 side=S res=2 off=51888 runs=1 fp=0x3a81c9622383b958
RLTRACE t_ns=859205424041375 stage=T6 side=S res=2 off=51888 len=1
RLTRACE t_ns=859205424462611 stage=T2 side=S res=1 tail=49856
RLTRACE t_ns=859205444829553 stage=T0 side=S res=1 tail=50012 bytes=156
RLTRACE t_ns=859205447501973 stage=T2 side=S res=1 tail=49892
RLTRACE t_ns=859205453913514 stage=T5 side=S res=2 off=51896 runs=2 fp=0x2eba3b71d50b554e
RLTRACE t_ns=859205455604641 stage=T6 side=S res=2 off=51896 len=1
RLTRACE t_ns=859205455738306 stage=T6 side=S res=2 off=51904 len=1
RLTRACE t_ns=859205456405895 stage=T2 side=S res=1 tail=50012
RLTRACE t_ns=859205507392241 stage=T0 side=S res=1 tail=51056 bytes=1044
RLTRACE t_ns=859205510424904 stage=T2 side=S res=1 tail=50048
RLTRACE t_ns=859205521040418 stage=T5 side=S res=2 off=51912 runs=2 fp=0x2eba3b71d50b554e
RLTRACE t_ns=859205522585404 stage=T6 side=S res=2 off=51912 len=1
RLTRACE t_ns=859205522717433 stage=T6 side=S res=2 off=51916 len=1
RLTRACE t_ns=859205523031170 stage=T2 side=S res=1 tail=51056
RLTRACE t_ns=859205542488177 stage=T0 side=S res=1 tail=51116 bytes=60
RLTRACE t_ns=859205545373949 stage=T2 side=S res=1 tail=51116
RLTRACE t_ns=859205550984556 stage=T5 side=S res=2 off=51920 runs=1 fp=0x2eba3b71d50b554e
RLTRACE t_ns=859205552463519 stage=T6 side=S res=2 off=51920 len=1
RLTRACE t_ns=859205569556329 stage=T0 side=S res=1 tail=51152 bytes=36
RLTRACE t_ns=859205572193632 stage=T2 side=S res=1 tail=51152
RLTRACE t_ns=859205585415444 stage=T0 side=S res=1 tail=51272 bytes=120
RLTRACE t_ns=859205587667842 stage=T2 side=S res=1 tail=51272
RLTRACE t_ns=859205598271599 stage=T5 side=S res=2 off=51928 runs=2 fp=0x2eba3b71d50b554e
RLTRACE t_ns=859205600246798 stage=T6 side=S res=2 off=51928 len=1
RLTRACE t_ns=859205600406985 stage=T6 side=S res=2 off=51936 len=1
RLTRACE t_ns=859205626680898 stage=T0 side=S res=1 tail=52316 bytes=1044
RLTRACE t_ns=859205629630060 stage=T2 side=S res=1 tail=51308
RLTRACE t_ns=859205639928929 stage=T5 side=S res=2 off=51944 runs=2 fp=0x2eba3b71d50b554e
RLTRACE t_ns=859205641612414 stage=T6 side=S res=2 off=51944 len=1
RLTRACE t_ns=859205641764848 stage=T6 side=S res=2 off=51948 len=1
RLTRACE t_ns=859205642120393 stage=T2 side=S res=1 tail=52316
RLTRACE t_ns=859205662306012 stage=T0 side=S res=1 tail=52376 bytes=60
RLTRACE t_ns=859205664630614 stage=T2 side=S res=1 tail=52376
RLTRACE t_ns=859205672026373 stage=T5 side=S res=2 off=51952 runs=1 fp=0x2eba3b71d50b554e
RLTRACE t_ns=859205674454477 stage=T6 side=S res=2 off=51952 len=1
RLTRACE t_ns=859205686672040 stage=T0 side=S res=1 tail=52532 bytes=156
RLTRACE t_ns=859205689276869 stage=T2 side=S res=1 tail=52532
RLTRACE t_ns=859205696468873 stage=T5 side=S res=2 off=51960 runs=2 fp=0xe8118abef58c61f4
RLTRACE t_ns=859205697855339 stage=T6 side=S res=2 off=51960 len=1
RLTRACE t_ns=859205697933672 stage=T6 side=S res=2 off=51968 len=1
RLTRACE t_ns=859205714178086 stage=T0 side=S res=1 tail=53576 bytes=1044
RLTRACE t_ns=859205716671733 stage=T2 side=S res=1 tail=53212
RLTRACE t_ns=859205722053681 stage=T5 side=S res=2 off=51976 runs=2 fp=0xe8118abef58c61f4
RLTRACE t_ns=859205723823639 stage=T6 side=S res=2 off=51976 len=1
RLTRACE t_ns=859205723902782 stage=T6 side=S res=2 off=51980 len=1
RLTRACE t_ns=859205724197655 stage=T2 side=S res=1 tail=53576
RLTRACE t_ns=859205739165638 stage=T0 side=S res=1 tail=53636 bytes=60
RLTRACE t_ns=859205741473078 stage=T2 side=S res=1 tail=53636
RLTRACE t_ns=859205747165045 stage=T5 side=S res=2 off=51984 runs=1 fp=0xe8118abef58c61f4
RLTRACE t_ns=859205748473752 stage=T6 side=S res=2 off=51984 len=1
RLTRACE t_ns=859205763825518 stage=T0 side=S res=1 tail=53792 bytes=156
RLTRACE t_ns=859205766014680 stage=T2 side=S res=1 tail=53792
RLTRACE t_ns=859205770646823 stage=T5 side=S res=2 off=51992 runs=2 fp=0xe8118abef58c61f4
RLTRACE t_ns=859205771972171 stage=T6 side=S res=2 off=51992 len=1
RLTRACE t_ns=859205772033853 stage=T6 side=S res=2 off=52000 len=1
RLTRACE t_ns=859205792585024 stage=T0 side=S res=1 tail=54836 bytes=1044
RLTRACE t_ns=859205795840001 stage=T2 side=S res=1 tail=54472
RLTRACE t_ns=859205804316130 stage=T5 side=S res=2 off=52008 runs=2 fp=0xe8118abef58c61f4
RLTRACE t_ns=859205806287904 stage=T6 side=S res=2 off=52008 len=1
RLTRACE t_ns=859205806404255 stage=T6 side=S res=2 off=52012 len=1
RLTRACE t_ns=859205806709132 stage=T2 side=S res=1 tail=54836
RLTRACE t_ns=859205821836512 stage=T0 side=S res=1 tail=54896 bytes=60
RLTRACE t_ns=859205824935447 stage=T2 side=S res=1 tail=54896
RLTRACE t_ns=859205831568136 stage=T5 side=S res=2 off=52016 runs=1 fp=0xe8118abef58c61f4
RLTRACE t_ns=859205832978120 stage=T6 side=S res=2 off=52016 len=1
RLTRACE t_ns=859205844725048 stage=T0 side=S res=1 tail=55052 bytes=156
RLTRACE t_ns=859205848504542 stage=T2 side=S res=1 tail=55052
RLTRACE t_ns=859205857604829 stage=T5 side=S res=2 off=52024 runs=2 fp=0xdf8decb3d00ab032
RLTRACE t_ns=859205859174689 stage=T6 side=S res=2 off=52024 len=1
RLTRACE t_ns=859205859260840 stage=T6 side=S res=2 off=52032 len=1
RLTRACE t_ns=859205877058639 stage=T0 side=S res=1 tail=56096 bytes=1044
RLTRACE t_ns=859205880352685 stage=T2 side=S res=1 tail=55088
RLTRACE t_ns=859205893147965 stage=T5 side=S res=2 off=52040 runs=2 fp=0xdf8decb3d00ab032
RLTRACE t_ns=859205895733740 stage=T6 side=S res=2 off=52040 len=1
RLTRACE t_ns=859205895892759 stage=T6 side=S res=2 off=52044 len=1
RLTRACE t_ns=859205896237680 stage=T2 side=S res=1 tail=56096
RLTRACE t_ns=859205923845305 stage=T0 side=S res=1 tail=56156 bytes=60
RLTRACE t_ns=859205927678690 stage=T2 side=S res=1 tail=56156
RLTRACE t_ns=859205935997211 stage=T5 side=S res=2 off=52048 runs=1 fp=0xdf8decb3d00ab032
RLTRACE t_ns=859205937546084 stage=T6 side=S res=2 off=52048 len=1
RLTRACE t_ns=859205949346795 stage=T0 side=S res=1 tail=56312 bytes=156
RLTRACE t_ns=859205952397375 stage=T2 side=S res=1 tail=56312
RLTRACE t_ns=859205965694830 stage=T5 side=S res=2 off=52056 runs=2 fp=0xdf8decb3d00ab032
RLTRACE t_ns=859205967675342 stage=T6 side=S res=2 off=52056 len=1
RLTRACE t_ns=859205967799002 stage=T6 side=S res=2 off=52064 len=1
RLTRACE t_ns=859205985401397 stage=T0 side=S res=1 tail=57356 bytes=1044
RLTRACE t_ns=859205988383333 stage=T2 side=S res=1 tail=57152
RLTRACE t_ns=859205999533668 stage=T5 side=S res=2 off=52072 runs=2 fp=0xdf8decb3d00ab032
RLTRACE t_ns=859206001794778 stage=T6 side=S res=2 off=52072 len=1
RLTRACE t_ns=859206001972684 stage=T6 side=S res=2 off=52076 len=1
RLTRACE t_ns=859206002378825 stage=T2 side=S res=1 tail=57356
RLTRACE t_ns=859206012347889 stage=T0 side=S res=1 tail=57416 bytes=60
RLTRACE t_ns=859206014521822 stage=T2 side=S res=1 tail=57416
RLTRACE t_ns=859206022445354 stage=T5 side=S res=2 off=52080 runs=1 fp=0xdf8decb3d00ab032
RLTRACE t_ns=859206023716794 stage=T6 side=S res=2 off=52080 len=1
RLTRACE t_ns=859206033330171 stage=T0 side=S res=1 tail=57572 bytes=156
RLTRACE t_ns=859206035619589 stage=T2 side=S res=1 tail=57572
RLTRACE t_ns=859206046711299 stage=T5 side=S res=2 off=52088 runs=2 fp=0xe62983f54b94ef10
RLTRACE t_ns=859206049147572 stage=T6 side=S res=2 off=52088 len=1
RLTRACE t_ns=859206049327471 stage=T6 side=S res=2 off=52096 len=1
RLTRACE t_ns=859206082322295 stage=T0 side=S res=1 tail=58616 bytes=1044
RLTRACE t_ns=859206085184055 stage=T2 side=S res=1 tail=58616
RLTRACE t_ns=859206090910805 stage=T5 side=S res=2 off=52104 runs=2 fp=0xe62983f54b94ef10
RLTRACE t_ns=859206092690786 stage=T6 side=S res=2 off=52104 len=1
RLTRACE t_ns=859206092803989 stage=T6 side=S res=2 off=52108 len=1
RLTRACE t_ns=859206105917775 stage=T0 side=S res=1 tail=58676 bytes=60
RLTRACE t_ns=859206108520032 stage=T2 side=S res=1 tail=58676
RLTRACE t_ns=859206116447079 stage=T5 side=S res=2 off=52112 runs=1 fp=0xe62983f54b94ef10
RLTRACE t_ns=859206118313605 stage=T6 side=S res=2 off=52112 len=1
RLTRACE t_ns=859206136548948 stage=T0 side=S res=1 tail=58832 bytes=156
RLTRACE t_ns=859206139262230 stage=T2 side=S res=1 tail=58832
RLTRACE t_ns=859206145156791 stage=T5 side=S res=2 off=52120 runs=2 fp=0xe62983f54b94ef10
RLTRACE t_ns=859206146411701 stage=T6 side=S res=2 off=52120 len=1
RLTRACE t_ns=859206146505803 stage=T6 side=S res=2 off=52128 len=1
RLTRACE t_ns=859206182250237 stage=T0 side=S res=1 tail=59876 bytes=1044
RLTRACE t_ns=859206184391108 stage=T2 side=S res=1 tail=58868
RLTRACE t_ns=859206190098113 stage=T5 side=S res=2 off=52136 runs=2 fp=0xe62983f54b94ef10
RLTRACE t_ns=859206191808522 stage=T6 side=S res=2 off=52136 len=1
RLTRACE t_ns=859206191914921 stage=T6 side=S res=2 off=52140 len=1
RLTRACE t_ns=859206192204930 stage=T2 side=S res=1 tail=59876
RLTRACE t_ns=859206208646921 stage=T0 side=S res=1 tail=59936 bytes=60
RLTRACE t_ns=859206211739120 stage=T2 side=S res=1 tail=59936
RLTRACE t_ns=859206216561570 stage=T5 side=S res=2 off=52144 runs=1 fp=0xe62983f54b94ef10
RLTRACE t_ns=859206217817145 stage=T6 side=S res=2 off=52144 len=1
RLTRACE t_ns=859206233068800 stage=T0 side=S res=1 tail=60092 bytes=156
RLTRACE t_ns=859206235829602 stage=T2 side=S res=1 tail=60092
RLTRACE t_ns=859206241727311 stage=T5 side=S res=2 off=52152 runs=2 fp=0xfa21c1f587799ea6
RLTRACE t_ns=859206243928103 stage=T6 side=S res=2 off=52152 len=1
RLTRACE t_ns=859206244038585 stage=T6 side=S res=2 off=52160 len=1
RLTRACE t_ns=859206265878715 stage=T0 side=S res=1 tail=61136 bytes=1044
RLTRACE t_ns=859206269169979 stage=T2 side=S res=1 tail=60128
RLTRACE t_ns=859206281897279 stage=T5 side=S res=2 off=52168 runs=2 fp=0xfa21c1f587799ea6
RLTRACE t_ns=859206283774893 stage=T6 side=S res=2 off=52168 len=1
RLTRACE t_ns=859206283904137 stage=T6 side=S res=2 off=52172 len=1
RLTRACE t_ns=859206284822580 stage=T2 side=S res=1 tail=61136
RLTRACE t_ns=859206301183251 stage=T0 side=S res=1 tail=61196 bytes=60
RLTRACE t_ns=859206303889829 stage=T2 side=S res=1 tail=61196
RLTRACE t_ns=859206308789062 stage=T5 side=S res=2 off=52176 runs=1 fp=0xfa21c1f587799ea6
RLTRACE t_ns=859206310090740 stage=T6 side=S res=2 off=52176 len=1
RLTRACE t_ns=859206321425550 stage=T0 side=S res=1 tail=61352 bytes=156
RLTRACE t_ns=859206324139322 stage=T2 side=S res=1 tail=61352
RLTRACE t_ns=859206329302231 stage=T5 side=S res=2 off=52184 runs=2 fp=0xfa21c1f587799ea6
RLTRACE t_ns=859206330617302 stage=T6 side=S res=2 off=52184 len=1
RLTRACE t_ns=859206330704075 stage=T6 side=S res=2 off=52192 len=1
RLTRACE t_ns=859206348541641 stage=T0 side=S res=1 tail=62396 bytes=1044
RLTRACE t_ns=859206351963945 stage=T2 side=S res=1 tail=62276
RLTRACE t_ns=859206362742529 stage=T5 side=S res=2 off=52200 runs=2 fp=0xfa21c1f587799ea6
RLTRACE t_ns=859206364738262 stage=T6 side=S res=2 off=52200 len=1
RLTRACE t_ns=859206364893039 stage=T6 side=S res=2 off=52204 len=1
RLTRACE t_ns=859206365924166 stage=T2 side=S res=1 tail=62396
RLTRACE t_ns=859206380204423 stage=T0 side=S res=1 tail=62456 bytes=60
RLTRACE t_ns=859206383799898 stage=T2 side=S res=1 tail=62456
RLTRACE t_ns=859206394517679 stage=T5 side=S res=2 off=52208 runs=1 fp=0xfa21c1f587799ea6
RLTRACE t_ns=859206396184762 stage=T6 side=S res=2 off=52208 len=1
RLTRACE t_ns=859206407808291 stage=T0 side=S res=1 tail=62612 bytes=156
RLTRACE t_ns=859206410691680 stage=T2 side=S res=1 tail=62612
RLTRACE t_ns=859206421294291 stage=T5 side=S res=2 off=52216 runs=2 fp=0x8b73cfc56583cbec
RLTRACE t_ns=859206423266034 stage=T6 side=S res=2 off=52216 len=1
RLTRACE t_ns=859206423412671 stage=T6 side=S res=2 off=52224 len=1
RLTRACE t_ns=859206441945383 stage=T0 side=S res=1 tail=63656 bytes=1044
RLTRACE t_ns=859206445479988 stage=T2 side=S res=1 tail=63536
RLTRACE t_ns=859206457497717 stage=T5 side=S res=2 off=52232 runs=2 fp=0x8b73cfc56583cbec
RLTRACE t_ns=859206459546882 stage=T6 side=S res=2 off=52232 len=1
RLTRACE t_ns=859206459679884 stage=T6 side=S res=2 off=52236 len=1
RLTRACE t_ns=859206460404241 stage=T2 side=S res=1 tail=63656
RLTRACE t_ns=859206471054919 stage=T0 side=S res=1 tail=63716 bytes=60
RLTRACE t_ns=859206473802682 stage=T2 side=S res=1 tail=63716
RLTRACE t_ns=859206479365486 stage=T5 side=S res=2 off=52240 runs=1 fp=0x8b73cfc56583cbec
RLTRACE t_ns=859206480686181 stage=T6 side=S res=2 off=52240 len=1
RLTRACE t_ns=859206491498057 stage=T0 side=S res=1 tail=63872 bytes=156
RLTRACE t_ns=859206494164848 stage=T2 side=S res=1 tail=63872
RLTRACE t_ns=859206499077479 stage=T5 side=S res=2 off=52248 runs=2 fp=0x8b73cfc56583cbec
RLTRACE t_ns=859206500393613 stage=T6 side=S res=2 off=52248 len=1
RLTRACE t_ns=859206500492686 stage=T6 side=S res=2 off=52256 len=1
RLTRACE t_ns=859206528966249 stage=T0 side=S res=1 tail=64916 bytes=1044
RLTRACE t_ns=859206531980057 stage=T2 side=S res=1 tail=64712
RLTRACE t_ns=859206539276694 stage=T5 side=S res=2 off=52264 runs=2 fp=0x8b73cfc56583cbec
RLTRACE t_ns=859206540785981 stage=T6 side=S res=2 off=52264 len=1
RLTRACE t_ns=859206540879983 stage=T6 side=S res=2 off=52268 len=1
RLTRACE t_ns=859206541171879 stage=T2 side=S res=1 tail=64916
RLTRACE t_ns=859206557197017 stage=T0 side=S res=1 tail=64976 bytes=60
RLTRACE t_ns=859206559820639 stage=T2 side=S res=1 tail=64976
RLTRACE t_ns=859206565108961 stage=T5 side=S res=2 off=52272 runs=1 fp=0x8b73cfc56583cbec
RLTRACE t_ns=859206566848814 stage=T6 side=S res=2 off=52272 len=1
RLTRACE t_ns=859206581668241 stage=T0 side=S res=1 tail=65132 bytes=156
RLTRACE t_ns=859206584548294 stage=T2 side=S res=1 tail=65132
RLTRACE t_ns=859206592984982 stage=T5 side=S res=2 off=52280 runs=2 fp=0x39d59b25a5624d4a
RLTRACE t_ns=859206595127474 stage=T6 side=S res=2 off=52280 len=1
RLTRACE t_ns=859206595249649 stage=T6 side=S res=2 off=52288 len=1
RLTRACE t_ns=859206610869292 stage=T0 side=S res=1 tail=66176 bytes=1044
RLTRACE t_ns=859206613767519 stage=T2 side=S res=1 tail=66056
RLTRACE t_ns=859206624178035 stage=T5 side=S res=2 off=52296 runs=2 fp=0x39d59b25a5624d4a
RLTRACE t_ns=859206625872327 stage=T6 side=S res=2 off=52296 len=1
RLTRACE t_ns=859206625992226 stage=T6 side=S res=2 off=52300 len=1
RLTRACE t_ns=859206626769933 stage=T2 side=S res=1 tail=66176
RLTRACE t_ns=859206640935706 stage=T0 side=S res=1 tail=66236 bytes=60
RLTRACE t_ns=859206643421124 stage=T2 side=S res=1 tail=66236
RLTRACE t_ns=859206652250689 stage=T5 side=S res=2 off=52304 runs=1 fp=0x39d59b25a5624d4a
RLTRACE t_ns=859206653609405 stage=T6 side=S res=2 off=52304 len=1
RLTRACE t_ns=859206667458410 stage=T0 side=S res=1 tail=66272 bytes=36
RLTRACE t_ns=859206670053115 stage=T2 side=S res=1 tail=66272
RLTRACE t_ns=859206680886343 stage=T0 side=S res=1 tail=66392 bytes=120
RLTRACE t_ns=859206683685455 stage=T2 side=S res=1 tail=66392
RLTRACE t_ns=859206692412950 stage=T5 side=S res=2 off=52312 runs=2 fp=0x39d59b25a5624d4a
RLTRACE t_ns=859206694067720 stage=T6 side=S res=2 off=52312 len=1
RLTRACE t_ns=859206694196102 stage=T6 side=S res=2 off=52320 len=1
RLTRACE t_ns=859206708343614 stage=T0 side=S res=1 tail=67436 bytes=1044
RLTRACE t_ns=859206711429263 stage=T2 side=S res=1 tail=67316
RLTRACE t_ns=859206716386228 stage=T5 side=S res=2 off=52328 runs=2 fp=0x39d59b25a5624d4a
RLTRACE t_ns=859206717715258 stage=T6 side=S res=2 off=52328 len=1
RLTRACE t_ns=859206717795601 stage=T6 side=S res=2 off=52332 len=1
RLTRACE t_ns=859206718077879 stage=T2 side=S res=1 tail=67436
RLTRACE t_ns=859206732171145 stage=T0 side=S res=1 tail=67496 bytes=60
RLTRACE t_ns=859206735223953 stage=T2 side=S res=1 tail=67496
RLTRACE t_ns=859206740334919 stage=T5 side=S res=2 off=52336 runs=1 fp=0x39d59b25a5624d4a
RLTRACE t_ns=859206742065323 stage=T6 side=S res=2 off=52336 len=1
RLTRACE t_ns=859206757752537 stage=T0 side=S res=1 tail=67652 bytes=156
RLTRACE t_ns=859206761738708 stage=T2 side=S res=1 tail=67652
RLTRACE t_ns=859206767283714 stage=T5 side=S res=2 off=52344 runs=2 fp=0x8e8a2a5c61a93688
RLTRACE t_ns=859206768758273 stage=T6 side=S res=2 off=52344 len=1
RLTRACE t_ns=859206768861973 stage=T6 side=S res=2 off=52352 len=1
RLTRACE t_ns=859206803846037 stage=T0 side=S res=1 tail=68696 bytes=1044
RLTRACE t_ns=859206807705346 stage=T2 side=S res=1 tail=68300
RLTRACE t_ns=859206815498253 stage=T5 side=S res=2 off=52360 runs=2 fp=0x8e8a2a5c61a93688
RLTRACE t_ns=859206817195986 stage=T6 side=S res=2 off=52360 len=1
RLTRACE t_ns=859206817334449 stage=T6 side=S res=2 off=52364 len=1
RLTRACE t_ns=859206817626622 stage=T2 side=S res=1 tail=68696
RLTRACE t_ns=859206828427437 stage=T0 side=S res=1 tail=68756 bytes=60
RLTRACE t_ns=859206831701823 stage=T2 side=S res=1 tail=68756
RLTRACE t_ns=859206837200199 stage=T5 side=S res=2 off=52368 runs=1 fp=0x8e8a2a5c61a93688
RLTRACE t_ns=859206838631601 stage=T6 side=S res=2 off=52368 len=1
RLTRACE t_ns=859206850819610 stage=T0 side=S res=1 tail=68912 bytes=156
RLTRACE t_ns=859206853932757 stage=T2 side=S res=1 tail=68912
RLTRACE t_ns=859206859499036 stage=T5 side=S res=2 off=52376 runs=2 fp=0x8e8a2a5c61a93688
RLTRACE t_ns=859206860906200 stage=T6 side=S res=2 off=52376 len=1
RLTRACE t_ns=859206861014803 stage=T6 side=S res=2 off=52384 len=1
RLTRACE t_ns=859206882119341 stage=T0 side=S res=1 tail=69956 bytes=1044
RLTRACE t_ns=859206885789048 stage=T2 side=S res=1 tail=69216
RLTRACE t_ns=859206892060107 stage=T5 side=S res=2 off=52392 runs=2 fp=0x8e8a2a5c61a93688
RLTRACE t_ns=859206894728642 stage=T6 side=S res=2 off=52392 len=1
RLTRACE t_ns=859206894852255 stage=T6 side=S res=2 off=52396 len=1
RLTRACE t_ns=859206895153186 stage=T2 side=S res=1 tail=69956
RLTRACE t_ns=859206909889431 stage=T0 side=S res=1 tail=70016 bytes=60
RLTRACE t_ns=859206913016113 stage=T2 side=S res=1 tail=69992
RLTRACE t_ns=859206918261562 stage=T5 side=S res=2 off=52400 runs=1 fp=0x8e8a2a5c61a93688
RLTRACE t_ns=859206919739722 stage=T6 side=S res=2 off=52400 len=1
RLTRACE t_ns=859206920851252 stage=T2 side=S res=1 tail=70016
RLTRACE t_ns=859206945323524 stage=T0 side=S res=1 tail=70172 bytes=156
RLTRACE t_ns=859206948202258 stage=T2 side=S res=1 tail=70088
RLTRACE t_ns=859206955437377 stage=T5 side=S res=2 off=52408 runs=2 fp=0x7d075d322420fbe
RLTRACE t_ns=859206957086681 stage=T6 side=S res=2 off=52408 len=1
RLTRACE t_ns=859206957187050 stage=T6 side=S res=2 off=52416 len=1
RLTRACE t_ns=859206957479735 stage=T2 side=S res=1 tail=70172
RLTRACE t_ns=859206994716200 stage=T0 side=S res=1 tail=71216 bytes=1044
RLTRACE t_ns=859206997821817 stage=T2 side=S res=1 tail=71096
RLTRACE t_ns=859207007822630 stage=T5 side=S res=2 off=52424 runs=2 fp=0x7d075d322420fbe
RLTRACE t_ns=859207009794762 stage=T6 side=S res=2 off=52424 len=1
RLTRACE t_ns=859207009939127 stage=T6 side=S res=2 off=52428 len=1
RLTRACE t_ns=859207011068841 stage=T2 side=S res=1 tail=71216
RLTRACE t_ns=859207023257921 stage=T0 side=S res=1 tail=71276 bytes=60
RLTRACE t_ns=859207026231237 stage=T2 side=S res=1 tail=71252
RLTRACE t_ns=859207035790375 stage=T5 side=S res=2 off=52432 runs=1 fp=0x7d075d322420fbe
RLTRACE t_ns=859207037606265 stage=T6 side=S res=2 off=52432 len=1
RLTRACE t_ns=859207038093738 stage=T2 side=S res=1 tail=71276
RLTRACE t_ns=859207066323774 stage=T0 side=S res=1 tail=71432 bytes=156
RLTRACE t_ns=859207071293201 stage=T2 side=S res=1 tail=71432
RLTRACE t_ns=859207084428893 stage=T5 side=S res=2 off=52440 runs=2 fp=0x7d075d322420fbe
RLTRACE t_ns=859207086599761 stage=T6 side=S res=2 off=52440 len=1
RLTRACE t_ns=859207086754632 stage=T6 side=S res=2 off=52448 len=1
RLTRACE t_ns=859207108438079 stage=T0 side=S res=1 tail=72476 bytes=1044
RLTRACE t_ns=859207111803825 stage=T2 side=S res=1 tail=72356
RLTRACE t_ns=859207117606102 stage=T5 side=S res=2 off=52456 runs=2 fp=0x7d075d322420fbe
RLTRACE t_ns=859207119096504 stage=T6 side=S res=2 off=52456 len=1
RLTRACE t_ns=859207119184978 stage=T6 side=S res=2 off=52460 len=1
RLTRACE t_ns=859207119474429 stage=T2 side=S res=1 tail=72476
RLTRACE t_ns=859207135730507 stage=T0 side=S res=1 tail=72536 bytes=60
RLTRACE t_ns=859207139163411 stage=T2 side=S res=1 tail=72536
RLTRACE t_ns=859207147606793 stage=T5 side=S res=2 off=52464 runs=1 fp=0x7d075d322420fbe
RLTRACE t_ns=859207149497022 stage=T6 side=S res=2 off=52464 len=1
RLTRACE t_ns=859207165374955 stage=T0 side=S res=1 tail=72692 bytes=156
RLTRACE t_ns=859207168925881 stage=T2 side=S res=1 tail=72692
RLTRACE t_ns=859207179116759 stage=T5 side=S res=2 off=52472 runs=2 fp=0x349ace66ea9ab2e4
RLTRACE t_ns=859207180656054 stage=T6 side=S res=2 off=52472 len=1
RLTRACE t_ns=859207180802522 stage=T6 side=S res=2 off=52480 len=1
RLTRACE t_ns=859207199922422 stage=T0 side=S res=1 tail=73736 bytes=1044
RLTRACE t_ns=859207203165458 stage=T2 side=S res=1 tail=72928
RLTRACE t_ns=859207208401217 stage=T5 side=S res=2 off=52488 runs=2 fp=0x349ace66ea9ab2e4
RLTRACE t_ns=859207209778277 stage=T6 side=S res=2 off=52488 len=1
RLTRACE t_ns=859207209868407 stage=T6 side=S res=2 off=52492 len=1
RLTRACE t_ns=859207210155229 stage=T2 side=S res=1 tail=73736
RLTRACE t_ns=859207220458411 stage=T0 side=S res=1 tail=73796 bytes=60
RLTRACE t_ns=859207223789561 stage=T2 side=S res=1 tail=73796
RLTRACE t_ns=859207229439722 stage=T5 side=S res=2 off=52496 runs=1 fp=0x349ace66ea9ab2e4
RLTRACE t_ns=859207230901463 stage=T6 side=S res=2 off=52496 len=1
RLTRACE t_ns=859207251718716 stage=T0 side=S res=1 tail=73952 bytes=156
RLTRACE t_ns=859207255186033 stage=T2 side=S res=1 tail=73952
RLTRACE t_ns=859207267352909 stage=T5 side=S res=2 off=52504 runs=2 fp=0x349ace66ea9ab2e4
RLTRACE t_ns=859207269535811 stage=T6 side=S res=2 off=52504 len=1
RLTRACE t_ns=859207269704600 stage=T6 side=S res=2 off=52512 len=1
RLTRACE t_ns=859207304543219 stage=T0 side=S res=1 tail=74996 bytes=1044
RLTRACE t_ns=859207308780098 stage=T2 side=S res=1 tail=74092
RLTRACE t_ns=859207326837070 stage=T5 side=S res=2 off=52520 runs=2 fp=0x349ace66ea9ab2e4
RLTRACE t_ns=859207330731105 stage=T6 side=S res=2 off=52520 len=1
RLTRACE t_ns=859207331963242 stage=T6 side=S res=2 off=52524 len=1
RLTRACE t_ns=859207332882081 stage=T2 side=S res=1 tail=74996
RLTRACE t_ns=859207376939347 stage=T0 side=S res=1 tail=75056 bytes=60
RLTRACE t_ns=859207382580320 stage=T2 side=S res=1 tail=75056
RLTRACE t_ns=859207395226506 stage=T5 side=S res=2 off=52528 runs=1 fp=0x349ace66ea9ab2e4
RLTRACE t_ns=859207397409533 stage=T6 side=S res=2 off=52528 len=1
RLTRACE t_ns=859207417190748 stage=T0 side=S res=1 tail=75092 bytes=36
RLTRACE t_ns=859207420796653 stage=T2 side=S res=1 tail=75092
RLTRACE t_ns=859207434075436 stage=T0 side=S res=1 tail=75212 bytes=120
RLTRACE t_ns=859207437582025 stage=T2 side=S res=1 tail=75212
RLTRACE t_ns=859207449860538 stage=T5 side=S res=2 off=52536 runs=2 fp=0xe833252102ec4562
RLTRACE t_ns=859207452110390 stage=T6 side=S res=2 off=52536 len=1
RLTRACE t_ns=859207452278174 stage=T6 side=S res=2 off=52544 len=1
RLTRACE t_ns=859207475944555 stage=T0 side=S res=1 tail=76256 bytes=1044
RLTRACE t_ns=859207479437594 stage=T2 side=S res=1 tail=75248
RLTRACE t_ns=859207485953693 stage=T5 side=S res=2 off=52552 runs=2 fp=0xe833252102ec4562
RLTRACE t_ns=859207487626170 stage=T6 side=S res=2 off=52552 len=1
RLTRACE t_ns=859207487724002 stage=T6 side=S res=2 off=52556 len=1
RLTRACE t_ns=859207488075712 stage=T2 side=S res=1 tail=76256
RLTRACE t_ns=859207507404944 stage=T0 side=S res=1 tail=76292 bytes=36
RLTRACE t_ns=859207510805888 stage=T2 side=S res=1 tail=76292
RLTRACE t_ns=859207519069071 stage=T0 side=S res=1 tail=76316 bytes=24
RLTRACE t_ns=859207523030357 stage=T2 side=S res=1 tail=76316
RLTRACE t_ns=859207528915881 stage=T5 side=S res=2 off=52560 runs=1 fp=0xe833252102ec4562
RLTRACE t_ns=859207530456591 stage=T6 side=S res=2 off=52560 len=1
RLTRACE t_ns=859207543407804 stage=T0 side=S res=1 tail=76472 bytes=156
RLTRACE t_ns=859207546857393 stage=T2 side=S res=1 tail=76472
RLTRACE t_ns=859207554020416 stage=T5 side=S res=2 off=52568 runs=2 fp=0xe833252102ec4562
RLTRACE t_ns=859207555446938 stage=T6 side=S res=2 off=52568 len=1
RLTRACE t_ns=859207555555555 stage=T6 side=S res=2 off=52576 len=1
RLTRACE t_ns=859207573612997 stage=T0 side=S res=1 tail=77516 bytes=1044
RLTRACE t_ns=859207578446133 stage=T2 side=S res=1 tail=76776
RLTRACE t_ns=859207589584381 stage=T5 side=S res=2 off=52584 runs=2 fp=0xe833252102ec4562
RLTRACE t_ns=859207591652707 stage=T6 side=S res=2 off=52584 len=1
RLTRACE t_ns=859207591787845 stage=T6 side=S res=2 off=52588 len=1
RLTRACE t_ns=859207592090421 stage=T2 side=S res=1 tail=77516
RLTRACE t_ns=859207602109981 stage=T0 side=S res=1 tail=77552 bytes=36
RLTRACE t_ns=859207605360949 stage=T2 side=S res=1 tail=77552
RLTRACE t_ns=859207611676448 stage=T0 side=S res=1 tail=77576 bytes=24
RLTRACE t_ns=859207614773774 stage=T2 side=S res=1 tail=77576
RLTRACE t_ns=859207619992585 stage=T5 side=S res=2 off=52592 runs=1 fp=0xe833252102ec4562
RLTRACE t_ns=859207621379412 stage=T6 side=S res=2 off=52592 len=1
RLTRACE t_ns=859207632645694 stage=T0 side=S res=1 tail=77732 bytes=156
RLTRACE t_ns=859207636095105 stage=T2 side=S res=1 tail=77732
RLTRACE t_ns=859207641474371 stage=T5 side=S res=2 off=52600 runs=2 fp=0x9286cd9f154331c0
RLTRACE t_ns=859207642913753 stage=T6 side=S res=2 off=52600 len=1
RLTRACE t_ns=859207642997347 stage=T6 side=S res=2 off=52608 len=1
RLTRACE t_ns=859207666052238 stage=T0 side=S res=1 tail=78776 bytes=1044
RLTRACE t_ns=859207669309647 stage=T2 side=S res=1 tail=78656
RLTRACE t_ns=859207674387210 stage=T5 side=S res=2 off=52616 runs=2 fp=0x9286cd9f154331c0
RLTRACE t_ns=859207675889188 stage=T6 side=S res=2 off=52616 len=1
RLTRACE t_ns=859207675991784 stage=T6 side=S res=2 off=52620 len=1
RLTRACE t_ns=859207676309520 stage=T2 side=S res=1 tail=78776
RLTRACE t_ns=859207687995193 stage=T0 side=S res=1 tail=78836 bytes=60
RLTRACE t_ns=859207691101656 stage=T2 side=S res=1 tail=78836
RLTRACE t_ns=859207696151145 stage=T5 side=S res=2 off=52624 runs=1 fp=0x9286cd9f154331c0
RLTRACE t_ns=859207697506433 stage=T6 side=S res=2 off=52624 len=1
RLTRACE t_ns=859207707664716 stage=T0 side=S res=1 tail=78992 bytes=156
RLTRACE t_ns=859207710730276 stage=T2 side=S res=1 tail=78992
RLTRACE t_ns=859207715801061 stage=T5 side=S res=2 off=52632 runs=2 fp=0x9286cd9f154331c0
RLTRACE t_ns=859207717143635 stage=T6 side=S res=2 off=52632 len=1
RLTRACE t_ns=859207717232142 stage=T6 side=S res=2 off=52640 len=1
RLTRACE t_ns=859207739181269 stage=T0 side=S res=1 tail=80036 bytes=1044
RLTRACE t_ns=859207742543086 stage=T2 side=S res=1 tail=79028
RLTRACE t_ns=859207748238069 stage=T5 side=S res=2 off=52648 runs=2 fp=0x9286cd9f154331c0
RLTRACE t_ns=859207749659919 stage=T6 side=S res=2 off=52648 len=1
RLTRACE t_ns=859207749769580 stage=T6 side=S res=2 off=52652 len=1
RLTRACE t_ns=859207750080566 stage=T2 side=S res=1 tail=80036
RLTRACE t_ns=859207766592981 stage=T0 side=S res=1 tail=80096 bytes=60
RLTRACE t_ns=859207770036708 stage=T2 side=S res=1 tail=80096
RLTRACE t_ns=859207774966254 stage=T5 side=S res=2 off=52656 runs=1 fp=0x9286cd9f154331c0
RLTRACE t_ns=859207776203775 stage=T6 side=S res=2 off=52656 len=1
RLTRACE t_ns=859207785973844 stage=T0 side=S res=1 tail=80252 bytes=156
RLTRACE t_ns=859207788960144 stage=T2 side=S res=1 tail=80252
RLTRACE t_ns=859207793505813 stage=T5 side=S res=2 off=52664 runs=2 fp=0x4b18b9521338ea96
RLTRACE t_ns=859207794723431 stage=T6 side=S res=2 off=52664 len=1
RLTRACE t_ns=859207794826092 stage=T6 side=S res=2 off=52672 len=1
RLTRACE t_ns=859207813436197 stage=T0 side=S res=1 tail=80288 bytes=36
RLTRACE t_ns=859207816152318 stage=T2 side=S res=1 tail=80288
RLTRACE t_ns=859207821398924 stage=T0 side=S res=1 tail=81296 bytes=1008
RLTRACE t_ns=859207824295778 stage=T2 side=S res=1 tail=81296
RLTRACE t_ns=859207828801640 stage=T5 side=S res=2 off=52680 runs=2 fp=0x4b18b9521338ea96
RLTRACE t_ns=859207830045013 stage=T6 side=S res=2 off=52680 len=1
RLTRACE t_ns=859207830124939 stage=T6 side=S res=2 off=52684 len=1
RLTRACE t_ns=859207841099580 stage=T0 side=S res=1 tail=81356 bytes=60
RLTRACE t_ns=859207843898113 stage=T2 side=S res=1 tail=81356
RLTRACE t_ns=859207848516934 stage=T5 side=S res=2 off=52688 runs=1 fp=0x4b18b9521338ea96
RLTRACE t_ns=859207849836346 stage=T6 side=S res=2 off=52688 len=1
RLTRACE t_ns=859207859330322 stage=T0 side=S res=1 tail=81512 bytes=156
RLTRACE t_ns=859207864018860 stage=T2 side=S res=1 tail=81512
RLTRACE t_ns=859207872154428 stage=T5 side=S res=2 off=52696 runs=2 fp=0x4b18b9521338ea96
RLTRACE t_ns=859207873396086 stage=T6 side=S res=2 off=52696 len=1
RLTRACE t_ns=859207873472701 stage=T6 side=S res=2 off=52704 len=1
RLTRACE t_ns=859207886926829 stage=T0 side=S res=1 tail=82556 bytes=1044
RLTRACE t_ns=859207889998348 stage=T2 side=S res=1 tail=82556
RLTRACE t_ns=859207894367632 stage=T5 side=S res=2 off=52712 runs=2 fp=0x4b18b9521338ea96
RLTRACE t_ns=859207895593225 stage=T6 side=S res=2 off=52712 len=1
RLTRACE t_ns=859207895693870 stage=T6 side=S res=2 off=52716 len=1
RLTRACE t_ns=859207905472851 stage=T0 side=S res=1 tail=82616 bytes=60
RLTRACE t_ns=859207907895880 stage=T2 side=S res=1 tail=82616
RLTRACE t_ns=859207911779710 stage=T5 side=S res=2 off=52720 runs=1 fp=0x4b18b9521338ea96
RLTRACE t_ns=859207912813202 stage=T6 side=S res=2 off=52720 len=1
RLTRACE t_ns=859207922517599 stage=T0 side=S res=1 tail=82772 bytes=156
RLTRACE t_ns=859207925122962 stage=T2 side=S res=1 tail=82772
RLTRACE t_ns=859207929088336 stage=T5 side=S res=2 off=52728 runs=2 fp=0xffc1352d64f64b1c
RLTRACE t_ns=859207930123265 stage=T6 side=S res=2 off=52728 len=1
RLTRACE t_ns=859207930204673 stage=T6 side=S res=2 off=52736 len=1
RLTRACE t_ns=859207949210676 stage=T0 side=S res=1 tail=83816 bytes=1044
RLTRACE t_ns=859207951918469 stage=T2 side=S res=1 tail=83696
RLTRACE t_ns=859207957490783 stage=T5 side=S res=2 off=52744 runs=2 fp=0xffc1352d64f64b1c
RLTRACE t_ns=859207958598072 stage=T6 side=S res=2 off=52744 len=1
RLTRACE t_ns=859207958665077 stage=T6 side=S res=2 off=52748 len=1
RLTRACE t_ns=859207958944582 stage=T2 side=S res=1 tail=83816
RLTRACE t_ns=859207970259883 stage=T0 side=S res=1 tail=83876 bytes=60
RLTRACE t_ns=859207973006979 stage=T2 side=S res=1 tail=83876
RLTRACE t_ns=859207976583706 stage=T5 side=S res=2 off=52752 runs=1 fp=0xffc1352d64f64b1c
RLTRACE t_ns=859207977513003 stage=T6 side=S res=2 off=52752 len=1
RLTRACE t_ns=859207984853329 stage=T0 side=S res=1 tail=84032 bytes=156
RLTRACE t_ns=859207987594174 stage=T2 side=S res=1 tail=84032
RLTRACE t_ns=859207991294561 stage=T5 side=S res=2 off=52760 runs=2 fp=0xffc1352d64f64b1c
RLTRACE t_ns=859207992137658 stage=T6 side=S res=2 off=52760 len=1
RLTRACE t_ns=859207992182477 stage=T6 side=S res=2 off=52768 len=1
RLTRACE t_ns=859208002357175 stage=T0 side=S res=1 tail=85076 bytes=1044
RLTRACE t_ns=859208004875505 stage=T2 side=S res=1 tail=85076
RLTRACE t_ns=859208011890068 stage=T5 side=S res=2 off=52776 runs=2 fp=0xffc1352d64f64b1c
RLTRACE t_ns=859208013805017 stage=T6 side=S res=2 off=52776 len=1
RLTRACE t_ns=859208013950485 stage=T6 side=S res=2 off=52780 len=1
RLTRACE t_ns=859208029136503 stage=T0 side=S res=1 tail=85136 bytes=60
RLTRACE t_ns=859208032310977 stage=T2 side=S res=1 tail=85136
RLTRACE t_ns=859208038631883 stage=T5 side=S res=2 off=52784 runs=1 fp=0xffc1352d64f64b1c
RLTRACE t_ns=859208039601219 stage=T6 side=S res=2 off=52784 len=1
RLTRACE t_ns=859208048190015 stage=T0 side=S res=1 tail=85292 bytes=156
RLTRACE t_ns=859208050628658 stage=T2 side=S res=1 tail=85292
RLTRACE t_ns=859208054825941 stage=T5 side=S res=2 off=52792 runs=2 fp=0x12d93e939d9e34fa
RLTRACE t_ns=859208056376450 stage=T6 side=S res=2 off=52792 len=1
RLTRACE t_ns=859208056455505 stage=T6 side=S res=2 off=52800 len=1
RLTRACE t_ns=859208068825550 stage=T0 side=S res=1 tail=86336 bytes=1044
RLTRACE t_ns=859208072032989 stage=T2 side=S res=1 tail=86216
RLTRACE t_ns=859208075395524 stage=T5 side=S res=2 off=52808 runs=2 fp=0x12d93e939d9e34fa
RLTRACE t_ns=859208076206500 stage=T6 side=S res=2 off=52808 len=1
RLTRACE t_ns=859208076252523 stage=T6 side=S res=2 off=52812 len=1
RLTRACE t_ns=859208076539470 stage=T2 side=S res=1 tail=86336
RLTRACE t_ns=859208085366646 stage=T0 side=S res=1 tail=86396 bytes=60
RLTRACE t_ns=859208087629316 stage=T2 side=S res=1 tail=86396
RLTRACE t_ns=859208092352907 stage=T5 side=S res=2 off=52816 runs=1 fp=0x12d93e939d9e34fa
RLTRACE t_ns=859208093154571 stage=T6 side=S res=2 off=52816 len=1
RLTRACE t_ns=859208102061476 stage=T0 side=S res=1 tail=86552 bytes=156
RLTRACE t_ns=859208104583328 stage=T2 side=S res=1 tail=86552
RLTRACE t_ns=859208110186719 stage=T5 side=S res=2 off=52824 runs=2 fp=0x12d93e939d9e34fa
RLTRACE t_ns=859208111048219 stage=T6 side=S res=2 off=52824 len=1
RLTRACE t_ns=859208111154868 stage=T6 side=S res=2 off=52832 len=1
RLTRACE t_ns=859208125326395 stage=T0 side=S res=1 tail=87596 bytes=1044
RLTRACE t_ns=859208127733822 stage=T2 side=S res=1 tail=87428
RLTRACE t_ns=859208131022982 stage=T5 side=S res=2 off=52840 runs=2 fp=0x12d93e939d9e34fa
RLTRACE t_ns=859208131778736 stage=T6 side=S res=2 off=52840 len=1
RLTRACE t_ns=859208131824808 stage=T6 side=S res=2 off=52844 len=1
RLTRACE t_ns=859208132097144 stage=T2 side=S res=1 tail=87596
RLTRACE t_ns=859208139301163 stage=T0 side=S res=1 tail=87656 bytes=60
RLTRACE t_ns=859208141610226 stage=T2 side=S res=1 tail=87656
RLTRACE t_ns=859208145075547 stage=T5 side=S res=2 off=52848 runs=1 fp=0x12d93e939d9e34fa
RLTRACE t_ns=859208146094787 stage=T6 side=S res=2 off=52848 len=1
RLTRACE t_ns=859208156457521 stage=T0 side=S res=1 tail=87812 bytes=156
RLTRACE t_ns=859208159240017 stage=T2 side=S res=1 tail=87812
RLTRACE t_ns=859208164665698 stage=T5 side=S res=2 off=52856 runs=2 fp=0xf35bb991771ff938
RLTRACE t_ns=859208166065278 stage=T6 side=S res=2 off=52856 len=1
RLTRACE t_ns=859208166153616 stage=T6 side=S res=2 off=52864 len=1
RLTRACE t_ns=859208177162556 stage=T0 side=S res=1 tail=88856 bytes=1044
RLTRACE t_ns=859208180260817 stage=T2 side=S res=1 tail=88652
RLTRACE t_ns=859208192666562 stage=T5 side=S res=2 off=52872 runs=2 fp=0xf35bb991771ff938
RLTRACE t_ns=859208194614383 stage=T6 side=S res=2 off=52872 len=1
RLTRACE t_ns=859208194781703 stage=T6 side=S res=2 off=52876 len=1
RLTRACE t_ns=859208195539659 stage=T2 side=S res=1 tail=88856
RLTRACE t_ns=859208206981059 stage=T0 side=S res=1 tail=88916 bytes=60
RLTRACE t_ns=859208209865371 stage=T2 side=S res=1 tail=88916
RLTRACE t_ns=859208213168743 stage=T5 side=S res=2 off=52880 runs=1 fp=0xf35bb991771ff938
RLTRACE t_ns=859208213964687 stage=T6 side=S res=2 off=52880 len=1
RLTRACE t_ns=859208222500932 stage=T0 side=S res=1 tail=89072 bytes=156
RLTRACE t_ns=859208225694657 stage=T2 side=S res=1 tail=89072
RLTRACE t_ns=859208232145083 stage=T5 side=S res=2 off=52888 runs=2 fp=0xf35bb991771ff938
RLTRACE t_ns=859208234093516 stage=T6 side=S res=2 off=52888 len=1
RLTRACE t_ns=859208234188006 stage=T6 side=S res=2 off=52896 len=1
RLTRACE t_ns=859208260600663 stage=T0 side=S res=1 tail=90116 bytes=1044
RLTRACE t_ns=859208265763615 stage=T2 side=S res=1 tail=89212
RLTRACE t_ns=859208274684160 stage=T5 side=S res=2 off=52904 runs=2 fp=0xf35bb991771ff938
RLTRACE t_ns=859208275666786 stage=T6 side=S res=2 off=52904 len=1
RLTRACE t_ns=859208275718271 stage=T6 side=S res=2 off=52908 len=1
RLTRACE t_ns=859208275993495 stage=T2 side=S res=1 tail=90116
RLTRACE t_ns=859208286917468 stage=T0 side=S res=1 tail=90176 bytes=60
RLTRACE t_ns=859208289403545 stage=T2 side=S res=1 tail=90176
RLTRACE t_ns=859208295477938 stage=T5 side=S res=2 off=52912 runs=1 fp=0xf35bb991771ff938
RLTRACE t_ns=859208297196780 stage=T6 side=S res=2 off=52912 len=1
RLTRACE t_ns=859208316816354 stage=T0 side=S res=1 tail=90332 bytes=156
RLTRACE t_ns=859208321262359 stage=T2 side=S res=1 tail=90332
RLTRACE t_ns=859208325944940 stage=T5 side=S res=2 off=52920 runs=2 fp=0xf2b51916429a996e
RLTRACE t_ns=859208326947160 stage=T6 side=S res=2 off=52920 len=1
RLTRACE t_ns=859208327050999 stage=T6 side=S res=2 off=52928 len=1
RLTRACE t_ns=859208345669504 stage=T0 side=S res=1 tail=91376 bytes=1044
RLTRACE t_ns=859208348090079 stage=T2 side=S res=1 tail=91256
RLTRACE t_ns=859208353844333 stage=T5 side=S res=2 off=52936 runs=2 fp=0xf2b51916429a996e
RLTRACE t_ns=859208354943129 stage=T6 side=S res=2 off=52936 len=1
RLTRACE t_ns=859208355060972 stage=T6 side=S res=2 off=52940 len=1
RLTRACE t_ns=859208355738374 stage=T2 side=S res=1 tail=91376
RLTRACE t_ns=859208362662123 stage=T0 side=S res=1 tail=91436 bytes=60
RLTRACE t_ns=859208364912899 stage=T2 side=S res=1 tail=91436
RLTRACE t_ns=859208370522698 stage=T5 side=S res=2 off=52944 runs=1 fp=0xf2b51916429a996e
RLTRACE t_ns=859208371508951 stage=T6 side=S res=2 off=52944 len=1
RLTRACE t_ns=859208379051237 stage=T0 side=S res=1 tail=91592 bytes=156
RLTRACE t_ns=859208381456614 stage=T2 side=S res=1 tail=91592
RLTRACE t_ns=859208387428467 stage=T5 side=S res=2 off=52952 runs=2 fp=0xf2b51916429a996e
RLTRACE t_ns=859208388388181 stage=T6 side=S res=2 off=52952 len=1
RLTRACE t_ns=859208388494281 stage=T6 side=S res=2 off=52960 len=1
RLTRACE t_ns=859208400315638 stage=T0 side=S res=1 tail=92636 bytes=1044
RLTRACE t_ns=859208403923356 stage=T2 side=S res=1 tail=92516
RLTRACE t_ns=859208411463660 stage=T5 side=S res=2 off=52968 runs=2 fp=0xf2b51916429a996e
RLTRACE t_ns=859208413415793 stage=T6 side=S res=2 off=52968 len=1
RLTRACE t_ns=859208413523523 stage=T6 side=S res=2 off=52972 len=1
RLTRACE t_ns=859208413826900 stage=T2 side=S res=1 tail=92636
RLTRACE t_ns=859208423057843 stage=T0 side=S res=1 tail=92696 bytes=60
RLTRACE t_ns=859208426371673 stage=T2 side=S res=1 tail=92696
RLTRACE t_ns=859208438323786 stage=T5 side=S res=2 off=52976 runs=1 fp=0xf2b51916429a996e
RLTRACE t_ns=859208440165248 stage=T6 side=S res=2 off=52976 len=1
RLTRACE t_ns=859208452621996 stage=T0 side=S res=1 tail=92852 bytes=156
RLTRACE t_ns=859208456111349 stage=T2 side=S res=1 tail=92768
RLTRACE t_ns=859208467318104 stage=T5 side=S res=2 off=52984 runs=2 fp=0x421da1dd92bc73d4
RLTRACE t_ns=859208470240612 stage=T6 side=S res=2 off=52984 len=1
RLTRACE t_ns=859208470382345 stage=T6 side=S res=2 off=52992 len=1
RLTRACE t_ns=859208470724064 stage=T2 side=S res=1 tail=92852
RLTRACE t_ns=859208499276813 stage=T0 side=S res=1 tail=93896 bytes=1044
RLTRACE t_ns=859208505154633 stage=T2 side=S res=1 tail=93108
RLTRACE t_ns=859208512517715 stage=T5 side=S res=2 off=53000 runs=2 fp=0x421da1dd92bc73d4
RLTRACE t_ns=859208514309051 stage=T6 side=S res=2 off=53000 len=1
RLTRACE t_ns=859208514409157 stage=T6 side=S res=2 off=53004 len=1
RLTRACE t_ns=859208514697548 stage=T2 side=S res=1 tail=93896
RLTRACE t_ns=859208522458580 stage=T0 side=S res=1 tail=93956 bytes=60
RLTRACE t_ns=859208524942950 stage=T2 side=S res=1 tail=93956
RLTRACE t_ns=859208528912259 stage=T5 side=S res=2 off=53008 runs=1 fp=0x421da1dd92bc73d4
RLTRACE t_ns=859208529783148 stage=T6 side=S res=2 off=53008 len=1
RLTRACE t_ns=859208538898838 stage=T0 side=S res=1 tail=94112 bytes=156
RLTRACE t_ns=859208542197014 stage=T2 side=S res=1 tail=94112
RLTRACE t_ns=859208547786343 stage=T5 side=S res=2 off=53016 runs=2 fp=0x421da1dd92bc73d4
RLTRACE t_ns=859208549016558 stage=T6 side=S res=2 off=53016 len=1
RLTRACE t_ns=859208549068579 stage=T6 side=S res=2 off=53024 len=1
RLTRACE t_ns=859208573691336 stage=T0 side=S res=1 tail=95156 bytes=1044
RLTRACE t_ns=859208578190470 stage=T2 side=S res=1 tail=94348
RLTRACE t_ns=859208587063818 stage=T5 side=S res=2 off=53032 runs=2 fp=0x421da1dd92bc73d4
RLTRACE t_ns=859208589088868 stage=T6 side=S res=2 off=53032 len=1
RLTRACE t_ns=859208589170918 stage=T6 side=S res=2 off=53036 len=1
RLTRACE t_ns=859208589463711 stage=T2 side=S res=1 tail=95156
RLTRACE t_ns=859208599694272 stage=T0 side=S res=1 tail=95216 bytes=60
RLTRACE t_ns=859208602771115 stage=T2 side=S res=1 tail=95216
RLTRACE t_ns=859208607118046 stage=T5 side=S res=2 off=53040 runs=1 fp=0x421da1dd92bc73d4
RLTRACE t_ns=859208607996543 stage=T6 side=S res=2 off=53040 len=1
RLTRACE t_ns=859208617532800 stage=T0 side=S res=1 tail=95372 bytes=156
RLTRACE t_ns=859208622129664 stage=T2 side=S res=1 tail=95372
RLTRACE t_ns=859208628259589 stage=T5 side=S res=2 off=53048 runs=2 fp=0xb874aaf8c65726d2
RLTRACE t_ns=859208629387975 stage=T6 side=S res=2 off=53048 len=1
RLTRACE t_ns=859208629456291 stage=T6 side=S res=2 off=53056 len=1
RLTRACE t_ns=859208657341288 stage=T0 side=S res=1 tail=96416 bytes=1044
RLTRACE t_ns=859208660924834 stage=T2 side=S res=1 tail=95852
RLTRACE t_ns=859208667470331 stage=T5 side=S res=2 off=53064 runs=2 fp=0xb874aaf8c65726d2
RLTRACE t_ns=859208669296975 stage=T6 side=S res=2 off=53064 len=1
RLTRACE t_ns=859208669383836 stage=T6 side=S res=2 off=53068 len=1
RLTRACE t_ns=859208669680584 stage=T2 side=S res=1 tail=96416
RLTRACE t_ns=859208683570228 stage=T0 side=S res=1 tail=96476 bytes=60
RLTRACE t_ns=859208688307083 stage=T2 side=S res=1 tail=96452
RLTRACE t_ns=859208695066984 stage=T5 side=S res=2 off=53072 runs=1 fp=0xb874aaf8c65726d2
RLTRACE t_ns=859208696550275 stage=T6 side=S res=2 off=53072 len=1
RLTRACE t_ns=859208696869676 stage=T2 side=S res=1 tail=96476
RLTRACE t_ns=859208713551440 stage=T0 side=S res=1 tail=96512 bytes=36
RLTRACE t_ns=859208717140265 stage=T2 side=S res=1 tail=96512
RLTRACE t_ns=859208722350462 stage=T0 side=S res=1 tail=96632 bytes=120
RLTRACE t_ns=859208724760695 stage=T2 side=S res=1 tail=96632
RLTRACE t_ns=859208728049260 stage=T5 side=S res=2 off=53080 runs=2 fp=0xb874aaf8c65726d2
RLTRACE t_ns=859208729026926 stage=T6 side=S res=2 off=53080 len=1
RLTRACE t_ns=859208729064384 stage=T6 side=S res=2 off=53088 len=1
RLTRACE t_ns=859208749642444 stage=T0 side=S res=1 tail=97676 bytes=1044
RLTRACE t_ns=859208755634268 stage=T2 side=S res=1 tail=96772
RLTRACE t_ns=859208764231424 stage=T5 side=S res=2 off=53096 runs=2 fp=0xb874aaf8c65726d2
RLTRACE t_ns=859208765901322 stage=T6 side=S res=2 off=53096 len=1
RLTRACE t_ns=859208765997213 stage=T6 side=S res=2 off=53100 len=1
RLTRACE t_ns=859208766311166 stage=T2 side=S res=1 tail=97676
RLTRACE t_ns=859208780750359 stage=T0 side=S res=1 tail=97736 bytes=60
RLTRACE t_ns=859208786379510 stage=T2 side=S res=1 tail=97736
RLTRACE t_ns=859208793376501 stage=T5 side=S res=2 off=53104 runs=1 fp=0xb874aaf8c65726d2
RLTRACE t_ns=859208794845766 stage=T6 side=S res=2 off=53104 len=1
RLTRACE t_ns=859208806421753 stage=T0 side=S res=1 tail=97892 bytes=156
RLTRACE t_ns=859208810441415 stage=T2 side=S res=1 tail=97892
RLTRACE t_ns=859208817886729 stage=T5 side=S res=2 off=53112 runs=2 fp=0xb4d1fb7b6210d370
RLTRACE t_ns=859208819477620 stage=T6 side=S res=2 off=53112 len=1
RLTRACE t_ns=859208819564806 stage=T6 side=S res=2 off=53120 len=1
RLTRACE t_ns=859208846340047 stage=T0 side=S res=1 tail=98936 bytes=1044
RLTRACE t_ns=859208850718387 stage=T2 side=S res=1 tail=97928
RLTRACE t_ns=859208855570769 stage=T5 side=S res=2 off=53128 runs=2 fp=0xb4d1fb7b6210d370
RLTRACE t_ns=859208856437644 stage=T6 side=S res=2 off=53128 len=1
RLTRACE t_ns=859208856517790 stage=T6 side=S res=2 off=53132 len=1
RLTRACE t_ns=859208856795875 stage=T2 side=S res=1 tail=98936
RLTRACE t_ns=859208868204212 stage=T0 side=S res=1 tail=98996 bytes=60
RLTRACE t_ns=859208870910702 stage=T2 side=S res=1 tail=98996
RLTRACE t_ns=859208876021349 stage=T5 side=S res=2 off=53136 runs=1 fp=0xb4d1fb7b6210d370
RLTRACE t_ns=859208877144653 stage=T6 side=S res=2 off=53136 len=1
RLTRACE t_ns=859208885818826 stage=T0 side=S res=1 tail=99032 bytes=36
RLTRACE t_ns=859208889151101 stage=T2 side=S res=1 tail=99032
RLTRACE t_ns=859208896130231 stage=T0 side=S res=1 tail=99152 bytes=120
RLTRACE t_ns=859208899012903 stage=T2 side=S res=1 tail=99152
RLTRACE t_ns=859208907130294 stage=T5 side=S res=2 off=53144 runs=2 fp=0xb4d1fb7b6210d370
RLTRACE t_ns=859208908584949 stage=T6 side=S res=2 off=53144 len=1
RLTRACE t_ns=859208908696752 stage=T6 side=S res=2 off=53152 len=1
RLTRACE t_ns=859208938156759 stage=T0 side=S res=1 tail=99188 bytes=36
RLTRACE t_ns=859208942428903 stage=T2 side=S res=1 tail=99188
RLTRACE t_ns=859208954917326 stage=T0 side=S res=1 tail=100196 bytes=1008
RLTRACE t_ns=859208960917421 stage=T2 side=S res=1 tail=99292
RLTRACE t_ns=859208969654878 stage=T5 side=S res=2 off=53160 runs=2 fp=0xb4d1fb7b6210d370
RLTRACE t_ns=859208971277344 stage=T6 side=S res=2 off=53160 len=1
RLTRACE t_ns=859208971373766 stage=T6 side=S res=2 off=53164 len=1
RLTRACE t_ns=859208971952990 stage=T2 side=S res=1 tail=100196
RLTRACE t_ns=859208984690503 stage=T0 side=S res=1 tail=100256 bytes=60
RLTRACE t_ns=859208987542647 stage=T2 side=S res=1 tail=100256
RLTRACE t_ns=859208991253845 stage=T5 side=S res=2 off=53168 runs=1 fp=0xb4d1fb7b6210d370
RLTRACE t_ns=859208992250932 stage=T6 side=S res=2 off=53168 len=1
RLTRACE t_ns=859209006130621 stage=T0 side=S res=1 tail=100412 bytes=156
RLTRACE t_ns=859209010226732 stage=T2 side=S res=1 tail=100412
RLTRACE t_ns=859209022385138 stage=T5 side=S res=2 off=53176 runs=2 fp=0xd9e723b93a0b6346
RLTRACE t_ns=859209024471663 stage=T6 side=S res=2 off=53176 len=1
RLTRACE t_ns=859209024611654 stage=T6 side=S res=2 off=53184 len=1
RLTRACE t_ns=859209038263768 stage=T0 side=S res=1 tail=101456 bytes=1044
RLTRACE t_ns=859209041245641 stage=T2 side=S res=1 tail=100668
RLTRACE t_ns=859209047564566 stage=T5 side=S res=2 off=53192 runs=2 fp=0xd9e723b93a0b6346
RLTRACE t_ns=859209048892439 stage=T6 side=S res=2 off=53192 len=1
RLTRACE t_ns=859209048979810 stage=T6 side=S res=2 off=53196 len=1
RLTRACE t_ns=859209049626024 stage=T2 side=S res=1 tail=101456
RLTRACE t_ns=859209069760364 stage=T0 side=S res=1 tail=101516 bytes=60
RLTRACE t_ns=859209076803123 stage=T2 side=S res=1 tail=101516
RLTRACE t_ns=859209084829827 stage=T5 side=S res=2 off=53200 runs=1 fp=0xd9e723b93a0b6346
RLTRACE t_ns=859209085786596 stage=T6 side=S res=2 off=53200 len=1
RLTRACE t_ns=859209093895323 stage=T0 side=S res=1 tail=101672 bytes=156
RLTRACE t_ns=859209096727437 stage=T2 side=S res=1 tail=101672
RLTRACE t_ns=859209102211766 stage=T5 side=S res=2 off=53208 runs=2 fp=0xd9e723b93a0b6346
RLTRACE t_ns=859209103238625 stage=T6 side=S res=2 off=53208 len=1
RLTRACE t_ns=859209103315657 stage=T6 side=S res=2 off=53216 len=1
RLTRACE t_ns=859209116782837 stage=T0 side=S res=1 tail=102716 bytes=1044
RLTRACE t_ns=859209119955250 stage=T2 side=S res=1 tail=102716
RLTRACE t_ns=859209123663622 stage=T5 side=S res=2 off=53224 runs=2 fp=0xd9e723b93a0b6346
RLTRACE t_ns=859209124559464 stage=T6 side=S res=2 off=53224 len=1
RLTRACE t_ns=859209124639419 stage=T6 side=S res=2 off=53228 len=1
RLTRACE t_ns=859209137863593 stage=T0 side=S res=1 tail=102776 bytes=60
RLTRACE t_ns=859209141291473 stage=T2 side=S res=1 tail=102776
RLTRACE t_ns=859209150926810 stage=T5 side=S res=2 off=53232 runs=1 fp=0xd9e723b93a0b6346
RLTRACE t_ns=859209153095080 stage=T6 side=S res=2 off=53232 len=1
RLTRACE t_ns=859209168537194 stage=T0 side=S res=1 tail=102932 bytes=156
RLTRACE t_ns=859209172501097 stage=T2 side=S res=1 tail=102932
RLTRACE t_ns=859209181392815 stage=T5 side=S res=2 off=53240 runs=2 fp=0xc3c41d296ee7624c
RLTRACE t_ns=859209183590630 stage=T6 side=S res=2 off=53240 len=1
RLTRACE t_ns=859209183730201 stage=T6 side=S res=2 off=53248 len=1
RLTRACE t_ns=859209211437890 stage=T0 side=S res=1 tail=103976 bytes=1044
RLTRACE t_ns=859209216036184 stage=T2 side=S res=1 tail=103808
RLTRACE t_ns=859209222450440 stage=T5 side=S res=2 off=53256 runs=2 fp=0xc3c41d296ee7624c
RLTRACE t_ns=859209223332675 stage=T6 side=S res=2 off=53256 len=1
RLTRACE t_ns=859209223410353 stage=T6 side=S res=2 off=53260 len=1
RLTRACE t_ns=859209223726975 stage=T2 side=S res=1 tail=103976
RLTRACE t_ns=859209231212135 stage=T0 side=S res=1 tail=104036 bytes=60
RLTRACE t_ns=859209234791014 stage=T2 side=S res=1 tail=104036
RLTRACE t_ns=859209241111813 stage=T5 side=S res=2 off=53264 runs=1 fp=0xc3c41d296ee7624c
RLTRACE t_ns=859209243254673 stage=T6 side=S res=2 off=53264 len=1
RLTRACE t_ns=859209258284458 stage=T0 side=S res=1 tail=104192 bytes=156
RLTRACE t_ns=859209262918255 stage=T2 side=S res=1 tail=104192
RLTRACE t_ns=859209271090760 stage=T5 side=S res=2 off=53272 runs=2 fp=0xc3c41d296ee7624c
RLTRACE t_ns=859209272119369 stage=T6 side=S res=2 off=53272 len=1
RLTRACE t_ns=859209272221134 stage=T6 side=S res=2 off=53280 len=1
RLTRACE t_ns=859209296881171 stage=T0 side=S res=1 tail=105236 bytes=1044
RLTRACE t_ns=859209300286727 stage=T2 side=S res=1 tail=105116
RLTRACE t_ns=859209306504084 stage=T5 side=S res=2 off=53288 runs=2 fp=0xc3c41d296ee7624c
RLTRACE t_ns=859209307615080 stage=T6 side=S res=2 off=53288 len=1
RLTRACE t_ns=859209307730506 stage=T6 side=S res=2 off=53292 len=1
RLTRACE t_ns=859209308029452 stage=T2 side=S res=1 tail=105236
RLTRACE t_ns=859209315580472 stage=T0 side=S res=1 tail=105296 bytes=60
RLTRACE t_ns=859209318592304 stage=T2 side=S res=1 tail=105296
RLTRACE t_ns=859209324191860 stage=T5 side=S res=2 off=53296 runs=1 fp=0xc3c41d296ee7624c
RLTRACE t_ns=859209325172665 stage=T6 side=S res=2 off=53296 len=1
RLTRACE t_ns=859209332208358 stage=T0 side=S res=1 tail=105452 bytes=156
RLTRACE t_ns=859209335479308 stage=T2 side=S res=1 tail=105452
RLTRACE t_ns=859209341397298 stage=T5 side=S res=2 off=53304 runs=2 fp=0x6b7b3bb5d4015c6a
RLTRACE t_ns=859209342424402 stage=T6 side=S res=2 off=53304 len=1
RLTRACE t_ns=859209342511674 stage=T6 side=S res=2 off=53312 len=1
RLTRACE t_ns=859209356827285 stage=T0 side=S res=1 tail=106496 bytes=1044
RLTRACE t_ns=859209360029206 stage=T2 side=S res=1 tail=106376
RLTRACE t_ns=859209367037447 stage=T5 side=S res=2 off=53320 runs=2 fp=0x6b7b3bb5d4015c6a
RLTRACE t_ns=859209368164415 stage=T6 side=S res=2 off=53320 len=1
RLTRACE t_ns=859209368266432 stage=T6 side=S res=2 off=53324 len=1
RLTRACE t_ns=859209368974010 stage=T2 side=S res=1 tail=106496
RLTRACE t_ns=859209380400882 stage=T0 side=S res=1 tail=106556 bytes=60
RLTRACE t_ns=859209384420794 stage=T2 side=S res=1 tail=106532
RLTRACE t_ns=859209392805215 stage=T5 side=S res=2 off=53328 runs=1 fp=0x6b7b3bb5d4015c6a
RLTRACE t_ns=859209393894126 stage=T6 side=S res=2 off=53328 len=1
RLTRACE t_ns=859209394383303 stage=T2 side=S res=1 tail=106556
RLTRACE t_ns=859209418705975 stage=T0 side=S res=1 tail=106712 bytes=156
RLTRACE t_ns=859209423218509 stage=T2 side=S res=1 tail=106712
RLTRACE t_ns=859209434229023 stage=T5 side=S res=2 off=53336 runs=2 fp=0x6b7b3bb5d4015c6a
RLTRACE t_ns=859209435658770 stage=T6 side=S res=2 off=53336 len=1
RLTRACE t_ns=859209435773166 stage=T6 side=S res=2 off=53344 len=1
RLTRACE t_ns=859209467061539 stage=T0 side=S res=1 tail=107756 bytes=1044
RLTRACE t_ns=859209470746030 stage=T2 side=S res=1 tail=107636
RLTRACE t_ns=859209477425116 stage=T5 side=S res=2 off=53352 runs=2 fp=0x6b7b3bb5d4015c6a
RLTRACE t_ns=859209479151044 stage=T6 side=S res=2 off=53352 len=1
RLTRACE t_ns=859209479246246 stage=T6 side=S res=2 off=53356 len=1
RLTRACE t_ns=859209479563001 stage=T2 side=S res=1 tail=107756
RLTRACE t_ns=859209487759582 stage=T0 side=S res=1 tail=107816 bytes=60
RLTRACE t_ns=859209490549209 stage=T2 side=S res=1 tail=107816
RLTRACE t_ns=859209498264273 stage=T5 side=S res=2 off=53360 runs=1 fp=0x6b7b3bb5d4015c6a
RLTRACE t_ns=859209500364750 stage=T6 side=S res=2 off=53360 len=1
RLTRACE t_ns=859209514397251 stage=T0 side=S res=1 tail=107972 bytes=156
RLTRACE t_ns=859209519890243 stage=T2 side=S res=1 tail=107972
RLTRACE t_ns=859209527475469 stage=T5 side=S res=2 off=53368 runs=2 fp=0xed30386bd6a3a4e8
RLTRACE t_ns=859209529801674 stage=T6 side=S res=2 off=53368 len=1
RLTRACE t_ns=859209529944234 stage=T6 side=S res=2 off=53376 len=1
RLTRACE t_ns=859209562297374 stage=T0 side=S res=1 tail=109016 bytes=1044
RLTRACE t_ns=859209567466728 stage=T2 side=S res=1 tail=108896
RLTRACE t_ns=859209576017134 stage=T5 side=S res=2 off=53384 runs=2 fp=0xed30386bd6a3a4e8
RLTRACE t_ns=859209577178492 stage=T6 side=S res=2 off=53384 len=1
RLTRACE t_ns=859209577315902 stage=T6 side=S res=2 off=53388 len=1
RLTRACE t_ns=859209577651402 stage=T2 side=S res=1 tail=109016
RLTRACE t_ns=859209587536398 stage=T0 side=S res=1 tail=109076 bytes=60
RLTRACE t_ns=859209590184853 stage=T2 side=S res=1 tail=109076
RLTRACE t_ns=859209595684522 stage=T5 side=S res=2 off=53392 runs=1 fp=0xed30386bd6a3a4e8
RLTRACE t_ns=859209596578812 stage=T6 side=S res=2 off=53392 len=1
RLTRACE t_ns=859209607132293 stage=T0 side=S res=1 tail=109232 bytes=156
RLTRACE t_ns=859209611085924 stage=T2 side=S res=1 tail=109232
RLTRACE t_ns=859209618525985 stage=T5 side=S res=2 off=53400 runs=2 fp=0xed30386bd6a3a4e8
RLTRACE t_ns=859209619711181 stage=T6 side=S res=2 off=53400 len=1
RLTRACE t_ns=859209619810234 stage=T6 side=S res=2 off=53408 len=1
RLTRACE t_ns=859209646675399 stage=T0 side=S res=1 tail=110276 bytes=1044
RLTRACE t_ns=859209649568758 stage=T2 side=S res=1 tail=110276
RLTRACE t_ns=859209654935401 stage=T5 side=S res=2 off=53416 runs=2 fp=0xed30386bd6a3a4e8
RLTRACE t_ns=859209655912848 stage=T6 side=S res=2 off=53416 len=1
RLTRACE t_ns=859209656011811 stage=T6 side=S res=2 off=53420 len=1
RLTRACE t_ns=859209663648703 stage=T0 side=S res=1 tail=110336 bytes=60
RLTRACE t_ns=859209666443430 stage=T2 side=S res=1 tail=110336
RLTRACE t_ns=859209670031364 stage=T5 side=S res=2 off=53424 runs=1 fp=0xed30386bd6a3a4e8
RLTRACE t_ns=859209670950110 stage=T6 side=S res=2 off=53424 len=1
RLTRACE t_ns=859209678894750 stage=T0 side=S res=1 tail=110492 bytes=156
RLTRACE t_ns=859209681748287 stage=T2 side=S res=1 tail=110492
RLTRACE t_ns=859209685433334 stage=T5 side=S res=2 off=53432 runs=2 fp=0x87cf631e53657a5e
RLTRACE t_ns=859209686428859 stage=T6 side=S res=2 off=53432 len=1
RLTRACE t_ns=859209686496529 stage=T6 side=S res=2 off=53440 len=1
RLTRACE t_ns=859209697941609 stage=T0 side=S res=1 tail=111536 bytes=1044
RLTRACE t_ns=859209701926985 stage=T2 side=S res=1 tail=111416
RLTRACE t_ns=859209705586968 stage=T5 side=S res=2 off=53448 runs=2 fp=0x87cf631e53657a5e
RLTRACE t_ns=859209706473430 stage=T6 side=S res=2 off=53448 len=1
RLTRACE t_ns=859209706550440 stage=T6 side=S res=2 off=53452 len=1
RLTRACE t_ns=859209706823579 stage=T2 side=S res=1 tail=111536
RLTRACE t_ns=859209718696458 stage=T0 side=S res=1 tail=111596 bytes=60
RLTRACE t_ns=859209722718244 stage=T2 side=S res=1 tail=111596
RLTRACE t_ns=859209728138221 stage=T5 side=S res=2 off=53456 runs=1 fp=0x87cf631e53657a5e
RLTRACE t_ns=859209729591483 stage=T6 side=S res=2 off=53456 len=1
RLTRACE t_ns=859209746418959 stage=T0 side=S res=1 tail=111752 bytes=156
RLTRACE t_ns=859209753251833 stage=T2 side=S res=1 tail=111752
RLTRACE t_ns=859209759092706 stage=T5 side=S res=2 off=53464 runs=2 fp=0x87cf631e53657a5e
RLTRACE t_ns=859209760498830 stage=T6 side=S res=2 off=53464 len=1
RLTRACE t_ns=859209760628340 stage=T6 side=S res=2 off=53472 len=1
RLTRACE t_ns=859209781324355 stage=T0 side=S res=1 tail=112796 bytes=1044
RLTRACE t_ns=859209785012030 stage=T2 side=S res=1 tail=112796
RLTRACE t_ns=859209789813568 stage=T5 side=S res=2 off=53480 runs=2 fp=0x87cf631e53657a5e
RLTRACE t_ns=859209790672821 stage=T6 side=S res=2 off=53480 len=1
RLTRACE t_ns=859209790775415 stage=T6 side=S res=2 off=53484 len=1
RLTRACE t_ns=859209799869794 stage=T0 side=S res=1 tail=112856 bytes=60
RLTRACE t_ns=859209804686897 stage=T2 side=S res=1 tail=112856
RLTRACE t_ns=859209809343106 stage=T5 side=S res=2 off=53488 runs=1 fp=0x87cf631e53657a5e
RLTRACE t_ns=859209810680210 stage=T6 side=S res=2 off=53488 len=1
RLTRACE t_ns=859209823482782 stage=T0 side=S res=1 tail=113012 bytes=156
RLTRACE t_ns=859209828148459 stage=T2 side=S res=1 tail=113012
RLTRACE t_ns=859209833513760 stage=T5 side=S res=2 off=53496 runs=2 fp=0xc4dc0a92357764c4
RLTRACE t_ns=859209835029661 stage=T6 side=S res=2 off=53496 len=1
RLTRACE t_ns=859209835124142 stage=T6 side=S res=2 off=53504 len=1
RLTRACE t_ns=859209848807089 stage=T0 side=S res=1 tail=114056 bytes=1044
RLTRACE t_ns=859209852054666 stage=T2 side=S res=1 tail=113692
RLTRACE t_ns=859209856133259 stage=T5 side=S res=2 off=53512 runs=2 fp=0xc4dc0a92357764c4
RLTRACE t_ns=859209857094369 stage=T6 side=S res=2 off=53512 len=1
RLTRACE t_ns=859209857178184 stage=T6 side=S res=2 off=53516 len=1
RLTRACE t_ns=859209857459013 stage=T2 side=S res=1 tail=114056
RLTRACE t_ns=859209867064519 stage=T0 side=S res=1 tail=114116 bytes=60
RLTRACE t_ns=859209870291491 stage=T2 side=S res=1 tail=114116
RLTRACE t_ns=859209873676218 stage=T5 side=S res=2 off=53520 runs=1 fp=0xc4dc0a92357764c4
RLTRACE t_ns=859209874548093 stage=T6 side=S res=2 off=53520 len=1
RLTRACE t_ns=859209882640598 stage=T0 side=S res=1 tail=114272 bytes=156
RLTRACE t_ns=859209886230296 stage=T2 side=S res=1 tail=114272
RLTRACE t_ns=859209889687940 stage=T5 side=S res=2 off=53528 runs=2 fp=0xc4dc0a92357764c4
RLTRACE t_ns=859209890584272 stage=T6 side=S res=2 off=53528 len=1
RLTRACE t_ns=859209890642800 stage=T6 side=S res=2 off=53536 len=1
RLTRACE t_ns=859209913092115 stage=T0 side=S res=1 tail=115316 bytes=1044
RLTRACE t_ns=859209916880915 stage=T2 side=S res=1 tail=115196
RLTRACE t_ns=859209920897917 stage=T5 side=S res=2 off=53544 runs=2 fp=0xc4dc0a92357764c4
RLTRACE t_ns=859209921819878 stage=T6 side=S res=2 off=53544 len=1
RLTRACE t_ns=859209921905363 stage=T6 side=S res=2 off=53548 len=1
RLTRACE t_ns=859209922181741 stage=T2 side=S res=1 tail=115316
RLTRACE t_ns=859209928482067 stage=T0 side=S res=1 tail=115352 bytes=36
RLTRACE t_ns=859209931248528 stage=T2 side=S res=1 tail=115352
RLTRACE t_ns=859209936129154 stage=T0 side=S res=1 tail=115376 bytes=24
RLTRACE t_ns=859209939012162 stage=T2 side=S res=1 tail=115376
RLTRACE t_ns=859209944480542 stage=T5 side=S res=2 off=53552 runs=1 fp=0xc4dc0a92357764c4
RLTRACE t_ns=859209945481500 stage=T6 side=S res=2 off=53552 len=1
RLTRACE t_ns=859209953021999 stage=T0 side=S res=1 tail=115532 bytes=156
RLTRACE t_ns=859209956015183 stage=T2 side=S res=1 tail=115532
RLTRACE t_ns=859209959293739 stage=T5 side=S res=2 off=53560 runs=2 fp=0xc4a1ea3120ac4402
RLTRACE t_ns=859209960164573 stage=T6 side=S res=2 off=53560 len=1
RLTRACE t_ns=859209960259737 stage=T6 side=S res=2 off=53568 len=1
RLTRACE t_ns=859209969821901 stage=T0 side=S res=1 tail=116576 bytes=1044
RLTRACE t_ns=859209972580179 stage=T2 side=S res=1 tail=116576
RLTRACE t_ns=859209975772234 stage=T5 side=S res=2 off=53576 runs=2 fp=0xc4a1ea3120ac4402
RLTRACE t_ns=859209976611203 stage=T6 side=S res=2 off=53576 len=1
RLTRACE t_ns=859209976712310 stage=T6 side=S res=2 off=53580 len=1
RLTRACE t_ns=859209984290819 stage=T0 side=S res=1 tail=116636 bytes=60
RLTRACE t_ns=859209987205852 stage=T2 side=S res=1 tail=116636
RLTRACE t_ns=859209990467352 stage=T5 side=S res=2 off=53584 runs=1 fp=0xc4a1ea3120ac4402
RLTRACE t_ns=859209991232594 stage=T6 side=S res=2 off=53584 len=1
RLTRACE t_ns=859209998950032 stage=T0 side=S res=1 tail=116792 bytes=156
RLTRACE t_ns=859210002218047 stage=T2 side=S res=1 tail=116792
RLTRACE t_ns=859210005668752 stage=T5 side=S res=2 off=53592 runs=2 fp=0xc4a1ea3120ac4402
RLTRACE t_ns=859210006493297 stage=T6 side=S res=2 off=53592 len=1
RLTRACE t_ns=859210006569803 stage=T6 side=S res=2 off=53600 len=1
RLTRACE t_ns=859210029771292 stage=T0 side=S res=1 tail=117836 bytes=1044
RLTRACE t_ns=859210033820277 stage=T2 side=S res=1 tail=116828
RLTRACE t_ns=859210037595387 stage=T5 side=S res=2 off=53608 runs=2 fp=0xc4a1ea3120ac4402
RLTRACE t_ns=859210038424026 stage=T6 side=S res=2 off=53608 len=1
RLTRACE t_ns=859210038488863 stage=T6 side=S res=2 off=53612 len=1
RLTRACE t_ns=859210038769398 stage=T2 side=S res=1 tail=117836
RLTRACE t_ns=859210052207144 stage=T0 side=S res=1 tail=117896 bytes=60
RLTRACE t_ns=859210055230143 stage=T2 side=S res=1 tail=117896
RLTRACE t_ns=859210061155863 stage=T5 side=S res=2 off=53616 runs=1 fp=0xc4a1ea3120ac4402
RLTRACE t_ns=859210062320697 stage=T6 side=S res=2 off=53616 len=1
RLTRACE t_ns=859210073659479 stage=T0 side=S res=1 tail=118052 bytes=156
RLTRACE t_ns=859210076822601 stage=T2 side=S res=1 tail=118052
RLTRACE t_ns=859210080115573 stage=T5 side=S res=2 off=53624 runs=2 fp=0x231c585d30b53ba0
RLTRACE t_ns=859210080983175 stage=T6 side=S res=2 off=53624 len=1
RLTRACE t_ns=859210081085213 stage=T6 side=S res=2 off=53632 len=1
RLTRACE t_ns=859210104998181 stage=T0 side=S res=1 tail=119096 bytes=1044
RLTRACE t_ns=859210108630825 stage=T2 side=S res=1 tail=118356
RLTRACE t_ns=859210114134324 stage=T5 side=S res=2 off=53640 runs=2 fp=0x231c585d30b53ba0
RLTRACE t_ns=859210115130369 stage=T6 side=S res=2 off=53640 len=1
RLTRACE t_ns=859210115246026 stage=T6 side=S res=2 off=53644 len=1
RLTRACE t_ns=859210115823677 stage=T2 side=S res=1 tail=119096
RLTRACE t_ns=859210125741881 stage=T0 side=S res=1 tail=119156 bytes=60
RLTRACE t_ns=859210128755256 stage=T2 side=S res=1 tail=119156
RLTRACE t_ns=859210134587275 stage=T5 side=S res=2 off=53648 runs=1 fp=0x231c585d30b53ba0
RLTRACE t_ns=859210135711370 stage=T6 side=S res=2 off=53648 len=1
RLTRACE t_ns=859210142980680 stage=T0 side=S res=1 tail=119312 bytes=156
RLTRACE t_ns=859210146017754 stage=T2 side=S res=1 tail=119312
RLTRACE t_ns=859210151768962 stage=T5 side=S res=2 off=53656 runs=2 fp=0x231c585d30b53ba0
RLTRACE t_ns=859210152634747 stage=T6 side=S res=2 off=53656 len=1
RLTRACE t_ns=859210152706234 stage=T6 side=S res=2 off=53664 len=1
RLTRACE t_ns=859210163657969 stage=T0 side=S res=1 tail=120356 bytes=1044
RLTRACE t_ns=859210166885812 stage=T2 side=S res=1 tail=119960
RLTRACE t_ns=859210172216654 stage=T5 side=S res=2 off=53672 runs=2 fp=0x231c585d30b53ba0
RLTRACE t_ns=859210173151309 stage=T6 side=S res=2 off=53672 len=1
RLTRACE t_ns=859210173251040 stage=T6 side=S res=2 off=53676 len=1
RLTRACE t_ns=859210173941557 stage=T2 side=S res=1 tail=120356
RLTRACE t_ns=859210183427170 stage=T0 side=S res=1 tail=120416 bytes=60
RLTRACE t_ns=859210186661548 stage=T2 side=S res=1 tail=120416
RLTRACE t_ns=859210189853410 stage=T5 side=S res=2 off=53680 runs=1 fp=0x231c585d30b53ba0
RLTRACE t_ns=859210190717546 stage=T6 side=S res=2 off=53680 len=1
RLTRACE t_ns=859210198718007 stage=T0 side=S res=1 tail=120572 bytes=156
RLTRACE t_ns=859210202031632 stage=T2 side=S res=1 tail=120572
RLTRACE t_ns=859210206140734 stage=T5 side=S res=2 off=53688 runs=2 fp=0x3dab34750734cb6
RLTRACE t_ns=859210207076129 stage=T6 side=S res=2 off=53688 len=1
RLTRACE t_ns=859210207236097 stage=T6 side=S res=2 off=53696 len=1
RLTRACE t_ns=859210219982125 stage=T0 side=S res=1 tail=121616 bytes=1044
RLTRACE t_ns=859210223223019 stage=T2 side=S res=1 tail=121496
RLTRACE t_ns=859210226641855 stage=T5 side=S res=2 off=53704 runs=2 fp=0x3dab34750734cb6
RLTRACE t_ns=859210227587062 stage=T6 side=S res=2 off=53704 len=1
RLTRACE t_ns=859210227670767 stage=T6 side=S res=2 off=53708 len=1
RLTRACE t_ns=859210227957421 stage=T2 side=S res=1 tail=121616
RLTRACE t_ns=859210236815611 stage=T0 side=S res=1 tail=121676 bytes=60
RLTRACE t_ns=859210240043344 stage=T2 side=S res=1 tail=121676
RLTRACE t_ns=859210244526553 stage=T5 side=S res=2 off=53712 runs=1 fp=0x3dab34750734cb6
RLTRACE t_ns=859210245470020 stage=T6 side=S res=2 off=53712 len=1
RLTRACE t_ns=859210253350371 stage=T0 side=S res=1 tail=121832 bytes=156
RLTRACE t_ns=859210256391545 stage=T2 side=S res=1 tail=121832
RLTRACE t_ns=859210259886624 stage=T5 side=S res=2 off=53720 runs=2 fp=0x3dab34750734cb6
RLTRACE t_ns=859210260800170 stage=T6 side=S res=2 off=53720 len=1
RLTRACE t_ns=859210260875567 stage=T6 side=S res=2 off=53728 len=1
RLTRACE t_ns=859210275273694 stage=T0 side=S res=1 tail=122876 bytes=1044
RLTRACE t_ns=859210278389406 stage=T2 side=S res=1 tail=122756
RLTRACE t_ns=859210281826140 stage=T5 side=S res=2 off=53736 runs=2 fp=0x3dab34750734cb6
RLTRACE t_ns=859210282860904 stage=T6 side=S res=2 off=53736 len=1
RLTRACE t_ns=859210282957916 stage=T6 side=S res=2 off=53740 len=1
RLTRACE t_ns=859210283238296 stage=T2 side=S res=1 tail=122876
RLTRACE t_ns=859210296687751 stage=T0 side=S res=1 tail=122936 bytes=60
RLTRACE t_ns=859210301730851 stage=T2 side=S res=1 tail=122936
RLTRACE t_ns=859210307478922 stage=T5 side=S res=2 off=53744 runs=1 fp=0x3dab34750734cb6
RLTRACE t_ns=859210308598517 stage=T6 side=S res=2 off=53744 len=1
RLTRACE t_ns=859210322962913 stage=T0 side=S res=1 tail=123092 bytes=156
RLTRACE t_ns=859210326238020 stage=T2 side=S res=1 tail=123092
RLTRACE t_ns=859210329554973 stage=T5 side=S res=2 off=53752 runs=2 fp=0x4fa227edd5adc6fc
RLTRACE t_ns=859210330469269 stage=T6 side=S res=2 off=53752 len=1
RLTRACE t_ns=859210330576625 stage=T6 side=S res=2 off=53760 len=1
RLTRACE t_ns=859210353622992 stage=T0 side=S res=1 tail=124136 bytes=1044
RLTRACE t_ns=859210356940315 stage=T2 side=S res=1 tail=123968
RLTRACE t_ns=859210360275536 stage=T5 side=S res=2 off=53768 runs=2 fp=0x4fa227edd5adc6fc
RLTRACE t_ns=859210361041932 stage=T6 side=S res=2 off=53768 len=1
RLTRACE t_ns=859210361147637 stage=T6 side=S res=2 off=53772 len=1
RLTRACE t_ns=859210361426527 stage=T2 side=S res=1 tail=124136
RLTRACE t_ns=859210371312599 stage=T0 side=S res=1 tail=124196 bytes=60
RLTRACE t_ns=859210375011631 stage=T2 side=S res=1 tail=124196
RLTRACE t_ns=859210379925603 stage=T5 side=S res=2 off=53776 runs=1 fp=0x4fa227edd5adc6fc
RLTRACE t_ns=859210380998308 stage=T6 side=S res=2 off=53776 len=1
RLTRACE t_ns=859210390987988 stage=T0 side=S res=1 tail=124352 bytes=156
RLTRACE t_ns=859210396018146 stage=T2 side=S res=1 tail=124352
RLTRACE t_ns=859210402557673 stage=T5 side=S res=2 off=53784 runs=2 fp=0x4fa227edd5adc6fc
RLTRACE t_ns=859210404157473 stage=T6 side=S res=2 off=53784 len=1
RLTRACE t_ns=859210404275880 stage=T6 side=S res=2 off=53792 len=1
RLTRACE t_ns=859210434262632 stage=T0 side=S res=1 tail=125396 bytes=1044
RLTRACE t_ns=859210441018937 stage=T2 side=S res=1 tail=124608
RLTRACE t_ns=859210448689526 stage=T5 side=S res=2 off=53800 runs=2 fp=0x4fa227edd5adc6fc
RLTRACE t_ns=859210450398327 stage=T6 side=S res=2 off=53800 len=1
RLTRACE t_ns=859210450500423 stage=T6 side=S res=2 off=53804 len=1
RLTRACE t_ns=859210450790402 stage=T2 side=S res=1 tail=125396
RLTRACE t_ns=859210458871989 stage=T0 side=S res=1 tail=125456 bytes=60
RLTRACE t_ns=859210462771760 stage=T2 side=S res=1 tail=125456
RLTRACE t_ns=859210467583439 stage=T5 side=S res=2 off=53808 runs=1 fp=0x4fa227edd5adc6fc
RLTRACE t_ns=859210468524607 stage=T6 side=S res=2 off=53808 len=1
RLTRACE t_ns=859210477278306 stage=T0 side=S res=1 tail=125612 bytes=156
RLTRACE t_ns=859210483095961 stage=T2 side=S res=1 tail=125492
RLTRACE t_ns=859210490372413 stage=T5 side=S res=2 off=53816 runs=2 fp=0xdc89ab989ac3111a
RLTRACE t_ns=859210491622233 stage=T6 side=S res=2 off=53816 len=1
RLTRACE t_ns=859210491708499 stage=T6 side=S res=2 off=53824 len=1
RLTRACE t_ns=859210491995120 stage=T2 side=S res=1 tail=125612
RLTRACE t_ns=859210507239286 stage=T0 side=S res=1 tail=125648 bytes=36
RLTRACE t_ns=859210511426943 stage=T2 side=S res=1 tail=125648
RLTRACE t_ns=859210516216560 stage=T0 side=S res=1 tail=126656 bytes=1008
RLTRACE t_ns=859210520385528 stage=T2 side=S res=1 tail=126536
RLTRACE t_ns=859210524373698 stage=T5 side=S res=2 off=53832 runs=2 fp=0xdc89ab989ac3111a
RLTRACE t_ns=859210525241102 stage=T6 side=S res=2 off=53832 len=1
RLTRACE t_ns=859210525298918 stage=T6 side=S res=2 off=53836 len=1
RLTRACE t_ns=859210525578458 stage=T2 side=S res=1 tail=126656
RLTRACE t_ns=859210533385658 stage=T0 side=S res=1 tail=126716 bytes=60
RLTRACE t_ns=859210536638436 stage=T2 side=S res=1 tail=126716
RLTRACE t_ns=859210540798448 stage=T5 side=S res=2 off=53840 runs=1 fp=0xdc89ab989ac3111a
RLTRACE t_ns=859210541564969 stage=T6 side=S res=2 off=53840 len=1
RLTRACE t_ns=859210549736434 stage=T0 side=S res=1 tail=126872 bytes=156
RLTRACE t_ns=859210554605179 stage=T2 side=S res=1 tail=126872
RLTRACE t_ns=859210560435793 stage=T5 side=S res=2 off=53848 runs=2 fp=0xdc89ab989ac3111a
RLTRACE t_ns=859210561754504 stage=T6 side=S res=2 off=53848 len=1
RLTRACE t_ns=859210561821502 stage=T6 side=S res=2 off=53856 len=1
RLTRACE t_ns=859210576637259 stage=T0 side=S res=1 tail=127916 bytes=1044
RLTRACE t_ns=859210582560423 stage=T2 side=S res=1 tail=127108
RLTRACE t_ns=859210587992104 stage=T5 side=S res=2 off=53864 runs=2 fp=0xdc89ab989ac3111a
RLTRACE t_ns=859210589127382 stage=T6 side=S res=2 off=53864 len=1
RLTRACE t_ns=859210589202450 stage=T6 side=S res=2 off=53868 len=1
RLTRACE t_ns=859210589491979 stage=T2 side=S res=1 tail=127916
RLTRACE t_ns=859210596478556 stage=T0 side=S res=1 tail=127976 bytes=60
RLTRACE t_ns=859210599542496 stage=T2 side=S res=1 tail=127976
RLTRACE t_ns=859210604015453 stage=T5 side=S res=2 off=53872 runs=1 fp=0xdc89ab989ac3111a
RLTRACE t_ns=859210604886314 stage=T6 side=S res=2 off=53872 len=1
RLTRACE t_ns=859210618670491 stage=T0 side=S res=1 tail=128132 bytes=156
RLTRACE t_ns=859210623260251 stage=T2 side=S res=1 tail=128132
RLTRACE t_ns=859210634992629 stage=T5 side=S res=2 off=53880 runs=2 fp=0xf18532be05428f18
RLTRACE t_ns=859210637275187 stage=T6 side=S res=2 off=53880 len=1
RLTRACE t_ns=859210637390703 stage=T6 side=S res=2 off=53888 len=1
RLTRACE t_ns=859210675142573 stage=T0 side=S res=1 tail=129176 bytes=1044
RLTRACE t_ns=859210681798143 stage=T2 side=S res=1 tail=128168
RLTRACE t_ns=859210688231073 stage=T5 side=S res=2 off=53896 runs=2 fp=0xf18532be05428f18
RLTRACE t_ns=859210690180511 stage=T6 side=S res=2 off=53896 len=1
RLTRACE t_ns=859210690311730 stage=T6 side=S res=2 off=53900 len=1
RLTRACE t_ns=859210690617519 stage=T2 side=S res=1 tail=129176
RLTRACE t_ns=859210715703958 stage=T0 side=S res=1 tail=129236 bytes=60
RLTRACE t_ns=859210720440160 stage=T2 side=S res=1 tail=129236
RLTRACE t_ns=859210728614351 stage=T5 side=S res=2 off=53904 runs=1 fp=0xf18532be05428f18
RLTRACE t_ns=859210730495897 stage=T6 side=S res=2 off=53904 len=1
RLTRACE t_ns=859210745194104 stage=T0 side=S res=1 tail=129272 bytes=36
RLTRACE t_ns=859210751156572 stage=T2 side=S res=1 tail=129272
RLTRACE t_ns=859210755843090 stage=T0 side=S res=1 tail=129392 bytes=120
RLTRACE t_ns=859210760906749 stage=T2 side=S res=1 tail=129308
RLTRACE t_ns=859210768296552 stage=T5 side=S res=2 off=53912 runs=2 fp=0xf18532be05428f18
RLTRACE t_ns=859210769943955 stage=T6 side=S res=2 off=53912 len=1
RLTRACE t_ns=859210770042322 stage=T6 side=S res=2 off=53920 len=1
RLTRACE t_ns=859210770336280 stage=T2 side=S res=1 tail=129392
RLTRACE t_ns=859210788985822 stage=T0 side=S res=1 tail=130436 bytes=1044
RLTRACE t_ns=859210793698666 stage=T2 side=S res=1 tail=130232
RLTRACE t_ns=859210799820361 stage=T5 side=S res=2 off=53928 runs=2 fp=0xf18532be05428f18
RLTRACE t_ns=859210801327390 stage=T6 side=S res=2 off=53928 len=1
RLTRACE t_ns=859210801413160 stage=T6 side=S res=2 off=53932 len=1
RLTRACE t_ns=859210801701858 stage=T2 side=S res=1 tail=130436
RLTRACE t_ns=859210812841405 stage=T0 side=S res=1 tail=130496 bytes=60
RLTRACE t_ns=859210816361951 stage=T2 side=S res=1 tail=130496
RLTRACE t_ns=859210819718781 stage=T5 side=S res=2 off=53936 runs=1 fp=0xf18532be05428f18
RLTRACE t_ns=859210820547148 stage=T6 side=S res=2 off=53936 len=1
RLTRACE t_ns=859210828465892 stage=T0 side=S res=1 tail=130652 bytes=156
RLTRACE t_ns=859210831837456 stage=T2 side=S res=1 tail=130652
RLTRACE t_ns=859210835815307 stage=T5 side=S res=2 off=53944 runs=2 fp=0xa5b9cdd1bb58300e
RLTRACE t_ns=859210836768351 stage=T6 side=S res=2 off=53944 len=1
RLTRACE t_ns=859210836832811 stage=T6 side=S res=2 off=53952 len=1
RLTRACE t_ns=859210846394465 stage=T0 side=S res=1 tail=131696 bytes=1044
RLTRACE t_ns=859210849506064 stage=T2 side=S res=1 tail=131104
RLTRACE t_ns=859210853299053 stage=T5 side=S res=2 off=53960 runs=2 fp=0xa5b9cdd1bb58300e
RLTRACE t_ns=859210854134284 stage=T6 side=S res=2 off=53960 len=1
RLTRACE t_ns=859210854215578 stage=T6 side=S res=2 off=53964 len=1
RLTRACE t_ns=859210854498611 stage=T2 side=S res=1 tail=131696
RLTRACE t_ns=859210862116154 stage=T0 side=S res=1 tail=131756 bytes=60
RLTRACE t_ns=859210865305432 stage=T2 side=S res=1 tail=131756
RLTRACE t_ns=859210868918772 stage=T5 side=S res=2 off=53968 runs=1 fp=0xa5b9cdd1bb58300e
RLTRACE t_ns=859210869712568 stage=T6 side=S res=2 off=53968 len=1
RLTRACE t_ns=859210877571514 stage=T0 side=S res=1 tail=131912 bytes=156
RLTRACE t_ns=859210880870761 stage=T2 side=S res=1 tail=131912
RLTRACE t_ns=859210884669448 stage=T5 side=S res=2 off=53976 runs=2 fp=0xa5b9cdd1bb58300e
RLTRACE t_ns=859210885568749 stage=T6 side=S res=2 off=53976 len=1
RLTRACE t_ns=859210885635382 stage=T6 side=S res=2 off=53984 len=1
RLTRACE t_ns=859210895385775 stage=T0 side=S res=1 tail=132956 bytes=1044
RLTRACE t_ns=859210898611591 stage=T2 side=S res=1 tail=132956
RLTRACE t_ns=859210901956187 stage=T5 side=S res=2 off=53992 runs=2 fp=0xa5b9cdd1bb58300e
RLTRACE t_ns=859210902730665 stage=T6 side=S res=2 off=53992 len=1
RLTRACE t_ns=859210902789689 stage=T6 side=S res=2 off=53996 len=1
RLTRACE t_ns=859210910264889 stage=T0 side=S res=1 tail=133016 bytes=60
RLTRACE t_ns=859210913355787 stage=T2 side=S res=1 tail=133016
RLTRACE t_ns=859210918408570 stage=T5 side=S res=2 off=54000 runs=1 fp=0xa5b9cdd1bb58300e
RLTRACE t_ns=859210919567659 stage=T6 side=S res=2 off=54000 len=1
RLTRACE t_ns=859210927454351 stage=T0 side=S res=1 tail=133172 bytes=156
RLTRACE t_ns=859210930261883 stage=T2 side=S res=1 tail=133088
RLTRACE t_ns=859210933922555 stage=T5 side=S res=2 off=54008 runs=2 fp=0xa88b9ce9208ee9b4
RLTRACE t_ns=859210934772373 stage=T6 side=S res=2 off=54008 len=1
RLTRACE t_ns=859210934819855 stage=T6 side=S res=2 off=54016 len=1
RLTRACE t_ns=859210935112659 stage=T2 side=S res=1 tail=133172
RLTRACE t_ns=859210953829147 stage=T0 side=S res=1 tail=134216 bytes=1044
RLTRACE t_ns=859210959523656 stage=T2 side=S res=1 tail=134216
RLTRACE t_ns=859210964904936 stage=T5 side=S res=2 off=54024 runs=2 fp=0xa88b9ce9208ee9b4
RLTRACE t_ns=859210966878765 stage=T6 side=S res=2 off=54024 len=1
RLTRACE t_ns=859210967689361 stage=T6 side=S res=2 off=54028 len=1
RLTRACE t_ns=859210981858012 stage=T0 side=S res=1 tail=134276 bytes=60
RLTRACE t_ns=859210987225841 stage=T2 side=S res=1 tail=134276
RLTRACE t_ns=859210998715444 stage=T5 side=S res=2 off=54032 runs=1 fp=0xa88b9ce9208ee9b4
RLTRACE t_ns=859211001310876 stage=T6 side=S res=2 off=54032 len=1
RLTRACE t_ns=859211021652028 stage=T0 side=S res=1 tail=134432 bytes=156
RLTRACE t_ns=859211026302559 stage=T2 side=S res=1 tail=134432
RLTRACE t_ns=859211036517302 stage=T5 side=S res=2 off=54040 runs=2 fp=0xa88b9ce9208ee9b4
RLTRACE t_ns=859211038795840 stage=T6 side=S res=2 off=54040 len=1
RLTRACE t_ns=859211038910589 stage=T6 side=S res=2 off=54048 len=1
RLTRACE t_ns=859211068874306 stage=T0 side=S res=1 tail=135476 bytes=1044
RLTRACE t_ns=859211078457507 stage=T2 side=S res=1 tail=135308
RLTRACE t_ns=859211089490863 stage=T5 side=S res=2 off=54056 runs=2 fp=0xa88b9ce9208ee9b4
RLTRACE t_ns=859211090813766 stage=T6 side=S res=2 off=54056 len=1
RLTRACE t_ns=859211090922003 stage=T6 side=S res=2 off=54060 len=1
RLTRACE t_ns=859211091623821 stage=T2 side=S res=1 tail=135476
RLTRACE t_ns=859211098991619 stage=T0 side=S res=1 tail=135536 bytes=60
RLTRACE t_ns=859211102510061 stage=T2 side=S res=1 tail=135536
RLTRACE t_ns=859211107830242 stage=T5 side=S res=2 off=54064 runs=1 fp=0xa88b9ce9208ee9b4
RLTRACE t_ns=859211108800936 stage=T6 side=S res=2 off=54064 len=1
RLTRACE t_ns=859211116659431 stage=T0 side=S res=1 tail=135692 bytes=156
RLTRACE t_ns=859211120645471 stage=T2 side=S res=1 tail=135692
RLTRACE t_ns=859211125163745 stage=T5 side=S res=2 off=54072 runs=2 fp=0x56a7dbd9c5b218f2
RLTRACE t_ns=859211126149085 stage=T6 side=S res=2 off=54072 len=1
RLTRACE t_ns=859211126242106 stage=T6 side=S res=2 off=54080 len=1
RLTRACE t_ns=859211141144803 stage=T0 side=S res=1 tail=136736 bytes=1044
RLTRACE t_ns=859211147582181 stage=T2 side=S res=1 tail=135996
RLTRACE t_ns=859211157068034 stage=T5 side=S res=2 off=54088 runs=2 fp=0x56a7dbd9c5b218f2
RLTRACE t_ns=859211159822694 stage=T6 side=S res=2 off=54088 len=1
RLTRACE t_ns=859211159924514 stage=T6 side=S res=2 off=54092 len=1
RLTRACE t_ns=859211160237616 stage=T2 side=S res=1 tail=136736
RLTRACE t_ns=859211170535926 stage=T0 side=S res=1 tail=136796 bytes=60
RLTRACE t_ns=859211175311845 stage=T2 side=S res=1 tail=136796
RLTRACE t_ns=859211180910957 stage=T5 side=S res=2 off=54096 runs=1 fp=0x56a7dbd9c5b218f2
RLTRACE t_ns=859211181997894 stage=T6 side=S res=2 off=54096 len=1
RLTRACE t_ns=859211191205277 stage=T0 side=S res=1 tail=136952 bytes=156
RLTRACE t_ns=859211194608031 stage=T2 side=S res=1 tail=136952
RLTRACE t_ns=859211200367159 stage=T5 side=S res=2 off=54104 runs=2 fp=0x56a7dbd9c5b218f2
RLTRACE t_ns=859211201482122 stage=T6 side=S res=2 off=54104 len=1
RLTRACE t_ns=859211201577092 stage=T6 side=S res=2 off=54112 len=1
RLTRACE t_ns=859211227703857 stage=T0 side=S res=1 tail=137996 bytes=1044
RLTRACE t_ns=859211231761659 stage=T2 side=S res=1 tail=136988
RLTRACE t_ns=859211237535021 stage=T5 side=S res=2 off=54120 runs=2 fp=0x56a7dbd9c5b218f2
RLTRACE t_ns=859211238537324 stage=T6 side=S res=2 off=54120 len=1
RLTRACE t_ns=859211238681432 stage=T6 side=S res=2 off=54124 len=1
RLTRACE t_ns=859211239506446 stage=T2 side=S res=1 tail=137996
RLTRACE t_ns=859211252485489 stage=T0 side=S res=1 tail=138056 bytes=60
RLTRACE t_ns=859211257562218 stage=T2 side=S res=1 tail=138056
RLTRACE t_ns=859211263644212 stage=T5 side=S res=2 off=54128 runs=1 fp=0x56a7dbd9c5b218f2
RLTRACE t_ns=859211265119951 stage=T6 side=S res=2 off=54128 len=1
RLTRACE t_ns=859211278341928 stage=T0 side=S res=1 tail=138212 bytes=156
RLTRACE t_ns=859211284580093 stage=T2 side=S res=1 tail=138212
RLTRACE t_ns=859211290445803 stage=T5 side=S res=2 off=54136 runs=2 fp=0x1ad506eae688e8d0
RLTRACE t_ns=859211291665163 stage=T6 side=S res=2 off=54136 len=1
RLTRACE t_ns=859211291731754 stage=T6 side=S res=2 off=54144 len=1
RLTRACE t_ns=859211307587962 stage=T0 side=S res=1 tail=139256 bytes=1044
RLTRACE t_ns=859211312147338 stage=T2 side=S res=1 tail=138892
RLTRACE t_ns=859211317638887 stage=T5 side=S res=2 off=54152 runs=2 fp=0x1ad506eae688e8d0
RLTRACE t_ns=859211318704437 stage=T6 side=S res=2 off=54152 len=1
RLTRACE t_ns=859211318822482 stage=T6 side=S res=2 off=54156 len=1
RLTRACE t_ns=859211319581716 stage=T2 side=S res=1 tail=139256
RLTRACE t_ns=859211326915400 stage=T0 side=S res=1 tail=139316 bytes=60
RLTRACE t_ns=859211330024749 stage=T2 side=S res=1 tail=139316
RLTRACE t_ns=859211335714690 stage=T5 side=S res=2 off=54160 runs=1 fp=0x1ad506eae688e8d0
RLTRACE t_ns=859211336780007 stage=T6 side=S res=2 off=54160 len=1
RLTRACE t_ns=859211344270378 stage=T0 side=S res=1 tail=139472 bytes=156
RLTRACE t_ns=859211347482414 stage=T2 side=S res=1 tail=139472
RLTRACE t_ns=859211353115140 stage=T5 side=S res=2 off=54168 runs=2 fp=0x1ad506eae688e8d0
RLTRACE t_ns=859211354071570 stage=T6 side=S res=2 off=54168 len=1
RLTRACE t_ns=859211354167074 stage=T6 side=S res=2 off=54176 len=1
RLTRACE t_ns=859211366133837 stage=T0 side=S res=1 tail=140516 bytes=1044
RLTRACE t_ns=859211370943580 stage=T2 side=S res=1 tail=140152
RLTRACE t_ns=859211377108647 stage=T5 side=S res=2 off=54184 runs=2 fp=0x1ad506eae688e8d0
RLTRACE t_ns=859211378395271 stage=T6 side=S res=2 off=54184 len=1
RLTRACE t_ns=859211378498992 stage=T6 side=S res=2 off=54188 len=1
RLTRACE t_ns=859211378785487 stage=T2 side=S res=1 tail=140516
RLTRACE t_ns=859211388787634 stage=T0 side=S res=1 tail=140576 bytes=60
RLTRACE t_ns=859211391720139 stage=T2 side=S res=1 tail=140576
RLTRACE t_ns=859211394973459 stage=T5 side=S res=2 off=54192 runs=1 fp=0x1ad506eae688e8d0
RLTRACE t_ns=859211395793157 stage=T6 side=S res=2 off=54192 len=1
RLTRACE t_ns=859211403441408 stage=T0 side=S res=1 tail=140732 bytes=156
RLTRACE t_ns=859211406714801 stage=T2 side=S res=1 tail=140732
RLTRACE t_ns=859211410245814 stage=T5 side=S res=2 off=54200 runs=2 fp=0x6156c2227d71cd66
RLTRACE t_ns=859211411099448 stage=T6 side=S res=2 off=54200 len=1
RLTRACE t_ns=859211411191582 stage=T6 side=S res=2 off=54208 len=1
RLTRACE t_ns=859211452807179 stage=T0 side=S res=1 tail=141776 bytes=1044
RLTRACE t_ns=859211459758002 stage=T2 side=S res=1 tail=140768
RLTRACE t_ns=859211472461490 stage=T5 side=S res=2 off=54216 runs=2 fp=0x6156c2227d71cd66
RLTRACE t_ns=859211473987070 stage=T6 side=S res=2 off=54216 len=1
RLTRACE t_ns=859211474112382 stage=T6 side=S res=2 off=54220 len=1
RLTRACE t_ns=859211474427829 stage=T2 side=S res=1 tail=141776
RLTRACE t_ns=859211501812796 stage=T0 side=S res=1 tail=141836 bytes=60
RLTRACE t_ns=859211509295503 stage=T2 side=S res=1 tail=141836
RLTRACE t_ns=859211519685595 stage=T5 side=S res=2 off=54224 runs=1 fp=0x6156c2227d71cd66
RLTRACE t_ns=859211521735254 stage=T6 side=S res=2 off=54224 len=1
RLTRACE t_ns=859211541016542 stage=T0 side=S res=1 tail=141992 bytes=156
RLTRACE t_ns=859211546554876 stage=T2 side=S res=1 tail=141992
RLTRACE t_ns=859211555645449 stage=T5 side=S res=2 off=54232 runs=2 fp=0x6156c2227d71cd66
RLTRACE t_ns=859211558326901 stage=T6 side=S res=2 off=54232 len=1
RLTRACE t_ns=859211558455884 stage=T6 side=S res=2 off=54240 len=1
RLTRACE t_ns=859211589542208 stage=T0 side=S res=1 tail=143036 bytes=1044
RLTRACE t_ns=859211596015323 stage=T2 side=S res=1 tail=142296
RLTRACE t_ns=859211600954576 stage=T5 side=S res=2 off=54248 runs=2 fp=0x6156c2227d71cd66
RLTRACE t_ns=859211602249807 stage=T6 side=S res=2 off=54248 len=1
RLTRACE t_ns=859211602335127 stage=T6 side=S res=2 off=54252 len=1
RLTRACE t_ns=859211602622069 stage=T2 side=S res=1 tail=143036
RLTRACE t_ns=859211617051503 stage=T0 side=S res=1 tail=143096 bytes=60
RLTRACE t_ns=859211623015179 stage=T2 side=S res=1 tail=143096
RLTRACE t_ns=859211629177184 stage=T5 side=S res=2 off=54256 runs=1 fp=0x6156c2227d71cd66
RLTRACE t_ns=859211631321907 stage=T6 side=S res=2 off=54256 len=1
RLTRACE t_ns=859211647859144 stage=T0 side=S res=1 tail=143252 bytes=156
RLTRACE t_ns=859211655589950 stage=T2 side=S res=1 tail=143252
RLTRACE t_ns=859211662956766 stage=T5 side=S res=2 off=54264 runs=2 fp=0xf04c7f715e157ac
RLTRACE t_ns=859211665649137 stage=T6 side=S res=2 off=54264 len=1
RLTRACE t_ns=859211665745007 stage=T6 side=S res=2 off=54272 len=1
RLTRACE t_ns=859211686129953 stage=T0 side=S res=1 tail=144296 bytes=1044
RLTRACE t_ns=859211693658685 stage=T2 side=S res=1 tail=143900
RLTRACE t_ns=859211704132734 stage=T5 side=S res=2 off=54280 runs=2 fp=0xf04c7f715e157ac
RLTRACE t_ns=859211706354976 stage=T6 side=S res=2 off=54280 len=1
RLTRACE t_ns=859211706467592 stage=T6 side=S res=2 off=54284 len=1
RLTRACE t_ns=859211706766179 stage=T2 side=S res=1 tail=144296
RLTRACE t_ns=859211715252913 stage=T0 side=S res=1 tail=144332 bytes=36
RLTRACE t_ns=859211719507504 stage=T2 side=S res=1 tail=144332
RLTRACE t_ns=859211724203802 stage=T0 side=S res=1 tail=144356 bytes=24
RLTRACE t_ns=859211727862370 stage=T2 side=S res=1 tail=144356
RLTRACE t_ns=859211731950921 stage=T5 side=S res=2 off=54288 runs=1 fp=0xf04c7f715e157ac
RLTRACE t_ns=859211732837623 stage=T6 side=S res=2 off=54288 len=1
RLTRACE t_ns=859211740525424 stage=T0 side=S res=1 tail=144512 bytes=156
RLTRACE t_ns=859211745353115 stage=T2 side=S res=1 tail=144512
RLTRACE t_ns=859211751334055 stage=T5 side=S res=2 off=54296 runs=2 fp=0xf04c7f715e157ac
RLTRACE t_ns=859211752609458 stage=T6 side=S res=2 off=54296 len=1
RLTRACE t_ns=859211752658662 stage=T6 side=S res=2 off=54304 len=1
RLTRACE t_ns=859211768284569 stage=T0 side=S res=1 tail=145556 bytes=1044
RLTRACE t_ns=859211773520385 stage=T2 side=S res=1 tail=145436
RLTRACE t_ns=859211781165937 stage=T5 side=S res=2 off=54312 runs=2 fp=0xf04c7f715e157ac
RLTRACE t_ns=859211782856369 stage=T6 side=S res=2 off=54312 len=1
RLTRACE t_ns=859211782948496 stage=T6 side=S res=2 off=54316 len=1
RLTRACE t_ns=859211783239487 stage=T2 side=S res=1 tail=145556
RLTRACE t_ns=859211791876964 stage=T0 side=S res=1 tail=145616 bytes=60
RLTRACE t_ns=859211796175902 stage=T2 side=S res=1 tail=145616
RLTRACE t_ns=859211801246423 stage=T5 side=S res=2 off=54320 runs=1 fp=0xf04c7f715e157ac
RLTRACE t_ns=859211802254065 stage=T6 side=S res=2 off=54320 len=1
RLTRACE t_ns=859211811814493 stage=T0 side=S res=1 tail=145772 bytes=156
RLTRACE t_ns=859211817019331 stage=T2 side=S res=1 tail=145772
RLTRACE t_ns=859211823583566 stage=T5 side=S res=2 off=54328 runs=2 fp=0x6262a59a338b2a0a
RLTRACE t_ns=859211824994493 stage=T6 side=S res=2 off=54328 len=1
RLTRACE t_ns=859211825080201 stage=T6 side=S res=2 off=54336 len=1
RLTRACE t_ns=859211840410605 stage=T0 side=S res=1 tail=146816 bytes=1044
RLTRACE t_ns=859211846524728 stage=T2 side=S res=1 tail=146420
RLTRACE t_ns=859211854941968 stage=T5 side=S res=2 off=54344 runs=2 fp=0x6262a59a338b2a0a
RLTRACE t_ns=859211856801616 stage=T6 side=S res=2 off=54344 len=1
RLTRACE t_ns=859211856914319 stage=T6 side=S res=2 off=54348 len=1
RLTRACE t_ns=859211857201608 stage=T2 side=S res=1 tail=146816
RLTRACE t_ns=859211865407525 stage=T0 side=S res=1 tail=146876 bytes=60
RLTRACE t_ns=859211869320785 stage=T2 side=S res=1 tail=146876
RLTRACE t_ns=859211874032765 stage=T5 side=S res=2 off=54352 runs=1 fp=0x6262a59a338b2a0a
RLTRACE t_ns=859211874994587 stage=T6 side=S res=2 off=54352 len=1
RLTRACE t_ns=859211884214682 stage=T0 side=S res=1 tail=147032 bytes=156
RLTRACE t_ns=859211889420139 stage=T2 side=S res=1 tail=147032
RLTRACE t_ns=859211897866038 stage=T5 side=S res=2 off=54360 runs=2 fp=0x6262a59a338b2a0a
RLTRACE t_ns=859211899154043 stage=T6 side=S res=2 off=54360 len=1
RLTRACE t_ns=859211899241751 stage=T6 side=S res=2 off=54368 len=1
RLTRACE t_ns=859211932228836 stage=T0 side=S res=1 tail=148076 bytes=1044
RLTRACE t_ns=859211938457982 stage=T2 side=S res=1 tail=148076
RLTRACE t_ns=859211944425082 stage=T5 side=S res=2 off=54376 runs=2 fp=0x6262a59a338b2a0a
RLTRACE t_ns=859211946523407 stage=T6 side=S res=2 off=54376 len=1
RLTRACE t_ns=859211946639468 stage=T6 side=S res=2 off=54380 len=1
RLTRACE t_ns=859211964416188 stage=T0 side=S res=1 tail=148136 bytes=60
RLTRACE t_ns=859211971992036 stage=T2 side=S res=1 tail=148136
RLTRACE t_ns=859211977608796 stage=T5 side=S res=2 off=54384 runs=1 fp=0x6262a59a338b2a0a
RLTRACE t_ns=859211979194465 stage=T6 side=S res=2 off=54384 len=1
RLTRACE t_ns=859211996822713 stage=T0 side=S res=1 tail=148292 bytes=156
RLTRACE t_ns=859212004756861 stage=T2 side=S res=1 tail=148292
RLTRACE t_ns=859212012312866 stage=T5 side=S res=2 off=54392 runs=2 fp=0xce1d2b7b14297448
RLTRACE t_ns=859212014545586 stage=T6 side=S res=2 off=54392 len=1
RLTRACE t_ns=859212014646819 stage=T6 side=S res=2 off=54400 len=1
RLTRACE t_ns=859212035711105 stage=T0 side=S res=1 tail=149336 bytes=1044
RLTRACE t_ns=859212041456312 stage=T2 side=S res=1 tail=148328
RLTRACE t_ns=859212049294341 stage=T5 side=S res=2 off=54408 runs=2 fp=0xce1d2b7b14297448
RLTRACE t_ns=859212051574340 stage=T6 side=S res=2 off=54408 len=1
RLTRACE t_ns=859212051685090 stage=T6 side=S res=2 off=54412 len=1
RLTRACE t_ns=859212051984402 stage=T2 side=S res=1 tail=149336
RLTRACE t_ns=859212082690228 stage=T0 side=S res=1 tail=149396 bytes=60
RLTRACE t_ns=859212089386166 stage=T2 side=S res=1 tail=149396
RLTRACE t_ns=859212099129987 stage=T5 side=S res=2 off=54416 runs=1 fp=0xce1d2b7b14297448
RLTRACE t_ns=859212100310400 stage=T6 side=S res=2 off=54416 len=1
RLTRACE t_ns=859212108671250 stage=T0 side=S res=1 tail=149552 bytes=156
RLTRACE t_ns=859212113324534 stage=T2 side=S res=1 tail=149552
RLTRACE t_ns=859212119739679 stage=T5 side=S res=2 off=54424 runs=2 fp=0xce1d2b7b14297448
RLTRACE t_ns=859212121249727 stage=T6 side=S res=2 off=54424 len=1
RLTRACE t_ns=859212121328801 stage=T6 side=S res=2 off=54432 len=1
RLTRACE t_ns=859212137070679 stage=T0 side=S res=1 tail=150596 bytes=1044
RLTRACE t_ns=859212141099073 stage=T2 side=S res=1 tail=150596
RLTRACE t_ns=859212144954408 stage=T5 side=S res=2 off=54440 runs=2 fp=0xce1d2b7b14297448
RLTRACE t_ns=859212146155543 stage=T6 side=S res=2 off=54440 len=1
RLTRACE t_ns=859212146237060 stage=T6 side=S res=2 off=54444 len=1
RLTRACE t_ns=859212157388452 stage=T0 side=S res=1 tail=150656 bytes=60
RLTRACE t_ns=859212161734325 stage=T2 side=S res=1 tail=150656
RLTRACE t_ns=859212166994240 stage=T5 side=S res=2 off=54448 runs=1 fp=0xce1d2b7b14297448
RLTRACE t_ns=859212168331711 stage=T6 side=S res=2 off=54448 len=1
RLTRACE t_ns=859212180926125 stage=T0 side=S res=1 tail=150692 bytes=36
RLTRACE t_ns=859212185052980 stage=T2 side=S res=1 tail=150692
RLTRACE t_ns=859212189169850 stage=T0 side=S res=1 tail=150812 bytes=120
RLTRACE t_ns=859212192484126 stage=T2 side=S res=1 tail=150812
RLTRACE t_ns=859212195664222 stage=T5 side=S res=2 off=54456 runs=2 fp=0xa9c4dc58391b27e
RLTRACE t_ns=859212196451010 stage=T6 side=S res=2 off=54456 len=1
RLTRACE t_ns=859212196521179 stage=T6 side=S res=2 off=54464 len=1
RLTRACE t_ns=859212206535500 stage=T0 side=S res=1 tail=151856 bytes=1044
RLTRACE t_ns=859212209826819 stage=T2 side=S res=1 tail=151264
RLTRACE t_ns=859212216438941 stage=T5 side=S res=2 off=54472 runs=2 fp=0xa9c4dc58391b27e
RLTRACE t_ns=859212217552192 stage=T6 side=S res=2 off=54472 len=1
RLTRACE t_ns=859212217605546 stage=T6 side=S res=2 off=54476 len=1
RLTRACE t_ns=859212217898859 stage=T2 side=S res=1 tail=151856
RLTRACE t_ns=859212225268329 stage=T0 side=S res=1 tail=151916 bytes=60
RLTRACE t_ns=859212228628443 stage=T2 side=S res=1 tail=151916
RLTRACE t_ns=859212231769139 stage=T5 side=S res=2 off=54480 runs=1 fp=0xa9c4dc58391b27e
RLTRACE t_ns=859212232606944 stage=T6 side=S res=2 off=54480 len=1
RLTRACE t_ns=859212239559026 stage=T0 side=S res=1 tail=152072 bytes=156
RLTRACE t_ns=859212243060999 stage=T2 side=S res=1 tail=151988
RLTRACE t_ns=859212246988230 stage=T5 side=S res=2 off=54488 runs=2 fp=0xa9c4dc58391b27e
RLTRACE t_ns=859212247841873 stage=T6 side=S res=2 off=54488 len=1
RLTRACE t_ns=859212247918606 stage=T6 side=S res=2 off=54496 len=1
RLTRACE t_ns=859212248393195 stage=T2 side=S res=1 tail=152072
RLTRACE t_ns=859212266599977 stage=T0 side=S res=1 tail=153116 bytes=1044
RLTRACE t_ns=859212270633898 stage=T2 side=S res=1 tail=153116
RLTRACE t_ns=859212273549969 stage=T5 side=S res=2 off=54504 runs=2 fp=0xa9c4dc58391b27e
RLTRACE t_ns=859212274295599 stage=T6 side=S res=2 off=54504 len=1
RLTRACE t_ns=859212274359329 stage=T6 side=S res=2 off=54508 len=1
RLTRACE t_ns=859212281843139 stage=T0 side=S res=1 tail=153176 bytes=60
RLTRACE t_ns=859212285595662 stage=T2 side=S res=1 tail=153176
RLTRACE t_ns=859212292160389 stage=T5 side=S res=2 off=54512 runs=1 fp=0xa9c4dc58391b27e
RLTRACE t_ns=859212293737975 stage=T6 side=S res=2 off=54512 len=1
RLTRACE t_ns=859212301531395 stage=T0 side=S res=1 tail=153212 bytes=36
RLTRACE t_ns=859212305075451 stage=T2 side=S res=1 tail=153212
RLTRACE t_ns=859212311270101 stage=T0 side=S res=1 tail=153332 bytes=120
RLTRACE t_ns=859212314534172 stage=T2 side=S res=1 tail=153332
RLTRACE t_ns=859212320214731 stage=T5 side=S res=2 off=54520 runs=2 fp=0xe7bdac76dc34c2a4
RLTRACE t_ns=859212321164596 stage=T6 side=S res=2 off=54520 len=1
RLTRACE t_ns=859212321273363 stage=T6 side=S res=2 off=54528 len=1
RLTRACE t_ns=859212344609596 stage=T0 side=S res=1 tail=154376 bytes=1044
RLTRACE t_ns=859212347954618 stage=T2 side=S res=1 tail=154376
RLTRACE t_ns=859212351534786 stage=T5 side=S res=2 off=54536 runs=2 fp=0xe7bdac76dc34c2a4
RLTRACE t_ns=859212352517372 stage=T6 side=S res=2 off=54536 len=1
RLTRACE t_ns=859212352599275 stage=T6 side=S res=2 off=54540 len=1
RLTRACE t_ns=859212360647831 stage=T0 side=S res=1 tail=154436 bytes=60
RLTRACE t_ns=859212364066742 stage=T2 side=S res=1 tail=154436
RLTRACE t_ns=859212367711470 stage=T5 side=S res=2 off=54544 runs=1 fp=0xe7bdac76dc34c2a4
RLTRACE t_ns=859212368595994 stage=T6 side=S res=2 off=54544 len=1
RLTRACE t_ns=859212375295961 stage=T0 side=S res=1 tail=154472 bytes=36
RLTRACE t_ns=859212378688024 stage=T2 side=S res=1 tail=154472
RLTRACE t_ns=859212383190813 stage=T0 side=S res=1 tail=154592 bytes=120
RLTRACE t_ns=859212386593359 stage=T2 side=S res=1 tail=154592
RLTRACE t_ns=859212389998203 stage=T5 side=S res=2 off=54552 runs=2 fp=0xe7bdac76dc34c2a4
RLTRACE t_ns=859212390865141 stage=T6 side=S res=2 off=54552 len=1
RLTRACE t_ns=859212390933651 stage=T6 side=S res=2 off=54560 len=1
RLTRACE t_ns=859212400723129 stage=T0 side=S res=1 tail=154628 bytes=36
RLTRACE t_ns=859212404522126 stage=T2 side=S res=1 tail=154628
RLTRACE t_ns=859212409158981 stage=T0 side=S res=1 tail=155636 bytes=1008
RLTRACE t_ns=859212412703787 stage=T2 side=S res=1 tail=155416
RLTRACE t_ns=859212415876771 stage=T5 side=S res=2 off=54568 runs=2 fp=0xe7bdac76dc34c2a4
RLTRACE t_ns=859212416799585 stage=T6 side=S res=2 off=54568 len=1
RLTRACE t_ns=859212416863086 stage=T6 side=S res=2 off=54572 len=1
RLTRACE t_ns=859212417139498 stage=T2 side=S res=1 tail=155636
RLTRACE t_ns=859212424835223 stage=T0 side=S res=1 tail=155696 bytes=60
RLTRACE t_ns=859212428084422 stage=T2 side=S res=1 tail=155696
RLTRACE t_ns=859212431482916 stage=T5 side=S res=2 off=54576 runs=1 fp=0xe7bdac76dc34c2a4
RLTRACE t_ns=859212432388761 stage=T6 side=S res=2 off=54576 len=1
RLTRACE t_ns=859212440351529 stage=T0 side=S res=1 tail=155852 bytes=156
RLTRACE t_ns=859212443674053 stage=T2 side=S res=1 tail=155768
RLTRACE t_ns=859212447250174 stage=T5 side=S res=2 off=54584 runs=2 fp=0x54ad8fb391a91622
RLTRACE t_ns=859212448036400 stage=T6 side=S res=2 off=54584 len=1
RLTRACE t_ns=859212448106502 stage=T6 side=S res=2 off=54592 len=1
RLTRACE t_ns=859212448564644 stage=T2 side=S res=1 tail=155852
RLTRACE t_ns=859212473278823 stage=T0 side=S res=1 tail=155888 bytes=36
RLTRACE t_ns=859212477029724 stage=T2 side=S res=1 tail=155888
RLTRACE t_ns=859212481468687 stage=T0 side=S res=1 tail=156896 bytes=1008
RLTRACE t_ns=859212485247709 stage=T2 side=S res=1 tail=156896
RLTRACE t_ns=859212488648859 stage=T5 side=S res=2 off=54600 runs=2 fp=0x54ad8fb391a91622
RLTRACE t_ns=859212489544791 stage=T6 side=S res=2 off=54600 len=1
RLTRACE t_ns=859212489614775 stage=T6 side=S res=2 off=54604 len=1
RLTRACE t_ns=859212497121220 stage=T0 side=S res=1 tail=156956 bytes=60
RLTRACE t_ns=859212500347029 stage=T2 side=S res=1 tail=156932
RLTRACE t_ns=859212504489675 stage=T5 side=S res=2 off=54608 runs=1 fp=0x54ad8fb391a91622
RLTRACE t_ns=859212505330955 stage=T6 side=S res=2 off=54608 len=1
RLTRACE t_ns=859212505660483 stage=T2 side=S res=1 tail=156956
RLTRACE t_ns=859212522739003 stage=T0 side=S res=1 tail=157112 bytes=156
RLTRACE t_ns=859212529222419 stage=T2 side=S res=1 tail=157112
RLTRACE t_ns=859212532544833 stage=T5 side=S res=2 off=54616 runs=2 fp=0x54ad8fb391a91622
RLTRACE t_ns=859212533555870 stage=T6 side=S res=2 off=54616 len=1
RLTRACE t_ns=859212533625142 stage=T6 side=S res=2 off=54624 len=1
RLTRACE t_ns=859212548251045 stage=T0 side=S res=1 tail=158156 bytes=1044
RLTRACE t_ns=859212552006096 stage=T2 side=S res=1 tail=158156
RLTRACE t_ns=859212556764301 stage=T5 side=S res=2 off=54632 runs=2 fp=0x54ad8fb391a91622
RLTRACE t_ns=859212557766516 stage=T6 side=S res=2 off=54632 len=1
RLTRACE t_ns=859212557876911 stage=T6 side=S res=2 off=54636 len=1
RLTRACE t_ns=859212565945482 stage=T0 side=S res=1 tail=158216 bytes=60
RLTRACE t_ns=859212569203450 stage=T2 side=S res=1 tail=158216
RLTRACE t_ns=859212572744339 stage=T5 side=S res=2 off=54640 runs=1 fp=0x54ad8fb391a91622
RLTRACE t_ns=859212573508391 stage=T6 side=S res=2 off=54640 len=1
RLTRACE t_ns=859212581670710 stage=T0 side=S res=1 tail=158372 bytes=156
RLTRACE t_ns=859212585228429 stage=T2 side=S res=1 tail=158252
RLTRACE t_ns=859212588933277 stage=T5 side=S res=2 off=54648 runs=2 fp=0x555c7e731055d380
RLTRACE t_ns=859212589784478 stage=T6 side=S res=2 off=54648 len=1
RLTRACE t_ns=859212589893106 stage=T6 side=S res=2 off=54656 len=1
RLTRACE t_ns=859212590608655 stage=T2 side=S res=1 tail=158372
RLTRACE t_ns=859212611200205 stage=T0 side=S res=1 tail=159416 bytes=1044
RLTRACE t_ns=859212614594457 stage=T2 side=S res=1 tail=159416
RLTRACE t_ns=859212618252975 stage=T5 side=S res=2 off=54664 runs=2 fp=0x555c7e731055d380
RLTRACE t_ns=859212619184299 stage=T6 side=S res=2 off=54664 len=1
RLTRACE t_ns=859212619261408 stage=T6 side=S res=2 off=54668 len=1
RLTRACE t_ns=859212627209726 stage=T0 side=S res=1 tail=159476 bytes=60
RLTRACE t_ns=859212630505838 stage=T2 side=S res=1 tail=159476
RLTRACE t_ns=859212633737885 stage=T5 side=S res=2 off=54672 runs=1 fp=0x555c7e731055d380
RLTRACE t_ns=859212634675989 stage=T6 side=S res=2 off=54672 len=1
RLTRACE t_ns=859212641654150 stage=T0 side=S res=1 tail=159512 bytes=36
RLTRACE t_ns=859212645059469 stage=T2 side=S res=1 tail=159512
RLTRACE t_ns=859212650445974 stage=T0 side=S res=1 tail=159632 bytes=120
RLTRACE t_ns=859212653988134 stage=T2 side=S res=1 tail=159632
RLTRACE t_ns=859212658332491 stage=T5 side=S res=2 off=54680 runs=2 fp=0x555c7e731055d380
RLTRACE t_ns=859212659165849 stage=T6 side=S res=2 off=54680 len=1
RLTRACE t_ns=859212659238840 stage=T6 side=S res=2 off=54688 len=1
RLTRACE t_ns=859212674167309 stage=T0 side=S res=1 tail=160676 bytes=1044
RLTRACE t_ns=859212677213831 stage=T2 side=S res=1 tail=159668
RLTRACE t_ns=859212680890574 stage=T5 side=S res=2 off=54696 runs=2 fp=0x555c7e731055d380
RLTRACE t_ns=859212681719972 stage=T6 side=S res=2 off=54696 len=1
RLTRACE t_ns=859212681780221 stage=T6 side=S res=2 off=54700 len=1
RLTRACE t_ns=859212682079465 stage=T2 side=S res=1 tail=160676
RLTRACE t_ns=859212693070713 stage=T0 side=S res=1 tail=160736 bytes=60
RLTRACE t_ns=859212696250588 stage=T2 side=S res=1 tail=160736
RLTRACE t_ns=859212701061901 stage=T5 side=S res=2 off=54704 runs=1 fp=0x555c7e731055d380
RLTRACE t_ns=859212702060070 stage=T6 side=S res=2 off=54704 len=1
RLTRACE t_ns=859212709370878 stage=T0 side=S res=1 tail=160892 bytes=156
RLTRACE t_ns=859212712266947 stage=T2 side=S res=1 tail=160892
RLTRACE t_ns=859212717890014 stage=T5 side=S res=2 off=54712 runs=2 fp=0x1bc8c953388b2156
RLTRACE t_ns=859212718925313 stage=T6 side=S res=2 off=54712 len=1
RLTRACE t_ns=859212719026394 stage=T6 side=S res=2 off=54720 len=1
RLTRACE t_ns=859212731485348 stage=T0 side=S res=1 tail=161936 bytes=1044
RLTRACE t_ns=859212734976219 stage=T2 side=S res=1 tail=160928
RLTRACE t_ns=859212740338172 stage=T5 side=S res=2 off=54728 runs=2 fp=0x1bc8c953388b2156
RLTRACE t_ns=859212741199363 stage=T6 side=S res=2 off=54728 len=1
RLTRACE t_ns=859212741292060 stage=T6 side=S res=2 off=54732 len=1
RLTRACE t_ns=859212741568561 stage=T2 side=S res=1 tail=161936
RLTRACE t_ns=859212755122713 stage=T0 side=S res=1 tail=161996 bytes=60
RLTRACE t_ns=859212758346078 stage=T2 side=S res=1 tail=161996
RLTRACE t_ns=859212761798041 stage=T5 side=S res=2 off=54736 runs=1 fp=0x1bc8c953388b2156
RLTRACE t_ns=859212762651962 stage=T6 side=S res=2 off=54736 len=1
RLTRACE t_ns=859212772368168 stage=T0 side=S res=1 tail=162152 bytes=156
RLTRACE t_ns=859212775669678 stage=T2 side=S res=1 tail=162152
RLTRACE t_ns=859212779159146 stage=T5 side=S res=2 off=54744 runs=2 fp=0x1bc8c953388b2156
RLTRACE t_ns=859212780111179 stage=T6 side=S res=2 off=54744 len=1
RLTRACE t_ns=859212780250235 stage=T6 side=S res=2 off=54752 len=1
RLTRACE t_ns=859212789096060 stage=T0 side=S res=1 tail=163196 bytes=1044
RLTRACE t_ns=859212792314535 stage=T2 side=S res=1 tail=162456
RLTRACE t_ns=859212795741570 stage=T5 side=S res=2 off=54760 runs=2 fp=0x1bc8c953388b2156
RLTRACE t_ns=859212796577915 stage=T6 side=S res=2 off=54760 len=1
RLTRACE t_ns=859212796651305 stage=T6 side=S res=2 off=54764 len=1
RLTRACE t_ns=859212796930523 stage=T2 side=S res=1 tail=163196
RLTRACE t_ns=859212806389701 stage=T0 side=S res=1 tail=163256 bytes=60
RLTRACE t_ns=859212809708497 stage=T2 side=S res=1 tail=163232
RLTRACE t_ns=859212813187421 stage=T5 side=S res=2 off=54768 runs=1 fp=0x1bc8c953388b2156
RLTRACE t_ns=859212813940150 stage=T6 side=S res=2 off=54768 len=1
RLTRACE t_ns=859212814300578 stage=T2 side=S res=1 tail=163256
RLTRACE t_ns=859212826740100 stage=T0 side=S res=1 tail=163412 bytes=156
RLTRACE t_ns=859212830230111 stage=T2 side=S res=1 tail=163412
RLTRACE t_ns=859212835434159 stage=T5 side=S res=2 off=54776 runs=2 fp=0x9464a5c4c3943edc
RLTRACE t_ns=859212836311745 stage=T6 side=S res=2 off=54776 len=1
RLTRACE t_ns=859212836386004 stage=T6 side=S res=2 off=54784 len=1
RLTRACE t_ns=859212850471955 stage=T0 side=S res=1 tail=164456 bytes=1044
RLTRACE t_ns=859212854295186 stage=T2 side=S res=1 tail=164456
RLTRACE t_ns=859212859198338 stage=T5 side=S res=2 off=54792 runs=2 fp=0x9464a5c4c3943edc
RLTRACE t_ns=859212860634770 stage=T6 side=S res=2 off=54792 len=1
RLTRACE t_ns=859212860742269 stage=T6 side=S res=2 off=54796 len=1
RLTRACE t_ns=859212870796051 stage=T0 side=S res=1 tail=164516 bytes=60
RLTRACE t_ns=859212875264533 stage=T2 side=S res=1 tail=164516
RLTRACE t_ns=859212882065630 stage=T5 side=S res=2 off=54800 runs=1 fp=0x9464a5c4c3943edc
RLTRACE t_ns=859212883358837 stage=T6 side=S res=2 off=54800 len=1
RLTRACE t_ns=859212892024511 stage=T0 side=S res=1 tail=164672 bytes=156
RLTRACE t_ns=859212896226463 stage=T2 side=S res=1 tail=164672
RLTRACE t_ns=859212901857440 stage=T5 side=S res=2 off=54808 runs=2 fp=0x9464a5c4c3943edc
RLTRACE t_ns=859212903093469 stage=T6 side=S res=2 off=54808 len=1
RLTRACE t_ns=859212903178509 stage=T6 side=S res=2 off=54816 len=1
RLTRACE t_ns=859212931506168 stage=T0 side=S res=1 tail=165716 bytes=1044
RLTRACE t_ns=859212938651146 stage=T2 side=S res=1 tail=165716
RLTRACE t_ns=859212947231075 stage=T5 side=S res=2 off=54824 runs=2 fp=0x9464a5c4c3943edc
RLTRACE t_ns=859212948736047 stage=T6 side=S res=2 off=54824 len=1
RLTRACE t_ns=859212948823681 stage=T6 side=S res=2 off=54828 len=1
RLTRACE t_ns=859212958178120 stage=T0 side=S res=1 tail=165776 bytes=60
RLTRACE t_ns=859212962487993 stage=T2 side=S res=1 tail=165752
RLTRACE t_ns=859212967173346 stage=T5 side=S res=2 off=54832 runs=1 fp=0x9464a5c4c3943edc
RLTRACE t_ns=859212968398369 stage=T6 side=S res=2 off=54832 len=1
RLTRACE t_ns=859212968744407 stage=T2 side=S res=1 tail=165776
RLTRACE t_ns=859212986983623 stage=T0 side=S res=1 tail=165932 bytes=156
RLTRACE t_ns=859212993541148 stage=T2 side=S res=1 tail=165932
RLTRACE t_ns=859213003998464 stage=T5 side=S res=2 off=54840 runs=2 fp=0xff6fc6bb20b339ba
RLTRACE t_ns=859213006500339 stage=T6 side=S res=2 off=54840 len=1
RLTRACE t_ns=859213006661590 stage=T6 side=S res=2 off=54848 len=1
RLTRACE t_ns=859213023251801 stage=T0 side=S res=1 tail=166976 bytes=1044
RLTRACE t_ns=859213027018503 stage=T2 side=S res=1 tail=166856
RLTRACE t_ns=859213030310686 stage=T5 side=S res=2 off=54856 runs=2 fp=0xff6fc6bb20b339ba
RLTRACE t_ns=859213031276832 stage=T6 side=S res=2 off=54856 len=1
RLTRACE t_ns=859213031342996 stage=T6 side=S res=2 off=54860 len=1
RLTRACE t_ns=859213031621633 stage=T2 side=S res=1 tail=166976
RLTRACE t_ns=859213043888176 stage=T0 side=S res=1 tail=167012 bytes=36
RLTRACE t_ns=859213049051535 stage=T2 side=S res=1 tail=167012
RLTRACE t_ns=859213054216622 stage=T0 side=S res=1 tail=167036 bytes=24
RLTRACE t_ns=859213059316685 stage=T2 side=S res=1 tail=167036
RLTRACE t_ns=859213065558928 stage=T5 side=S res=2 off=54864 runs=1 fp=0xff6fc6bb20b339ba
RLTRACE t_ns=859213067356240 stage=T6 side=S res=2 off=54864 len=1
RLTRACE t_ns=859213079951355 stage=T0 side=S res=1 tail=167192 bytes=156
RLTRACE t_ns=859213083540468 stage=T2 side=S res=1 tail=167192
RLTRACE t_ns=859213088442371 stage=T5 side=S res=2 off=54872 runs=2 fp=0xff6fc6bb20b339ba
RLTRACE t_ns=859213089315454 stage=T6 side=S res=2 off=54872 len=1
RLTRACE t_ns=859213089406647 stage=T6 side=S res=2 off=54880 len=1
RLTRACE t_ns=859213103038386 stage=T0 side=S res=1 tail=168236 bytes=1044
RLTRACE t_ns=859213106944183 stage=T2 side=S res=1 tail=167228
RLTRACE t_ns=859213112663254 stage=T5 side=S res=2 off=54888 runs=2 fp=0xff6fc6bb20b339ba
RLTRACE t_ns=859213114137971 stage=T6 side=S res=2 off=54888 len=1
RLTRACE t_ns=859213114207878 stage=T6 side=S res=2 off=54892 len=1
RLTRACE t_ns=859213114495744 stage=T2 side=S res=1 tail=168236
RLTRACE t_ns=859213129932649 stage=T0 side=S res=1 tail=168272 bytes=36
RLTRACE t_ns=859213133237598 stage=T2 side=S res=1 tail=168272
RLTRACE t_ns=859213138586045 stage=T0 side=S res=1 tail=168296 bytes=24
RLTRACE t_ns=859213141816193 stage=T2 side=S res=1 tail=168296
RLTRACE t_ns=859213145044045 stage=T5 side=S res=2 off=54896 runs=1 fp=0xff6fc6bb20b339ba
RLTRACE t_ns=859213145818597 stage=T6 side=S res=2 off=54896 len=1
RLTRACE t_ns=859213153187016 stage=T0 side=S res=1 tail=168452 bytes=156
RLTRACE t_ns=859213157012804 stage=T2 side=S res=1 tail=168368
RLTRACE t_ns=859213160635037 stage=T5 side=S res=2 off=54904 runs=2 fp=0x90b4b4d6f1edef8
RLTRACE t_ns=859213161538576 stage=T6 side=S res=2 off=54904 len=1
RLTRACE t_ns=859213161636565 stage=T6 side=S res=2 off=54912 len=1
RLTRACE t_ns=859213161916320 stage=T2 side=S res=1 tail=168452
RLTRACE t_ns=859213188120905 stage=T0 side=S res=1 tail=169496 bytes=1044
RLTRACE t_ns=859213192317295 stage=T2 side=S res=1 tail=169376
RLTRACE t_ns=859213197444929 stage=T5 side=S res=2 off=54920 runs=2 fp=0x90b4b4d6f1edef8
RLTRACE t_ns=859213198770566 stage=T6 side=S res=2 off=54920 len=1
RLTRACE t_ns=859213198857247 stage=T6 side=S res=2 off=54924 len=1
RLTRACE t_ns=859213199382275 stage=T2 side=S res=1 tail=169496
RLTRACE t_ns=859213210194917 stage=T0 side=S res=1 tail=169556 bytes=60
RLTRACE t_ns=859213214109123 stage=T2 side=S res=1 tail=169556
RLTRACE t_ns=859213219044877 stage=T5 side=S res=2 off=54928 runs=1 fp=0x90b4b4d6f1edef8
RLTRACE t_ns=859213220185827 stage=T6 side=S res=2 off=54928 len=1
RLTRACE t_ns=859213231534364 stage=T0 side=S res=1 tail=169712 bytes=156
RLTRACE t_ns=859213235405421 stage=T2 side=S res=1 tail=169688
RLTRACE t_ns=859213241797520 stage=T5 side=S res=2 off=54936 runs=2 fp=0x90b4b4d6f1edef8
RLTRACE t_ns=859213244106752 stage=T6 side=S res=2 off=54936 len=1
RLTRACE t_ns=859213244405017 stage=T6 side=S res=2 off=54944 len=1
RLTRACE t_ns=859213245568500 stage=T2 side=S res=1 tail=169712
RLTRACE t_ns=859213259174491 stage=T0 side=S res=1 tail=169948 bytes=236
RLTRACE t_ns=859213264090843 stage=T2 side=S res=1 tail=169888
RLTRACE t_ns=859213269040073 stage=T5 side=S res=2 off=54952 runs=2 fp=0x90b4b4d6f1edef8
RLTRACE t_ns=859213270151331 stage=T6 side=S res=2 off=54952 len=1
RLTRACE t_ns=859213270236086 stage=T6 side=S res=2 off=54956 len=1
RLTRACE t_ns=859213270553008 stage=T2 side=S res=1 tail=169948
RLTRACE t_ns=859213281245069 stage=T0 side=S res=1 tail=170756 bytes=808
RLTRACE t_ns=859213284962293 stage=T2 side=S res=1 tail=170756
RLTRACE t_ns=859213289679288 stage=T0 side=S res=1 tail=170816 bytes=60
RLTRACE t_ns=859213293226261 stage=T2 side=S res=1 tail=170816
RLTRACE t_ns=859213297253509 stage=T5 side=S res=2 off=54960 runs=1 fp=0x90b4b4d6f1edef8
RLTRACE t_ns=859213298087192 stage=T6 side=S res=2 off=54960 len=1
RLTRACE t_ns=859213306066828 stage=T0 side=S res=1 tail=170972 bytes=156
RLTRACE t_ns=859213310302733 stage=T2 side=S res=1 tail=170972
RLTRACE t_ns=859213317047620 stage=T5 side=S res=2 off=54968 runs=2 fp=0x9e69f7e524e5642e
RLTRACE t_ns=859213318244139 stage=T6 side=S res=2 off=54968 len=1
RLTRACE t_ns=859213318312094 stage=T6 side=S res=2 off=54976 len=1
RLTRACE t_ns=859213329900326 stage=T0 side=S res=1 tail=172016 bytes=1044
RLTRACE t_ns=859213333294295 stage=T2 side=S res=1 tail=171896
RLTRACE t_ns=859213336697026 stage=T5 side=S res=2 off=54984 runs=2 fp=0x9e69f7e524e5642e
RLTRACE t_ns=859213337592995 stage=T6 side=S res=2 off=54984 len=1
RLTRACE t_ns=859213337663495 stage=T6 side=S res=2 off=54988 len=1
RLTRACE t_ns=859213337940519 stage=T2 side=S res=1 tail=172016
RLTRACE t_ns=859213344602119 stage=T0 side=S res=1 tail=172052 bytes=36
RLTRACE t_ns=859213347811997 stage=T2 side=S res=1 tail=172052
RLTRACE t_ns=859213352266894 stage=T0 side=S res=1 tail=172076 bytes=24
RLTRACE t_ns=859213355840779 stage=T2 side=S res=1 tail=172076
RLTRACE t_ns=859213358925077 stage=T5 side=S res=2 off=54992 runs=1 fp=0x9e69f7e524e5642e
RLTRACE t_ns=859213359719370 stage=T6 side=S res=2 off=54992 len=1
RLTRACE t_ns=859213367013574 stage=T0 side=S res=1 tail=172232 bytes=156
RLTRACE t_ns=859213370845047 stage=T2 side=S res=1 tail=172232
RLTRACE t_ns=859213374228915 stage=T5 side=S res=2 off=55000 runs=2 fp=0x9e69f7e524e5642e
RLTRACE t_ns=859213375073222 stage=T6 side=S res=2 off=55000 len=1
RLTRACE t_ns=859213375107946 stage=T6 side=S res=2 off=55008 len=1
RLTRACE t_ns=859213386593539 stage=T0 side=S res=1 tail=173276 bytes=1044
RLTRACE t_ns=859213389821567 stage=T2 side=S res=1 tail=173156
RLTRACE t_ns=859213393936048 stage=T5 side=S res=2 off=55016 runs=2 fp=0x9e69f7e524e5642e
RLTRACE t_ns=859213394722606 stage=T6 side=S res=2 off=55016 len=1
RLTRACE t_ns=859213394807923 stage=T6 side=S res=2 off=55020 len=1
RLTRACE t_ns=859213395097983 stage=T2 side=S res=1 tail=173276
RLTRACE t_ns=859213401657723 stage=T0 side=S res=1 tail=173312 bytes=36
RLTRACE t_ns=859213404979021 stage=T2 side=S res=1 tail=173312
RLTRACE t_ns=859213408916165 stage=T0 side=S res=1 tail=173336 bytes=24
RLTRACE t_ns=859213412162199 stage=T2 side=S res=1 tail=173336
RLTRACE t_ns=859213415348273 stage=T5 side=S res=2 off=55024 runs=1 fp=0x9e69f7e524e5642e
RLTRACE t_ns=859213416225423 stage=T6 side=S res=2 off=55024 len=1
RLTRACE t_ns=859213424185538 stage=T0 side=S res=1 tail=173492 bytes=156
RLTRACE t_ns=859213426968690 stage=T2 side=S res=1 tail=173408
RLTRACE t_ns=859213433602690 stage=T5 side=S res=2 off=55032 runs=2 fp=0xf92b73f9b4760b94
RLTRACE t_ns=859213434977170 stage=T6 side=S res=2 off=55032 len=1
RLTRACE t_ns=859213435094703 stage=T6 side=S res=2 off=55040 len=1
RLTRACE t_ns=859213435383045 stage=T2 side=S res=1 tail=173492
RLTRACE t_ns=859213454907773 stage=T0 side=S res=1 tail=174536 bytes=1044
RLTRACE t_ns=859213458759936 stage=T2 side=S res=1 tail=173528
RLTRACE t_ns=859213465244629 stage=T5 side=S res=2 off=55048 runs=2 fp=0xf92b73f9b4760b94
RLTRACE t_ns=859213466901751 stage=T6 side=S res=2 off=55048 len=1
RLTRACE t_ns=859213467021288 stage=T6 side=S res=2 off=55052 len=1
RLTRACE t_ns=859213467341982 stage=T2 side=S res=1 tail=174536
RLTRACE t_ns=859213482936982 stage=T0 side=S res=1 tail=174596 bytes=60
RLTRACE t_ns=859213486284707 stage=T2 side=S res=1 tail=174596
RLTRACE t_ns=859213489597307 stage=T5 side=S res=2 off=55056 runs=1 fp=0xf92b73f9b4760b94
RLTRACE t_ns=859213490480348 stage=T6 side=S res=2 off=55056 len=1
RLTRACE t_ns=859213498371988 stage=T0 side=S res=1 tail=174752 bytes=156
RLTRACE t_ns=859213501836835 stage=T2 side=S res=1 tail=174752
RLTRACE t_ns=859213505199549 stage=T5 side=S res=2 off=55064 runs=2 fp=0xf92b73f9b4760b94
RLTRACE t_ns=859213506122662 stage=T6 side=S res=2 off=55064 len=1
RLTRACE t_ns=859213506194167 stage=T6 side=S res=2 off=55072 len=1
RLTRACE t_ns=859213518575731 stage=T0 side=S res=1 tail=175796 bytes=1044
RLTRACE t_ns=859213521891458 stage=T2 side=S res=1 tail=175796
RLTRACE t_ns=859213526096436 stage=T5 side=S res=2 off=55080 runs=2 fp=0xf92b73f9b4760b94
RLTRACE t_ns=859213527158414 stage=T6 side=S res=2 off=55080 len=1
RLTRACE t_ns=859213527269387 stage=T6 side=S res=2 off=55084 len=1
RLTRACE t_ns=859213535981880 stage=T0 side=S res=1 tail=175856 bytes=60
RLTRACE t_ns=859213539217418 stage=T2 side=S res=1 tail=175856
RLTRACE t_ns=859213543573664 stage=T5 side=S res=2 off=55088 runs=1 fp=0xf92b73f9b4760b94
RLTRACE t_ns=859213545038411 stage=T6 side=S res=2 off=55088 len=1
RLTRACE t_ns=859213555450290 stage=T0 side=S res=1 tail=176012 bytes=156
RLTRACE t_ns=859213559201096 stage=T2 side=S res=1 tail=176012
RLTRACE t_ns=859213563860290 stage=T5 side=S res=2 off=55096 runs=2 fp=0x6eda437028c33f92
RLTRACE t_ns=859213565153039 stage=T6 side=S res=2 off=55096 len=1
RLTRACE t_ns=859213565236594 stage=T6 side=S res=2 off=55104 len=1
RLTRACE t_ns=859213577340809 stage=T0 side=S res=1 tail=177056 bytes=1044
RLTRACE t_ns=859213581035660 stage=T2 side=S res=1 tail=176464
RLTRACE t_ns=859213584548965 stage=T5 side=S res=2 off=55112 runs=2 fp=0x6eda437028c33f92
RLTRACE t_ns=859213585427689 stage=T6 side=S res=2 off=55112 len=1
RLTRACE t_ns=859213585497330 stage=T6 side=S res=2 off=55116 len=1
RLTRACE t_ns=859213585774235 stage=T2 side=S res=1 tail=177056
RLTRACE t_ns=859213592279742 stage=T0 side=S res=1 tail=177116 bytes=60
RLTRACE t_ns=859213596010758 stage=T2 side=S res=1 tail=177116
RLTRACE t_ns=859213599889674 stage=T5 side=S res=2 off=55120 runs=1 fp=0x6eda437028c33f92
RLTRACE t_ns=859213600988067 stage=T6 side=S res=2 off=55120 len=1
RLTRACE t_ns=859213609165738 stage=T0 side=S res=1 tail=177272 bytes=156
RLTRACE t_ns=859213614073608 stage=T2 side=S res=1 tail=177272
RLTRACE t_ns=859213618177173 stage=T5 side=S res=2 off=55128 runs=2 fp=0x6eda437028c33f92
RLTRACE t_ns=859213619198881 stage=T6 side=S res=2 off=55128 len=1
RLTRACE t_ns=859213619251362 stage=T6 side=S res=2 off=55136 len=1
RLTRACE t_ns=859213630865276 stage=T0 side=S res=1 tail=177308 bytes=36
RLTRACE t_ns=859213636032126 stage=T2 side=S res=1 tail=177308
RLTRACE t_ns=859213644831839 stage=T0 side=S res=1 tail=178316 bytes=1008
RLTRACE t_ns=859213651033414 stage=T2 side=S res=1 tail=177576
RLTRACE t_ns=859213658986644 stage=T5 side=S res=2 off=55144 runs=2 fp=0x6eda437028c33f92
RLTRACE t_ns=859213660760370 stage=T6 side=S res=2 off=55144 len=1
RLTRACE t_ns=859213660882363 stage=T6 side=S res=2 off=55148 len=1
RLTRACE t_ns=859213661179051 stage=T2 side=S res=1 tail=178316
RLTRACE t_ns=859213669992359 stage=T0 side=S res=1 tail=178376 bytes=60
RLTRACE t_ns=859213673082944 stage=T2 side=S res=1 tail=178376
RLTRACE t_ns=859213679994062 stage=T5 side=S res=2 off=55152 runs=1 fp=0x6eda437028c33f92
RLTRACE t_ns=859213681747853 stage=T6 side=S res=2 off=55152 len=1
RLTRACE t_ns=859213694259108 stage=T0 side=S res=1 tail=178532 bytes=156
RLTRACE t_ns=859213702787721 stage=T2 side=S res=1 tail=178532
RLTRACE t_ns=859213713513827 stage=T5 side=S res=2 off=55160 runs=2 fp=0xe19113135d329d30
RLTRACE t_ns=859213715896526 stage=T6 side=S res=2 off=55160 len=1
RLTRACE t_ns=859213716034094 stage=T6 side=S res=2 off=55168 len=1
RLTRACE t_ns=859213731775047 stage=T0 side=S res=1 tail=178568 bytes=36
RLTRACE t_ns=859213736009927 stage=T2 side=S res=1 tail=178568
RLTRACE t_ns=859213741137178 stage=T0 side=S res=1 tail=179576 bytes=1008
RLTRACE t_ns=859213746238784 stage=T2 side=S res=1 tail=179576
RLTRACE t_ns=859213750332532 stage=T5 side=S res=2 off=55176 runs=2 fp=0xe19113135d329d30
RLTRACE t_ns=859213751502162 stage=T6 side=S res=2 off=55176 len=1
RLTRACE t_ns=859213751539290 stage=T6 side=S res=2 off=55180 len=1
RLTRACE t_ns=859213762467029 stage=T0 side=S res=1 tail=179636 bytes=60
RLTRACE t_ns=859213769419983 stage=T2 side=S res=1 tail=179636
RLTRACE t_ns=859213774729954 stage=T5 side=S res=2 off=55184 runs=1 fp=0xe19113135d329d30
RLTRACE t_ns=859213776171902 stage=T6 side=S res=2 off=55184 len=1
RLTRACE t_ns=859213792836350 stage=T0 side=S res=1 tail=179792 bytes=156
RLTRACE t_ns=859213796912939 stage=T2 side=S res=1 tail=179792
RLTRACE t_ns=859213802533443 stage=T5 side=S res=2 off=55192 runs=2 fp=0xe19113135d329d30
RLTRACE t_ns=859213803874537 stage=T6 side=S res=2 off=55192 len=1
RLTRACE t_ns=859213803994566 stage=T6 side=S res=2 off=55200 len=1
RLTRACE t_ns=859213816175365 stage=T0 side=S res=1 tail=179828 bytes=36
RLTRACE t_ns=859213819854465 stage=T2 side=S res=1 tail=179828
RLTRACE t_ns=859213824263437 stage=T0 side=S res=1 tail=180836 bytes=1008
RLTRACE t_ns=859213827895735 stage=T2 side=S res=1 tail=180836
RLTRACE t_ns=859213831410118 stage=T5 side=S res=2 off=55208 runs=2 fp=0xe19113135d329d30
RLTRACE t_ns=859213832455096 stage=T6 side=S res=2 off=55208 len=1
RLTRACE t_ns=859213832519137 stage=T6 side=S res=2 off=55212 len=1
RLTRACE t_ns=859213841794568 stage=T0 side=S res=1 tail=180896 bytes=60
RLTRACE t_ns=859213846684466 stage=T2 side=S res=1 tail=180896
RLTRACE t_ns=859213851058461 stage=T5 side=S res=2 off=55216 runs=1 fp=0xe19113135d329d30
RLTRACE t_ns=859213852312805 stage=T6 side=S res=2 off=55216 len=1
RLTRACE t_ns=859213863157816 stage=T0 side=S res=1 tail=181052 bytes=156
RLTRACE t_ns=859213868477417 stage=T2 side=S res=1 tail=181052
RLTRACE t_ns=859213874205671 stage=T5 side=S res=2 off=55224 runs=2 fp=0xaaf68bfcd3014206
RLTRACE t_ns=859213875932922 stage=T6 side=S res=2 off=55224 len=1
RLTRACE t_ns=859213876067144 stage=T6 side=S res=2 off=55232 len=1
RLTRACE t_ns=859213895513803 stage=T0 side=S res=1 tail=182096 bytes=1044
RLTRACE t_ns=859213900603765 stage=T2 side=S res=1 tail=181976
RLTRACE t_ns=859213907326940 stage=T5 side=S res=2 off=55240 runs=2 fp=0xaaf68bfcd3014206
RLTRACE t_ns=859213908506373 stage=T6 side=S res=2 off=55240 len=1
RLTRACE t_ns=859213908574220 stage=T6 side=S res=2 off=55244 len=1
RLTRACE t_ns=859213908856714 stage=T2 side=S res=1 tail=182096
RLTRACE t_ns=859213919349240 stage=T0 side=S res=1 tail=182156 bytes=60
RLTRACE t_ns=859213922983224 stage=T2 side=S res=1 tail=182156
RLTRACE t_ns=859213927344133 stage=T5 side=S res=2 off=55248 runs=1 fp=0xaaf68bfcd3014206
RLTRACE t_ns=859213928199642 stage=T6 side=S res=2 off=55248 len=1
RLTRACE t_ns=859213940698688 stage=T0 side=S res=1 tail=182312 bytes=156
RLTRACE t_ns=859213945097805 stage=T2 side=S res=1 tail=182312
RLTRACE t_ns=859213948855937 stage=T5 side=S res=2 off=55256 runs=2 fp=0xaaf68bfcd3014206
RLTRACE t_ns=859213950091548 stage=T6 side=S res=2 off=55256 len=1
RLTRACE t_ns=859213950154213 stage=T6 side=S res=2 off=55264 len=1
RLTRACE t_ns=859213977097869 stage=T0 side=S res=1 tail=183356 bytes=1044
RLTRACE t_ns=859213986193740 stage=T2 side=S res=1 tail=182616
RLTRACE t_ns=859213997084014 stage=T5 side=S res=2 off=55272 runs=2 fp=0xaaf68bfcd3014206
RLTRACE t_ns=859213998703708 stage=T6 side=S res=2 off=55272 len=1
RLTRACE t_ns=859213998793317 stage=T6 side=S res=2 off=55276 len=1
RLTRACE t_ns=859213999080917 stage=T2 side=S res=1 tail=183356
RLTRACE t_ns=859214009248851 stage=T0 side=S res=1 tail=183416 bytes=60
RLTRACE t_ns=859214012435158 stage=T2 side=S res=1 tail=183416
RLTRACE t_ns=859214015490876 stage=T5 side=S res=2 off=55280 runs=1 fp=0xaaf68bfcd3014206
RLTRACE t_ns=859214016350921 stage=T6 side=S res=2 off=55280 len=1
RLTRACE t_ns=859214023596508 stage=T0 side=S res=1 tail=183572 bytes=156
RLTRACE t_ns=859214026786573 stage=T2 side=S res=1 tail=183572
RLTRACE t_ns=859214030362537 stage=T5 side=S res=2 off=55288 runs=2 fp=0x989329f802d9be0c
RLTRACE t_ns=859214031125493 stage=T6 side=S res=2 off=55288 len=1
RLTRACE t_ns=859214031172924 stage=T6 side=S res=2 off=55296 len=1
RLTRACE t_ns=859214042047559 stage=T0 side=S res=1 tail=184616 bytes=1044
RLTRACE t_ns=859214046814222 stage=T2 side=S res=1 tail=184220
RLTRACE t_ns=859214057299594 stage=T5 side=S res=2 off=55304 runs=2 fp=0x989329f802d9be0c
RLTRACE t_ns=859214059604226 stage=T6 side=S res=2 off=55304 len=1
RLTRACE t_ns=859214059754334 stage=T6 side=S res=2 off=55308 len=1
RLTRACE t_ns=859214060696316 stage=T2 side=S res=1 tail=184616
RLTRACE t_ns=859214083086780 stage=T0 side=S res=1 tail=184676 bytes=60
RLTRACE t_ns=859214088729167 stage=T2 side=S res=1 tail=184676
RLTRACE t_ns=859214093808680 stage=T5 side=S res=2 off=55312 runs=1 fp=0x989329f802d9be0c
RLTRACE t_ns=859214094943927 stage=T6 side=S res=2 off=55312 len=1
RLTRACE t_ns=859214104436186 stage=T0 side=S res=1 tail=184832 bytes=156
RLTRACE t_ns=859214108659824 stage=T2 side=S res=1 tail=184832
RLTRACE t_ns=859214113981417 stage=T5 side=S res=2 off=55320 runs=2 fp=0x989329f802d9be0c
RLTRACE t_ns=859214115092464 stage=T6 side=S res=2 off=55320 len=1
RLTRACE t_ns=859214115162196 stage=T6 side=S res=2 off=55328 len=1
RLTRACE t_ns=859214127018912 stage=T0 side=S res=1 tail=185876 bytes=1044
RLTRACE t_ns=859214130624553 stage=T2 side=S res=1 tail=185136
RLTRACE t_ns=859214135848712 stage=T5 side=S res=2 off=55336 runs=2 fp=0x989329f802d9be0c
RLTRACE t_ns=859214136817087 stage=T6 side=S res=2 off=55336 len=1
RLTRACE t_ns=859214136886815 stage=T6 side=S res=2 off=55340 len=1
RLTRACE t_ns=859214137161150 stage=T2 side=S res=1 tail=185876
RLTRACE t_ns=859214146617607 stage=T0 side=S res=1 tail=185936 bytes=60
RLTRACE t_ns=859214149875692 stage=T2 side=S res=1 tail=185912
RLTRACE t_ns=859214153463637 stage=T5 side=S res=2 off=55344 runs=1 fp=0x989329f802d9be0c
RLTRACE t_ns=859214154359003 stage=T6 side=S res=2 off=55344 len=1
RLTRACE t_ns=859214154724087 stage=T2 side=S res=1 tail=185936
RLTRACE t_ns=859214169166584 stage=T0 side=S res=1 tail=186092 bytes=156
RLTRACE t_ns=859214173859602 stage=T2 side=S res=1 tail=186092
RLTRACE t_ns=859214178395424 stage=T5 side=S res=2 off=55352 runs=2 fp=0x78731295f442a92a
RLTRACE t_ns=859214179384697 stage=T6 side=S res=2 off=55352 len=1
RLTRACE t_ns=859214179457690 stage=T6 side=S res=2 off=55360 len=1
RLTRACE t_ns=859214201285678 stage=T0 side=S res=1 tail=187136 bytes=1044
RLTRACE t_ns=859214207583395 stage=T2 side=S res=1 tail=186128
RLTRACE t_ns=859214214393223 stage=T5 side=S res=2 off=55368 runs=2 fp=0x78731295f442a92a
RLTRACE t_ns=859214215445659 stage=T6 side=S res=2 off=55368 len=1
RLTRACE t_ns=859214215554281 stage=T6 side=S res=2 off=55372 len=1
RLTRACE t_ns=859214215838276 stage=T2 side=S res=1 tail=187136
RLTRACE t_ns=859214227682472 stage=T0 side=S res=1 tail=187196 bytes=60
RLTRACE t_ns=859214230919625 stage=T2 side=S res=1 tail=187196
RLTRACE t_ns=859214234550896 stage=T5 side=S res=2 off=55376 runs=1 fp=0x78731295f442a92a
RLTRACE t_ns=859214235664457 stage=T6 side=S res=2 off=55376 len=1
RLTRACE t_ns=859214247119640 stage=T0 side=S res=1 tail=187352 bytes=156
RLTRACE t_ns=859214250724260 stage=T2 side=S res=1 tail=187352
RLTRACE t_ns=859214259945372 stage=T5 side=S res=2 off=55384 runs=2 fp=0x78731295f442a92a
RLTRACE t_ns=859214261862886 stage=T6 side=S res=2 off=55384 len=1
RLTRACE t_ns=859214262025234 stage=T6 side=S res=2 off=55392 len=1
RLTRACE t_ns=859214286447003 stage=T0 side=S res=1 tail=188396 bytes=1044
RLTRACE t_ns=859214290815899 stage=T2 side=S res=1 tail=188396
RLTRACE t_ns=859214294821112 stage=T5 side=S res=2 off=55400 runs=2 fp=0x78731295f442a92a
RLTRACE t_ns=859214296096357 stage=T6 side=S res=2 off=55400 len=1
RLTRACE t_ns=859214296187152 stage=T6 side=S res=2 off=55404 len=1
RLTRACE t_ns=859214307394700 stage=T0 side=S res=1 tail=188456 bytes=60
RLTRACE t_ns=859214311427347 stage=T2 side=S res=1 tail=188456
RLTRACE t_ns=859214316868434 stage=T5 side=S res=2 off=55408 runs=1 fp=0x78731295f442a92a
RLTRACE t_ns=859214317880402 stage=T6 side=S res=2 off=55408 len=1
RLTRACE t_ns=859214326203591 stage=T0 side=S res=1 tail=188612 bytes=156
RLTRACE t_ns=859214329427539 stage=T2 side=S res=1 tail=188612
RLTRACE t_ns=859214335370174 stage=T5 side=S res=2 off=55416 runs=2 fp=0x50bb415e4e0cb2a8
RLTRACE t_ns=859214336356476 stage=T6 side=S res=2 off=55416 len=1
RLTRACE t_ns=859214336471258 stage=T6 side=S res=2 off=55424 len=1
RLTRACE t_ns=859214349877876 stage=T0 side=S res=1 tail=188648 bytes=36
RLTRACE t_ns=859214353380784 stage=T2 side=S res=1 tail=188648
RLTRACE t_ns=859214359265836 stage=T0 side=S res=1 tail=189656 bytes=1008
RLTRACE t_ns=859214363259960 stage=T2 side=S res=1 tail=189656
RLTRACE t_ns=859214367154886 stage=T5 side=S res=2 off=55432 runs=2 fp=0x50bb415e4e0cb2a8
RLTRACE t_ns=859214368139955 stage=T6 side=S res=2 off=55432 len=1
RLTRACE t_ns=859214368174143 stage=T6 side=S res=2 off=55436 len=1
RLTRACE t_ns=859214375775373 stage=T0 side=S res=1 tail=189716 bytes=60
RLTRACE t_ns=859214378933242 stage=T2 side=S res=1 tail=189716
RLTRACE t_ns=859214385618226 stage=T5 side=S res=2 off=55440 runs=1 fp=0x50bb415e4e0cb2a8
RLTRACE t_ns=859214387394896 stage=T6 side=S res=2 off=55440 len=1
RLTRACE t_ns=859214397618118 stage=T0 side=S res=1 tail=189872 bytes=156
RLTRACE t_ns=859214401400285 stage=T2 side=S res=1 tail=189872
RLTRACE t_ns=859214406519517 stage=T5 side=S res=2 off=55448 runs=2 fp=0x50bb415e4e0cb2a8
RLTRACE t_ns=859214407532214 stage=T6 side=S res=2 off=55448 len=1
RLTRACE t_ns=859214407614979 stage=T6 side=S res=2 off=55456 len=1
RLTRACE t_ns=859214415391256 stage=T0 side=S res=1 tail=190916 bytes=1044
RLTRACE t_ns=859214418467486 stage=T2 side=S res=1 tail=190128
RLTRACE t_ns=859214421802478 stage=T5 side=S res=2 off=55464 runs=2 fp=0x50bb415e4e0cb2a8
RLTRACE t_ns=859214422617071 stage=T6 side=S res=2 off=55464 len=1
RLTRACE t_ns=859214422658102 stage=T6 side=S res=2 off=55468 len=1
RLTRACE t_ns=859214422933891 stage=T2 side=S res=1 tail=190916
RLTRACE t_ns=859214430976565 stage=T0 side=S res=1 tail=190976 bytes=60
RLTRACE t_ns=859214434560163 stage=T2 side=S res=1 tail=190976
RLTRACE t_ns=859214438971140 stage=T5 side=S res=2 off=55472 runs=1 fp=0x50bb415e4e0cb2a8
RLTRACE t_ns=859214439905237 stage=T6 side=S res=2 off=55472 len=1
RLTRACE t_ns=859214448872401 stage=T0 side=S res=1 tail=191132 bytes=156
RLTRACE t_ns=859214452684519 stage=T2 side=S res=1 tail=191132
RLTRACE t_ns=859214458790773 stage=T5 side=S res=2 off=55480 runs=2 fp=0xfe762c64879fcd1e
RLTRACE t_ns=859214460397359 stage=T6 side=S res=2 off=55480 len=1
RLTRACE t_ns=859214460508486 stage=T6 side=S res=2 off=55488 len=1
RLTRACE t_ns=859214475332800 stage=T0 side=S res=1 tail=192176 bytes=1044
RLTRACE t_ns=859214480515113 stage=T2 side=S res=1 tail=192056
RLTRACE t_ns=859214486058427 stage=T5 side=S res=2 off=55496 runs=2 fp=0xfe762c64879fcd1e
RLTRACE t_ns=859214487188025 stage=T6 side=S res=2 off=55496 len=1
RLTRACE t_ns=859214487267395 stage=T6 side=S res=2 off=55500 len=1
RLTRACE t_ns=859214487622769 stage=T2 side=S res=1 tail=192176
RLTRACE t_ns=859214498984812 stage=T0 side=S res=1 tail=192236 bytes=60
RLTRACE t_ns=859214502751031 stage=T2 side=S res=1 tail=192236
RLTRACE t_ns=859214506237693 stage=T5 side=S res=2 off=55504 runs=1 fp=0xfe762c64879fcd1e
RLTRACE t_ns=859214507200593 stage=T6 side=S res=2 off=55504 len=1
RLTRACE t_ns=859214518821484 stage=T0 side=S res=1 tail=192392 bytes=156
RLTRACE t_ns=859214525909017 stage=T2 side=S res=1 tail=192392
RLTRACE t_ns=859214534822164 stage=T5 side=S res=2 off=55512 runs=2 fp=0xfe762c64879fcd1e
RLTRACE t_ns=859214536656630 stage=T6 side=S res=2 off=55512 len=1
RLTRACE t_ns=859214536775071 stage=T6 side=S res=2 off=55520 len=1
RLTRACE t_ns=859214548204213 stage=T0 side=S res=1 tail=193436 bytes=1044
RLTRACE t_ns=859214552088816 stage=T2 side=S res=1 tail=193040
RLTRACE t_ns=859214555555366 stage=T5 side=S res=2 off=55528 runs=2 fp=0xfe762c64879fcd1e
RLTRACE t_ns=859214556410233 stage=T6 side=S res=2 off=55528 len=1
RLTRACE t_ns=859214556486680 stage=T6 side=S res=2 off=55532 len=1
RLTRACE t_ns=859214556765066 stage=T2 side=S res=1 tail=193436
RLTRACE t_ns=859214565062489 stage=T0 side=S res=1 tail=193496 bytes=60
RLTRACE t_ns=859214568464048 stage=T2 side=S res=1 tail=193496
RLTRACE t_ns=859214571844979 stage=T5 side=S res=2 off=55536 runs=1 fp=0xfe762c64879fcd1e
RLTRACE t_ns=859214572681703 stage=T6 side=S res=2 off=55536 len=1
RLTRACE t_ns=859214579971333 stage=T0 side=S res=1 tail=193532 bytes=36
RLTRACE t_ns=859214583243372 stage=T2 side=S res=1 tail=193532
RLTRACE t_ns=859214588411223 stage=T0 side=S res=1 tail=193652 bytes=120
RLTRACE t_ns=859214591566825 stage=T2 side=S res=1 tail=193652
RLTRACE t_ns=859214595241197 stage=T5 side=S res=2 off=55544 runs=2 fp=0x2bf052ca4ab88484
RLTRACE t_ns=859214596214049 stage=T6 side=S res=2 off=55544 len=1
RLTRACE t_ns=859214596294938 stage=T6 side=S res=2 off=55552 len=1
RLTRACE t_ns=859214608395706 stage=T0 side=S res=1 tail=194696 bytes=1044
RLTRACE t_ns=859214611975546 stage=T2 side=S res=1 tail=194300
RLTRACE t_ns=859214616665992 stage=T5 side=S res=2 off=55560 runs=2 fp=0x2bf052ca4ab88484
RLTRACE t_ns=859214618178496 stage=T6 side=S res=2 off=55560 len=1
RLTRACE t_ns=859214618242404 stage=T6 side=S res=2 off=55564 len=1
RLTRACE t_ns=859214618530205 stage=T2 side=S res=1 tail=194696
RLTRACE t_ns=859214628351394 stage=T0 side=S res=1 tail=194756 bytes=60
RLTRACE t_ns=859214632785042 stage=T2 side=S res=1 tail=194756
RLTRACE t_ns=859214638173750 stage=T5 side=S res=2 off=55568 runs=1 fp=0x2bf052ca4ab88484
RLTRACE t_ns=859214639372512 stage=T6 side=S res=2 off=55568 len=1
RLTRACE t_ns=859214649988915 stage=T0 side=S res=1 tail=194912 bytes=156
RLTRACE t_ns=859214654987605 stage=T2 side=S res=1 tail=194912
RLTRACE t_ns=859214661898400 stage=T5 side=S res=2 off=55576 runs=2 fp=0x2bf052ca4ab88484
RLTRACE t_ns=859214663427608 stage=T6 side=S res=2 off=55576 len=1
RLTRACE t_ns=859214663478131 stage=T6 side=S res=2 off=55584 len=1
RLTRACE t_ns=859214681471339 stage=T0 side=S res=1 tail=195956 bytes=1044
RLTRACE t_ns=859214687360169 stage=T2 side=S res=1 tail=195608
RLTRACE t_ns=859214691455678 stage=T5 side=S res=2 off=55592 runs=2 fp=0x2bf052ca4ab88484
RLTRACE t_ns=859214692315770 stage=T6 side=S res=2 off=55592 len=1
RLTRACE t_ns=859214692388670 stage=T6 side=S res=2 off=55596 len=1
RLTRACE t_ns=859214692675321 stage=T2 side=S res=1 tail=195956
RLTRACE t_ns=859214701585724 stage=T0 side=S res=1 tail=196016 bytes=60
RLTRACE t_ns=859214704948677 stage=T2 side=S res=1 tail=196016
RLTRACE t_ns=859214708162823 stage=T5 side=S res=2 off=55600 runs=1 fp=0x2bf052ca4ab88484
RLTRACE t_ns=859214708901890 stage=T6 side=S res=2 off=55600 len=1
RLTRACE t_ns=859214715910749 stage=T0 side=S res=1 tail=196172 bytes=156
RLTRACE t_ns=859214719285480 stage=T2 side=S res=1 tail=196172
RLTRACE t_ns=859214724813968 stage=T5 side=S res=2 off=55608 runs=2 fp=0xe93c220d7c09c4c2
RLTRACE t_ns=859214725828974 stage=T6 side=S res=2 off=55608 len=1
RLTRACE t_ns=859214725919750 stage=T6 side=S res=2 off=55616 len=1
RLTRACE t_ns=859214755186113 stage=T0 side=S res=1 tail=197216 bytes=1044
RLTRACE t_ns=859214759594302 stage=T2 side=S res=1 tail=197096
RLTRACE t_ns=859214767215396 stage=T5 side=S res=2 off=55624 runs=2 fp=0xe93c220d7c09c4c2
RLTRACE t_ns=859214769761725 stage=T6 side=S res=2 off=55624 len=1
RLTRACE t_ns=859214769890914 stage=T6 side=S res=2 off=55628 len=1
RLTRACE t_ns=859214770209808 stage=T2 side=S res=1 tail=197216
RLTRACE t_ns=859214785641734 stage=T0 side=S res=1 tail=197252 bytes=36
RLTRACE t_ns=859214789384760 stage=T2 side=S res=1 tail=197252
RLTRACE t_ns=859214793980385 stage=T0 side=S res=1 tail=197276 bytes=24
RLTRACE t_ns=859214796910784 stage=T2 side=S res=1 tail=197276
RLTRACE t_ns=859214802662727 stage=T5 side=S res=2 off=55632 runs=1 fp=0xe93c220d7c09c4c2
RLTRACE t_ns=859214804011754 stage=T6 side=S res=2 off=55632 len=1
RLTRACE t_ns=859214817924720 stage=T0 side=S res=1 tail=197432 bytes=156
RLTRACE t_ns=859214821659987 stage=T2 side=S res=1 tail=197432
RLTRACE t_ns=859214825841644 stage=T5 side=S res=2 off=55640 runs=2 fp=0xe93c220d7c09c4c2
RLTRACE t_ns=859214827076844 stage=T6 side=S res=2 off=55640 len=1
RLTRACE t_ns=859214827150986 stage=T6 side=S res=2 off=55648 len=1
RLTRACE t_ns=859214855268070 stage=T0 side=S res=1 tail=198476 bytes=1044
RLTRACE t_ns=859214863889800 stage=T2 side=S res=1 tail=198272
RLTRACE t_ns=859214874464101 stage=T5 side=S res=2 off=55656 runs=2 fp=0xe93c220d7c09c4c2
RLTRACE t_ns=859214876258912 stage=T6 side=S res=2 off=55656 len=1
RLTRACE t_ns=859214876363447 stage=T6 side=S res=2 off=55660 len=1
RLTRACE t_ns=859214876665026 stage=T2 side=S res=1 tail=198476
RLTRACE t_ns=859214884988217 stage=T0 side=S res=1 tail=198536 bytes=60
RLTRACE t_ns=859214888566652 stage=T2 side=S res=1 tail=198536
RLTRACE t_ns=859214892325078 stage=T5 side=S res=2 off=55664 runs=1 fp=0xe93c220d7c09c4c2
RLTRACE t_ns=859214893282562 stage=T6 side=S res=2 off=55664 len=1
RLTRACE t_ns=859214901409002 stage=T0 side=S res=1 tail=198692 bytes=156
RLTRACE t_ns=859214904583816 stage=T2 side=S res=1 tail=198692
RLTRACE t_ns=859214908096911 stage=T5 side=S res=2 off=55672 runs=2 fp=0xb9bebc3b7e2ed60
RLTRACE t_ns=859214909075097 stage=T6 side=S res=2 off=55672 len=1
RLTRACE t_ns=859214909125385 stage=T6 side=S res=2 off=55680 len=1
RLTRACE t_ns=859214920855680 stage=T0 side=S res=1 tail=199736 bytes=1044
RLTRACE t_ns=859214923791108 stage=T2 side=S res=1 tail=198728
RLTRACE t_ns=859214927142395 stage=T5 side=S res=2 off=55688 runs=2 fp=0xb9bebc3b7e2ed60
RLTRACE t_ns=859214927956628 stage=T6 side=S res=2 off=55688 len=1
RLTRACE t_ns=859214928087599 stage=T6 side=S res=2 off=55692 len=1
RLTRACE t_ns=859214928403119 stage=T2 side=S res=1 tail=199736
RLTRACE t_ns=859214939632061 stage=T0 side=S res=1 tail=199796 bytes=60
RLTRACE t_ns=859214942862079 stage=T2 side=S res=1 tail=199796
RLTRACE t_ns=859214946288251 stage=T5 side=S res=2 off=55696 runs=1 fp=0xb9bebc3b7e2ed60
RLTRACE t_ns=859214947225509 stage=T6 side=S res=2 off=55696 len=1
RLTRACE t_ns=859214956132213 stage=T0 side=S res=1 tail=199952 bytes=156
RLTRACE t_ns=859214959918493 stage=T2 side=S res=1 tail=199952
RLTRACE t_ns=859214964826839 stage=T5 side=S res=2 off=55704 runs=2 fp=0xb9bebc3b7e2ed60
RLTRACE t_ns=859214965957829 stage=T6 side=S res=2 off=55704 len=1
RLTRACE t_ns=859214966048838 stage=T6 side=S res=2 off=55712 len=1
RLTRACE t_ns=859214981873756 stage=T0 side=S res=1 tail=200996 bytes=1044
RLTRACE t_ns=859214985589139 stage=T2 side=S res=1 tail=200996
RLTRACE t_ns=859214991078586 stage=T5 side=S res=2 off=55720 runs=2 fp=0xb9bebc3b7e2ed60
RLTRACE t_ns=859214992390694 stage=T6 side=S res=2 off=55720 len=1
RLTRACE t_ns=859214992501906 stage=T6 side=S res=2 off=55724 len=1
RLTRACE t_ns=859215004437885 stage=T0 side=S res=1 tail=201056 bytes=60
RLTRACE t_ns=859215007704012 stage=T2 side=S res=1 tail=201056
RLTRACE t_ns=859215013229599 stage=T5 side=S res=2 off=55728 runs=1 fp=0xb9bebc3b7e2ed60
RLTRACE t_ns=859215014223229 stage=T6 side=S res=2 off=55728 len=1
RLTRACE t_ns=859215024836114 stage=T0 side=S res=1 tail=201212 bytes=156
RLTRACE t_ns=859215028887437 stage=T2 side=S res=1 tail=201212
RLTRACE t_ns=859215035683251 stage=T5 side=S res=2 off=55736 runs=2 fp=0x1b15cd3c51d47376
RLTRACE t_ns=859215036912372 stage=T6 side=S res=2 off=55736 len=1
RLTRACE t_ns=859215037034819 stage=T6 side=S res=2 off=55744 len=1
RLTRACE t_ns=859215065355331 stage=T0 side=S res=1 tail=202256 bytes=1044
RLTRACE t_ns=859215076362290 stage=T2 side=S res=1 tail=201448
RLTRACE t_ns=859215083375615 stage=T5 side=S res=2 off=55752 runs=2 fp=0x1b15cd3c51d47376
RLTRACE t_ns=859215084507948 stage=T6 side=S res=2 off=55752 len=1
RLTRACE t_ns=859215084660968 stage=T6 side=S res=2 off=55756 len=1
RLTRACE t_ns=859215085243612 stage=T2 side=S res=1 tail=202256
RLTRACE t_ns=859215094750454 stage=T0 side=S res=1 tail=202316 bytes=60
RLTRACE t_ns=859215098140805 stage=T2 side=S res=1 tail=202316
RLTRACE t_ns=859215103816957 stage=T5 side=S res=2 off=55760 runs=1 fp=0x1b15cd3c51d47376
RLTRACE t_ns=859215104724136 stage=T6 side=S res=2 off=55760 len=1
RLTRACE t_ns=859215115575457 stage=T0 side=S res=1 tail=202472 bytes=156
RLTRACE t_ns=859215119210157 stage=T2 side=S res=1 tail=202472
RLTRACE t_ns=859215124425251 stage=T5 side=S res=2 off=55768 runs=2 fp=0x1b15cd3c51d47376
RLTRACE t_ns=859215125351456 stage=T6 side=S res=2 off=55768 len=1
RLTRACE t_ns=859215125430551 stage=T6 side=S res=2 off=55776 len=1
RLTRACE t_ns=859215142255234 stage=T0 side=S res=1 tail=203516 bytes=1044
RLTRACE t_ns=859215146856185 stage=T2 side=S res=1 tail=203516
RLTRACE t_ns=859215152973750 stage=T5 side=S res=2 off=55784 runs=2 fp=0x1b15cd3c51d47376
RLTRACE t_ns=859215154017934 stage=T6 side=S res=2 off=55784 len=1
RLTRACE t_ns=859215154132743 stage=T6 side=S res=2 off=55788 len=1
RLTRACE t_ns=859215164971070 stage=T0 side=S res=1 tail=203576 bytes=60
RLTRACE t_ns=859215168597118 stage=T2 side=S res=1 tail=203576
RLTRACE t_ns=859215171845624 stage=T5 side=S res=2 off=55792 runs=1 fp=0x1b15cd3c51d47376
RLTRACE t_ns=859215172685751 stage=T6 side=S res=2 off=55792 len=1
RLTRACE t_ns=859215183902970 stage=T0 side=S res=1 tail=203732 bytes=156
RLTRACE t_ns=859215187702826 stage=T2 side=S res=1 tail=203732
RLTRACE t_ns=859215191506171 stage=T5 side=S res=2 off=55800 runs=2 fp=0xbb39f58294edcabc
RLTRACE t_ns=859215192345373 stage=T6 side=S res=2 off=55800 len=1
RLTRACE t_ns=859215192427185 stage=T6 side=S res=2 off=55808 len=1
RLTRACE t_ns=859215206707374 stage=T0 side=S res=1 tail=204776 bytes=1044
RLTRACE t_ns=859215210866588 stage=T2 side=S res=1 tail=204656
RLTRACE t_ns=859215215220031 stage=T5 side=S res=2 off=55816 runs=2 fp=0xbb39f58294edcabc
RLTRACE t_ns=859215216142783 stage=T6 side=S res=2 off=55816 len=1
RLTRACE t_ns=859215216215298 stage=T6 side=S res=2 off=55820 len=1
RLTRACE t_ns=859215216501056 stage=T2 side=S res=1 tail=204776
RLTRACE t_ns=859215227131933 stage=T0 side=S res=1 tail=204836 bytes=60
RLTRACE t_ns=859215230489108 stage=T2 side=S res=1 tail=204836
RLTRACE t_ns=859215233732001 stage=T5 side=S res=2 off=55824 runs=1 fp=0xbb39f58294edcabc
RLTRACE t_ns=859215234681181 stage=T6 side=S res=2 off=55824 len=1
RLTRACE t_ns=859215246373052 stage=T0 side=S res=1 tail=204992 bytes=156
RLTRACE t_ns=859215249652567 stage=T2 side=S res=1 tail=204992
RLTRACE t_ns=859215254135411 stage=T5 side=S res=2 off=55832 runs=2 fp=0xbb39f58294edcabc
RLTRACE t_ns=859215254973082 stage=T6 side=S res=2 off=55832 len=1
RLTRACE t_ns=859215255049828 stage=T6 side=S res=2 off=55840 len=1
RLTRACE t_ns=859215268108379 stage=T0 side=S res=1 tail=206036 bytes=1044
RLTRACE t_ns=859215271747400 stage=T2 side=S res=1 tail=206036
RLTRACE t_ns=859215277681569 stage=T5 side=S res=2 off=55848 runs=2 fp=0xbb39f58294edcabc
RLTRACE t_ns=859215278803237 stage=T6 side=S res=2 off=55848 len=1
RLTRACE t_ns=859215278940265 stage=T6 side=S res=2 off=55852 len=1
RLTRACE t_ns=859215286640477 stage=T0 side=S res=1 tail=206096 bytes=60
RLTRACE t_ns=859215289702866 stage=T2 side=S res=1 tail=206072
RLTRACE t_ns=859215293326420 stage=T5 side=S res=2 off=55856 runs=1 fp=0xbb39f58294edcabc
RLTRACE t_ns=859215294255655 stage=T6 side=S res=2 off=55856 len=1
RLTRACE t_ns=859215294631252 stage=T2 side=S res=1 tail=206096
RLTRACE t_ns=859215306883431 stage=T0 side=S res=1 tail=206252 bytes=156
RLTRACE t_ns=859215310372602 stage=T2 side=S res=1 tail=206252
RLTRACE t_ns=859215313968095 stage=T5 side=S res=2 off=55864 runs=2 fp=0x8cf08cdf0f0a05da
RLTRACE t_ns=859215314870170 stage=T6 side=S res=2 off=55864 len=1
RLTRACE t_ns=859215314949883 stage=T6 side=S res=2 off=55872 len=1
RLTRACE t_ns=859215338371477 stage=T0 side=S res=1 tail=207296 bytes=1044
RLTRACE t_ns=859215341979046 stage=T2 side=S res=1 tail=207296
RLTRACE t_ns=859215345309298 stage=T5 side=S res=2 off=55880 runs=2 fp=0x8cf08cdf0f0a05da
RLTRACE t_ns=859215346059398 stage=T6 side=S res=2 off=55880 len=1
RLTRACE t_ns=859215346168969 stage=T6 side=S res=2 off=55884 len=1
RLTRACE t_ns=859215354097683 stage=T0 side=S res=1 tail=207356 bytes=60
RLTRACE t_ns=859215357407359 stage=T2 side=S res=1 tail=207356
RLTRACE t_ns=859215360832546 stage=T5 side=S res=2 off=55888 runs=1 fp=0x8cf08cdf0f0a05da
RLTRACE t_ns=859215361770469 stage=T6 side=S res=2 off=55888 len=1
RLTRACE t_ns=859215369451668 stage=T0 side=S res=1 tail=207512 bytes=156
RLTRACE t_ns=859215372758937 stage=T2 side=S res=1 tail=207512
RLTRACE t_ns=859215376059987 stage=T5 side=S res=2 off=55896 runs=2 fp=0x8cf08cdf0f0a05da
RLTRACE t_ns=859215376945092 stage=T6 side=S res=2 off=55896 len=1
RLTRACE t_ns=859215377046887 stage=T6 side=S res=2 off=55904 len=1
RLTRACE t_ns=859215393186758 stage=T0 side=S res=1 tail=208556 bytes=1044
RLTRACE t_ns=859215396692641 stage=T2 side=S res=1 tail=208556
RLTRACE t_ns=859215400689526 stage=T5 side=S res=2 off=55912 runs=2 fp=0x8cf08cdf0f0a05da
RLTRACE t_ns=859215401880568 stage=T6 side=S res=2 off=55912 len=1
RLTRACE t_ns=859215401982500 stage=T6 side=S res=2 off=55916 len=1
RLTRACE t_ns=859215412733899 stage=T0 side=S res=1 tail=208616 bytes=60
RLTRACE t_ns=859215416160240 stage=T2 side=S res=1 tail=208616
RLTRACE t_ns=859215420718959 stage=T5 side=S res=2 off=55920 runs=1 fp=0x8cf08cdf0f0a05da
RLTRACE t_ns=859215421615703 stage=T6 side=S res=2 off=55920 len=1
RLTRACE t_ns=859215432599010 stage=T0 side=S res=1 tail=208772 bytes=156
RLTRACE t_ns=859215436263257 stage=T2 side=S res=1 tail=208772
RLTRACE t_ns=859215439480400 stage=T5 side=S res=2 off=55928 runs=2 fp=0x177e47c9591684d8
RLTRACE t_ns=859215440319674 stage=T6 side=S res=2 off=55928 len=1
RLTRACE t_ns=859215440399346 stage=T6 side=S res=2 off=55936 len=1
RLTRACE t_ns=859215464398321 stage=T0 side=S res=1 tail=209816 bytes=1044
RLTRACE t_ns=859215467962444 stage=T2 side=S res=1 tail=209816
RLTRACE t_ns=859215472055665 stage=T5 side=S res=2 off=55944 runs=2 fp=0x177e47c9591684d8
RLTRACE t_ns=859215472990037 stage=T6 side=S res=2 off=55944 len=1
RLTRACE t_ns=859215473069844 stage=T6 side=S res=2 off=55948 len=1
RLTRACE t_ns=859215485022464 stage=T0 side=S res=1 tail=209876 bytes=60
RLTRACE t_ns=859215489741716 stage=T2 side=S res=1 tail=209876
RLTRACE t_ns=859215493463277 stage=T5 side=S res=2 off=55952 runs=1 fp=0x177e47c9591684d8
RLTRACE t_ns=859215494342940 stage=T6 side=S res=2 off=55952 len=1
RLTRACE t_ns=859215506364657 stage=T0 side=S res=1 tail=210032 bytes=156
RLTRACE t_ns=859215509843156 stage=T2 side=S res=1 tail=210032
RLTRACE t_ns=859215513912881 stage=T5 side=S res=2 off=55960 runs=2 fp=0x177e47c9591684d8
RLTRACE t_ns=859215514885645 stage=T6 side=S res=2 off=55960 len=1
RLTRACE t_ns=859215514942714 stage=T6 side=S res=2 off=55968 len=1
RLTRACE t_ns=859215529911253 stage=T0 side=S res=1 tail=211076 bytes=1044
RLTRACE t_ns=859215534905442 stage=T2 side=S res=1 tail=210068
RLTRACE t_ns=859215542474887 stage=T5 side=S res=2 off=55976 runs=2 fp=0x177e47c9591684d8
RLTRACE t_ns=859215544014907 stage=T6 side=S res=2 off=55976 len=1
RLTRACE t_ns=859215544173029 stage=T6 side=S res=2 off=55980 len=1
RLTRACE t_ns=859215544532640 stage=T2 side=S res=1 tail=211076
RLTRACE t_ns=859215559988920 stage=T0 side=S res=1 tail=211136 bytes=60
RLTRACE t_ns=859215564211052 stage=T2 side=S res=1 tail=211136
RLTRACE t_ns=859215570926912 stage=T5 side=S res=2 off=55984 runs=1 fp=0x177e47c9591684d8
RLTRACE t_ns=859215572269971 stage=T6 side=S res=2 off=55984 len=1
RLTRACE t_ns=859215584201911 stage=T0 side=S res=1 tail=211292 bytes=156
RLTRACE t_ns=859215588575540 stage=T2 side=S res=1 tail=211292
RLTRACE t_ns=859215593569919 stage=T5 side=S res=2 off=55992 runs=2 fp=0x6316e0fad517aace
RLTRACE t_ns=859215594630084 stage=T6 side=S res=2 off=55992 len=1
RLTRACE t_ns=859215594723027 stage=T6 side=S res=2 off=56000 len=1
RLTRACE t_ns=859215605876715 stage=T0 side=S res=1 tail=212336 bytes=1044
RLTRACE t_ns=859215609288196 stage=T2 side=S res=1 tail=212336
RLTRACE t_ns=859215615043257 stage=T5 side=S res=2 off=56008 runs=2 fp=0x6316e0fad517aace
RLTRACE t_ns=859215616171674 stage=T6 side=S res=2 off=56008 len=1
RLTRACE t_ns=859215616234010 stage=T6 side=S res=2 off=56012 len=1
RLTRACE t_ns=859215628319627 stage=T0 side=S res=1 tail=212396 bytes=60
RLTRACE t_ns=859215635098899 stage=T2 side=S res=1 tail=212396
RLTRACE t_ns=859215645068775 stage=T5 side=S res=2 off=56016 runs=1 fp=0x6316e0fad517aace
RLTRACE t_ns=859215647884001 stage=T6 side=S res=2 off=56016 len=1
RLTRACE t_ns=859215662677922 stage=T0 side=S res=1 tail=212552 bytes=156
RLTRACE t_ns=859215671439454 stage=T2 side=S res=1 tail=212552
RLTRACE t_ns=859215678160888 stage=T5 side=S res=2 off=56024 runs=2 fp=0x6316e0fad517aace
RLTRACE t_ns=859215679342639 stage=T6 side=S res=2 off=56024 len=1
RLTRACE t_ns=859215679423157 stage=T6 side=S res=2 off=56032 len=1
RLTRACE t_ns=859215697949085 stage=T0 side=S res=1 tail=213596 bytes=1044
RLTRACE t_ns=859215703547425 stage=T2 side=S res=1 tail=212588
RLTRACE t_ns=859215715307060 stage=T5 side=S res=2 off=56040 runs=2 fp=0x6316e0fad517aace
RLTRACE t_ns=859215717423826 stage=T6 side=S res=2 off=56040 len=1
RLTRACE t_ns=859215717557374 stage=T6 side=S res=2 off=56044 len=1
RLTRACE t_ns=859215717892730 stage=T2 side=S res=1 tail=213596
RLTRACE t_ns=859215751389421 stage=T0 side=S res=1 tail=213656 bytes=60
RLTRACE t_ns=859215755480650 stage=T2 side=S res=1 tail=213656
RLTRACE t_ns=859215762151414 stage=T5 side=S res=2 off=56048 runs=1 fp=0x6316e0fad517aace
RLTRACE t_ns=859215764527893 stage=T6 side=S res=2 off=56048 len=1
RLTRACE t_ns=859215785359192 stage=T0 side=S res=1 tail=213812 bytes=156
RLTRACE t_ns=859215791104328 stage=T2 side=S res=1 tail=213812
RLTRACE t_ns=859215798365604 stage=T5 side=S res=2 off=56056 runs=2 fp=0xe25ead4f4fcd9174
RLTRACE t_ns=859215799796152 stage=T6 side=S res=2 off=56056 len=1
RLTRACE t_ns=859215799911701 stage=T6 side=S res=2 off=56064 len=1
RLTRACE t_ns=859215827659139 stage=T0 side=S res=1 tail=214856 bytes=1044
RLTRACE t_ns=859215834463622 stage=T2 side=S res=1 tail=213848
RLTRACE t_ns=859215842584652 stage=T5 side=S res=2 off=56072 runs=2 fp=0xe25ead4f4fcd9174
RLTRACE t_ns=859215844182502 stage=T6 side=S res=2 off=56072 len=1
RLTRACE t_ns=859215844369182 stage=T6 side=S res=2 off=56076 len=1
RLTRACE t_ns=859215844674527 stage=T2 side=S res=1 tail=214856
RLTRACE t_ns=859215857741713 stage=T0 side=S res=1 tail=214916 bytes=60
RLTRACE t_ns=859215862425356 stage=T2 side=S res=1 tail=214916
RLTRACE t_ns=859215865944307 stage=T5 side=S res=2 off=56080 runs=1 fp=0xe25ead4f4fcd9174
RLTRACE t_ns=859215866842080 stage=T6 side=S res=2 off=56080 len=1
RLTRACE t_ns=859215874164113 stage=T0 side=S res=1 tail=215072 bytes=156
RLTRACE t_ns=859215878404951 stage=T2 side=S res=1 tail=215072
RLTRACE t_ns=859215881718811 stage=T5 side=S res=2 off=56088 runs=2 fp=0xe25ead4f4fcd9174
RLTRACE t_ns=859215882528727 stage=T6 side=S res=2 off=56088 len=1
RLTRACE t_ns=859215882578197 stage=T6 side=S res=2 off=56096 len=1
RLTRACE t_ns=859215891063167 stage=T0 side=S res=1 tail=216116 bytes=1044
RLTRACE t_ns=859215895017665 stage=T2 side=S res=1 tail=215552
RLTRACE t_ns=859215898104022 stage=T5 side=S res=2 off=56104 runs=2 fp=0xe25ead4f4fcd9174
RLTRACE t_ns=859215898883856 stage=T6 side=S res=2 off=56104 len=1
RLTRACE t_ns=859215898929941 stage=T6 side=S res=2 off=56108 len=1
RLTRACE t_ns=859215899202565 stage=T2 side=S res=1 tail=216116
RLTRACE t_ns=859215906763178 stage=T0 side=S res=1 tail=216176 bytes=60
RLTRACE t_ns=859215909881159 stage=T2 side=S res=1 tail=216176
RLTRACE t_ns=859215912966405 stage=T5 side=S res=2 off=56112 runs=1 fp=0xe25ead4f4fcd9174
RLTRACE t_ns=859215913733825 stage=T6 side=S res=2 off=56112 len=1
RLTRACE t_ns=859215921667131 stage=T0 side=S res=1 tail=216332 bytes=156
RLTRACE t_ns=859215925030515 stage=T2 side=S res=1 tail=216332
RLTRACE t_ns=859215930413842 stage=T5 side=S res=2 off=56120 runs=2 fp=0xb2b8cf6b93e521b2
RLTRACE t_ns=859215931575165 stage=T6 side=S res=2 off=56120 len=1
RLTRACE t_ns=859215931685295 stage=T6 side=S res=2 off=56128 len=1
RLTRACE t_ns=859215949475279 stage=T0 side=S res=1 tail=217376 bytes=1044
RLTRACE t_ns=859215955304661 stage=T2 side=S res=1 tail=216636
RLTRACE t_ns=859215963614488 stage=T5 side=S res=2 off=56136 runs=2 fp=0xb2b8cf6b93e521b2
RLTRACE t_ns=859215966134539 stage=T6 side=S res=2 off=56136 len=1
RLTRACE t_ns=859215966268865 stage=T6 side=S res=2 off=56140 len=1
RLTRACE t_ns=859215966587436 stage=T2 side=S res=1 tail=217376
RLTRACE t_ns=859215983175173 stage=T0 side=S res=1 tail=217436 bytes=60
RLTRACE t_ns=859215988406561 stage=T2 side=S res=1 tail=217436
RLTRACE t_ns=859215996115163 stage=T5 side=S res=2 off=56144 runs=1 fp=0xb2b8cf6b93e521b2
RLTRACE t_ns=859215997548643 stage=T6 side=S res=2 off=56144 len=1
RLTRACE t_ns=859216012449917 stage=T0 side=S res=1 tail=217592 bytes=156
RLTRACE t_ns=859216020501129 stage=T2 side=S res=1 tail=217592
RLTRACE t_ns=859216028654949 stage=T5 side=S res=2 off=56152 runs=2 fp=0xb2b8cf6b93e521b2
RLTRACE t_ns=859216030599370 stage=T6 side=S res=2 off=56152 len=1
RLTRACE t_ns=859216030701422 stage=T6 side=S res=2 off=56160 len=1
RLTRACE t_ns=859216045068035 stage=T0 side=S res=1 tail=217628 bytes=36
RLTRACE t_ns=859216048708842 stage=T2 side=S res=1 tail=217628
RLTRACE t_ns=859216053029605 stage=T0 side=S res=1 tail=218636 bytes=1008
RLTRACE t_ns=859216057798771 stage=T2 side=S res=1 tail=218516
RLTRACE t_ns=859216069446763 stage=T5 side=S res=2 off=56168 runs=2 fp=0xb2b8cf6b93e521b2
RLTRACE t_ns=859216071981000 stage=T6 side=S res=2 off=56168 len=1
RLTRACE t_ns=859216072189889 stage=T6 side=S res=2 off=56172 len=1
RLTRACE t_ns=859216073269492 stage=T2 side=S res=1 tail=218636
RLTRACE t_ns=859216083270629 stage=T0 side=S res=1 tail=218672 bytes=36
RLTRACE t_ns=859216086831791 stage=T2 side=S res=1 tail=218672
RLTRACE t_ns=859216091646910 stage=T0 side=S res=1 tail=218696 bytes=24
RLTRACE t_ns=859216095274075 stage=T2 side=S res=1 tail=218696
RLTRACE t_ns=859216099345265 stage=T5 side=S res=2 off=56176 runs=1 fp=0xb2b8cf6b93e521b2
RLTRACE t_ns=859216100242830 stage=T6 side=S res=2 off=56176 len=1
RLTRACE t_ns=859216108524135 stage=T0 side=S res=1 tail=218852 bytes=156
RLTRACE t_ns=859216112860629 stage=T2 side=S res=1 tail=218852
RLTRACE t_ns=859216117802759 stage=T5 side=S res=2 off=56184 runs=2 fp=0x9baf197c7dc00290
RLTRACE t_ns=859216118615746 stage=T6 side=S res=2 off=56184 len=1
RLTRACE t_ns=859216118682434 stage=T6 side=S res=2 off=56192 len=1
RLTRACE t_ns=859216129845753 stage=T0 side=S res=1 tail=219896 bytes=1044
RLTRACE t_ns=859216133455661 stage=T2 side=S res=1 tail=219500
RLTRACE t_ns=859216138143982 stage=T5 side=S res=2 off=56200 runs=2 fp=0x9baf197c7dc00290
RLTRACE t_ns=859216139466965 stage=T6 side=S res=2 off=56200 len=1
RLTRACE t_ns=859216139529366 stage=T6 side=S res=2 off=56204 len=1
RLTRACE t_ns=859216139806574 stage=T2 side=S res=1 tail=219896
RLTRACE t_ns=859216147143014 stage=T0 side=S res=1 tail=219956 bytes=60
RLTRACE t_ns=859216150528186 stage=T2 side=S res=1 tail=219956
RLTRACE t_ns=859216154525810 stage=T5 side=S res=2 off=56208 runs=1 fp=0x9baf197c7dc00290
RLTRACE t_ns=859216155768651 stage=T6 side=S res=2 off=56208 len=1
RLTRACE t_ns=859216167428297 stage=T0 side=S res=1 tail=220112 bytes=156
RLTRACE t_ns=859216171539547 stage=T2 side=S res=1 tail=220112
RLTRACE t_ns=859216176815970 stage=T5 side=S res=2 off=56216 runs=2 fp=0x9baf197c7dc00290
RLTRACE t_ns=859216178138562 stage=T6 side=S res=2 off=56216 len=1
RLTRACE t_ns=859216178248854 stage=T6 side=S res=2 off=56224 len=1
RLTRACE t_ns=859216199531064 stage=T0 side=S res=1 tail=221156 bytes=1044
RLTRACE t_ns=859216207112980 stage=T2 side=S res=1 tail=220148
RLTRACE t_ns=859216213671256 stage=T5 side=S res=2 off=56232 runs=2 fp=0x9baf197c7dc00290
RLTRACE t_ns=859216215239423 stage=T6 side=S res=2 off=56232 len=1
RLTRACE t_ns=859216215341319 stage=T6 side=S res=2 off=56236 len=1
RLTRACE t_ns=859216215722867 stage=T2 side=S res=1 tail=221156
RLTRACE t_ns=859216228745060 stage=T0 side=S res=1 tail=221216 bytes=60
RLTRACE t_ns=859216233337744 stage=T2 side=S res=1 tail=221216
RLTRACE t_ns=859216237979614 stage=T5 side=S res=2 off=56240 runs=1 fp=0x9baf197c7dc00290
RLTRACE t_ns=859216239454640 stage=T6 side=S res=2 off=56240 len=1
RLTRACE t_ns=859216255949478 stage=T0 side=S res=1 tail=221252 bytes=36
RLTRACE t_ns=859216259270787 stage=T2 side=S res=1 tail=221252
RLTRACE t_ns=859216264520416 stage=T0 side=S res=1 tail=221372 bytes=120
RLTRACE t_ns=859216267746706 stage=T2 side=S res=1 tail=221372
RLTRACE t_ns=859216272179636 stage=T5 side=S res=2 off=56248 runs=2 fp=0x1a7e8c035c729c26
RLTRACE t_ns=859216273388253 stage=T6 side=S res=2 off=56248 len=1
RLTRACE t_ns=859216273475996 stage=T6 side=S res=2 off=56256 len=1
RLTRACE t_ns=859216295702411 stage=T0 side=S res=1 tail=221408 bytes=36
RLTRACE t_ns=859216299204021 stage=T2 side=S res=1 tail=221408
RLTRACE t_ns=859216303691288 stage=T0 side=S res=1 tail=222416 bytes=1008
RLTRACE t_ns=859216306899079 stage=T2 side=S res=1 tail=222416
RLTRACE t_ns=859216309952139 stage=T5 side=S res=2 off=56264 runs=2 fp=0x1a7e8c035c729c26
RLTRACE t_ns=859216310786762 stage=T6 side=S res=2 off=56264 len=1
RLTRACE t_ns=859216310851126 stage=T6 side=S res=2 off=56268 len=1
RLTRACE t_ns=859216321440924 stage=T0 side=S res=1 tail=222476 bytes=60
RLTRACE t_ns=859216324449484 stage=T2 side=S res=1 tail=222452
RLTRACE t_ns=859216328374971 stage=T5 side=S res=2 off=56272 runs=1 fp=0x1a7e8c035c729c26
RLTRACE t_ns=859216329226502 stage=T6 side=S res=2 off=56272 len=1
RLTRACE t_ns=859216329632117 stage=T2 side=S res=1 tail=222476
RLTRACE t_ns=859216345375332 stage=T0 side=S res=1 tail=222632 bytes=156
RLTRACE t_ns=859216348598681 stage=T2 side=S res=1 tail=222548
RLTRACE t_ns=859216353391926 stage=T5 side=S res=2 off=56280 runs=2 fp=0x1a7e8c035c729c26
RLTRACE t_ns=859216354338490 stage=T6 side=S res=2 off=56280 len=1
RLTRACE t_ns=859216354414423 stage=T6 side=S res=2 off=56288 len=1
RLTRACE t_ns=859216354710573 stage=T2 side=S res=1 tail=222632
RLTRACE t_ns=859216371756320 stage=T0 side=S res=1 tail=223676 bytes=1044
RLTRACE t_ns=859216375028591 stage=T2 side=S res=1 tail=223508
RLTRACE t_ns=859216378673441 stage=T5 side=S res=2 off=56296 runs=2 fp=0x1a7e8c035c729c26
RLTRACE t_ns=859216379494646 stage=T6 side=S res=2 off=56296 len=1
RLTRACE t_ns=859216379573694 stage=T6 side=S res=2 off=56300 len=1
RLTRACE t_ns=859216379868787 stage=T2 side=S res=1 tail=223676
RLTRACE t_ns=859216387409551 stage=T0 side=S res=1 tail=223736 bytes=60
RLTRACE t_ns=859216390562321 stage=T2 side=S res=1 tail=223736
RLTRACE t_ns=859216395112079 stage=T5 side=S res=2 off=56304 runs=1 fp=0x1a7e8c035c729c26
RLTRACE t_ns=859216395947500 stage=T6 side=S res=2 off=56304 len=1
RLTRACE t_ns=859216404018173 stage=T0 side=S res=1 tail=223892 bytes=156
RLTRACE t_ns=859216407323472 stage=T2 side=S res=1 tail=223892
RLTRACE t_ns=859216411473261 stage=T5 side=S res=2 off=56312 runs=2 fp=0xdd6d6bf78839036c
RLTRACE t_ns=859216412369086 stage=T6 side=S res=2 off=56312 len=1
RLTRACE t_ns=859216412470437 stage=T6 side=S res=2 off=56320 len=1
RLTRACE t_ns=859216422954284 stage=T0 side=S res=1 tail=224936 bytes=1044
RLTRACE t_ns=859216425859819 stage=T2 side=S res=1 tail=224936
RLTRACE t_ns=859216429539688 stage=T5 side=S res=2 off=56328 runs=2 fp=0xdd6d6bf78839036c
RLTRACE t_ns=859216430342368 stage=T6 side=S res=2 off=56328 len=1
RLTRACE t_ns=859216430421136 stage=T6 side=S res=2 off=56332 len=1
RLTRACE t_ns=859216438318608 stage=T0 side=S res=1 tail=224996 bytes=60
RLTRACE t_ns=859216441408921 stage=T2 side=S res=1 tail=224996
RLTRACE t_ns=859216444644817 stage=T5 side=S res=2 off=56336 runs=1 fp=0xdd6d6bf78839036c
RLTRACE t_ns=859216445470328 stage=T6 side=S res=2 off=56336 len=1
RLTRACE t_ns=859216453267071 stage=T0 side=S res=1 tail=225152 bytes=156
RLTRACE t_ns=859216456351630 stage=T2 side=S res=1 tail=225152
RLTRACE t_ns=859216460212754 stage=T5 side=S res=2 off=56344 runs=2 fp=0xdd6d6bf78839036c
RLTRACE t_ns=859216461031740 stage=T6 side=S res=2 off=56344 len=1
RLTRACE t_ns=859216461122034 stage=T6 side=S res=2 off=56352 len=1
RLTRACE t_ns=859216470741054 stage=T0 side=S res=1 tail=226196 bytes=1044
RLTRACE t_ns=859216473890847 stage=T2 side=S res=1 tail=225604
RLTRACE t_ns=859216477568029 stage=T5 side=S res=2 off=56360 runs=2 fp=0xdd6d6bf78839036c
RLTRACE t_ns=859216478495260 stage=T6 side=S res=2 off=56360 len=1
RLTRACE t_ns=859216478608997 stage=T6 side=S res=2 off=56364 len=1
RLTRACE t_ns=859216478894949 stage=T2 side=S res=1 tail=226196
RLTRACE t_ns=859216488655606 stage=T0 side=S res=1 tail=226256 bytes=60
RLTRACE t_ns=859216491650735 stage=T2 side=S res=1 tail=226256
RLTRACE t_ns=859216494707452 stage=T5 side=S res=2 off=56368 runs=1 fp=0xdd6d6bf78839036c
RLTRACE t_ns=859216495532762 stage=T6 side=S res=2 off=56368 len=1
RLTRACE t_ns=859216502726581 stage=T0 side=S res=1 tail=226412 bytes=156
RLTRACE t_ns=859216506015026 stage=T2 side=S res=1 tail=226412
RLTRACE t_ns=859216509276497 stage=T5 side=S res=2 off=56376 runs=2 fp=0x56090a21ee65a6ca
RLTRACE t_ns=859216510135081 stage=T6 side=S res=2 off=56376 len=1
RLTRACE t_ns=859216510264302 stage=T6 side=S res=2 off=56384 len=1
RLTRACE t_ns=859216524582627 stage=T0 side=S res=1 tail=227456 bytes=1044
RLTRACE t_ns=859216528591724 stage=T2 side=S res=1 tail=227336
RLTRACE t_ns=859216531981286 stage=T5 side=S res=2 off=56392 runs=2 fp=0x56090a21ee65a6ca
RLTRACE t_ns=859216532875827 stage=T6 side=S res=2 off=56392 len=1
RLTRACE t_ns=859216532954235 stage=T6 side=S res=2 off=56396 len=1
RLTRACE t_ns=859216533234411 stage=T2 side=S res=1 tail=227456
RLTRACE t_ns=859216541017226 stage=T0 side=S res=1 tail=227516 bytes=60
RLTRACE t_ns=859216543983660 stage=T2 side=S res=1 tail=227516
RLTRACE t_ns=859216546866633 stage=T5 side=S res=2 off=56400 runs=1 fp=0x56090a21ee65a6ca
RLTRACE t_ns=859216547624787 stage=T6 side=S res=2 off=56400 len=1
RLTRACE t_ns=859216556283950 stage=T0 side=S res=1 tail=227672 bytes=156
RLTRACE t_ns=859216559299581 stage=T2 side=S res=1 tail=227672
RLTRACE t_ns=859216562678189 stage=T5 side=S res=2 off=56408 runs=2 fp=0x56090a21ee65a6ca
RLTRACE t_ns=859216563523369 stage=T6 side=S res=2 off=56408 len=1
RLTRACE t_ns=859216563599442 stage=T6 side=S res=2 off=56416 len=1
RLTRACE t_ns=859216578114651 stage=T0 side=S res=1 tail=228716 bytes=1044
RLTRACE t_ns=859216581120894 stage=T2 side=S res=1 tail=228596
RLTRACE t_ns=859216584490972 stage=T5 side=S res=2 off=56424 runs=2 fp=0x56090a21ee65a6ca
RLTRACE t_ns=859216585384075 stage=T6 side=S res=2 off=56424 len=1
RLTRACE t_ns=859216585417718 stage=T6 side=S res=2 off=56428 len=1
RLTRACE t_ns=859216585693616 stage=T2 side=S res=1 tail=228716
RLTRACE t_ns=859216591690141 stage=T0 side=S res=1 tail=228752 bytes=36
RLTRACE t_ns=859216594901675 stage=T2 side=S res=1 tail=228752
RLTRACE t_ns=859216599214921 stage=T0 side=S res=1 tail=228776 bytes=24
RLTRACE t_ns=859216602981836 stage=T2 side=S res=1 tail=228776
RLTRACE t_ns=859216606422622 stage=T5 side=S res=2 off=56432 runs=1 fp=0x56090a21ee65a6ca
RLTRACE t_ns=859216607223304 stage=T6 side=S res=2 off=56432 len=1
RLTRACE t_ns=859216615319495 stage=T0 side=S res=1 tail=228812 bytes=36
RLTRACE t_ns=859216619061397 stage=T2 side=S res=1 tail=228812
RLTRACE t_ns=859216623098939 stage=T0 side=S res=1 tail=228932 bytes=120
RLTRACE t_ns=859216626079026 stage=T2 side=S res=1 tail=228932
RLTRACE t_ns=859216629342681 stage=T5 side=S res=2 off=56440 runs=2 fp=0x935d6478ee6ad208
RLTRACE t_ns=859216630240459 stage=T6 side=S res=2 off=56440 len=1
RLTRACE t_ns=859216630318539 stage=T6 side=S res=2 off=56448 len=1
RLTRACE t_ns=859216643808729 stage=T0 side=S res=1 tail=229976 bytes=1044
RLTRACE t_ns=859216646795301 stage=T2 side=S res=1 tail=228968
RLTRACE t_ns=859216650385806 stage=T5 side=S res=2 off=56456 runs=2 fp=0x935d6478ee6ad208
RLTRACE t_ns=859216651342712 stage=T6 side=S res=2 off=56456 len=1
RLTRACE t_ns=859216651404627 stage=T6 side=S res=2 off=56460 len=1
RLTRACE t_ns=859216651682180 stage=T2 side=S res=1 tail=229976
RLTRACE t_ns=859216663062822 stage=T0 side=S res=1 tail=230036 bytes=60
RLTRACE t_ns=859216666123834 stage=T2 side=S res=1 tail=230036
RLTRACE t_ns=859216669645831 stage=T5 side=S res=2 off=56464 runs=1 fp=0x935d6478ee6ad208
RLTRACE t_ns=859216670451661 stage=T6 side=S res=2 off=56464 len=1
RLTRACE t_ns=859216677744687 stage=T0 side=S res=1 tail=230192 bytes=156
RLTRACE t_ns=859216680920808 stage=T2 side=S res=1 tail=230192
RLTRACE t_ns=859216684546005 stage=T5 side=S res=2 off=56472 runs=2 fp=0x935d6478ee6ad208
RLTRACE t_ns=859216685397457 stage=T6 side=S res=2 off=56472 len=1
RLTRACE t_ns=859216685470829 stage=T6 side=S res=2 off=56480 len=1
RLTRACE t_ns=859216697838307 stage=T0 side=S res=1 tail=231236 bytes=1044
RLTRACE t_ns=859216701217059 stage=T2 side=S res=1 tail=230228
RLTRACE t_ns=859216705496890 stage=T5 side=S res=2 off=56488 runs=2 fp=0x935d6478ee6ad208
RLTRACE t_ns=859216706489617 stage=T6 side=S res=2 off=56488 len=1
RLTRACE t_ns=859216706583018 stage=T6 side=S res=2 off=56492 len=1
RLTRACE t_ns=859216706864411 stage=T2 side=S res=1 tail=231236
RLTRACE t_ns=859216718150042 stage=T0 side=S res=1 tail=231296 bytes=60
RLTRACE t_ns=859216721457712 stage=T2 side=S res=1 tail=231296
RLTRACE t_ns=859216724679744 stage=T5 side=S res=2 off=56496 runs=1 fp=0x935d6478ee6ad208
RLTRACE t_ns=859216725439953 stage=T6 side=S res=2 off=56496 len=1
RLTRACE t_ns=859216732294494 stage=T0 side=S res=1 tail=231452 bytes=156
RLTRACE t_ns=859216735496979 stage=T2 side=S res=1 tail=231368
RLTRACE t_ns=859216738720617 stage=T5 side=S res=2 off=56504 runs=2 fp=0x10aba10308ff53e
RLTRACE t_ns=859216739557137 stage=T6 side=S res=2 off=56504 len=1
RLTRACE t_ns=859216739612503 stage=T6 side=S res=2 off=56512 len=1
RLTRACE t_ns=859216739889698 stage=T2 side=S res=1 tail=231452
RLTRACE t_ns=859216755831582 stage=T0 side=S res=1 tail=232496 bytes=1044
RLTRACE t_ns=859216758941019 stage=T2 side=S res=1 tail=231688
RLTRACE t_ns=859216762462983 stage=T5 side=S res=2 off=56520 runs=2 fp=0x10aba10308ff53e
RLTRACE t_ns=859216763357795 stage=T6 side=S res=2 off=56520 len=1
RLTRACE t_ns=859216763433260 stage=T6 side=S res=2 off=56524 len=1
RLTRACE t_ns=859216763712246 stage=T2 side=S res=1 tail=232496
RLTRACE t_ns=859216770382661 stage=T0 side=S res=1 tail=232556 bytes=60
RLTRACE t_ns=859216773367633 stage=T2 side=S res=1 tail=232556
RLTRACE t_ns=859216776858762 stage=T5 side=S res=2 off=56528 runs=1 fp=0x10aba10308ff53e
RLTRACE t_ns=859216777725487 stage=T6 side=S res=2 off=56528 len=1
RLTRACE t_ns=859216785745122 stage=T0 side=S res=1 tail=232712 bytes=156
RLTRACE t_ns=859216788976270 stage=T2 side=S res=1 tail=232628
RLTRACE t_ns=859216792201126 stage=T5 side=S res=2 off=56536 runs=2 fp=0x10aba10308ff53e
RLTRACE t_ns=859216793030903 stage=T6 side=S res=2 off=56536 len=1
RLTRACE t_ns=859216793103891 stage=T6 side=S res=2 off=56544 len=1
RLTRACE t_ns=859216793385042 stage=T2 side=S res=1 tail=232712
RLTRACE t_ns=859216809011161 stage=T0 side=S res=1 tail=233756 bytes=1044
RLTRACE t_ns=859216812422565 stage=T2 side=S res=1 tail=233756
RLTRACE t_ns=859216816166865 stage=T5 side=S res=2 off=56552 runs=2 fp=0x10aba10308ff53e
RLTRACE t_ns=859216817126488 stage=T6 side=S res=2 off=56552 len=1
RLTRACE t_ns=859216817187125 stage=T6 side=S res=2 off=56556 len=1
RLTRACE t_ns=859216824420787 stage=T0 side=S res=1 tail=233816 bytes=60
RLTRACE t_ns=859216827609973 stage=T2 side=S res=1 tail=233816
RLTRACE t_ns=859216831097258 stage=T5 side=S res=2 off=56560 runs=1 fp=0x10aba10308ff53e
RLTRACE t_ns=859216831957342 stage=T6 side=S res=2 off=56560 len=1
RLTRACE t_ns=859216839162056 stage=T0 side=S res=1 tail=233972 bytes=156
RLTRACE t_ns=859216843156453 stage=T2 side=S res=1 tail=233972
RLTRACE t_ns=859216847853388 stage=T5 side=S res=2 off=56568 runs=2 fp=0x9d59bae9986f264
RLTRACE t_ns=859216848963898 stage=T6 side=S res=2 off=56568 len=1
RLTRACE t_ns=859216849083975 stage=T6 side=S res=2 off=56576 len=1
RLTRACE t_ns=859216864292872 stage=T0 side=S res=1 tail=235016 bytes=1044
RLTRACE t_ns=859216867568693 stage=T2 side=S res=1 tail=234896
RLTRACE t_ns=859216871454905 stage=T5 side=S res=2 off=56584 runs=2 fp=0x9d59bae9986f264
RLTRACE t_ns=859216872263141 stage=T6 side=S res=2 off=56584 len=1
RLTRACE t_ns=859216872320721 stage=T6 side=S res=2 off=56588 len=1
RLTRACE t_ns=859216872598297 stage=T2 side=S res=1 tail=235016
RLTRACE t_ns=859216879808529 stage=T0 side=S res=1 tail=235076 bytes=60
RLTRACE t_ns=859216883064612 stage=T2 side=S res=1 tail=235076
RLTRACE t_ns=859216886492510 stage=T5 side=S res=2 off=56592 runs=1 fp=0x9d59bae9986f264
RLTRACE t_ns=859216887265246 stage=T6 side=S res=2 off=56592 len=1
RLTRACE t_ns=859216894199845 stage=T0 side=S res=1 tail=235232 bytes=156
RLTRACE t_ns=859216897218307 stage=T2 side=S res=1 tail=235148
RLTRACE t_ns=859216901923213 stage=T5 side=S res=2 off=56600 runs=2 fp=0x9d59bae9986f264
RLTRACE t_ns=859216902844861 stage=T6 side=S res=2 off=56600 len=1
RLTRACE t_ns=859216902957956 stage=T6 side=S res=2 off=56608 len=1
RLTRACE t_ns=859216903790540 stage=T2 side=S res=1 tail=235232
RLTRACE t_ns=859216920580109 stage=T0 side=S res=1 tail=236276 bytes=1044
RLTRACE t_ns=859216924316199 stage=T2 side=S res=1 tail=236056
RLTRACE t_ns=859216927550539 stage=T5 side=S res=2 off=56616 runs=2 fp=0x9d59bae9986f264
RLTRACE t_ns=859216928404124 stage=T6 side=S res=2 off=56616 len=1
RLTRACE t_ns=859216928492749 stage=T6 side=S res=2 off=56620 len=1
RLTRACE t_ns=859216928792537 stage=T2 side=S res=1 tail=236276
RLTRACE t_ns=859216935860694 stage=T0 side=S res=1 tail=236336 bytes=60
RLTRACE t_ns=859216938794663 stage=T2 side=S res=1 tail=236336
RLTRACE t_ns=859216942623573 stage=T5 side=S res=2 off=56624 runs=1 fp=0x9d59bae9986f264
RLTRACE t_ns=859216943438983 stage=T6 side=S res=2 off=56624 len=1
RLTRACE t_ns=859216950524534 stage=T0 side=S res=1 tail=236492 bytes=156
RLTRACE t_ns=859216953807579 stage=T2 side=S res=1 tail=236492
RLTRACE t_ns=859216957130118 stage=T5 side=S res=2 off=56632 runs=2 fp=0x9dcb84207e3d86e2
RLTRACE t_ns=859216957920134 stage=T6 side=S res=2 off=56632 len=1
RLTRACE t_ns=859216957955926 stage=T6 side=S res=2 off=56640 len=1
RLTRACE t_ns=859216969196866 stage=T0 side=S res=1 tail=237536 bytes=1044
RLTRACE t_ns=859216972410309 stage=T2 side=S res=1 tail=237536
RLTRACE t_ns=859216976759969 stage=T5 side=S res=2 off=56648 runs=2 fp=0x9dcb84207e3d86e2
RLTRACE t_ns=859216977653071 stage=T6 side=S res=2 off=56648 len=1
RLTRACE t_ns=859216977742790 stage=T6 side=S res=2 off=56652 len=1
RLTRACE t_ns=859216987246430 stage=T0 side=S res=1 tail=237596 bytes=60
RLTRACE t_ns=859216992256523 stage=T2 side=S res=1 tail=237572
RLTRACE t_ns=859216996911320 stage=T5 side=S res=2 off=56656 runs=1 fp=0x9dcb84207e3d86e2
RLTRACE t_ns=859216998156243 stage=T6 side=S res=2 off=56656 len=1
RLTRACE t_ns=859216998527675 stage=T2 side=S res=1 tail=237596
RLTRACE t_ns=859217013329987 stage=T0 side=S res=1 tail=237752 bytes=156
RLTRACE t_ns=859217016922542 stage=T2 side=S res=1 tail=237668
RLTRACE t_ns=859217021564978 stage=T5 side=S res=2 off=56664 runs=2 fp=0x9dcb84207e3d86e2
RLTRACE t_ns=859217022405518 stage=T6 side=S res=2 off=56664 len=1
RLTRACE t_ns=859217022486600 stage=T6 side=S res=2 off=56672 len=1
RLTRACE t_ns=859217023016948 stage=T2 side=S res=1 tail=237752
RLTRACE t_ns=859217043800309 stage=T0 side=S res=1 tail=237788 bytes=36
RLTRACE t_ns=859217048596820 stage=T2 side=S res=1 tail=237788
RLTRACE t_ns=859217054975961 stage=T0 side=S res=1 tail=238796 bytes=1008
RLTRACE t_ns=859217060778843 stage=T2 side=S res=1 tail=238400
RLTRACE t_ns=859217069722913 stage=T5 side=S res=2 off=56680 runs=2 fp=0x9dcb84207e3d86e2
RLTRACE t_ns=859217072035818 stage=T6 side=S res=2 off=56680 len=1
RLTRACE t_ns=859217072176816 stage=T6 side=S res=2 off=56684 len=1
RLTRACE t_ns=859217072511234 stage=T2 side=S res=1 tail=238796
RLTRACE t_ns=859217083212368 stage=T0 side=S res=1 tail=238832 bytes=36
RLTRACE t_ns=859217087457481 stage=T2 side=S res=1 tail=238832
RLTRACE t_ns=859217092275181 stage=T0 side=S res=1 tail=238856 bytes=24
RLTRACE t_ns=859217095561822 stage=T2 side=S res=1 tail=238856
RLTRACE t_ns=859217099140410 stage=T5 side=S res=2 off=56688 runs=1 fp=0x9dcb84207e3d86e2
RLTRACE t_ns=859217100166507 stage=T6 side=S res=2 off=56688 len=1
RLTRACE t_ns=859217108819847 stage=T0 side=S res=1 tail=239012 bytes=156
RLTRACE t_ns=859217112216489 stage=T2 side=S res=1 tail=239012
RLTRACE t_ns=859217115874426 stage=T5 side=S res=2 off=56696 runs=2 fp=0x8b31330d4b979540
RLTRACE t_ns=859217116940158 stage=T6 side=S res=2 off=56696 len=1
RLTRACE t_ns=859217117063448 stage=T6 side=S res=2 off=56704 len=1
RLTRACE t_ns=859217129110558 stage=T0 side=S res=1 tail=240056 bytes=1044
RLTRACE t_ns=859217132341529 stage=T2 side=S res=1 tail=239048
RLTRACE t_ns=859217136143314 stage=T5 side=S res=2 off=56712 runs=2 fp=0x8b31330d4b979540
RLTRACE t_ns=859217137057606 stage=T6 side=S res=2 off=56712 len=1
RLTRACE t_ns=859217137140111 stage=T6 side=S res=2 off=56716 len=1
RLTRACE t_ns=859217137435578 stage=T2 side=S res=1 tail=240056
RLTRACE t_ns=859217149111676 stage=T0 side=S res=1 tail=240116 bytes=60
RLTRACE t_ns=859217152824902 stage=T2 side=S res=1 tail=240116
RLTRACE t_ns=859217156567751 stage=T5 side=S res=2 off=56720 runs=1 fp=0x8b31330d4b979540
RLTRACE t_ns=859217157524628 stage=T6 side=S res=2 off=56720 len=1
RLTRACE t_ns=859217165557773 stage=T0 side=S res=1 tail=240272 bytes=156
RLTRACE t_ns=859217169337906 stage=T2 side=S res=1 tail=240272
RLTRACE t_ns=859217173705451 stage=T5 side=S res=2 off=56728 runs=2 fp=0x8b31330d4b979540
RLTRACE t_ns=859217174607988 stage=T6 side=S res=2 off=56728 len=1
RLTRACE t_ns=859217174674763 stage=T6 side=S res=2 off=56736 len=1
RLTRACE t_ns=859217191481234 stage=T0 side=S res=1 tail=241316 bytes=1044
RLTRACE t_ns=859217195572502 stage=T2 side=S res=1 tail=241148
RLTRACE t_ns=859217199868139 stage=T5 side=S res=2 off=56744 runs=2 fp=0x8b31330d4b979540
RLTRACE t_ns=859217201086222 stage=T6 side=S res=2 off=56744 len=1
RLTRACE t_ns=859217201181782 stage=T6 side=S res=2 off=56748 len=1
RLTRACE t_ns=859217201478235 stage=T2 side=S res=1 tail=241316
RLTRACE t_ns=859217209104371 stage=T0 side=S res=1 tail=241376 bytes=60
RLTRACE t_ns=859217212603941 stage=T2 side=S res=1 tail=241376
RLTRACE t_ns=859217216674654 stage=T5 side=S res=2 off=56752 runs=1 fp=0x8b31330d4b979540
RLTRACE t_ns=859217217866960 stage=T6 side=S res=2 off=56752 len=1
RLTRACE t_ns=859217225383889 stage=T0 side=S res=1 tail=241532 bytes=156
RLTRACE t_ns=859217228706471 stage=T2 side=S res=1 tail=241412
RLTRACE t_ns=859217232244012 stage=T5 side=S res=2 off=56760 runs=2 fp=0x576c2d7326a1f816
RLTRACE t_ns=859217233259173 stage=T6 side=S res=2 off=56760 len=1
RLTRACE t_ns=859217233324402 stage=T6 side=S res=2 off=56768 len=1
RLTRACE t_ns=859217233852151 stage=T2 side=S res=1 tail=241532
RLTRACE t_ns=859217256028530 stage=T0 side=S res=1 tail=241568 bytes=36
RLTRACE t_ns=859217259622326 stage=T2 side=S res=1 tail=241568
RLTRACE t_ns=859217264491756 stage=T0 side=S res=1 tail=242576 bytes=1008
RLTRACE t_ns=859217268710662 stage=T2 side=S res=1 tail=242576
RLTRACE t_ns=859217272359702 stage=T5 side=S res=2 off=56776 runs=2 fp=0x576c2d7326a1f816
RLTRACE t_ns=859217273334753 stage=T6 side=S res=2 off=56776 len=1
RLTRACE t_ns=859217273410494 stage=T6 side=S res=2 off=56780 len=1
RLTRACE t_ns=859217283919836 stage=T0 side=S res=1 tail=242636 bytes=60
RLTRACE t_ns=859217287789761 stage=T2 side=S res=1 tail=242612
RLTRACE t_ns=859217291259369 stage=T5 side=S res=2 off=56784 runs=1 fp=0x576c2d7326a1f816
RLTRACE t_ns=859217292167122 stage=T6 side=S res=2 off=56784 len=1
RLTRACE t_ns=859217292490718 stage=T2 side=S res=1 tail=242636
RLTRACE t_ns=859217304513898 stage=T0 side=S res=1 tail=242792 bytes=156
RLTRACE t_ns=859217307756696 stage=T2 side=S res=1 tail=242672
RLTRACE t_ns=859217313737168 stage=T5 side=S res=2 off=56792 runs=2 fp=0x576c2d7326a1f816
RLTRACE t_ns=859217314789437 stage=T6 side=S res=2 off=56792 len=1
RLTRACE t_ns=859217314922438 stage=T6 side=S res=2 off=56800 len=1
RLTRACE t_ns=859217315704770 stage=T2 side=S res=1 tail=242792
RLTRACE t_ns=859217335058390 stage=T0 side=S res=1 tail=242828 bytes=36
RLTRACE t_ns=859217339184751 stage=T2 side=S res=1 tail=242828
RLTRACE t_ns=859217346051235 stage=T0 side=S res=1 tail=243836 bytes=1008
RLTRACE t_ns=859217350041040 stage=T2 side=S res=1 tail=243004
RLTRACE t_ns=859217355620594 stage=T5 side=S res=2 off=56808 runs=2 fp=0x576c2d7326a1f816
RLTRACE t_ns=859217356551765 stage=T6 side=S res=2 off=56808 len=1
RLTRACE t_ns=859217356637707 stage=T6 side=S res=2 off=56812 len=1
RLTRACE t_ns=859217356954941 stage=T2 side=S res=1 tail=243836
RLTRACE t_ns=859217373867074 stage=T0 side=S res=1 tail=243896 bytes=60
RLTRACE t_ns=859217377854016 stage=T2 side=S res=1 tail=243896
RLTRACE t_ns=859217383089790 stage=T5 side=S res=2 off=56816 runs=1 fp=0x576c2d7326a1f816
RLTRACE t_ns=859217383996235 stage=T6 side=S res=2 off=56816 len=1
RLTRACE t_ns=859217391546400 stage=T0 side=S res=1 tail=243932 bytes=36
RLTRACE t_ns=859217395075819 stage=T2 side=S res=1 tail=243932
RLTRACE t_ns=859217401792879 stage=T0 side=S res=1 tail=244052 bytes=120
RLTRACE t_ns=859217405467569 stage=T2 side=S res=1 tail=244052
RLTRACE t_ns=859217411344749 stage=T5 side=S res=2 off=56824 runs=2 fp=0x3db510c1da58529c
RLTRACE t_ns=859217412447782 stage=T6 side=S res=2 off=56824 len=1
RLTRACE t_ns=859217412566006 stage=T6 side=S res=2 off=56832 len=1
RLTRACE t_ns=859217428941097 stage=T0 side=S res=1 tail=245096 bytes=1044
RLTRACE t_ns=859217432407752 stage=T2 side=S res=1 tail=244976
RLTRACE t_ns=859217437803247 stage=T5 side=S res=2 off=56840 runs=2 fp=0x3db510c1da58529c
RLTRACE t_ns=859217438751296 stage=T6 side=S res=2 off=56840 len=1
RLTRACE t_ns=859217438842848 stage=T6 side=S res=2 off=56844 len=1
RLTRACE t_ns=859217439153224 stage=T2 side=S res=1 tail=245096
RLTRACE t_ns=859217446715179 stage=T0 side=S res=1 tail=245156 bytes=60
RLTRACE t_ns=859217450071834 stage=T2 side=S res=1 tail=245156
RLTRACE t_ns=859217455408516 stage=T5 side=S res=2 off=56848 runs=1 fp=0x3db510c1da58529c
RLTRACE t_ns=859217456341191 stage=T6 side=S res=2 off=56848 len=1
RLTRACE t_ns=859217464372894 stage=T0 side=S res=1 tail=245312 bytes=156
RLTRACE t_ns=859217468187527 stage=T2 side=S res=1 tail=245312
RLTRACE t_ns=859217473846230 stage=T5 side=S res=2 off=56856 runs=2 fp=0x3db510c1da58529c
RLTRACE t_ns=859217474872991 stage=T6 side=S res=2 off=56856 len=1
RLTRACE t_ns=859217474957565 stage=T6 side=S res=2 off=56864 len=1
RLTRACE t_ns=859217498091508 stage=T0 side=S res=1 tail=246356 bytes=1044
RLTRACE t_ns=859217501786191 stage=T2 side=S res=1 tail=246008
RLTRACE t_ns=859217505086683 stage=T5 side=S res=2 off=56872 runs=2 fp=0x3db510c1da58529c
RLTRACE t_ns=859217505930300 stage=T6 side=S res=2 off=56872 len=1
RLTRACE t_ns=859217505985265 stage=T6 side=S res=2 off=56876 len=1
RLTRACE t_ns=859217506261907 stage=T2 side=S res=1 tail=246356
RLTRACE t_ns=859217513576889 stage=T0 side=S res=1 tail=246416 bytes=60
RLTRACE t_ns=859217517020653 stage=T2 side=S res=1 tail=246416
RLTRACE t_ns=859217520302357 stage=T5 side=S res=2 off=56880 runs=1 fp=0x3db510c1da58529c
RLTRACE t_ns=859217521139278 stage=T6 side=S res=2 off=56880 len=1
RLTRACE t_ns=859217529045362 stage=T0 side=S res=1 tail=246572 bytes=156
RLTRACE t_ns=859217532440750 stage=T2 side=S res=1 tail=246572
RLTRACE t_ns=859217535952354 stage=T5 side=S res=2 off=56888 runs=2 fp=0x8ea030b1ea65de7a
RLTRACE t_ns=859217536812231 stage=T6 side=S res=2 off=56888 len=1
RLTRACE t_ns=859217536877945 stage=T6 side=S res=2 off=56896 len=1
RLTRACE t_ns=859217548622261 stage=T0 side=S res=1 tail=247616 bytes=1044
RLTRACE t_ns=859217555191576 stage=T2 side=S res=1 tail=247496
RLTRACE t_ns=859217558517886 stage=T5 side=S res=2 off=56904 runs=2 fp=0x8ea030b1ea65de7a
RLTRACE t_ns=859217559299268 stage=T6 side=S res=2 off=56904 len=1
RLTRACE t_ns=859217559348082 stage=T6 side=S res=2 off=56908 len=1
RLTRACE t_ns=859217559625687 stage=T2 side=S res=1 tail=247616
RLTRACE t_ns=859217567022910 stage=T0 side=S res=1 tail=247676 bytes=60
RLTRACE t_ns=859217570309276 stage=T2 side=S res=1 tail=247676
RLTRACE t_ns=859217573564292 stage=T5 side=S res=2 off=56912 runs=1 fp=0x8ea030b1ea65de7a
RLTRACE t_ns=859217574435963 stage=T6 side=S res=2 off=56912 len=1
RLTRACE t_ns=859217582657393 stage=T0 side=S res=1 tail=247832 bytes=156
RLTRACE t_ns=859217586145682 stage=T2 side=S res=1 tail=247832
RLTRACE t_ns=859217589405762 stage=T5 side=S res=2 off=56920 runs=2 fp=0x8ea030b1ea65de7a
RLTRACE t_ns=859217590286902 stage=T6 side=S res=2 off=56920 len=1
RLTRACE t_ns=859217590374920 stage=T6 side=S res=2 off=56928 len=1
RLTRACE t_ns=859217606683777 stage=T0 side=S res=1 tail=248876 bytes=1044
RLTRACE t_ns=859217609700027 stage=T2 side=S res=1 tail=247868
RLTRACE t_ns=859217613205111 stage=T5 side=S res=2 off=56936 runs=2 fp=0x8ea030b1ea65de7a
RLTRACE t_ns=859217614041880 stage=T6 side=S res=2 off=56936 len=1
RLTRACE t_ns=859217614115549 stage=T6 side=S res=2 off=56940 len=1
RLTRACE t_ns=859217614393021 stage=T2 side=S res=1 tail=248876
RLTRACE t_ns=859217630407539 stage=T0 side=S res=1 tail=248936 bytes=60
RLTRACE t_ns=859217633870496 stage=T2 side=S res=1 tail=248936
RLTRACE t_ns=859217637527487 stage=T5 side=S res=2 off=56944 runs=1 fp=0x8ea030b1ea65de7a
RLTRACE t_ns=859217638448091 stage=T6 side=S res=2 off=56944 len=1
RLTRACE t_ns=859217646913673 stage=T0 side=S res=1 tail=249092 bytes=156
RLTRACE t_ns=859217650658325 stage=T2 side=S res=1 tail=249092
RLTRACE t_ns=859217654205252 stage=T5 side=S res=2 off=56952 runs=2 fp=0x9704f7055f8ae4b8
RLTRACE t_ns=859217655219092 stage=T6 side=S res=2 off=56952 len=1
RLTRACE t_ns=859217655267085 stage=T6 side=S res=2 off=56960 len=1
RLTRACE t_ns=859217672104076 stage=T0 side=S res=1 tail=250136 bytes=1044
RLTRACE t_ns=859217675460095 stage=T2 side=S res=1 tail=250136
RLTRACE t_ns=859217681103887 stage=T5 side=S res=2 off=56968 runs=2 fp=0x9704f7055f8ae4b8
RLTRACE t_ns=859217682146345 stage=T6 side=S res=2 off=56968 len=1
RLTRACE t_ns=859217682244286 stage=T6 side=S res=2 off=56972 len=1
RLTRACE t_ns=859217691681098 stage=T0 side=S res=1 tail=250196 bytes=60
RLTRACE t_ns=859217694842620 stage=T2 side=S res=1 tail=250172
RLTRACE t_ns=859217700684814 stage=T5 side=S res=2 off=56976 runs=1 fp=0x9704f7055f8ae4b8
RLTRACE t_ns=859217701802178 stage=T6 side=S res=2 off=56976 len=1
RLTRACE t_ns=859217702244741 stage=T2 side=S res=1 tail=250196
RLTRACE t_ns=859217716331017 stage=T0 side=S res=1 tail=250352 bytes=156
RLTRACE t_ns=859217719951565 stage=T2 side=S res=1 tail=250352
RLTRACE t_ns=859217723443464 stage=T5 side=S res=2 off=56984 runs=2 fp=0x9704f7055f8ae4b8
RLTRACE t_ns=859217724367472 stage=T6 side=S res=2 off=56984 len=1
RLTRACE t_ns=859217724447411 stage=T6 side=S res=2 off=56992 len=1
RLTRACE t_ns=859217734390852 stage=T0 side=S res=1 tail=251396 bytes=1044
RLTRACE t_ns=859217737574858 stage=T2 side=S res=1 tail=250656
RLTRACE t_ns=859217741099507 stage=T5 side=S res=2 off=57000 runs=2 fp=0x9704f7055f8ae4b8
RLTRACE t_ns=859217741956345 stage=T6 side=S res=2 off=57000 len=1
RLTRACE t_ns=859217742032248 stage=T6 side=S res=2 off=57004 len=1
RLTRACE t_ns=859217742599293 stage=T2 side=S res=1 tail=251396
RLTRACE t_ns=859217749913797 stage=T0 side=S res=1 tail=251456 bytes=60
RLTRACE t_ns=859217753410590 stage=T2 side=S res=1 tail=251432
RLTRACE t_ns=859217758614253 stage=T5 side=S res=2 off=57008 runs=1 fp=0x9704f7055f8ae4b8
RLTRACE t_ns=859217759505062 stage=T6 side=S res=2 off=57008 len=1
RLTRACE t_ns=859217759852140 stage=T2 side=S res=1 tail=251456
RLTRACE t_ns=859217773033862 stage=T0 side=S res=1 tail=251612 bytes=156
RLTRACE t_ns=859217776537858 stage=T2 side=S res=1 tail=251612
RLTRACE t_ns=859217781717482 stage=T5 side=S res=2 off=57016 runs=2 fp=0x7807b9d35eeaceee
RLTRACE t_ns=859217782579328 stage=T6 side=S res=2 off=57016 len=1
RLTRACE t_ns=859217782654187 stage=T6 side=S res=2 off=57024 len=1
RLTRACE t_ns=859217796939998 stage=T0 side=S res=1 tail=252656 bytes=1044
RLTRACE t_ns=859217804023387 stage=T2 side=S res=1 tail=252656
RLTRACE t_ns=859217808437521 stage=T5 side=S res=2 off=57032 runs=2 fp=0x7807b9d35eeaceee
RLTRACE t_ns=859217809271274 stage=T6 side=S res=2 off=57032 len=1
RLTRACE t_ns=859217809339151 stage=T6 side=S res=2 off=57036 len=1
RLTRACE t_ns=859217817881099 stage=T0 side=S res=1 tail=252716 bytes=60
RLTRACE t_ns=859217821450927 stage=T2 side=S res=1 tail=252716
RLTRACE t_ns=859217825181062 stage=T5 side=S res=2 off=57040 runs=1 fp=0x7807b9d35eeaceee
RLTRACE t_ns=859217826161216 stage=T6 side=S res=2 off=57040 len=1
RLTRACE t_ns=859217836253008 stage=T0 side=S res=1 tail=252872 bytes=156
RLTRACE t_ns=859217840071991 stage=T2 side=S res=1 tail=252788
RLTRACE t_ns=859217845983207 stage=T5 side=S res=2 off=57048 runs=2 fp=0x7807b9d35eeaceee
RLTRACE t_ns=859217847246517 stage=T6 side=S res=2 off=57048 len=1
RLTRACE t_ns=859217847341470 stage=T6 side=S res=2 off=57056 len=1
RLTRACE t_ns=859217847637224 stage=T2 side=S res=1 tail=252872
RLTRACE t_ns=859217879899758 stage=T0 side=S res=1 tail=253916 bytes=1044
RLTRACE t_ns=859217887429371 stage=T2 side=S res=1 tail=253012
RLTRACE t_ns=859217895427025 stage=T5 side=S res=2 off=57064 runs=2 fp=0x7807b9d35eeaceee
RLTRACE t_ns=859217897365385 stage=T6 side=S res=2 off=57064 len=1
RLTRACE t_ns=859217897491822 stage=T6 side=S res=2 off=57068 len=1
RLTRACE t_ns=859217898153512 stage=T2 side=S res=1 tail=253916
RLTRACE t_ns=859217919099087 stage=T0 side=S res=1 tail=253976 bytes=60
RLTRACE t_ns=859217925400596 stage=T2 side=S res=1 tail=253952
RLTRACE t_ns=859217931357870 stage=T5 side=S res=2 off=57072 runs=1 fp=0x7807b9d35eeaceee
RLTRACE t_ns=859217932897032 stage=T6 side=S res=2 off=57072 len=1
RLTRACE t_ns=859217933253839 stage=T2 side=S res=1 tail=253976
RLTRACE t_ns=859217958285255 stage=T0 side=S res=1 tail=254132 bytes=156
RLTRACE t_ns=859217964538611 stage=T2 side=S res=1 tail=254132
RLTRACE t_ns=859217969580541 stage=T5 side=S res=2 off=57080 runs=2 fp=0x22de568f5543c354
RLTRACE t_ns=859217970935459 stage=T6 side=S res=2 off=57080 len=1
RLTRACE t_ns=859217971096413 stage=T6 side=S res=2 off=57088 len=1
RLTRACE t_ns=859217994249898 stage=T0 side=S res=1 tail=255176 bytes=1044
RLTRACE t_ns=859217999982554 stage=T2 side=S res=1 tail=254168
RLTRACE t_ns=859218007347316 stage=T5 side=S res=2 off=57096 runs=2 fp=0x22de568f5543c354
RLTRACE t_ns=859218008711494 stage=T6 side=S res=2 off=57096 len=1
RLTRACE t_ns=859218008799571 stage=T6 side=S res=2 off=57100 len=1
RLTRACE t_ns=859218009083215 stage=T2 side=S res=1 tail=255176
RLTRACE t_ns=859218027618695 stage=T0 side=S res=1 tail=255236 bytes=60
RLTRACE t_ns=859218033077707 stage=T2 side=S res=1 tail=255236
RLTRACE t_ns=859218037800010 stage=T5 side=S res=2 off=57104 runs=1 fp=0x22de568f5543c354
RLTRACE t_ns=859218039103991 stage=T6 side=S res=2 off=57104 len=1
RLTRACE t_ns=859218050798895 stage=T0 side=S res=1 tail=255392 bytes=156
RLTRACE t_ns=859218056288677 stage=T2 side=S res=1 tail=255392
RLTRACE t_ns=859218070148114 stage=T5 side=S res=2 off=57112 runs=2 fp=0x22de568f5543c354
RLTRACE t_ns=859218072700928 stage=T6 side=S res=2 off=57112 len=1
RLTRACE t_ns=859218072919037 stage=T6 side=S res=2 off=57120 len=1
RLTRACE t_ns=859218094845294 stage=T0 side=S res=1 tail=256436 bytes=1044
RLTRACE t_ns=859218100448363 stage=T2 side=S res=1 tail=256316
RLTRACE t_ns=859218109446487 stage=T5 side=S res=2 off=57128 runs=2 fp=0x22de568f5543c354
RLTRACE t_ns=859218111116674 stage=T6 side=S res=2 off=57128 len=1
RLTRACE t_ns=859218111259301 stage=T6 side=S res=2 off=57132 len=1
RLTRACE t_ns=859218111624926 stage=T2 side=S res=1 tail=256436
RLTRACE t_ns=859218121552108 stage=T0 side=S res=1 tail=256496 bytes=60
RLTRACE t_ns=859218126765469 stage=T2 side=S res=1 tail=256496
RLTRACE t_ns=859218131419242 stage=T5 side=S res=2 off=57136 runs=1 fp=0x22de568f5543c354
RLTRACE t_ns=859218132690549 stage=T6 side=S res=2 off=57136 len=1
RLTRACE t_ns=859218143520888 stage=T0 side=S res=1 tail=256652 bytes=156
RLTRACE t_ns=859218148764670 stage=T2 side=S res=1 tail=256652
RLTRACE t_ns=859218153811970 stage=T5 side=S res=2 off=57144 runs=2 fp=0x1e232aa767e2f852
RLTRACE t_ns=859218155224152 stage=T6 side=S res=2 off=57144 len=1
RLTRACE t_ns=859218155325334 stage=T6 side=S res=2 off=57152 len=1
RLTRACE t_ns=859218173976746 stage=T0 side=S res=1 tail=257696 bytes=1044
RLTRACE t_ns=859218179274137 stage=T2 side=S res=1 tail=257528
RLTRACE t_ns=859218184241280 stage=T5 side=S res=2 off=57160 runs=2 fp=0x1e232aa767e2f852
RLTRACE t_ns=859218185523723 stage=T6 side=S res=2 off=57160 len=1
RLTRACE t_ns=859218185610420 stage=T6 side=S res=2 off=57164 len=1
RLTRACE t_ns=859218185895316 stage=T2 side=S res=1 tail=257696
RLTRACE t_ns=859218196011604 stage=T0 side=S res=1 tail=257756 bytes=60
RLTRACE t_ns=859218201032776 stage=T2 side=S res=1 tail=257756
RLTRACE t_ns=859218209871314 stage=T5 side=S res=2 off=57168 runs=1 fp=0x1e232aa767e2f852
RLTRACE t_ns=859218211114188 stage=T6 side=S res=2 off=57168 len=1
RLTRACE t_ns=859218221825581 stage=T0 side=S res=1 tail=257912 bytes=156
RLTRACE t_ns=859218227369882 stage=T2 side=S res=1 tail=257912
RLTRACE t_ns=859218232557943 stage=T5 side=S res=2 off=57176 runs=2 fp=0x1e232aa767e2f852
RLTRACE t_ns=859218233861003 stage=T6 side=S res=2 off=57176 len=1
RLTRACE t_ns=859218233942422 stage=T6 side=S res=2 off=57184 len=1
RLTRACE t_ns=859218258198253 stage=T0 side=S res=1 tail=258956 bytes=1044
RLTRACE t_ns=859218264356413 stage=T2 side=S res=1 tail=257948
RLTRACE t_ns=859218269334086 stage=T5 side=S res=2 off=57192 runs=2 fp=0x1e232aa767e2f852
RLTRACE t_ns=859218270701281 stage=T6 side=S res=2 off=57192 len=1
RLTRACE t_ns=859218270856001 stage=T6 side=S res=2 off=57196 len=1
RLTRACE t_ns=859218271149433 stage=T2 side=S res=1 tail=258956
RLTRACE t_ns=859218291772450 stage=T0 side=S res=1 tail=259016 bytes=60
RLTRACE t_ns=859218297322023 stage=T2 side=S res=1 tail=259016
RLTRACE t_ns=859218302349824 stage=T5 side=S res=2 off=57200 runs=1 fp=0x1e232aa767e2f852
RLTRACE t_ns=859218303642503 stage=T6 side=S res=2 off=57200 len=1
RLTRACE t_ns=859218314829884 stage=T0 side=S res=1 tail=259172 bytes=156
RLTRACE t_ns=859218319390818 stage=T2 side=S res=1 tail=259172
RLTRACE t_ns=859218324576600 stage=T5 side=S res=2 off=57208 runs=2 fp=0x7308aa66574f86f0
RLTRACE t_ns=859218325851841 stage=T6 side=S res=2 off=57208 len=1
RLTRACE t_ns=859218325932065 stage=T6 side=S res=2 off=57216 len=1
RLTRACE t_ns=859218357205613 stage=T0 side=S res=1 tail=259208 bytes=36
RLTRACE t_ns=859218361919155 stage=T2 side=S res=1 tail=259208
RLTRACE t_ns=859218367953004 stage=T0 side=S res=1 tail=260216 bytes=1008
RLTRACE t_ns=859218372760940 stage=T2 side=S res=1 tail=260216
RLTRACE t_ns=859218377505324 stage=T5 side=S res=2 off=57224 runs=2 fp=0x7308aa66574f86f0
RLTRACE t_ns=859218378732181 stage=T6 side=S res=2 off=57224 len=1
RLTRACE t_ns=859218378811775 stage=T6 side=S res=2 off=57228 len=1
RLTRACE t_ns=859218388578255 stage=T0 side=S res=1 tail=260276 bytes=60
RLTRACE t_ns=859218393548271 stage=T2 side=S res=1 tail=260276
RLTRACE t_ns=859218399668791 stage=T5 side=S res=2 off=57232 runs=1 fp=0x7308aa66574f86f0
RLTRACE t_ns=859218401007902 stage=T6 side=S res=2 off=57232 len=1
RLTRACE t_ns=859218411785580 stage=T0 side=S res=1 tail=260432 bytes=156
RLTRACE t_ns=859218416366087 stage=T2 side=S res=1 tail=260432
RLTRACE t_ns=859218423939650 stage=T5 side=S res=2 off=57240 runs=2 fp=0x7308aa66574f86f0
RLTRACE t_ns=859218425332560 stage=T6 side=S res=2 off=57240 len=1
RLTRACE t_ns=859218425422206 stage=T6 side=S res=2 off=57248 len=1
RLTRACE t_ns=859218444221213 stage=T0 side=S res=1 tail=260468 bytes=36
RLTRACE t_ns=859218448968106 stage=T2 side=S res=1 tail=260468
RLTRACE t_ns=859218454542191 stage=T0 side=S res=1 tail=261476 bytes=1008
RLTRACE t_ns=859218459249210 stage=T2 side=S res=1 tail=261476
RLTRACE t_ns=859218465161868 stage=T5 side=S res=2 off=57256 runs=2 fp=0x7308aa66574f86f0
RLTRACE t_ns=859218466857946 stage=T6 side=S res=2 off=57256 len=1
RLTRACE t_ns=859218466937210 stage=T6 side=S res=2 off=57260 len=1
RLTRACE t_ns=859218480568646 stage=T0 side=S res=1 tail=261512 bytes=36
RLTRACE t_ns=859218484939885 stage=T2 side=S res=1 tail=261512
RLTRACE t_ns=859218491660056 stage=T0 side=S res=1 tail=261536 bytes=24
RLTRACE t_ns=859218495789820 stage=T2 side=S res=1 tail=261536
RLTRACE t_ns=859218500319985 stage=T5 side=S res=2 off=57264 runs=1 fp=0x7308aa66574f86f0
RLTRACE t_ns=859218501758859 stage=T6 side=S res=2 off=57264 len=1
RLTRACE t_ns=859218513457059 stage=T0 side=S res=1 tail=261572 bytes=36
RLTRACE t_ns=859218518362567 stage=T2 side=S res=1 tail=261572
RLTRACE t_ns=859218524770205 stage=T0 side=S res=1 tail=261692 bytes=120
RLTRACE t_ns=859218529704072 stage=T2 side=S res=1 tail=261692
RLTRACE t_ns=859218535721178 stage=T5 side=S res=2 off=57272 runs=2 fp=0xe31c18f6f2e7c0c6
RLTRACE t_ns=859218536861800 stage=T6 side=S res=2 off=57272 len=1
RLTRACE t_ns=859218537050965 stage=T6 side=S res=2 off=57280 len=1
RLTRACE t_ns=859218553866646 stage=T0 side=S res=1 tail=262736 bytes=1044
RLTRACE t_ns=859218559129084 stage=T2 side=S res=1 tail=262532
RLTRACE t_ns=859218565910298 stage=T5 side=S res=2 off=57288 runs=2 fp=0xe31c18f6f2e7c0c6
RLTRACE t_ns=859218567860166 stage=T6 side=S res=2 off=57288 len=1
RLTRACE t_ns=859218567994297 stage=T6 side=S res=2 off=57292 len=1
RLTRACE t_ns=859218568323971 stage=T2 side=S res=1 tail=262736
RLTRACE t_ns=859218586992193 stage=T0 side=S res=1 tail=262796 bytes=60
RLTRACE t_ns=859218592666936 stage=T2 side=S res=1 tail=262796
RLTRACE t_ns=859218602316883 stage=T5 side=S res=2 off=57296 runs=1 fp=0xe31c18f6f2e7c0c6
RLTRACE t_ns=859218603532020 stage=T6 side=S res=2 off=57296 len=1
RLTRACE t_ns=859218618131080 stage=T0 side=S res=1 tail=262952 bytes=156
RLTRACE t_ns=859218626479337 stage=T2 side=S res=1 tail=262952
RLTRACE t_ns=859218637748561 stage=T5 side=S res=2 off=57304 runs=2 fp=0xe31c18f6f2e7c0c6
RLTRACE t_ns=859218639205799 stage=T6 side=S res=2 off=57304 len=1
RLTRACE t_ns=859218639292752 stage=T6 side=S res=2 off=57312 len=1
RLTRACE t_ns=859218671395625 stage=T0 side=S res=1 tail=263996 bytes=1044
RLTRACE t_ns=859218679978887 stage=T2 side=S res=1 tail=263256
RLTRACE t_ns=859218688457583 stage=T5 side=S res=2 off=57320 runs=2 fp=0xe31c18f6f2e7c0c6
RLTRACE t_ns=859218690293731 stage=T6 side=S res=2 off=57320 len=1
RLTRACE t_ns=859218690409607 stage=T6 side=S res=2 off=57324 len=1
RLTRACE t_ns=859218690702275 stage=T2 side=S res=1 tail=263996
RLTRACE t_ns=859218699864170 stage=T0 side=S res=1 tail=264056 bytes=60
RLTRACE t_ns=859218703772487 stage=T2 side=S res=1 tail=264032
RLTRACE t_ns=859218708155787 stage=T5 side=S res=2 off=57328 runs=1 fp=0xe31c18f6f2e7c0c6
RLTRACE t_ns=859218709969543 stage=T6 side=S res=2 off=57328 len=1
RLTRACE t_ns=859218710404513 stage=T2 side=S res=1 tail=264056
RLTRACE t_ns=859218737982175 stage=T0 side=S res=1 tail=264212 bytes=156
RLTRACE t_ns=859218743365028 stage=T2 side=S res=1 tail=264212
RLTRACE t_ns=859218752683577 stage=T5 side=S res=2 off=57336 runs=2 fp=0xbb0af0a3217e39cc
RLTRACE t_ns=859218754255939 stage=T6 side=S res=2 off=57336 len=1
RLTRACE t_ns=859218754357822 stage=T6 side=S res=2 off=57344 len=1
RLTRACE t_ns=859218771087511 stage=T0 side=S res=1 tail=265256 bytes=1044
RLTRACE t_ns=859218776523892 stage=T2 side=S res=1 tail=265052
RLTRACE t_ns=859218789857414 stage=T5 side=S res=2 off=57352 runs=2 fp=0xbb0af0a3217e39cc
RLTRACE t_ns=859218791995392 stage=T6 side=S res=2 off=57352 len=1
RLTRACE t_ns=859218792165645 stage=T6 side=S res=2 off=57356 len=1
RLTRACE t_ns=859218792533604 stage=T2 side=S res=1 tail=265256
RLTRACE t_ns=859218801236388 stage=T0 side=S res=1 tail=265316 bytes=60
RLTRACE t_ns=859218804491122 stage=T2 side=S res=1 tail=265316
RLTRACE t_ns=859218809631428 stage=T5 side=S res=2 off=57360 runs=1 fp=0xbb0af0a3217e39cc
RLTRACE t_ns=859218811135741 stage=T6 side=S res=2 off=57360 len=1
RLTRACE t_ns=859218824262144 stage=T0 side=S res=1 tail=265472 bytes=156
RLTRACE t_ns=859218830731372 stage=T2 side=S res=1 tail=265472
RLTRACE t_ns=859218838260260 stage=T5 side=S res=2 off=57368 runs=2 fp=0xbb0af0a3217e39cc
RLTRACE t_ns=859218839652821 stage=T6 side=S res=2 off=57368 len=1
RLTRACE t_ns=859218839728963 stage=T6 side=S res=2 off=57376 len=1
RLTRACE t_ns=859218871905717 stage=T0 side=S res=1 tail=266516 bytes=1044
RLTRACE t_ns=859218879048628 stage=T2 side=S res=1 tail=265776
RLTRACE t_ns=859218891029347 stage=T5 side=S res=2 off=57384 runs=2 fp=0xbb0af0a3217e39cc
RLTRACE t_ns=859218893107908 stage=T6 side=S res=2 off=57384 len=1
RLTRACE t_ns=859218893226821 stage=T6 side=S res=2 off=57388 len=1
RLTRACE t_ns=859218894035669 stage=T2 side=S res=1 tail=266516
RLTRACE t_ns=859218910141127 stage=T0 side=S res=1 tail=266576 bytes=60
RLTRACE t_ns=859218916847812 stage=T2 side=S res=1 tail=266576
RLTRACE t_ns=859218921886916 stage=T5 side=S res=2 off=57392 runs=1 fp=0xbb0af0a3217e39cc
RLTRACE t_ns=859218923037098 stage=T6 side=S res=2 off=57392 len=1
RLTRACE t_ns=859218934268399 stage=T0 side=S res=1 tail=266732 bytes=156
RLTRACE t_ns=859218941136962 stage=T2 side=S res=1 tail=266732
RLTRACE t_ns=859218950067401 stage=T5 side=S res=2 off=57400 runs=2 fp=0x6bfb776dc4fd95ea
RLTRACE t_ns=859218951899589 stage=T6 side=S res=2 off=57400 len=1
RLTRACE t_ns=859218952050229 stage=T6 side=S res=2 off=57408 len=1
RLTRACE t_ns=859218992485886 stage=T0 side=S res=1 tail=267776 bytes=1044
RLTRACE t_ns=859219000092155 stage=T2 side=S res=1 tail=266768
RLTRACE t_ns=859219009186586 stage=T5 side=S res=2 off=57416 runs=2 fp=0x6bfb776dc4fd95ea
RLTRACE t_ns=859219011357516 stage=T6 side=S res=2 off=57416 len=1
RLTRACE t_ns=859219011461204 stage=T6 side=S res=2 off=57420 len=1
RLTRACE t_ns=859219011762707 stage=T2 side=S res=1 tail=267776
RLTRACE t_ns=859219033068803 stage=T0 side=S res=1 tail=267836 bytes=60
RLTRACE t_ns=859219038656597 stage=T2 side=S res=1 tail=267836
RLTRACE t_ns=859219046478406 stage=T5 side=S res=2 off=57424 runs=1 fp=0x6bfb776dc4fd95ea
RLTRACE t_ns=859219048206197 stage=T6 side=S res=2 off=57424 len=1
RLTRACE t_ns=859219066581215 stage=T0 side=S res=1 tail=267992 bytes=156
RLTRACE t_ns=859219076314471 stage=T2 side=S res=1 tail=267992
RLTRACE t_ns=859219084632163 stage=T5 side=S res=2 off=57432 runs=2 fp=0x6bfb776dc4fd95ea
RLTRACE t_ns=859219085918031 stage=T6 side=S res=2 off=57432 len=1
RLTRACE t_ns=859219086015441 stage=T6 side=S res=2 off=57440 len=1
RLTRACE t_ns=859219116374624 stage=T0 side=S res=1 tail=269036 bytes=1044
RLTRACE t_ns=859219122407739 stage=T2 side=S res=1 tail=268444
RLTRACE t_ns=859219130134476 stage=T5 side=S res=2 off=57448 runs=2 fp=0x6bfb776dc4fd95ea
RLTRACE t_ns=859219131320796 stage=T6 side=S res=2 off=57448 len=1
RLTRACE t_ns=859219131391498 stage=T6 side=S res=2 off=57452 len=1
RLTRACE t_ns=859219131670783 stage=T2 side=S res=1 tail=269036
RLTRACE t_ns=859219141702449 stage=T0 side=S res=1 tail=269096 bytes=60
RLTRACE t_ns=859219146037904 stage=T2 side=S res=1 tail=269096
RLTRACE t_ns=859219157436334 stage=T5 side=S res=2 off=57456 runs=1 fp=0x6bfb776dc4fd95ea
RLTRACE t_ns=859219159830482 stage=T6 side=S res=2 off=57456 len=1
RLTRACE t_ns=859219178726205 stage=T0 side=S res=1 tail=269252 bytes=156
RLTRACE t_ns=859219185270210 stage=T2 side=S res=1 tail=269228
RLTRACE t_ns=859219191457343 stage=T5 side=S res=2 off=57464 runs=2 fp=0x382ed14ac8cee068
RLTRACE t_ns=859219192565096 stage=T6 side=S res=2 off=57464 len=1
RLTRACE t_ns=859219192621877 stage=T6 side=S res=2 off=57472 len=1
RLTRACE t_ns=859219192900659 stage=T2 side=S res=1 tail=269252
RLTRACE t_ns=859219202554727 stage=T0 side=S res=1 tail=269488 bytes=236
RLTRACE t_ns=859219205790810 stage=T2 side=S res=1 tail=269488
RLTRACE t_ns=859219209197566 stage=T5 side=S res=2 off=57480 runs=2 fp=0x382ed14ac8cee068
RLTRACE t_ns=859219210015909 stage=T6 side=S res=2 off=57480 len=1
RLTRACE t_ns=859219210046292 stage=T6 side=S res=2 off=57484 len=1
RLTRACE t_ns=859219212185484 stage=T0 side=S res=1 tail=270296 bytes=808
RLTRACE t_ns=859219215542496 stage=T2 side=S res=1 tail=269556
RLTRACE t_ns=859219219869108 stage=T2 side=S res=1 tail=270296
RLTRACE t_ns=859219223918171 stage=T0 side=S res=1 tail=270356 bytes=60
RLTRACE t_ns=859219227700190 stage=T2 side=S res=1 tail=270356
RLTRACE t_ns=859219230937718 stage=T5 side=S res=2 off=57488 runs=1 fp=0x382ed14ac8cee068
RLTRACE t_ns=859219231738867 stage=T6 side=S res=2 off=57488 len=1
RLTRACE t_ns=859219244247892 stage=T0 side=S res=1 tail=270512 bytes=156
RLTRACE t_ns=859219250282849 stage=T2 side=S res=1 tail=270512
RLTRACE t_ns=859219254128894 stage=T5 side=S res=2 off=57496 runs=2 fp=0x382ed14ac8cee068
RLTRACE t_ns=859219254924434 stage=T6 side=S res=2 off=57496 len=1
RLTRACE t_ns=859219254994227 stage=T6 side=S res=2 off=57504 len=1
RLTRACE t_ns=859219274854051 stage=T0 side=S res=1 tail=271556 bytes=1044
RLTRACE t_ns=859219279619871 stage=T2 side=S res=1 tail=270816
RLTRACE t_ns=859219284456478 stage=T5 side=S res=2 off=57512 runs=2 fp=0x382ed14ac8cee068
RLTRACE t_ns=859219285675298 stage=T6 side=S res=2 off=57512 len=1
RLTRACE t_ns=859219285805767 stage=T6 side=S res=2 off=57516 len=1
RLTRACE t_ns=859219286538348 stage=T2 side=S res=1 tail=271556
RLTRACE t_ns=859219294778038 stage=T0 side=S res=1 tail=271616 bytes=60
RLTRACE t_ns=859219297873657 stage=T2 side=S res=1 tail=271616
RLTRACE t_ns=859219301034303 stage=T5 side=S res=2 off=57520 runs=1 fp=0x382ed14ac8cee068
RLTRACE t_ns=859219301968433 stage=T6 side=S res=2 off=57520 len=1
RLTRACE t_ns=859219312935577 stage=T0 side=S res=1 tail=271772 bytes=156
RLTRACE t_ns=859219316784323 stage=T2 side=S res=1 tail=271772
RLTRACE t_ns=859219320497228 stage=T5 side=S res=2 off=57528 runs=2 fp=0xeafb93053570bfde
RLTRACE t_ns=859219321394513 stage=T6 side=S res=2 off=57528 len=1
RLTRACE t_ns=859219321480792 stage=T6 side=S res=2 off=57536 len=1
RLTRACE t_ns=859219331146261 stage=T0 side=S res=1 tail=271808 bytes=36
RLTRACE t_ns=859219334858807 stage=T0 side=S res=1 tail=272816 bytes=1008
RLTRACE t_ns=859219337926801 stage=T2 side=S res=1 tail=272816
RLTRACE t_ns=859219341889449 stage=T5 side=S res=2 off=57544 runs=2 fp=0xeafb93053570bfde
RLTRACE t_ns=859219342724433 stage=T6 side=S res=2 off=57544 len=1
RLTRACE t_ns=859219342809169 stage=T6 side=S res=2 off=57548 len=1
RLTRACE t_ns=859219350387368 stage=T0 side=S res=1 tail=272876 bytes=60
RLTRACE t_ns=859219353801094 stage=T2 side=S res=1 tail=272876
RLTRACE t_ns=859219356919274 stage=T5 side=S res=2 off=57552 runs=1 fp=0xeafb93053570bfde
RLTRACE t_ns=859219357803253 stage=T6 side=S res=2 off=57552 len=1
RLTRACE t_ns=859219367577387 stage=T0 side=S res=1 tail=273032 bytes=156
RLTRACE t_ns=859219372459965 stage=T2 side=S res=1 tail=273032
RLTRACE t_ns=859219377625143 stage=T5 side=S res=2 off=57560 runs=2 fp=0xeafb93053570bfde
RLTRACE t_ns=859219379127555 stage=T6 side=S res=2 off=57560 len=1
RLTRACE t_ns=859219379212284 stage=T6 side=S res=2 off=57568 len=1
RLTRACE t_ns=859219407845846 stage=T0 side=S res=1 tail=274076 bytes=1044
RLTRACE t_ns=859219413400847 stage=T2 side=S res=1 tail=273068
RLTRACE t_ns=859219421052913 stage=T5 side=S res=2 off=57576 runs=2 fp=0xeafb93053570bfde
RLTRACE t_ns=859219423011503 stage=T6 side=S res=2 off=57576 len=1
RLTRACE t_ns=859219423115096 stage=T6 side=S res=2 off=57580 len=1
RLTRACE t_ns=859219423430055 stage=T2 side=S res=1 tail=274076
RLTRACE t_ns=859219451843017 stage=T0 side=S res=1 tail=274136 bytes=60
RLTRACE t_ns=859219457140513 stage=T2 side=S res=1 tail=274136
RLTRACE t_ns=859219463915441 stage=T5 side=S res=2 off=57584 runs=1 fp=0xeafb93053570bfde
RLTRACE t_ns=859219465570840 stage=T6 side=S res=2 off=57584 len=1
RLTRACE t_ns=859219481671442 stage=T0 side=S res=1 tail=274292 bytes=156
RLTRACE t_ns=859219489242177 stage=T2 side=S res=1 tail=274292
RLTRACE t_ns=859219498440132 stage=T5 side=S res=2 off=57592 runs=2 fp=0xdd6e9fb3b49c444
RLTRACE t_ns=859219499929849 stage=T6 side=S res=2 off=57592 len=1
RLTRACE t_ns=859219500024357 stage=T6 side=S res=2 off=57600 len=1
RLTRACE t_ns=859219529144690 stage=T0 side=S res=1 tail=275336 bytes=1044
RLTRACE t_ns=859219533929659 stage=T2 side=S res=1 tail=274596
RLTRACE t_ns=859219546395728 stage=T5 side=S res=2 off=57608 runs=2 fp=0xdd6e9fb3b49c444
RLTRACE t_ns=859219548070912 stage=T6 side=S res=2 off=57608 len=1
RLTRACE t_ns=859219548194847 stage=T6 side=S res=2 off=57612 len=1
RLTRACE t_ns=859219548542325 stage=T2 side=S res=1 tail=275336
RLTRACE t_ns=859219556938675 stage=T0 side=S res=1 tail=275396 bytes=60
RLTRACE t_ns=859219563150272 stage=T2 side=S res=1 tail=275396
RLTRACE t_ns=859219572433368 stage=T5 side=S res=2 off=57616 runs=1 fp=0xdd6e9fb3b49c444
RLTRACE t_ns=859219574995207 stage=T6 side=S res=2 off=57616 len=1
RLTRACE t_ns=859219593999016 stage=T0 side=S res=1 tail=275552 bytes=156
RLTRACE t_ns=859219599939866 stage=T2 side=S res=1 tail=275552
RLTRACE t_ns=859219604525296 stage=T5 side=S res=2 off=57624 runs=2 fp=0xdd6e9fb3b49c444
RLTRACE t_ns=859219605899979 stage=T6 side=S res=2 off=57624 len=1
RLTRACE t_ns=859219605991772 stage=T6 side=S res=2 off=57632 len=1
RLTRACE t_ns=859219616856148 stage=T0 side=S res=1 tail=276596 bytes=1044
RLTRACE t_ns=859219619989279 stage=T2 side=S res=1 tail=276376
RLTRACE t_ns=859219623179478 stage=T5 side=S res=2 off=57640 runs=2 fp=0xdd6e9fb3b49c444
RLTRACE t_ns=859219624017259 stage=T6 side=S res=2 off=57640 len=1
RLTRACE t_ns=859219624076083 stage=T6 side=S res=2 off=57644 len=1
RLTRACE t_ns=859219624357591 stage=T2 side=S res=1 tail=276596
RLTRACE t_ns=859219633216449 stage=T0 side=S res=1 tail=276656 bytes=60
RLTRACE t_ns=859219638069716 stage=T2 side=S res=1 tail=276656
RLTRACE t_ns=859219642714657 stage=T5 side=S res=2 off=57648 runs=1 fp=0xdd6e9fb3b49c444
RLTRACE t_ns=859219643999010 stage=T6 side=S res=2 off=57648 len=1
RLTRACE t_ns=859219654977739 stage=T0 side=S res=1 tail=276812 bytes=156
RLTRACE t_ns=859219661093212 stage=T2 side=S res=1 tail=276812
RLTRACE t_ns=859219668127265 stage=T5 side=S res=2 off=57656 runs=2 fp=0x9a848ba5be86e582
RLTRACE t_ns=859219669840880 stage=T6 side=S res=2 off=57656 len=1
RLTRACE t_ns=859219669933550 stage=T6 side=S res=2 off=57664 len=1
RLTRACE t_ns=859219685323491 stage=T0 side=S res=1 tail=276848 bytes=36
RLTRACE t_ns=859219692621694 stage=T2 side=S res=1 tail=276848
RLTRACE t_ns=859219699264474 stage=T0 side=S res=1 tail=277856 bytes=1008
RLTRACE t_ns=859219705922212 stage=T2 side=S res=1 tail=277024
RLTRACE t_ns=859219712326822 stage=T5 side=S res=2 off=57672 runs=2 fp=0x9a848ba5be86e582
RLTRACE t_ns=859219713751007 stage=T6 side=S res=2 off=57672 len=1
RLTRACE t_ns=859219713839787 stage=T6 side=S res=2 off=57676 len=1
RLTRACE t_ns=859219714142971 stage=T2 side=S res=1 tail=277856
RLTRACE t_ns=859219728442441 stage=T0 side=S res=1 tail=277916 bytes=60
RLTRACE t_ns=859219734862838 stage=T2 side=S res=1 tail=277892
RLTRACE t_ns=859219743297267 stage=T5 side=S res=2 off=57680 runs=1 fp=0x9a848ba5be86e582
RLTRACE t_ns=859219744876007 stage=T6 side=S res=2 off=57680 len=1
RLTRACE t_ns=859219745244339 stage=T2 side=S res=1 tail=277916
RLTRACE t_ns=859219759358337 stage=T0 side=S res=1 tail=278072 bytes=156
RLTRACE t_ns=859219764982156 stage=T2 side=S res=1 tail=278072
RLTRACE t_ns=859219769949706 stage=T5 side=S res=2 off=57688 runs=2 fp=0x9a848ba5be86e582
RLTRACE t_ns=859219771457906 stage=T6 side=S res=2 off=57688 len=1
RLTRACE t_ns=859219771555449 stage=T6 side=S res=2 off=57696 len=1
RLTRACE t_ns=859219784426998 stage=T0 side=S res=1 tail=279116 bytes=1044
RLTRACE t_ns=859219788013880 stage=T2 side=S res=1 tail=279116
RLTRACE t_ns=859219793695398 stage=T5 side=S res=2 off=57704 runs=2 fp=0x9a848ba5be86e582
RLTRACE t_ns=859219795170380 stage=T6 side=S res=2 off=57704 len=1
RLTRACE t_ns=859219795291685 stage=T6 side=S res=2 off=57708 len=1
RLTRACE t_ns=859219811091403 stage=T0 side=S res=1 tail=279152 bytes=36
RLTRACE t_ns=859219819478011 stage=T2 side=S res=1 tail=279152
RLTRACE t_ns=859219831475332 stage=T0 side=S res=1 tail=279176 bytes=24
RLTRACE t_ns=859219838260807 stage=T2 side=S res=1 tail=279176
RLTRACE t_ns=859219849628610 stage=T5 side=S res=2 off=57712 runs=1 fp=0x9a848ba5be86e582
RLTRACE t_ns=859219851683154 stage=T6 side=S res=2 off=57712 len=1
RLTRACE t_ns=859219871484065 stage=T0 side=S res=1 tail=279332 bytes=156
RLTRACE t_ns=859219882076450 stage=T2 side=S res=1 tail=279332
RLTRACE t_ns=859219895648067 stage=T5 side=S res=2 off=57720 runs=2 fp=0x298ce7a5d4f7bf20
RLTRACE t_ns=859219898035335 stage=T6 side=S res=2 off=57720 len=1
RLTRACE t_ns=859219898188525 stage=T6 side=S res=2 off=57728 len=1
RLTRACE t_ns=859219927405037 stage=T0 side=S res=1 tail=280376 bytes=1044
RLTRACE t_ns=859219934402462 stage=T2 side=S res=1 tail=279636
RLTRACE t_ns=859219939870341 stage=T5 side=S res=2 off=57736 runs=2 fp=0x298ce7a5d4f7bf20
RLTRACE t_ns=859219941608792 stage=T6 side=S res=2 off=57736 len=1
RLTRACE t_ns=859219941698818 stage=T6 side=S res=2 off=57740 len=1
RLTRACE t_ns=859219941990245 stage=T2 side=S res=1 tail=280376
RLTRACE t_ns=859219953053970 stage=T0 side=S res=1 tail=280436 bytes=60
RLTRACE t_ns=859219958236534 stage=T2 side=S res=1 tail=280412
RLTRACE t_ns=859219964578489 stage=T5 side=S res=2 off=57744 runs=1 fp=0x298ce7a5d4f7bf20
RLTRACE t_ns=859219965802291 stage=T6 side=S res=2 off=57744 len=1
RLTRACE t_ns=859219966126808 stage=T2 side=S res=1 tail=280436
RLTRACE t_ns=859219978929767 stage=T0 side=S res=1 tail=280592 bytes=156
RLTRACE t_ns=859219984693909 stage=T2 side=S res=1 tail=280592
RLTRACE t_ns=859219990992629 stage=T5 side=S res=2 off=57752 runs=2 fp=0x298ce7a5d4f7bf20
RLTRACE t_ns=859219992387801 stage=T6 side=S res=2 off=57752 len=1
RLTRACE t_ns=859219992462155 stage=T6 side=S res=2 off=57760 len=1
RLTRACE t_ns=859220011653534 stage=T0 side=S res=1 tail=281636 bytes=1044
RLTRACE t_ns=859220016691992 stage=T2 side=S res=1 tail=280628
RLTRACE t_ns=859220020881464 stage=T5 side=S res=2 off=57768 runs=2 fp=0x298ce7a5d4f7bf20
RLTRACE t_ns=859220022365280 stage=T6 side=S res=2 off=57768 len=1
RLTRACE t_ns=859220022460656 stage=T6 side=S res=2 off=57772 len=1
RLTRACE t_ns=859220022750380 stage=T2 side=S res=1 tail=281636
RLTRACE t_ns=859220044531084 stage=T0 side=S res=1 tail=281696 bytes=60
RLTRACE t_ns=859220049627643 stage=T2 side=S res=1 tail=281696
RLTRACE t_ns=859220055390121 stage=T5 side=S res=2 off=57776 runs=1 fp=0x298ce7a5d4f7bf20
RLTRACE t_ns=859220059114192 stage=T6 side=S res=2 off=57776 len=1
RLTRACE t_ns=859220078426038 stage=T0 side=S res=1 tail=281852 bytes=156
RLTRACE t_ns=859220082288740 stage=T2 side=S res=1 tail=281852
RLTRACE t_ns=859220093038309 stage=T5 side=S res=2 off=57784 runs=2 fp=0xb0a09ca574823a36
RLTRACE t_ns=859220094589347 stage=T6 side=S res=2 off=57784 len=1
RLTRACE t_ns=859220094716988 stage=T6 side=S res=2 off=57792 len=1
RLTRACE t_ns=859220119948677 stage=T0 side=S res=1 tail=282896 bytes=1044
RLTRACE t_ns=859220124648609 stage=T2 side=S res=1 tail=282776
RLTRACE t_ns=859220129949637 stage=T5 side=S res=2 off=57800 runs=2 fp=0xb0a09ca574823a36
RLTRACE t_ns=859220131777850 stage=T6 side=S res=2 off=57800 len=1
RLTRACE t_ns=859220131881395 stage=T6 side=S res=2 off=57804 len=1
RLTRACE t_ns=859220132183516 stage=T2 side=S res=1 tail=282896
RLTRACE t_ns=859220146309954 stage=T0 side=S res=1 tail=282956 bytes=60
RLTRACE t_ns=859220150469695 stage=T2 side=S res=1 tail=282956
RLTRACE t_ns=859220159114331 stage=T5 side=S res=2 off=57808 runs=1 fp=0xb0a09ca574823a36
RLTRACE t_ns=859220160583266 stage=T6 side=S res=2 off=57808 len=1
RLTRACE t_ns=859220171154797 stage=T0 side=S res=1 tail=283112 bytes=156
RLTRACE t_ns=859220175550266 stage=T2 side=S res=1 tail=283112
RLTRACE t_ns=859220182547138 stage=T5 side=S res=2 off=57816 runs=2 fp=0xb0a09ca574823a36
RLTRACE t_ns=859220183946509 stage=T6 side=S res=2 off=57816 len=1
RLTRACE t_ns=859220184075001 stage=T6 side=S res=2 off=57824 len=1
RLTRACE t_ns=859220195490842 stage=T0 side=S res=1 tail=284156 bytes=1044
RLTRACE t_ns=859220198941260 stage=T2 side=S res=1 tail=284036
RLTRACE t_ns=859220203943221 stage=T5 side=S res=2 off=57832 runs=2 fp=0xb0a09ca574823a36
RLTRACE t_ns=859220205268358 stage=T6 side=S res=2 off=57832 len=1
RLTRACE t_ns=859220205337379 stage=T6 side=S res=2 off=57836 len=1
RLTRACE t_ns=859220205619769 stage=T2 side=S res=1 tail=284156
RLTRACE t_ns=859220212743955 stage=T0 side=S res=1 tail=284216 bytes=60
RLTRACE t_ns=859220215783707 stage=T2 side=S res=1 tail=284216
RLTRACE t_ns=859220218551957 stage=T5 side=S res=2 off=57840 runs=1 fp=0xb0a09ca574823a36
RLTRACE t_ns=859220219156581 stage=T6 side=S res=2 off=57840 len=1
RLTRACE t_ns=859220225449397 stage=T0 side=S res=1 tail=284372 bytes=156
RLTRACE t_ns=859220228475638 stage=T2 side=S res=1 tail=284372
RLTRACE t_ns=859220231545501 stage=T5 side=S res=2 off=57848 runs=2 fp=0x1ab3b738ce6bee7c
RLTRACE t_ns=859220232271586 stage=T6 side=S res=2 off=57848 len=1
RLTRACE t_ns=859220232302541 stage=T6 side=S res=2 off=57856 len=1
RLTRACE t_ns=859220247104438 stage=T0 side=S res=1 tail=285416 bytes=1044
RLTRACE t_ns=859220253108575 stage=T2 side=S res=1 tail=284408
RLTRACE t_ns=859220262071038 stage=T5 side=S res=2 off=57864 runs=2 fp=0x1ab3b738ce6bee7c
RLTRACE t_ns=859220263513122 stage=T6 side=S res=2 off=57864 len=1
RLTRACE t_ns=859220263619410 stage=T6 side=S res=2 off=57868 len=1
RLTRACE t_ns=859220264823756 stage=T2 side=S res=1 tail=285416
RLTRACE t_ns=859220289022664 stage=T0 side=S res=1 tail=285476 bytes=60
RLTRACE t_ns=859220294085790 stage=T2 side=S res=1 tail=285476
RLTRACE t_ns=859220304948363 stage=T5 side=S res=2 off=57872 runs=1 fp=0x1ab3b738ce6bee7c
RLTRACE t_ns=859220306712896 stage=T6 side=S res=2 off=57872 len=1
RLTRACE t_ns=859220318554645 stage=T0 side=S res=1 tail=285632 bytes=156
RLTRACE t_ns=859220321226509 stage=T2 side=S res=1 tail=285632
RLTRACE t_ns=859220323668541 stage=T5 side=S res=2 off=57880 runs=2 fp=0x1ab3b738ce6bee7c
RLTRACE t_ns=859220324242512 stage=T6 side=S res=2 off=57880 len=1
RLTRACE t_ns=859220324278050 stage=T6 side=S res=2 off=57888 len=1
RLTRACE t_ns=859220333759850 stage=T0 side=S res=1 tail=286676 bytes=1044
RLTRACE t_ns=859220336500654 stage=T2 side=S res=1 tail=286556
RLTRACE t_ns=859220338817479 stage=T5 side=S res=2 off=57896 runs=2 fp=0x1ab3b738ce6bee7c
RLTRACE t_ns=859220339341551 stage=T6 side=S res=2 off=57896 len=1
RLTRACE t_ns=859220339391058 stage=T6 side=S res=2 off=57900 len=1
RLTRACE t_ns=859220339655955 stage=T2 side=S res=1 tail=286676
RLTRACE t_ns=859220348730330 stage=T0 side=S res=1 tail=286736 bytes=60
RLTRACE t_ns=859220351534235 stage=T2 side=S res=1 tail=286736
RLTRACE t_ns=859220357174298 stage=T5 side=S res=2 off=57904 runs=1 fp=0x1ab3b738ce6bee7c
RLTRACE t_ns=859220358225247 stage=T6 side=S res=2 off=57904 len=1
RLTRACE t_ns=859220368678474 stage=T0 side=S res=1 tail=286892 bytes=156
RLTRACE t_ns=859220371378146 stage=T2 side=S res=1 tail=286868
RLTRACE t_ns=859220376832931 stage=T5 side=S res=2 off=57912 runs=2 fp=0xda8330d8c0f69a9a
RLTRACE t_ns=859220377786163 stage=T6 side=S res=2 off=57912 len=1
RLTRACE t_ns=859220377866483 stage=T6 side=S res=2 off=57920 len=1
RLTRACE t_ns=859220378631396 stage=T2 side=S res=1 tail=286892
RLTRACE t_ns=859220386390972 stage=T0 side=S res=1 tail=287128 bytes=236
RLTRACE t_ns=859220388480690 stage=T2 side=S res=1 tail=287128
RLTRACE t_ns=859220391958647 stage=T5 side=S res=2 off=57928 runs=2 fp=0xda8330d8c0f69a9a
RLTRACE t_ns=859220392756291 stage=T6 side=S res=2 off=57928 len=1
RLTRACE t_ns=859220393121537 stage=T6 side=S res=2 off=57932 len=1
RLTRACE t_ns=859220399451209 stage=T0 side=S res=1 tail=287936 bytes=808
RLTRACE t_ns=859220402339265 stage=T2 side=S res=1 tail=287936
RLTRACE t_ns=859220407632502 stage=T0 side=S res=1 tail=287996 bytes=60
RLTRACE t_ns=859220411133138 stage=T2 side=S res=1 tail=287996
RLTRACE t_ns=859220416933762 stage=T5 side=S res=2 off=57936 runs=1 fp=0xda8330d8c0f69a9a
RLTRACE t_ns=859220418074334 stage=T6 side=S res=2 off=57936 len=1
RLTRACE t_ns=859220428692706 stage=T0 side=S res=1 tail=288152 bytes=156
RLTRACE t_ns=859220433025051 stage=T2 side=S res=1 tail=288068
RLTRACE t_ns=859220441496748 stage=T5 side=S res=2 off=57944 runs=2 fp=0xda8330d8c0f69a9a
RLTRACE t_ns=859220442739334 stage=T6 side=S res=2 off=57944 len=1
RLTRACE t_ns=859220442873074 stage=T6 side=S res=2 off=57952 len=1
RLTRACE t_ns=859220443647832 stage=T2 side=S res=1 tail=288152
RLTRACE t_ns=859220468881716 stage=T0 side=S res=1 tail=289196 bytes=1044
RLTRACE t_ns=859220471941402 stage=T2 side=S res=1 tail=289076
RLTRACE t_ns=859220475707560 stage=T5 side=S res=2 off=57960 runs=2 fp=0xda8330d8c0f69a9a
RLTRACE t_ns=859220476843286 stage=T6 side=S res=2 off=57960 len=1
RLTRACE t_ns=859220476935148 stage=T6 side=S res=2 off=57964 len=1
RLTRACE t_ns=859220477218526 stage=T2 side=S res=1 tail=289196
RLTRACE t_ns=859220486230888 stage=T0 side=S res=1 tail=289256 bytes=60
RLTRACE t_ns=859220489591489 stage=T2 side=S res=1 tail=289256
RLTRACE t_ns=859220493113354 stage=T5 side=S res=2 off=57968 runs=1 fp=0xda8330d8c0f69a9a
RLTRACE t_ns=859220494148704 stage=T6 side=S res=2 off=57968 len=1
RLTRACE t_ns=859220501740141 stage=T0 side=S res=1 tail=289412 bytes=156
RLTRACE t_ns=859220505245009 stage=T2 side=S res=1 tail=289292
RLTRACE t_ns=859220511616960 stage=T5 side=S res=2 off=57976 runs=2 fp=0x1cc3fa21e0f9a98
RLTRACE t_ns=859220513086848 stage=T6 side=S res=2 off=57976 len=1
RLTRACE t_ns=859220513238664 stage=T6 side=S res=2 off=57984 len=1
RLTRACE t_ns=859220514079588 stage=T2 side=S res=1 tail=289412
RLTRACE t_ns=859220531457496 stage=T0 side=S res=1 tail=290456 bytes=1044
RLTRACE t_ns=859220534179287 stage=T2 side=S res=1 tail=290336
RLTRACE t_ns=859220536899618 stage=T5 side=S res=2 off=57992 runs=2 fp=0x1cc3fa21e0f9a98
RLTRACE t_ns=859220537639884 stage=T6 side=S res=2 off=57992 len=1
RLTRACE t_ns=859220537707816 stage=T6 side=S res=2 off=57996 len=1
RLTRACE t_ns=859220537979435 stage=T2 side=S res=1 tail=290456
RLTRACE t_ns=859220548873060 stage=T0 side=S res=1 tail=290516 bytes=60
RLTRACE t_ns=859220552150634 stage=T2 side=S res=1 tail=290492
RLTRACE t_ns=859220557171885 stage=T5 side=S res=2 off=58000 runs=1 fp=0x1cc3fa21e0f9a98
RLTRACE t_ns=859220558174414 stage=T6 side=S res=2 off=58000 len=1
RLTRACE t_ns=859220558570785 stage=T2 side=S res=1 tail=290516
RLTRACE t_ns=859220571670535 stage=T0 side=S res=1 tail=290672 bytes=156
RLTRACE t_ns=859220574408397 stage=T2 side=S res=1 tail=290672
RLTRACE t_ns=859220577685529 stage=T5 side=S res=2 off=58008 runs=2 fp=0x1cc3fa21e0f9a98
RLTRACE t_ns=859220578658525 stage=T6 side=S res=2 off=58008 len=1
RLTRACE t_ns=859220578725985 stage=T6 side=S res=2 off=58016 len=1
RLTRACE t_ns=859220591338249 stage=T0 side=S res=1 tail=291716 bytes=1044
RLTRACE t_ns=859220595056594 stage=T2 side=S res=1 tail=290708
RLTRACE t_ns=859220599645670 stage=T5 side=S res=2 off=58024 runs=2 fp=0x1cc3fa21e0f9a98
RLTRACE t_ns=859220600565261 stage=T6 side=S res=2 off=58024 len=1
RLTRACE t_ns=859220600685301 stage=T6 side=S res=2 off=58028 len=1
RLTRACE t_ns=859220601465860 stage=T2 side=S res=1 tail=291716
RLTRACE t_ns=859220616528283 stage=T0 side=S res=1 tail=291776 bytes=60
RLTRACE t_ns=859220619138879 stage=T2 side=S res=1 tail=291776
RLTRACE t_ns=859220622206032 stage=T5 side=S res=2 off=58032 runs=1 fp=0x1cc3fa21e0f9a98
RLTRACE t_ns=859220622857284 stage=T6 side=S res=2 off=58032 len=1
RLTRACE t_ns=859220632250612 stage=T0 side=S res=1 tail=291932 bytes=156
RLTRACE t_ns=859220635103432 stage=T2 side=S res=1 tail=291932
RLTRACE t_ns=859220639508871 stage=T5 side=S res=2 off=58040 runs=2 fp=0x9a1055c6c39c58e
RLTRACE t_ns=859220640264323 stage=T6 side=S res=2 off=58040 len=1
RLTRACE t_ns=859220640312264 stage=T6 side=S res=2 off=58048 len=1
RLTRACE t_ns=859220654789227 stage=T0 side=S res=1 tail=292976 bytes=1044
RLTRACE t_ns=859220656943492 stage=T2 side=S res=1 tail=292976
RLTRACE t_ns=859220659791909 stage=T5 side=S res=2 off=58056 runs=2 fp=0x9a1055c6c39c58e
RLTRACE t_ns=859220660530992 stage=T6 side=S res=2 off=58056 len=1
RLTRACE t_ns=859220660603015 stage=T6 side=S res=2 off=58060 len=1
RLTRACE t_ns=859220667464878 stage=T0 side=S res=1 tail=293036 bytes=60
RLTRACE t_ns=859220671239131 stage=T2 side=S res=1 tail=293036
RLTRACE t_ns=859220679185040 stage=T5 side=S res=2 off=58064 runs=1 fp=0x9a1055c6c39c58e
RLTRACE t_ns=859220680382650 stage=T6 side=S res=2 off=58064 len=1
RLTRACE t_ns=859220689391053 stage=T0 side=S res=1 tail=293192 bytes=156
RLTRACE t_ns=859220694441375 stage=T2 side=S res=1 tail=293192
RLTRACE t_ns=859220700361208 stage=T5 side=S res=2 off=58072 runs=2 fp=0x9a1055c6c39c58e
RLTRACE t_ns=859220701225808 stage=T6 side=S res=2 off=58072 len=1
RLTRACE t_ns=859220701327929 stage=T6 side=S res=2 off=58080 len=1
RLTRACE t_ns=859220710896744 stage=T0 side=S res=1 tail=294236 bytes=1044
RLTRACE t_ns=859220713588468 stage=T2 side=S res=1 tail=294236
RLTRACE t_ns=859220716938877 stage=T5 side=S res=2 off=58088 runs=2 fp=0x9a1055c6c39c58e
RLTRACE t_ns=859220717653202 stage=T6 side=S res=2 off=58088 len=1
RLTRACE t_ns=859220717739758 stage=T6 side=S res=2 off=58092 len=1
RLTRACE t_ns=859220724850628 stage=T0 side=S res=1 tail=294296 bytes=60
RLTRACE t_ns=859220728097544 stage=T2 side=S res=1 tail=294296
RLTRACE t_ns=859220732668840 stage=T5 side=S res=2 off=58096 runs=1 fp=0x9a1055c6c39c58e
RLTRACE t_ns=859220733576716 stage=T6 side=S res=2 off=58096 len=1
RLTRACE t_ns=859220739214942 stage=T0 side=S res=1 tail=294452 bytes=156
RLTRACE t_ns=859220741463780 stage=T2 side=S res=1 tail=294452
RLTRACE t_ns=859220745358661 stage=T5 side=S res=2 off=58104 runs=2 fp=0x77125c2cdb985934
RLTRACE t_ns=859220746071692 stage=T6 side=S res=2 off=58104 len=1
RLTRACE t_ns=859220746260858 stage=T6 side=S res=2 off=58112 len=1
RLTRACE t_ns=859220756303739 stage=T0 side=S res=1 tail=294488 bytes=36
RLTRACE t_ns=859220758552945 stage=T2 side=S res=1 tail=294488
RLTRACE t_ns=859220762191358 stage=T0 side=S res=1 tail=295496 bytes=1008
RLTRACE t_ns=859220765176701 stage=T2 side=S res=1 tail=295376
RLTRACE t_ns=859220768272046 stage=T5 side=S res=2 off=58120 runs=2 fp=0x77125c2cdb985934
RLTRACE t_ns=859220769043704 stage=T6 side=S res=2 off=58120 len=1
RLTRACE t_ns=859220769170832 stage=T6 side=S res=2 off=58124 len=1
RLTRACE t_ns=859220769452876 stage=T2 side=S res=1 tail=295496
RLTRACE t_ns=859220774504156 stage=T0 side=S res=1 tail=295556 bytes=60
RLTRACE t_ns=859220776928608 stage=T2 side=S res=1 tail=295532
RLTRACE t_ns=859220779818956 stage=T5 side=S res=2 off=58128 runs=1 fp=0x77125c2cdb985934
RLTRACE t_ns=859220780540181 stage=T6 side=S res=2 off=58128 len=1
RLTRACE t_ns=859220780864697 stage=T2 side=S res=1 tail=295556
RLTRACE t_ns=859220790101440 stage=T0 side=S res=1 tail=295712 bytes=156
RLTRACE t_ns=859220792344874 stage=T2 side=S res=1 tail=295712
RLTRACE t_ns=859220795676145 stage=T5 side=S res=2 off=58136 runs=2 fp=0x77125c2cdb985934
RLTRACE t_ns=859220796626495 stage=T6 side=S res=2 off=58136 len=1
RLTRACE t_ns=859220796678252 stage=T6 side=S res=2 off=58144 len=1
RLTRACE t_ns=859220806272781 stage=T0 side=S res=1 tail=296756 bytes=1044
RLTRACE t_ns=859220808788993 stage=T2 side=S res=1 tail=295748
RLTRACE t_ns=859220811566730 stage=T5 side=S res=2 off=58152 runs=2 fp=0x77125c2cdb985934
RLTRACE t_ns=859220812213108 stage=T6 side=S res=2 off=58152 len=1
RLTRACE t_ns=859220812272853 stage=T6 side=S res=2 off=58156 len=1
RLTRACE t_ns=859220812546252 stage=T2 side=S res=1 tail=296756
RLTRACE t_ns=859220821962978 stage=T0 side=S res=1 tail=296816 bytes=60
RLTRACE t_ns=859220824549926 stage=T2 side=S res=1 tail=296816
RLTRACE t_ns=859220827993202 stage=T5 side=S res=2 off=58160 runs=1 fp=0x77125c2cdb985934
RLTRACE t_ns=859220828666175 stage=T6 side=S res=2 off=58160 len=1
RLTRACE t_ns=859220834847040 stage=T0 side=S res=1 tail=296972 bytes=156
RLTRACE t_ns=859220837502399 stage=T2 side=S res=1 tail=296972
RLTRACE t_ns=859220840420038 stage=T5 side=S res=2 off=58168 runs=2 fp=0x631d9bfabb53ca72
RLTRACE t_ns=859220841060181 stage=T6 side=S res=2 off=58168 len=1
RLTRACE t_ns=859220841094200 stage=T6 side=S res=2 off=58176 len=1
RLTRACE t_ns=859220854110723 stage=T0 side=S res=1 tail=298016 bytes=1044
RLTRACE t_ns=859220856912529 stage=T2 side=S res=1 tail=298016
RLTRACE t_ns=859220860391008 stage=T5 side=S res=2 off=58184 runs=2 fp=0x631d9bfabb53ca72
RLTRACE t_ns=859220861177559 stage=T6 side=S res=2 off=58184 len=1
RLTRACE t_ns=859220861238409 stage=T6 side=S res=2 off=58188 len=1
RLTRACE t_ns=859220868053604 stage=T0 side=S res=1 tail=298076 bytes=60
RLTRACE t_ns=859220870379311 stage=T2 side=S res=1 tail=298052
RLTRACE t_ns=859220873423509 stage=T5 side=S res=2 off=58192 runs=1 fp=0x631d9bfabb53ca72
RLTRACE t_ns=859220874085605 stage=T6 side=S res=2 off=58192 len=1
RLTRACE t_ns=859220874428347 stage=T2 side=S res=1 tail=298076
RLTRACE t_ns=859220884051364 stage=T0 side=S res=1 tail=298232 bytes=156
RLTRACE t_ns=859220886600015 stage=T2 side=S res=1 tail=298232
RLTRACE t_ns=859220890285350 stage=T5 side=S res=2 off=58200 runs=2 fp=0x631d9bfabb53ca72
RLTRACE t_ns=859220890975927 stage=T6 side=S res=2 off=58200 len=1
RLTRACE t_ns=859220891023363 stage=T6 side=S res=2 off=58208 len=1
RLTRACE t_ns=859220902502734 stage=T0 side=S res=1 tail=299276 bytes=1044
RLTRACE t_ns=859220905329529 stage=T2 side=S res=1 tail=299156
RLTRACE t_ns=859220910281107 stage=T5 side=S res=2 off=58216 runs=2 fp=0x631d9bfabb53ca72
RLTRACE t_ns=859220911266046 stage=T6 side=S res=2 off=58216 len=1
RLTRACE t_ns=859220911340116 stage=T6 side=S res=2 off=58220 len=1
RLTRACE t_ns=859220911617154 stage=T2 side=S res=1 tail=299276
RLTRACE t_ns=859220921030180 stage=T0 side=S res=1 tail=299336 bytes=60
RLTRACE t_ns=859220925781053 stage=T2 side=S res=1 tail=299336
RLTRACE t_ns=859220929812684 stage=T5 side=S res=2 off=58224 runs=1 fp=0x631d9bfabb53ca72
RLTRACE t_ns=859220931102259 stage=T6 side=S res=2 off=58224 len=1
RLTRACE t_ns=859220942450721 stage=T0 side=S res=1 tail=299492 bytes=156
RLTRACE t_ns=859220948020320 stage=T2 side=S res=1 tail=299492
RLTRACE t_ns=859220953131404 stage=T5 side=S res=2 off=58232 runs=2 fp=0x8de89ac4b62a3c50
RLTRACE t_ns=859220954884777 stage=T6 side=S res=2 off=58232 len=1
RLTRACE t_ns=859220955026266 stage=T6 side=S res=2 off=58240 len=1
RLTRACE t_ns=859220971148656 stage=T0 side=S res=1 tail=300536 bytes=1044
RLTRACE t_ns=859220975973775 stage=T2 side=S res=1 tail=299796
RLTRACE t_ns=859220981346760 stage=T5 side=S res=2 off=58248 runs=2 fp=0x8de89ac4b62a3c50
RLTRACE t_ns=859220982443804 stage=T6 side=S res=2 off=58248 len=1
RLTRACE t_ns=859220982507747 stage=T6 side=S res=2 off=58252 len=1
RLTRACE t_ns=859220982784479 stage=T2 side=S res=1 tail=300536
RLTRACE t_ns=859220988620970 stage=T0 side=S res=1 tail=300596 bytes=60
RLTRACE t_ns=859220990961719 stage=T2 side=S res=1 tail=300596
RLTRACE t_ns=859220993140390 stage=T5 side=S res=2 off=58256 runs=1 fp=0x8de89ac4b62a3c50
RLTRACE t_ns=859220993827398 stage=T6 side=S res=2 off=58256 len=1
RLTRACE t_ns=859221001231698 stage=T0 side=S res=1 tail=300752 bytes=156
RLTRACE t_ns=859221004057730 stage=T2 side=S res=1 tail=300752
RLTRACE t_ns=859221006187648 stage=T5 side=S res=2 off=58264 runs=2 fp=0x8de89ac4b62a3c50
RLTRACE t_ns=859221006882823 stage=T6 side=S res=2 off=58264 len=1
RLTRACE t_ns=859221006915545 stage=T6 side=S res=2 off=58272 len=1
RLTRACE t_ns=859221015217403 stage=T0 side=S res=1 tail=301796 bytes=1044
RLTRACE t_ns=859221017955594 stage=T2 side=S res=1 tail=300788
RLTRACE t_ns=859221021785182 stage=T5 side=S res=2 off=58280 runs=2 fp=0x8de89ac4b62a3c50
RLTRACE t_ns=859221022532163 stage=T6 side=S res=2 off=58280 len=1
RLTRACE t_ns=859221022595972 stage=T6 side=S res=2 off=58284 len=1
RLTRACE t_ns=859221022867965 stage=T2 side=S res=1 tail=301796
RLTRACE t_ns=859221032329774 stage=T0 side=S res=1 tail=301856 bytes=60
RLTRACE t_ns=859221035219950 stage=T2 side=S res=1 tail=301856
RLTRACE t_ns=859221038959457 stage=T5 side=S res=2 off=58288 runs=1 fp=0x8de89ac4b62a3c50
RLTRACE t_ns=859221039671816 stage=T6 side=S res=2 off=58288 len=1
RLTRACE t_ns=859221046359408 stage=T0 side=S res=1 tail=302012 bytes=156
RLTRACE t_ns=859221049701918 stage=T2 side=S res=1 tail=302012
RLTRACE t_ns=859221054219891 stage=T5 side=S res=2 off=58296 runs=2 fp=0x496b5e92b02c0ae6
RLTRACE t_ns=859221055200862 stage=T6 side=S res=2 off=58296 len=1
RLTRACE t_ns=859221055256041 stage=T6 side=S res=2 off=58304 len=1
RLTRACE t_ns=859221083244806 stage=T0 side=S res=1 tail=303056 bytes=1044
RLTRACE t_ns=859221085980267 stage=T2 side=S res=1 tail=302936
RLTRACE t_ns=859221088857737 stage=T5 side=S res=2 off=58312 runs=2 fp=0x496b5e92b02c0ae6
RLTRACE t_ns=859221089688077 stage=T6 side=S res=2 off=58312 len=1
RLTRACE t_ns=859221089771722 stage=T6 side=S res=2 off=58316 len=1
RLTRACE t_ns=859221090018737 stage=T2 side=S res=1 tail=303056
RLTRACE t_ns=859221097077661 stage=T0 side=S res=1 tail=303116 bytes=60
RLTRACE t_ns=859221099811237 stage=T2 side=S res=1 tail=303116
RLTRACE t_ns=859221102722282 stage=T5 side=S res=2 off=58320 runs=1 fp=0x496b5e92b02c0ae6
RLTRACE t_ns=859221103430800 stage=T6 side=S res=2 off=58320 len=1
RLTRACE t_ns=859221109536863 stage=T0 side=S res=1 tail=303272 bytes=156
RLTRACE t_ns=859221112341224 stage=T2 side=S res=1 tail=303272
RLTRACE t_ns=859221115134719 stage=T5 side=S res=2 off=58328 runs=2 fp=0x496b5e92b02c0ae6
RLTRACE t_ns=859221115814542 stage=T6 side=S res=2 off=58328 len=1
RLTRACE t_ns=859221115843310 stage=T6 side=S res=2 off=58336 len=1
RLTRACE t_ns=859221124731689 stage=T0 side=S res=1 tail=304316 bytes=1044
RLTRACE t_ns=859221128387182 stage=T2 side=S res=1 tail=304316
RLTRACE t_ns=859221131731779 stage=T5 side=S res=2 off=58344 runs=2 fp=0x496b5e92b02c0ae6
RLTRACE t_ns=859221132692814 stage=T6 side=S res=2 off=58344 len=1
RLTRACE t_ns=859221132754081 stage=T6 side=S res=2 off=58348 len=1
RLTRACE t_ns=859221141358888 stage=T0 side=S res=1 tail=304376 bytes=60
RLTRACE t_ns=859221145086971 stage=T2 side=S res=1 tail=304352
RLTRACE t_ns=859221153533944 stage=T5 side=S res=2 off=58352 runs=1 fp=0x496b5e92b02c0ae6
RLTRACE t_ns=859221155222236 stage=T6 side=S res=2 off=58352 len=1
RLTRACE t_ns=859221155618373 stage=T2 side=S res=1 tail=304376
RLTRACE t_ns=859221172636699 stage=T0 side=S res=1 tail=304532 bytes=156
RLTRACE t_ns=859221175586777 stage=T2 side=S res=1 tail=304532
RLTRACE t_ns=859221178924275 stage=T5 side=S res=2 off=58360 runs=2 fp=0x119d851978facf2c
RLTRACE t_ns=859221179907655 stage=T6 side=S res=2 off=58360 len=1
RLTRACE t_ns=859221179978990 stage=T6 side=S res=2 off=58368 len=1
RLTRACE t_ns=859221196089145 stage=T0 side=S res=1 tail=305576 bytes=1044
RLTRACE t_ns=859221198927423 stage=T2 side=S res=1 tail=305576
RLTRACE t_ns=859221202309740 stage=T5 side=S res=2 off=58376 runs=2 fp=0x119d851978facf2c
RLTRACE t_ns=859221203382858 stage=T6 side=S res=2 off=58376 len=1
RLTRACE t_ns=859221203463900 stage=T6 side=S res=2 off=58380 len=1
RLTRACE t_ns=859221213811913 stage=T0 side=S res=1 tail=305636 bytes=60
RLTRACE t_ns=859221217856970 stage=T2 side=S res=1 tail=305636
RLTRACE t_ns=859221223170308 stage=T5 side=S res=2 off=58384 runs=1 fp=0x119d851978facf2c
RLTRACE t_ns=859221224910160 stage=T6 side=S res=2 off=58384 len=1
RLTRACE t_ns=859221237617523 stage=T0 side=S res=1 tail=305792 bytes=156
RLTRACE t_ns=859221240763110 stage=T2 side=S res=1 tail=305792
RLTRACE t_ns=859221247488773 stage=T5 side=S res=2 off=58392 runs=2 fp=0x119d851978facf2c
RLTRACE t_ns=859221248298146 stage=T6 side=S res=2 off=58392 len=1
RLTRACE t_ns=859221248430172 stage=T6 side=S res=2 off=58400 len=1
RLTRACE t_ns=859221262550352 stage=T0 side=S res=1 tail=306836 bytes=1044
RLTRACE t_ns=859221265707212 stage=T2 side=S res=1 tail=305828
RLTRACE t_ns=859221268494089 stage=T5 side=S res=2 off=58408 runs=2 fp=0x119d851978facf2c
RLTRACE t_ns=859221269317929 stage=T6 side=S res=2 off=58408 len=1
RLTRACE t_ns=859221269400843 stage=T6 side=S res=2 off=58412 len=1
RLTRACE t_ns=859221269676884 stage=T2 side=S res=1 tail=306836
RLTRACE t_ns=859221279952352 stage=T0 side=S res=1 tail=306896 bytes=60
RLTRACE t_ns=859221283115603 stage=T2 side=S res=1 tail=306896
RLTRACE t_ns=859221286440599 stage=T5 side=S res=2 off=58416 runs=1 fp=0x119d851978facf2c
RLTRACE t_ns=859221287443930 stage=T6 side=S res=2 off=58416 len=1
RLTRACE t_ns=859221297364606 stage=T0 side=S res=1 tail=307052 bytes=156
RLTRACE t_ns=859221301222148 stage=T2 side=S res=1 tail=307052
RLTRACE t_ns=859221307475444 stage=T5 side=S res=2 off=58424 runs=2 fp=0x37afaccff9e1c38a
RLTRACE t_ns=859221308940661 stage=T6 side=S res=2 off=58424 len=1
RLTRACE t_ns=859221309126764 stage=T6 side=S res=2 off=58432 len=1
RLTRACE t_ns=859221323394818 stage=T0 side=S res=1 tail=308096 bytes=1044
RLTRACE t_ns=859221326198106 stage=T2 side=S res=1 tail=308096
RLTRACE t_ns=859221329212745 stage=T5 side=S res=2 off=58440 runs=2 fp=0x37afaccff9e1c38a
RLTRACE t_ns=859221329871714 stage=T6 side=S res=2 off=58440 len=1
RLTRACE t_ns=859221329930432 stage=T6 side=S res=2 off=58444 len=1
RLTRACE t_ns=859221336486504 stage=T0 side=S res=1 tail=308156 bytes=60
RLTRACE t_ns=859221338525333 stage=T2 side=S res=1 tail=308156
RLTRACE t_ns=859221340508272 stage=T5 side=S res=2 off=58448 runs=1 fp=0x37afaccff9e1c38a
RLTRACE t_ns=859221340993077 stage=T6 side=S res=2 off=58448 len=1
RLTRACE t_ns=859221349691934 stage=T0 side=S res=1 tail=308312 bytes=156
RLTRACE t_ns=859221352581553 stage=T2 side=S res=1 tail=308312
RLTRACE t_ns=859221356256071 stage=T5 side=S res=2 off=58456 runs=2 fp=0x37afaccff9e1c38a
RLTRACE t_ns=859221356947327 stage=T6 side=S res=2 off=58456 len=1
RLTRACE t_ns=859221357014910 stage=T6 side=S res=2 off=58464 len=1
RLTRACE t_ns=859221375424360 stage=T0 side=S res=1 tail=309356 bytes=1044
RLTRACE t_ns=859221380120926 stage=T2 side=S res=1 tail=309356
RLTRACE t_ns=859221384409010 stage=T5 side=S res=2 off=58472 runs=2 fp=0x37afaccff9e1c38a
RLTRACE t_ns=859221385454314 stage=T6 side=S res=2 off=58472 len=1
RLTRACE t_ns=859221385543974 stage=T6 side=S res=2 off=58476 len=1
RLTRACE t_ns=859221393804753 stage=T0 side=S res=1 tail=309416 bytes=60
RLTRACE t_ns=859221397100063 stage=T2 side=S res=1 tail=309416
RLTRACE t_ns=859221401795186 stage=T5 side=S res=2 off=58480 runs=1 fp=0x37afaccff9e1c38a
RLTRACE t_ns=859221402621796 stage=T6 side=S res=2 off=58480 len=1
RLTRACE t_ns=859221407213157 stage=T0 side=S res=1 tail=309452 bytes=36
RLTRACE t_ns=859221409980041 stage=T2 side=S res=1 tail=309452
RLTRACE t_ns=859221415432396 stage=T0 side=S res=1 tail=309572 bytes=120
RLTRACE t_ns=859221418307330 stage=T2 side=S res=1 tail=309572
RLTRACE t_ns=859221422034788 stage=T5 side=S res=2 off=58488 runs=2 fp=0x3abdbb2c7fdd4fc8
RLTRACE t_ns=859221422568866 stage=T6 side=S res=2 off=58488 len=1
RLTRACE t_ns=859221422621490 stage=T6 side=S res=2 off=58496 len=1
RLTRACE t_ns=859221430784218 stage=T0 side=S res=1 tail=310616 bytes=1044
RLTRACE t_ns=859221433732072 stage=T2 side=S res=1 tail=310616
RLTRACE t_ns=859221438431414 stage=T5 side=S res=2 off=58504 runs=2 fp=0x3abdbb2c7fdd4fc8
RLTRACE t_ns=859221439402387 stage=T6 side=S res=2 off=58504 len=1
RLTRACE t_ns=859221439509877 stage=T6 side=S res=2 off=58508 len=1
RLTRACE t_ns=859221447906036 stage=T0 side=S res=1 tail=310676 bytes=60
RLTRACE t_ns=859221451946406 stage=T2 side=S res=1 tail=310652
RLTRACE t_ns=859221457599547 stage=T5 side=S res=2 off=58512 runs=1 fp=0x3abdbb2c7fdd4fc8
RLTRACE t_ns=859221458719124 stage=T6 side=S res=2 off=58512 len=1
RLTRACE t_ns=859221459073297 stage=T2 side=S res=1 tail=310676
RLTRACE t_ns=859221469941500 stage=T0 side=S res=1 tail=310712 bytes=36
RLTRACE t_ns=859221473015115 stage=T2 side=S res=1 tail=310712
RLTRACE t_ns=859221476787947 stage=T0 side=S res=1 tail=310832 bytes=120
RLTRACE t_ns=859221479579800 stage=T2 side=S res=1 tail=310832
RLTRACE t_ns=859221482623833 stage=T5 side=S res=2 off=58520 runs=2 fp=0x3abdbb2c7fdd4fc8
RLTRACE t_ns=859221483387883 stage=T6 side=S res=2 off=58520 len=1
RLTRACE t_ns=859221483470550 stage=T6 side=S res=2 off=58528 len=1
RLTRACE t_ns=859221491050086 stage=T0 side=S res=1 tail=311876 bytes=1044
RLTRACE t_ns=859221494035290 stage=T2 side=S res=1 tail=311756
RLTRACE t_ns=859221496862123 stage=T5 side=S res=2 off=58536 runs=2 fp=0x3abdbb2c7fdd4fc8
RLTRACE t_ns=859221497539795 stage=T6 side=S res=2 off=58536 len=1
RLTRACE t_ns=859221497618022 stage=T6 side=S res=2 off=58540 len=1
RLTRACE t_ns=859221497889097 stage=T2 side=S res=1 tail=311876
RLTRACE t_ns=859221503172764 stage=T0 side=S res=1 tail=311936 bytes=60
RLTRACE t_ns=859221505265441 stage=T2 side=S res=1 tail=311936
RLTRACE t_ns=859221507432125 stage=T5 side=S res=2 off=58544 runs=1 fp=0x3abdbb2c7fdd4fc8
RLTRACE t_ns=859221507977431 stage=T6 side=S res=2 off=58544 len=1
RLTRACE t_ns=859221513946629 stage=T0 side=S res=1 tail=312092 bytes=156
RLTRACE t_ns=859221516483252 stage=T2 side=S res=1 tail=312008
RLTRACE t_ns=859221520772564 stage=T5 side=S res=2 off=58552 runs=2 fp=0x537d3d1391ecd7fe
RLTRACE t_ns=859221521934635 stage=T6 side=S res=2 off=58552 len=1
RLTRACE t_ns=859221521997988 stage=T6 side=S res=2 off=58560 len=1
RLTRACE t_ns=859221522830914 stage=T2 side=S res=1 tail=312092
RLTRACE t_ns=859221541542446 stage=T0 side=S res=1 tail=313136 bytes=1044
RLTRACE t_ns=859221546642316 stage=T2 side=S res=1 tail=312128
RLTRACE t_ns=859221556933513 stage=T5 side=S res=2 off=58568 runs=2 fp=0x537d3d1391ecd7fe
RLTRACE t_ns=859221558672104 stage=T6 side=S res=2 off=58568 len=1
RLTRACE t_ns=859221558779797 stage=T6 side=S res=2 off=58572 len=1
RLTRACE t_ns=859221559071630 stage=T2 side=S res=1 tail=313136
RLTRACE t_ns=859221578109254 stage=T0 side=S res=1 tail=313196 bytes=60
RLTRACE t_ns=859221584146309 stage=T2 side=S res=1 tail=313196
RLTRACE t_ns=859221591826210 stage=T5 side=S res=2 off=58576 runs=1 fp=0x537d3d1391ecd7fe
RLTRACE t_ns=859221593276466 stage=T6 side=S res=2 off=58576 len=1
RLTRACE t_ns=859221607528507 stage=T0 side=S res=1 tail=313352 bytes=156
RLTRACE t_ns=859221614380616 stage=T2 side=S res=1 tail=313352
RLTRACE t_ns=859221623373373 stage=T5 side=S res=2 off=58584 runs=2 fp=0x537d3d1391ecd7fe
RLTRACE t_ns=859221624877039 stage=T6 side=S res=2 off=58584 len=1
RLTRACE t_ns=859221624962595 stage=T6 side=S res=2 off=58592 len=1
RLTRACE t_ns=859221652551083 stage=T0 side=S res=1 tail=313388 bytes=36
RLTRACE t_ns=859221658853979 stage=T2 side=S res=1 tail=313388
RLTRACE t_ns=859221669461569 stage=T0 side=S res=1 tail=314396 bytes=1008
RLTRACE t_ns=859221673495869 stage=T2 side=S res=1 tail=313492
RLTRACE t_ns=859221680734314 stage=T5 side=S res=2 off=58600 runs=2 fp=0x537d3d1391ecd7fe
RLTRACE t_ns=859221681580845 stage=T6 side=S res=2 off=58600 len=1
RLTRACE t_ns=859221681675879 stage=T6 side=S res=2 off=58604 len=1
RLTRACE t_ns=859221681954031 stage=T2 side=S res=1 tail=314396
RLTRACE t_ns=859221695906141 stage=T0 side=S res=1 tail=314456 bytes=60
RLTRACE t_ns=859221699667312 stage=T2 side=S res=1 tail=314456
RLTRACE t_ns=859221705685406 stage=T5 side=S res=2 off=58608 runs=1 fp=0x537d3d1391ecd7fe
RLTRACE t_ns=859221706829312 stage=T6 side=S res=2 off=58608 len=1
RLTRACE t_ns=859221714129749 stage=T0 side=S res=1 tail=314612 bytes=156
RLTRACE t_ns=859221717117183 stage=T2 side=S res=1 tail=314612
RLTRACE t_ns=859221724107253 stage=T5 side=S res=2 off=58616 runs=2 fp=0xf5e30c0800014224
RLTRACE t_ns=859221725581755 stage=T6 side=S res=2 off=58616 len=1
RLTRACE t_ns=859221725681658 stage=T6 side=S res=2 off=58624 len=1
RLTRACE t_ns=859221739276414 stage=T0 side=S res=1 tail=315656 bytes=1044
RLTRACE t_ns=859221742882343 stage=T2 side=S res=1 tail=314648
RLTRACE t_ns=859221748130962 stage=T5 side=S res=2 off=58632 runs=2 fp=0xf5e30c0800014224
RLTRACE t_ns=859221750034358 stage=T6 side=S res=2 off=58632 len=1
RLTRACE t_ns=859221750168733 stage=T6 side=S res=2 off=58636 len=1
RLTRACE t_ns=859221750477378 stage=T2 side=S res=1 tail=315656
RLTRACE t_ns=859221770629438 stage=T0 side=S res=1 tail=315716 bytes=60
RLTRACE t_ns=859221775087531 stage=T2 side=S res=1 tail=315716
RLTRACE t_ns=859221778687084 stage=T5 side=S res=2 off=58640 runs=1 fp=0xf5e30c0800014224
RLTRACE t_ns=859221779580693 stage=T6 side=S res=2 off=58640 len=1
RLTRACE t_ns=859221786811317 stage=T0 side=S res=1 tail=315872 bytes=156
RLTRACE t_ns=859221790487598 stage=T2 side=S res=1 tail=315848
RLTRACE t_ns=859221798646949 stage=T5 side=S res=2 off=58648 runs=2 fp=0xf5e30c0800014224
RLTRACE t_ns=859221800223329 stage=T6 side=S res=2 off=58648 len=1
RLTRACE t_ns=859221800349463 stage=T6 side=S res=2 off=58656 len=1
RLTRACE t_ns=859221800707833 stage=T2 side=S res=1 tail=315872
RLTRACE t_ns=859221810521372 stage=T0 side=S res=1 tail=316108 bytes=236
RLTRACE t_ns=859221815294106 stage=T2 side=S res=1 tail=316012
RLTRACE t_ns=859221819246524 stage=T5 side=S res=2 off=58664 runs=2 fp=0xf5e30c0800014224
RLTRACE t_ns=859221820282053 stage=T6 side=S res=2 off=58664 len=1
RLTRACE t_ns=859221820346080 stage=T6 side=S res=2 off=58668 len=1
RLTRACE t_ns=859221820625464 stage=T2 side=S res=1 tail=316108
RLTRACE t_ns=859221825623739 stage=T0 side=S res=1 tail=316916 bytes=808
RLTRACE t_ns=859221828359133 stage=T2 side=S res=1 tail=316796
RLTRACE t_ns=859221832125831 stage=T0 side=S res=1 tail=316976 bytes=60
RLTRACE t_ns=859221834805167 stage=T2 side=S res=1 tail=316976
RLTRACE t_ns=859221837700557 stage=T5 side=S res=2 off=58672 runs=1 fp=0xf5e30c0800014224
RLTRACE t_ns=859221838327616 stage=T6 side=S res=2 off=58672 len=1
RLTRACE t_ns=859221847171363 stage=T0 side=S res=1 tail=317132 bytes=156
RLTRACE t_ns=859221851668079 stage=T2 side=S res=1 tail=317132
RLTRACE t_ns=859221856781478 stage=T5 side=S res=2 off=58680 runs=2 fp=0xf169e22ed9b997a2
RLTRACE t_ns=859221857856442 stage=T6 side=S res=2 off=58680 len=1
RLTRACE t_ns=859221857923096 stage=T6 side=S res=2 off=58688 len=1
RLTRACE t_ns=859221878685177 stage=T0 side=S res=1 tail=318176 bytes=1044
RLTRACE t_ns=859221883588055 stage=T2 side=S res=1 tail=317812
RLTRACE t_ns=859221890856925 stage=T5 side=S res=2 off=58696 runs=2 fp=0xf169e22ed9b997a2
RLTRACE t_ns=859221892527718 stage=T6 side=S res=2 off=58696 len=1
RLTRACE t_ns=859221892618432 stage=T6 side=S res=2 off=58700 len=1
RLTRACE t_ns=859221892911317 stage=T2 side=S res=1 tail=318176
RLTRACE t_ns=859221901127404 stage=T0 side=S res=1 tail=318236 bytes=60
RLTRACE t_ns=859221905131664 stage=T2 side=S res=1 tail=318236
RLTRACE t_ns=859221909145379 stage=T5 side=S res=2 off=58704 runs=1 fp=0xf169e22ed9b997a2
RLTRACE t_ns=859221910081225 stage=T6 side=S res=2 off=58704 len=1
RLTRACE t_ns=859221920559170 stage=T0 side=S res=1 tail=318392 bytes=156
RLTRACE t_ns=859221924351555 stage=T2 side=S res=1 tail=318392
RLTRACE t_ns=859221928514553 stage=T5 side=S res=2 off=58712 runs=2 fp=0xf169e22ed9b997a2
RLTRACE t_ns=859221929707461 stage=T6 side=S res=2 off=58712 len=1
RLTRACE t_ns=859221929781141 stage=T6 side=S res=2 off=58720 len=1
RLTRACE t_ns=859221956635424 stage=T0 side=S res=1 tail=319436 bytes=1044
RLTRACE t_ns=859221961168081 stage=T2 side=S res=1 tail=319040
RLTRACE t_ns=859221966920857 stage=T5 side=S res=2 off=58728 runs=2 fp=0xf169e22ed9b997a2
RLTRACE t_ns=859221968142129 stage=T6 side=S res=2 off=58728 len=1
RLTRACE t_ns=859221968241590 stage=T6 side=S res=2 off=58732 len=1
RLTRACE t_ns=859221968523803 stage=T2 side=S res=1 tail=319436
RLTRACE t_ns=859221975055365 stage=T0 side=S res=1 tail=319496 bytes=60
RLTRACE t_ns=859221977865005 stage=T2 side=S res=1 tail=319496
RLTRACE t_ns=859221980544633 stage=T5 side=S res=2 off=58736 runs=1 fp=0xf169e22ed9b997a2
RLTRACE t_ns=859221981215604 stage=T6 side=S res=2 off=58736 len=1
RLTRACE t_ns=859221987915012 stage=T0 side=S res=1 tail=319652 bytes=156
RLTRACE t_ns=859221991506912 stage=T2 side=S res=1 tail=319652
RLTRACE t_ns=859221996135411 stage=T5 side=S res=2 off=58744 runs=2 fp=0x3067b568b9187700
RLTRACE t_ns=859221997029633 stage=T6 side=S res=2 off=58744 len=1
RLTRACE t_ns=859221997088994 stage=T6 side=S res=2 off=58752 len=1
RLTRACE t_ns=859222010843465 stage=T0 side=S res=1 tail=320696 bytes=1044
RLTRACE t_ns=859222016706601 stage=T2 side=S res=1 tail=320528
RLTRACE t_ns=859222024125067 stage=T5 side=S res=2 off=58760 runs=2 fp=0x3067b568b9187700
RLTRACE t_ns=859222025531131 stage=T6 side=S res=2 off=58760 len=1
RLTRACE t_ns=859222025617665 stage=T6 side=S res=2 off=58764 len=1
RLTRACE t_ns=859222025908269 stage=T2 side=S res=1 tail=320696
RLTRACE t_ns=859222033305981 stage=T0 side=S res=1 tail=320756 bytes=60
RLTRACE t_ns=859222036563145 stage=T2 side=S res=1 tail=320756
RLTRACE t_ns=859222041738426 stage=T5 side=S res=2 off=58768 runs=1 fp=0x3067b568b9187700
RLTRACE t_ns=859222042850788 stage=T6 side=S res=2 off=58768 len=1
RLTRACE t_ns=859222049993372 stage=T0 side=S res=1 tail=320912 bytes=156
RLTRACE t_ns=859222052788888 stage=T2 side=S res=1 tail=320888
RLTRACE t_ns=859222055982691 stage=T5 side=S res=2 off=58776 runs=2 fp=0x3067b568b9187700
RLTRACE t_ns=859222057170981 stage=T6 side=S res=2 off=58776 len=1
RLTRACE t_ns=859222057224700 stage=T6 side=S res=2 off=58784 len=1
RLTRACE t_ns=859222057837959 stage=T2 side=S res=1 tail=320912
RLTRACE t_ns=859222071442062 stage=T0 side=S res=1 tail=320948 bytes=36
RLTRACE t_ns=859222077515509 stage=T2 side=S res=1 tail=320948
RLTRACE t_ns=859222082643220 stage=T0 side=S res=1 tail=321148 bytes=200
RLTRACE t_ns=859222085507232 stage=T2 side=S res=1 tail=321148
RLTRACE t_ns=859222088596411 stage=T5 side=S res=2 off=58792 runs=2 fp=0x3067b568b9187700
RLTRACE t_ns=859222089447664 stage=T6 side=S res=2 off=58792 len=1
RLTRACE t_ns=859222089514341 stage=T6 side=S res=2 off=58796 len=1
RLTRACE t_ns=859222090239448 stage=T0 side=S res=1 tail=321956 bytes=808
RLTRACE t_ns=859222092872579 stage=T2 side=S res=1 tail=321956
RLTRACE t_ns=859222096462855 stage=T0 side=S res=1 tail=322016 bytes=60
RLTRACE t_ns=859222099122229 stage=T2 side=S res=1 tail=322016
RLTRACE t_ns=859222103491463 stage=T5 side=S res=2 off=58800 runs=1 fp=0x3067b568b9187700
RLTRACE t_ns=859222104215511 stage=T6 side=S res=2 off=58800 len=1
RLTRACE t_ns=859222111079114 stage=T0 side=S res=1 tail=322172 bytes=156
RLTRACE t_ns=859222113609802 stage=T2 side=S res=1 tail=322088
RLTRACE t_ns=859222116672416 stage=T5 side=S res=2 off=58808 runs=2 fp=0xb314c0ca7e6d6ed6
RLTRACE t_ns=859222117443266 stage=T6 side=S res=2 off=58808 len=1
RLTRACE t_ns=859222117511803 stage=T6 side=S res=2 off=58816 len=1
RLTRACE t_ns=859222117787239 stage=T2 side=S res=1 tail=322172
RLTRACE t_ns=859222129386267 stage=T0 side=S res=1 tail=323216 bytes=1044
RLTRACE t_ns=859222132167148 stage=T2 side=S res=1 tail=323216
RLTRACE t_ns=859222137847793 stage=T5 side=S res=2 off=58824 runs=2 fp=0xb314c0ca7e6d6ed6
RLTRACE t_ns=859222138956383 stage=T6 side=S res=2 off=58824 len=1
RLTRACE t_ns=859222139038495 stage=T6 side=S res=2 off=58828 len=1
RLTRACE t_ns=859222148077563 stage=T0 side=S res=1 tail=323276 bytes=60
RLTRACE t_ns=859222152940288 stage=T2 side=S res=1 tail=323276
RLTRACE t_ns=859222163690911 stage=T5 side=S res=2 off=58832 runs=1 fp=0xb314c0ca7e6d6ed6
RLTRACE t_ns=859222165334304 stage=T6 side=S res=2 off=58832 len=1
RLTRACE t_ns=859222176681582 stage=T0 side=S res=1 tail=323432 bytes=156
RLTRACE t_ns=859222180433527 stage=T2 side=S res=1 tail=323432
RLTRACE t_ns=859222183618192 stage=T5 side=S res=2 off=58840 runs=2 fp=0xb314c0ca7e6d6ed6
RLTRACE t_ns=859222184416350 stage=T6 side=S res=2 off=58840 len=1
RLTRACE t_ns=859222184522296 stage=T6 side=S res=2 off=58848 len=1
RLTRACE t_ns=859222195563235 stage=T0 side=S res=1 tail=324476 bytes=1044
RLTRACE t_ns=859222198291570 stage=T2 side=S res=1 tail=324476
RLTRACE t_ns=859222201614011 stage=T5 side=S res=2 off=58856 runs=2 fp=0xb314c0ca7e6d6ed6
RLTRACE t_ns=859222202623329 stage=T6 side=S res=2 off=58856 len=1
RLTRACE t_ns=859222202708351 stage=T6 side=S res=2 off=58860 len=1
RLTRACE t_ns=859222210481365 stage=T0 side=S res=1 tail=324536 bytes=60
RLTRACE t_ns=859222214530827 stage=T2 side=S res=1 tail=324536
RLTRACE t_ns=859222225407611 stage=T5 side=S res=2 off=58864 runs=1 fp=0xb314c0ca7e6d6ed6
RLTRACE t_ns=859222227258843 stage=T6 side=S res=2 off=58864 len=1
RLTRACE t_ns=859222240118343 stage=T0 side=S res=1 tail=324692 bytes=156
RLTRACE t_ns=859222247371471 stage=T2 side=S res=1 tail=324692
RLTRACE t_ns=859222259682885 stage=T5 side=S res=2 off=58872 runs=2 fp=0x2ae6cf8f12f2865c
RLTRACE t_ns=859222261321120 stage=T6 side=S res=2 off=58872 len=1
RLTRACE t_ns=859222261470548 stage=T6 side=S res=2 off=58880 len=1
RLTRACE t_ns=859222277364082 stage=T0 side=S res=1 tail=325736 bytes=1044
RLTRACE t_ns=859222284536637 stage=T2 side=S res=1 tail=324728
RLTRACE t_ns=859222295411504 stage=T5 side=S res=2 off=58888 runs=2 fp=0x2ae6cf8f12f2865c
RLTRACE t_ns=859222297786733 stage=T6 side=S res=2 off=58888 len=1
RLTRACE t_ns=859222297917970 stage=T6 side=S res=2 off=58892 len=1
RLTRACE t_ns=859222298229710 stage=T2 side=S res=1 tail=325736
RLTRACE t_ns=859222316346640 stage=T0 side=S res=1 tail=325796 bytes=60
RLTRACE t_ns=859222319152357 stage=T2 side=S res=1 tail=325796
RLTRACE t_ns=859222321765588 stage=T5 side=S res=2 off=58896 runs=1 fp=0x2ae6cf8f12f2865c
RLTRACE t_ns=859222322355051 stage=T6 side=S res=2 off=58896 len=1
RLTRACE t_ns=859222328399876 stage=T0 side=S res=1 tail=325952 bytes=156
RLTRACE t_ns=859222331109977 stage=T2 side=S res=1 tail=325952
RLTRACE t_ns=859222333991403 stage=T5 side=S res=2 off=58904 runs=2 fp=0x2ae6cf8f12f2865c
RLTRACE t_ns=859222334789104 stage=T6 side=S res=2 off=58904 len=1
RLTRACE t_ns=859222334847977 stage=T6 side=S res=2 off=58912 len=1
RLTRACE t_ns=859222342843683 stage=T0 side=S res=1 tail=326996 bytes=1044
RLTRACE t_ns=859222345848977 stage=T2 side=S res=1 tail=326996
RLTRACE t_ns=859222348536936 stage=T5 side=S res=2 off=58920 runs=2 fp=0x2ae6cf8f12f2865c
RLTRACE t_ns=859222349262939 stage=T6 side=S res=2 off=58920 len=1
RLTRACE t_ns=859222349315394 stage=T6 side=S res=2 off=58924 len=1
RLTRACE t_ns=859222355447881 stage=T0 side=S res=1 tail=327056 bytes=60
RLTRACE t_ns=859222357763111 stage=T2 side=S res=1 tail=327056
RLTRACE t_ns=859222361230849 stage=T5 side=S res=2 off=58928 runs=1 fp=0x2ae6cf8f12f2865c
RLTRACE t_ns=859222361946036 stage=T6 side=S res=2 off=58928 len=1
RLTRACE t_ns=859222368788001 stage=T0 side=S res=1 tail=327212 bytes=156
RLTRACE t_ns=859222371336081 stage=T2 side=S res=1 tail=327212
RLTRACE t_ns=859222373307253 stage=T5 side=S res=2 off=58936 runs=2 fp=0xa600873628a6233a
RLTRACE t_ns=859222373972918 stage=T6 side=S res=2 off=58936 len=1
RLTRACE t_ns=859222374017978 stage=T6 side=S res=2 off=58944 len=1
RLTRACE t_ns=859222382414447 stage=T0 side=S res=1 tail=328256 bytes=1044
RLTRACE t_ns=859222385221319 stage=T2 side=S res=1 tail=328136
RLTRACE t_ns=859222387871376 stage=T5 side=S res=2 off=58952 runs=2 fp=0xa600873628a6233a
RLTRACE t_ns=859222388595096 stage=T6 side=S res=2 off=58952 len=1
RLTRACE t_ns=859222388645799 stage=T6 side=S res=2 off=58956 len=1
RLTRACE t_ns=859222388916849 stage=T2 side=S res=1 tail=328256
RLTRACE t_ns=859222395043019 stage=T0 side=S res=1 tail=328316 bytes=60
RLTRACE t_ns=859222397830752 stage=T2 side=S res=1 tail=328292
RLTRACE t_ns=859222400786798 stage=T5 side=S res=2 off=58960 runs=1 fp=0xa600873628a6233a
RLTRACE t_ns=859222401588134 stage=T6 side=S res=2 off=58960 len=1
RLTRACE t_ns=859222401953139 stage=T2 side=S res=1 tail=328316
RLTRACE t_ns=859222411109651 stage=T0 side=S res=1 tail=328472 bytes=156
RLTRACE t_ns=859222414465297 stage=T2 side=S res=1 tail=328472
RLTRACE t_ns=859222417887233 stage=T5 side=S res=2 off=58968 runs=2 fp=0xa600873628a6233a
RLTRACE t_ns=859222418785097 stage=T6 side=S res=2 off=58968 len=1
RLTRACE t_ns=859222418871314 stage=T6 side=S res=2 off=58976 len=1
RLTRACE t_ns=859222430789379 stage=T0 side=S res=1 tail=329516 bytes=1044
RLTRACE t_ns=859222433521139 stage=T2 side=S res=1 tail=329516
RLTRACE t_ns=859222436329596 stage=T5 side=S res=2 off=58984 runs=2 fp=0xa600873628a6233a
RLTRACE t_ns=859222437030425 stage=T6 side=S res=2 off=58984 len=1
RLTRACE t_ns=859222437098890 stage=T6 side=S res=2 off=58988 len=1
RLTRACE t_ns=859222448882697 stage=T0 side=S res=1 tail=329576 bytes=60
RLTRACE t_ns=859222452695071 stage=T2 side=S res=1 tail=329576
RLTRACE t_ns=859222455798978 stage=T5 side=S res=2 off=58992 runs=1 fp=0xa600873628a6233a
RLTRACE t_ns=859222456582640 stage=T6 side=S res=2 off=58992 len=1
RLTRACE t_ns=859222463551524 stage=T0 side=S res=1 tail=329732 bytes=156
RLTRACE t_ns=859222466560632 stage=T2 side=S res=1 tail=329732
RLTRACE t_ns=859222469644643 stage=T5 side=S res=2 off=59000 runs=2 fp=0x22cfd45f4b740a78
RLTRACE t_ns=859222470408942 stage=T6 side=S res=2 off=59000 len=1
RLTRACE t_ns=859222470480181 stage=T6 side=S res=2 off=59008 len=1
RLTRACE t_ns=859222482489614 stage=T0 side=S res=1 tail=330776 bytes=1044
RLTRACE t_ns=859222485417513 stage=T2 side=S res=1 tail=330776
RLTRACE t_ns=859222488307574 stage=T5 side=S res=2 off=59016 runs=2 fp=0x22cfd45f4b740a78
RLTRACE t_ns=859222489015266 stage=T6 side=S res=2 off=59016 len=1
RLTRACE t_ns=859222489125013 stage=T6 side=S res=2 off=59020 len=1
RLTRACE t_ns=859222494814840 stage=T0 side=S res=1 tail=330836 bytes=60
RLTRACE t_ns=859222497670022 stage=T2 side=S res=1 tail=330836
RLTRACE t_ns=859222500570383 stage=T5 side=S res=2 off=59024 runs=1 fp=0x22cfd45f4b740a78
RLTRACE t_ns=859222501285806 stage=T6 side=S res=2 off=59024 len=1
RLTRACE t_ns=859222507165988 stage=T0 side=S res=1 tail=330992 bytes=156
RLTRACE t_ns=859222510087590 stage=T2 side=S res=1 tail=330992
RLTRACE t_ns=859222512925846 stage=T5 side=S res=2 off=59032 runs=2 fp=0x22cfd45f4b740a78
RLTRACE t_ns=859222513698621 stage=T6 side=S res=2 off=59032 len=1
RLTRACE t_ns=859222513743075 stage=T6 side=S res=2 off=59040 len=1
RLTRACE t_ns=859222526350226 stage=T0 side=S res=1 tail=332036 bytes=1044
RLTRACE t_ns=859222529502903 stage=T2 side=S res=1 tail=332036
RLTRACE t_ns=859222532322553 stage=T5 side=S res=2 off=59048 runs=2 fp=0x22cfd45f4b740a78
RLTRACE t_ns=859222533034201 stage=T6 side=S res=2 off=59048 len=1
RLTRACE t_ns=859222533088701 stage=T6 side=S res=2 off=59052 len=1
RLTRACE t_ns=859222539967469 stage=T0 side=S res=1 tail=332096 bytes=60
RLTRACE t_ns=859222543551060 stage=T2 side=S res=1 tail=332096
RLTRACE t_ns=859222546921068 stage=T5 side=S res=2 off=59056 runs=1 fp=0x22cfd45f4b740a78
RLTRACE t_ns=859222547965235 stage=T6 side=S res=2 off=59056 len=1
RLTRACE t_ns=859222556547327 stage=T0 side=S res=1 tail=332252 bytes=156
RLTRACE t_ns=859222559599985 stage=T2 side=S res=1 tail=332252
RLTRACE t_ns=859222562682571 stage=T5 side=S res=2 off=59064 runs=2 fp=0xb069a758235ad9ae
RLTRACE t_ns=859222563426926 stage=T6 side=S res=2 off=59064 len=1
RLTRACE t_ns=859222563473635 stage=T6 side=S res=2 off=59072 len=1
RLTRACE t_ns=859222577281260 stage=T0 side=S res=1 tail=333296 bytes=1044
RLTRACE t_ns=859222580112826 stage=T2 side=S res=1 tail=332288
RLTRACE t_ns=859222583435782 stage=T5 side=S res=2 off=59080 runs=2 fp=0xb069a758235ad9ae
RLTRACE t_ns=859222584627620 stage=T6 side=S res=2 off=59080 len=1
RLTRACE t_ns=859222584735499 stage=T6 side=S res=2 off=59084 len=1
RLTRACE t_ns=859222585365931 stage=T2 side=S res=1 tail=333296
RLTRACE t_ns=859222600856068 stage=T0 side=S res=1 tail=333356 bytes=60
RLTRACE t_ns=859222604341762 stage=T2 side=S res=1 tail=333356
RLTRACE t_ns=859222609279020 stage=T5 side=S res=2 off=59088 runs=1 fp=0xb069a758235ad9ae
RLTRACE t_ns=859222610815758 stage=T6 side=S res=2 off=59088 len=1
RLTRACE t_ns=859222621515851 stage=T0 side=S res=1 tail=333512 bytes=156
RLTRACE t_ns=859222625679279 stage=T2 side=S res=1 tail=333512
RLTRACE t_ns=859222630263589 stage=T5 side=S res=2 off=59096 runs=2 fp=0xb069a758235ad9ae
RLTRACE t_ns=859222631108133 stage=T6 side=S res=2 off=59096 len=1
RLTRACE t_ns=859222631207928 stage=T6 side=S res=2 off=59104 len=1
RLTRACE t_ns=859222640899304 stage=T0 side=S res=1 tail=334556 bytes=1044
RLTRACE t_ns=859222644092331 stage=T2 side=S res=1 tail=333548
RLTRACE t_ns=859222647656394 stage=T5 side=S res=2 off=59112 runs=2 fp=0xb069a758235ad9ae
RLTRACE t_ns=859222648517933 stage=T6 side=S res=2 off=59112 len=1
RLTRACE t_ns=859222648588708 stage=T6 side=S res=2 off=59116 len=1
RLTRACE t_ns=859222648896962 stage=T2 side=S res=1 tail=334556
RLTRACE t_ns=859222660127359 stage=T0 side=S res=1 tail=334616 bytes=60
RLTRACE t_ns=859222662793102 stage=T2 side=S res=1 tail=334616
RLTRACE t_ns=859222665703155 stage=T5 side=S res=2 off=59120 runs=1 fp=0xb069a758235ad9ae
RLTRACE t_ns=859222666478055 stage=T6 side=S res=2 off=59120 len=1
RLTRACE t_ns=859222672840518 stage=T0 side=S res=1 tail=334772 bytes=156
RLTRACE t_ns=859222675367413 stage=T2 side=S res=1 tail=334772
RLTRACE t_ns=859222678401519 stage=T5 side=S res=2 off=59128 runs=2 fp=0x3dd96ee6ee559b14
RLTRACE t_ns=859222679104933 stage=T6 side=S res=2 off=59128 len=1
RLTRACE t_ns=859222679142848 stage=T6 side=S res=2 off=59136 len=1
RLTRACE t_ns=859222689029325 stage=T0 side=S res=1 tail=335816 bytes=1044
RLTRACE t_ns=859222694016145 stage=T2 side=S res=1 tail=335452
RLTRACE t_ns=859222697950853 stage=T5 side=S res=2 off=59144 runs=2 fp=0x3dd96ee6ee559b14
RLTRACE t_ns=859222698746556 stage=T6 side=S res=2 off=59144 len=1
RLTRACE t_ns=859222698800675 stage=T6 side=S res=2 off=59148 len=1
RLTRACE t_ns=859222699078489 stage=T2 side=S res=1 tail=335816
RLTRACE t_ns=859222705130478 stage=T0 side=S res=1 tail=335876 bytes=60
RLTRACE t_ns=859222707380047 stage=T2 side=S res=1 tail=335876
RLTRACE t_ns=859222710152334 stage=T5 side=S res=2 off=59152 runs=1 fp=0x3dd96ee6ee559b14
RLTRACE t_ns=859222710955926 stage=T6 side=S res=2 off=59152 len=1
RLTRACE t_ns=859222717925367 stage=T0 side=S res=1 tail=336032 bytes=156
RLTRACE t_ns=859222721444689 stage=T2 side=S res=1 tail=336032
RLTRACE t_ns=859222726461813 stage=T5 side=S res=2 off=59160 runs=2 fp=0x3dd96ee6ee559b14
RLTRACE t_ns=859222727474302 stage=T6 side=S res=2 off=59160 len=1
RLTRACE t_ns=859222727543396 stage=T6 side=S res=2 off=59168 len=1
RLTRACE t_ns=859222735411242 stage=T0 side=S res=1 tail=337076 bytes=1044
RLTRACE t_ns=859222737866780 stage=T2 side=S res=1 tail=337076
RLTRACE t_ns=859222740126034 stage=T5 side=S res=2 off=59176 runs=2 fp=0x3dd96ee6ee559b14
RLTRACE t_ns=859222740610075 stage=T6 side=S res=2 off=59176 len=1
RLTRACE t_ns=859222740638117 stage=T6 side=S res=2 off=59180 len=1
RLTRACE t_ns=859222747343102 stage=T0 side=S res=1 tail=337136 bytes=60
RLTRACE t_ns=859222749781004 stage=T2 side=S res=1 tail=337136
RLTRACE t_ns=859222752621011 stage=T5 side=S res=2 off=59184 runs=1 fp=0x3dd96ee6ee559b14
RLTRACE t_ns=859222753294471 stage=T6 side=S res=2 off=59184 len=1
RLTRACE t_ns=859222758272778 stage=T0 side=S res=1 tail=337292 bytes=156
RLTRACE t_ns=859222761066726 stage=T2 side=S res=1 tail=337292
RLTRACE t_ns=859222763770135 stage=T5 side=S res=2 off=59192 runs=2 fp=0xfc9a6052ad065112
RLTRACE t_ns=859222764452992 stage=T6 side=S res=2 off=59192 len=1
RLTRACE t_ns=859222764484811 stage=T6 side=S res=2 off=59200 len=1
RLTRACE t_ns=859222772172997 stage=T0 side=S res=1 tail=338336 bytes=1044
RLTRACE t_ns=859222774324059 stage=T2 side=S res=1 tail=337328
RLTRACE t_ns=859222776471053 stage=T5 side=S res=2 off=59208 runs=2 fp=0xfc9a6052ad065112
RLTRACE t_ns=859222777098037 stage=T6 side=S res=2 off=59208 len=1
RLTRACE t_ns=859222777157688 stage=T6 side=S res=2 off=59212 len=1
RLTRACE t_ns=859222777438544 stage=T2 side=S res=1 tail=338336
RLTRACE t_ns=859222786991672 stage=T0 side=S res=1 tail=338396 bytes=60
RLTRACE t_ns=859222789133849 stage=T2 side=S res=1 tail=338396
RLTRACE t_ns=859222791404180 stage=T5 side=S res=2 off=59216 runs=1 fp=0xfc9a6052ad065112
RLTRACE t_ns=859222792248177 stage=T6 side=S res=2 off=59216 len=1
RLTRACE t_ns=859222798021084 stage=T0 side=S res=1 tail=338552 bytes=156
RLTRACE t_ns=859222800878379 stage=T2 side=S res=1 tail=338552
RLTRACE t_ns=859222803734112 stage=T5 side=S res=2 off=59224 runs=2 fp=0xfc9a6052ad065112
RLTRACE t_ns=859222804439646 stage=T6 side=S res=2 off=59224 len=1
RLTRACE t_ns=859222804483381 stage=T6 side=S res=2 off=59232 len=1
RLTRACE t_ns=859222814391246 stage=T0 side=S res=1 tail=339596 bytes=1044
RLTRACE t_ns=859222817214611 stage=T2 side=S res=1 tail=339476
RLTRACE t_ns=859222819910711 stage=T5 side=S res=2 off=59240 runs=2 fp=0xfc9a6052ad065112
RLTRACE t_ns=859222820465937 stage=T6 side=S res=2 off=59240 len=1
RLTRACE t_ns=859222820524758 stage=T6 side=S res=2 off=59244 len=1
RLTRACE t_ns=859222820789351 stage=T2 side=S res=1 tail=339596
RLTRACE t_ns=859222826580199 stage=T0 side=S res=1 tail=339656 bytes=60
RLTRACE t_ns=859222829467251 stage=T2 side=S res=1 tail=339656
RLTRACE t_ns=859222832261220 stage=T5 side=S res=2 off=59248 runs=1 fp=0xfc9a6052ad065112
RLTRACE t_ns=859222832969452 stage=T6 side=S res=2 off=59248 len=1
RLTRACE t_ns=859222838837242 stage=T0 side=S res=1 tail=339812 bytes=156
RLTRACE t_ns=859222840860002 stage=T2 side=S res=1 tail=339812
RLTRACE t_ns=859222844335184 stage=T5 side=S res=2 off=59256 runs=2 fp=0xe63e36e29fb790b0
RLTRACE t_ns=859222845038465 stage=T6 side=S res=2 off=59256 len=1
RLTRACE t_ns=859222845077126 stage=T6 side=S res=2 off=59264 len=1
RLTRACE t_ns=859222853055995 stage=T0 side=S res=1 tail=340856 bytes=1044
RLTRACE t_ns=859222855237603 stage=T2 side=S res=1 tail=340856
RLTRACE t_ns=859222857319650 stage=T5 side=S res=2 off=59272 runs=2 fp=0xe63e36e29fb790b0
RLTRACE t_ns=859222857920240 stage=T6 side=S res=2 off=59272 len=1
RLTRACE t_ns=859222857953894 stage=T6 side=S res=2 off=59276 len=1
RLTRACE t_ns=859222864522120 stage=T0 side=S res=1 tail=340916 bytes=60
RLTRACE t_ns=859222867286521 stage=T2 side=S res=1 tail=340916
RLTRACE t_ns=859222870840913 stage=T5 side=S res=2 off=59280 runs=1 fp=0xe63e36e29fb790b0
RLTRACE t_ns=859222871400865 stage=T6 side=S res=2 off=59280 len=1
RLTRACE t_ns=859222879853992 stage=T0 side=S res=1 tail=341072 bytes=156
RLTRACE t_ns=859222882549021 stage=T2 side=S res=1 tail=341072
RLTRACE t_ns=859222887212536 stage=T5 side=S res=2 off=59288 runs=2 fp=0xe63e36e29fb790b0
RLTRACE t_ns=859222887887801 stage=T6 side=S res=2 off=59288 len=1
RLTRACE t_ns=859222887959704 stage=T6 side=S res=2 off=59296 len=1
RLTRACE t_ns=859222905828573 stage=T0 side=S res=1 tail=342116 bytes=1044
RLTRACE t_ns=859222908465905 stage=T2 side=S res=1 tail=341996
RLTRACE t_ns=859222911272045 stage=T5 side=S res=2 off=59304 runs=2 fp=0xe63e36e29fb790b0
RLTRACE t_ns=859222912114172 stage=T6 side=S res=2 off=59304 len=1
RLTRACE t_ns=859222912213695 stage=T6 side=S res=2 off=59308 len=1
RLTRACE t_ns=859222912756836 stage=T2 side=S res=1 tail=342116
RLTRACE t_ns=859222921432153 stage=T0 side=S res=1 tail=342176 bytes=60
RLTRACE t_ns=859222924277999 stage=T2 side=S res=1 tail=342176
RLTRACE t_ns=859222927469380 stage=T5 side=S res=2 off=59312 runs=1 fp=0xe63e36e29fb790b0
RLTRACE t_ns=859222928341493 stage=T6 side=S res=2 off=59312 len=1
RLTRACE t_ns=859222935635786 stage=T0 side=S res=1 tail=342332 bytes=156
RLTRACE t_ns=859222938245254 stage=T2 side=S res=1 tail=342332
RLTRACE t_ns=859222942862252 stage=T5 side=S res=2 off=59320 runs=2 fp=0x8b9a1118ee4edf86
RLTRACE t_ns=859222944075595 stage=T6 side=S res=2 off=59320 len=1
RLTRACE t_ns=859222944188719 stage=T6 side=S res=2 off=59328 len=1
RLTRACE t_ns=859222961196511 stage=T0 side=S res=1 tail=343376 bytes=1044
RLTRACE t_ns=859222966495563 stage=T2 side=S res=1 tail=343256
RLTRACE t_ns=859222970894264 stage=T5 side=S res=2 off=59336 runs=2 fp=0x8b9a1118ee4edf86
RLTRACE t_ns=859222971764310 stage=T6 side=S res=2 off=59336 len=1
RLTRACE t_ns=859222971840002 stage=T6 side=S res=2 off=59340 len=1
RLTRACE t_ns=859222972113268 stage=T2 side=S res=1 tail=343376
RLTRACE t_ns=859222983131361 stage=T0 side=S res=1 tail=343436 bytes=60
RLTRACE t_ns=859222986207848 stage=T2 side=S res=1 tail=343412
RLTRACE t_ns=859222989966086 stage=T5 side=S res=2 off=59344 runs=1 fp=0x8b9a1118ee4edf86
RLTRACE t_ns=859222990804310 stage=T6 side=S res=2 off=59344 len=1
RLTRACE t_ns=859222991120487 stage=T2 side=S res=1 tail=343436
RLTRACE t_ns=859223002826847 stage=T0 side=S res=1 tail=343592 bytes=156
RLTRACE t_ns=859223005733772 stage=T2 side=S res=1 tail=343592
RLTRACE t_ns=859223008788813 stage=T5 side=S res=2 off=59352 runs=2 fp=0x8b9a1118ee4edf86
RLTRACE t_ns=859223009541331 stage=T6 side=S res=2 off=59352 len=1
RLTRACE t_ns=859223009590450 stage=T6 side=S res=2 off=59360 len=1
RLTRACE t_ns=859223021779674 stage=T0 side=S res=1 tail=344636 bytes=1044
RLTRACE t_ns=859223024658678 stage=T2 side=S res=1 tail=344432
RLTRACE t_ns=859223027641731 stage=T5 side=S res=2 off=59368 runs=2 fp=0x8b9a1118ee4edf86
RLTRACE t_ns=859223028360584 stage=T6 side=S res=2 off=59368 len=1
RLTRACE t_ns=859223028425464 stage=T6 side=S res=2 off=59372 len=1
RLTRACE t_ns=859223028697359 stage=T2 side=S res=1 tail=344636
RLTRACE t_ns=859223037541461 stage=T0 side=S res=1 tail=344696 bytes=60
RLTRACE t_ns=859223040336854 stage=T2 side=S res=1 tail=344696
RLTRACE t_ns=859223043488527 stage=T5 side=S res=2 off=59376 runs=1 fp=0x8b9a1118ee4edf86
RLTRACE t_ns=859223044259744 stage=T6 side=S res=2 off=59376 len=1
RLTRACE t_ns=859223052077912 stage=T0 side=S res=1 tail=344852 bytes=156
RLTRACE t_ns=859223055201131 stage=T2 side=S res=1 tail=344768
RLTRACE t_ns=859223060723281 stage=T5 side=S res=2 off=59384 runs=2 fp=0xe78f26d93ea4d58c
RLTRACE t_ns=859223062387338 stage=T6 side=S res=2 off=59384 len=1
RLTRACE t_ns=859223062495384 stage=T6 side=S res=2 off=59392 len=1
RLTRACE t_ns=859223063110091 stage=T2 side=S res=1 tail=344852
RLTRACE t_ns=859223083064933 stage=T0 side=S res=1 tail=345896 bytes=1044
RLTRACE t_ns=859223086065568 stage=T2 side=S res=1 tail=345896
RLTRACE t_ns=859223090508189 stage=T5 side=S res=2 off=59400 runs=2 fp=0xe78f26d93ea4d58c
RLTRACE t_ns=859223091140721 stage=T6 side=S res=2 off=59400 len=1
RLTRACE t_ns=859223091216244 stage=T6 side=S res=2 off=59404 len=1
RLTRACE t_ns=859223098649238 stage=T0 side=S res=1 tail=345956 bytes=60
RLTRACE t_ns=859223101746628 stage=T2 side=S res=1 tail=345956
RLTRACE t_ns=859223104445824 stage=T5 side=S res=2 off=59408 runs=1 fp=0xe78f26d93ea4d58c
RLTRACE t_ns=859223104953446 stage=T6 side=S res=2 off=59408 len=1
RLTRACE t_ns=859223112397263 stage=T0 side=S res=1 tail=345992 bytes=36
RLTRACE t_ns=859223115217889 stage=T2 side=S res=1 tail=345992
RLTRACE t_ns=859223121209762 stage=T0 side=S res=1 tail=346112 bytes=120
RLTRACE t_ns=859223123230471 stage=T2 side=S res=1 tail=346112
RLTRACE t_ns=859223125993145 stage=T5 side=S res=2 off=59416 runs=2 fp=0xe78f26d93ea4d58c
RLTRACE t_ns=859223126816761 stage=T6 side=S res=2 off=59416 len=1
RLTRACE t_ns=859223126889491 stage=T6 side=S res=2 off=59424 len=1
RLTRACE t_ns=859223139690530 stage=T0 side=S res=1 tail=347156 bytes=1044
RLTRACE t_ns=859223142211070 stage=T2 side=S res=1 tail=347156
RLTRACE t_ns=859223146814841 stage=T5 side=S res=2 off=59432 runs=2 fp=0xe78f26d93ea4d58c
RLTRACE t_ns=859223147672814 stage=T6 side=S res=2 off=59432 len=1
RLTRACE t_ns=859223147773568 stage=T6 side=S res=2 off=59436 len=1
RLTRACE t_ns=859223156350619 stage=T0 side=S res=1 tail=347216 bytes=60
RLTRACE t_ns=859223158696774 stage=T2 side=S res=1 tail=347216
RLTRACE t_ns=859223162106910 stage=T5 side=S res=2 off=59440 runs=1 fp=0xe78f26d93ea4d58c
RLTRACE t_ns=859223162851092 stage=T6 side=S res=2 off=59440 len=1
RLTRACE t_ns=859223170404720 stage=T0 side=S res=1 tail=347372 bytes=156
RLTRACE t_ns=859223173179021 stage=T2 side=S res=1 tail=347372
RLTRACE t_ns=859223175494321 stage=T5 side=S res=2 off=59448 runs=2 fp=0x8fd052de196222aa
RLTRACE t_ns=859223176308586 stage=T6 side=S res=2 off=59448 len=1
RLTRACE t_ns=859223176357935 stage=T6 side=S res=2 off=59456 len=1
RLTRACE t_ns=859223185346897 stage=T0 side=S res=1 tail=348416 bytes=1044
RLTRACE t_ns=859223188074057 stage=T2 side=S res=1 tail=348416
RLTRACE t_ns=859223190532736 stage=T5 side=S res=2 off=59464 runs=2 fp=0x8fd052de196222aa
RLTRACE t_ns=859223191177681 stage=T6 side=S res=2 off=59464 len=1
RLTRACE t_ns=859223191214960 stage=T6 side=S res=2 off=59468 len=1
RLTRACE t_ns=859223199546448 stage=T0 side=S res=1 tail=348476 bytes=60
RLTRACE t_ns=859223202440315 stage=T2 side=S res=1 tail=348476
RLTRACE t_ns=859223205061061 stage=T5 side=S res=2 off=59472 runs=1 fp=0x8fd052de196222aa
RLTRACE t_ns=859223205740882 stage=T6 side=S res=2 off=59472 len=1
RLTRACE t_ns=859223212106423 stage=T0 side=S res=1 tail=348632 bytes=156
RLTRACE t_ns=859223214955095 stage=T2 side=S res=1 tail=348632
RLTRACE t_ns=859223219883409 stage=T5 side=S res=2 off=59480 runs=2 fp=0x8fd052de196222aa
RLTRACE t_ns=859223220735591 stage=T6 side=S res=2 off=59480 len=1
RLTRACE t_ns=859223220816072 stage=T6 side=S res=2 off=59488 len=1
RLTRACE t_ns=859223231348863 stage=T0 side=S res=1 tail=349676 bytes=1044
RLTRACE t_ns=859223234255389 stage=T2 side=S res=1 tail=349084
RLTRACE t_ns=859223238520447 stage=T5 side=S res=2 off=59496 runs=2 fp=0x8fd052de196222aa
RLTRACE t_ns=859223239237505 stage=T6 side=S res=2 off=59496 len=1
RLTRACE t_ns=859223239295925 stage=T6 side=S res=2 off=59500 len=1
RLTRACE t_ns=859223239580469 stage=T2 side=S res=1 tail=349676
RLTRACE t_ns=859223247248516 stage=T0 side=S res=1 tail=349736 bytes=60
RLTRACE t_ns=859223249966177 stage=T2 side=S res=1 tail=349736
RLTRACE t_ns=859223253009549 stage=T5 side=S res=2 off=59504 runs=1 fp=0x8fd052de196222aa
RLTRACE t_ns=859223253767610 stage=T6 side=S res=2 off=59504 len=1
RLTRACE t_ns=859223260386726 stage=T0 side=S res=1 tail=349892 bytes=156
RLTRACE t_ns=859223263248222 stage=T2 side=S res=1 tail=349808
RLTRACE t_ns=859223266847028 stage=T5 side=S res=2 off=59512 runs=2 fp=0x36330f89673a2e28
RLTRACE t_ns=859223267817250 stage=T6 side=S res=2 off=59512 len=1
RLTRACE t_ns=859223267964755 stage=T6 side=S res=2 off=59520 len=1
RLTRACE t_ns=859223268697578 stage=T2 side=S res=1 tail=349892
RLTRACE t_ns=859223285062827 stage=T0 side=S res=1 tail=350936 bytes=1044
RLTRACE t_ns=859223288042499 stage=T2 side=S res=1 tail=349928
RLTRACE t_ns=859223293247158 stage=T5 side=S res=2 off=59528 runs=2 fp=0x36330f89673a2e28
RLTRACE t_ns=859223294291994 stage=T6 side=S res=2 off=59528 len=1
RLTRACE t_ns=859223294417378 stage=T6 side=S res=2 off=59532 len=1
RLTRACE t_ns=859223295312086 stage=T2 side=S res=1 tail=350936
RLTRACE t_ns=859223311214382 stage=T0 side=S res=1 tail=350996 bytes=60
RLTRACE t_ns=859223315099303 stage=T2 side=S res=1 tail=350996
RLTRACE t_ns=859223320539764 stage=T5 side=S res=2 off=59536 runs=1 fp=0x36330f89673a2e28
RLTRACE t_ns=859223321491051 stage=T6 side=S res=2 off=59536 len=1
RLTRACE t_ns=859223328551419 stage=T0 side=S res=1 tail=351152 bytes=156
RLTRACE t_ns=859223331726691 stage=T2 side=S res=1 tail=351152
RLTRACE t_ns=859223337153366 stage=T5 side=S res=2 off=59544 runs=2 fp=0x36330f89673a2e28
RLTRACE t_ns=859223338152069 stage=T6 side=S res=2 off=59544 len=1
RLTRACE t_ns=859223338249747 stage=T6 side=S res=2 off=59552 len=1
RLTRACE t_ns=859223348081284 stage=T0 side=S res=1 tail=352196 bytes=1044
RLTRACE t_ns=859223351629559 stage=T2 side=S res=1 tail=351188
RLTRACE t_ns=859223356960419 stage=T5 side=S res=2 off=59560 runs=2 fp=0x36330f89673a2e28
RLTRACE t_ns=859223358049800 stage=T6 side=S res=2 off=59560 len=1
RLTRACE t_ns=859223358159219 stage=T6 side=S res=2 off=59564 len=1
RLTRACE t_ns=859223358817793 stage=T2 side=S res=1 tail=352196
RLTRACE t_ns=859223372654630 stage=T0 side=S res=1 tail=352256 bytes=60
RLTRACE t_ns=859223376252714 stage=T2 side=S res=1 tail=352232
RLTRACE t_ns=859223386479355 stage=T5 side=S res=2 off=59568 runs=1 fp=0x36330f89673a2e28
RLTRACE t_ns=859223388709456 stage=T6 side=S res=2 off=59568 len=1
RLTRACE t_ns=859223389168336 stage=T2 side=S res=1 tail=352256
RLTRACE t_ns=859223409708457 stage=T0 side=S res=1 tail=352412 bytes=156
RLTRACE t_ns=859223416322946 stage=T2 side=S res=1 tail=352412
RLTRACE t_ns=859223425858974 stage=T5 side=S res=2 off=59576 runs=2 fp=0x4e47efa414a8529e
RLTRACE t_ns=859223427291141 stage=T6 side=S res=2 off=59576 len=1
RLTRACE t_ns=859223427401682 stage=T6 side=S res=2 off=59584 len=1
RLTRACE t_ns=859223456823814 stage=T0 side=S res=1 tail=353456 bytes=1044
RLTRACE t_ns=859223463922399 stage=T2 side=S res=1 tail=353336
RLTRACE t_ns=859223470687252 stage=T5 side=S res=2 off=59592 runs=2 fp=0x4e47efa414a8529e
RLTRACE t_ns=859223472238355 stage=T6 side=S res=2 off=59592 len=1
RLTRACE t_ns=859223472344643 stage=T6 side=S res=2 off=59596 len=1
RLTRACE t_ns=859223472641657 stage=T2 side=S res=1 tail=353456
RLTRACE t_ns=859223481241143 stage=T0 side=S res=1 tail=353516 bytes=60
RLTRACE t_ns=859223484414487 stage=T2 side=S res=1 tail=353516
RLTRACE t_ns=859223487875548 stage=T5 side=S res=2 off=59600 runs=1 fp=0x4e47efa414a8529e
RLTRACE t_ns=859223488585135 stage=T6 side=S res=2 off=59600 len=1
RLTRACE t_ns=859223494297103 stage=T0 side=S res=1 tail=353672 bytes=156
RLTRACE t_ns=859223497507216 stage=T2 side=S res=1 tail=353672
RLTRACE t_ns=859223502101416 stage=T5 side=S res=2 off=59608 runs=2 fp=0x4e47efa414a8529e
RLTRACE t_ns=859223502973760 stage=T6 side=S res=2 off=59608 len=1
RLTRACE t_ns=859223503067367 stage=T6 side=S res=2 off=59616 len=1
RLTRACE t_ns=859223515909179 stage=T0 side=S res=1 tail=354716 bytes=1044
RLTRACE t_ns=859223519547483 stage=T2 side=S res=1 tail=354596
RLTRACE t_ns=859223524337153 stage=T5 side=S res=2 off=59624 runs=2 fp=0x4e47efa414a8529e
RLTRACE t_ns=859223525863339 stage=T6 side=S res=2 off=59624 len=1
RLTRACE t_ns=859223525957923 stage=T6 side=S res=2 off=59628 len=1
RLTRACE t_ns=859223526250903 stage=T2 side=S res=1 tail=354716
RLTRACE t_ns=859223537336030 stage=T0 side=S res=1 tail=354776 bytes=60
RLTRACE t_ns=859223541630474 stage=T2 side=S res=1 tail=354776
RLTRACE t_ns=859223547053838 stage=T5 side=S res=2 off=59632 runs=1 fp=0x4e47efa414a8529e
RLTRACE t_ns=859223548388009 stage=T6 side=S res=2 off=59632 len=1
RLTRACE t_ns=859223560231773 stage=T0 side=S res=1 tail=354932 bytes=156
RLTRACE t_ns=859223567183034 stage=T2 side=S res=1 tail=354932
RLTRACE t_ns=859223575251278 stage=T5 side=S res=2 off=59640 runs=2 fp=0x87b28b97cf1b2404
RLTRACE t_ns=859223576822937 stage=T6 side=S res=2 off=59640 len=1
RLTRACE t_ns=859223576909168 stage=T6 side=S res=2 off=59648 len=1
RLTRACE t_ns=859223596391314 stage=T0 side=S res=1 tail=355976 bytes=1044
RLTRACE t_ns=859223604078554 stage=T2 side=S res=1 tail=355168
RLTRACE t_ns=859223609353999 stage=T5 side=S res=2 off=59656 runs=2 fp=0x87b28b97cf1b2404
RLTRACE t_ns=859223610379133 stage=T6 side=S res=2 off=59656 len=1
RLTRACE t_ns=859223610462513 stage=T6 side=S res=2 off=59660 len=1
RLTRACE t_ns=859223610737673 stage=T2 side=S res=1 tail=355976
RLTRACE t_ns=859223617212896 stage=T0 side=S res=1 tail=356036 bytes=60
RLTRACE t_ns=859223620069046 stage=T2 side=S res=1 tail=356036
RLTRACE t_ns=859223622219440 stage=T5 side=S res=2 off=59664 runs=1 fp=0x87b28b97cf1b2404
RLTRACE t_ns=859223622701209 stage=T6 side=S res=2 off=59664 len=1
RLTRACE t_ns=859223629077981 stage=T0 side=S res=1 tail=356192 bytes=156
RLTRACE t_ns=859223631937693 stage=T2 side=S res=1 tail=356192
RLTRACE t_ns=859223634720844 stage=T5 side=S res=2 off=59672 runs=2 fp=0x87b28b97cf1b2404
RLTRACE t_ns=859223635456986 stage=T6 side=S res=2 off=59672 len=1
RLTRACE t_ns=859223635499758 stage=T6 side=S res=2 off=59680 len=1
RLTRACE t_ns=859223642519121 stage=T0 side=S res=1 tail=357236 bytes=1044
RLTRACE t_ns=859223645491615 stage=T2 side=S res=1 tail=357236
RLTRACE t_ns=859223648242385 stage=T5 side=S res=2 off=59688 runs=2 fp=0x87b28b97cf1b2404
RLTRACE t_ns=859223648908633 stage=T6 side=S res=2 off=59688 len=1
RLTRACE t_ns=859223648944107 stage=T6 side=S res=2 off=59692 len=1
RLTRACE t_ns=859223655362312 stage=T0 side=S res=1 tail=357296 bytes=60
RLTRACE t_ns=859223658450250 stage=T2 side=S res=1 tail=357296
RLTRACE t_ns=859223661414641 stage=T5 side=S res=2 off=59696 runs=1 fp=0x87b28b97cf1b2404
RLTRACE t_ns=859223662124036 stage=T6 side=S res=2 off=59696 len=1
RLTRACE t_ns=859223668888428 stage=T0 side=S res=1 tail=357452 bytes=156
RLTRACE t_ns=859223671739166 stage=T2 side=S res=1 tail=357452
RLTRACE t_ns=859223674634392 stage=T5 side=S res=2 off=59704 runs=2 fp=0xb5a7f712533a642
RLTRACE t_ns=859223675587015 stage=T6 side=S res=2 off=59704 len=1
RLTRACE t_ns=859223675655181 stage=T6 side=S res=2 off=59712 len=1
RLTRACE t_ns=859223701057422 stage=T0 side=S res=1 tail=358496 bytes=1044
RLTRACE t_ns=859223704824336 stage=T2 side=S res=1 tail=358376
RLTRACE t_ns=859223710054502 stage=T5 side=S res=2 off=59720 runs=2 fp=0xb5a7f712533a642
RLTRACE t_ns=859223711715060 stage=T6 side=S res=2 off=59720 len=1
RLTRACE t_ns=859223711804171 stage=T6 side=S res=2 off=59724 len=1
RLTRACE t_ns=859223712101888 stage=T2 side=S res=1 tail=358496
RLTRACE t_ns=859223722638784 stage=T0 side=S res=1 tail=358556 bytes=60
RLTRACE t_ns=859223727931020 stage=T2 side=S res=1 tail=358556
RLTRACE t_ns=859223733627961 stage=T5 side=S res=2 off=59728 runs=1 fp=0xb5a7f712533a642
RLTRACE t_ns=859223735150070 stage=T6 side=S res=2 off=59728 len=1
RLTRACE t_ns=859223747264284 stage=T0 side=S res=1 tail=358712 bytes=156
RLTRACE t_ns=859223752165463 stage=T2 side=S res=1 tail=358712
RLTRACE t_ns=859223757501604 stage=T5 side=S res=2 off=59736 runs=2 fp=0xb5a7f712533a642
RLTRACE t_ns=859223758551803 stage=T6 side=S res=2 off=59736 len=1
RLTRACE t_ns=859223758637801 stage=T6 side=S res=2 off=59744 len=1
RLTRACE t_ns=859223773986804 stage=T0 side=S res=1 tail=359756 bytes=1044
RLTRACE t_ns=859223778358640 stage=T2 side=S res=1 tail=359636
RLTRACE t_ns=859223782654008 stage=T5 side=S res=2 off=59752 runs=2 fp=0xb5a7f712533a642
RLTRACE t_ns=859223784127750 stage=T6 side=S res=2 off=59752 len=1
RLTRACE t_ns=859223784232446 stage=T6 side=S res=2 off=59756 len=1
RLTRACE t_ns=859223784531619 stage=T2 side=S res=1 tail=359756
RLTRACE t_ns=859223796419193 stage=T0 side=S res=1 tail=359816 bytes=60
RLTRACE t_ns=859223800263820 stage=T2 side=S res=1 tail=359816
RLTRACE t_ns=859223806783643 stage=T5 side=S res=2 off=59760 runs=1 fp=0xb5a7f712533a642
RLTRACE t_ns=859223808437136 stage=T6 side=S res=2 off=59760 len=1
RLTRACE t_ns=859223822772077 stage=T0 side=S res=1 tail=359972 bytes=156
RLTRACE t_ns=859223827555380 stage=T2 side=S res=1 tail=359972
RLTRACE t_ns=859223835077065 stage=T5 side=S res=2 off=59768 runs=2 fp=0xf030ace4de3b0e0
RLTRACE t_ns=859223837112311 stage=T6 side=S res=2 off=59768 len=1
RLTRACE t_ns=859223837295203 stage=T6 side=S res=2 off=59776 len=1
RLTRACE t_ns=859223863127189 stage=T0 side=S res=1 tail=361016 bytes=1044
RLTRACE t_ns=859223868497075 stage=T2 side=S res=1 tail=360896
RLTRACE t_ns=859223872558892 stage=T5 side=S res=2 off=59784 runs=2 fp=0xf030ace4de3b0e0
RLTRACE t_ns=859223873995216 stage=T6 side=S res=2 off=59784 len=1
RLTRACE t_ns=859223874122256 stage=T6 side=S res=2 off=59788 len=1
RLTRACE t_ns=859223874410238 stage=T2 side=S res=1 tail=361016
RLTRACE t_ns=859223884110828 stage=T0 side=S res=1 tail=361076 bytes=60
RLTRACE t_ns=859223889515210 stage=T2 side=S res=1 tail=361076
RLTRACE t_ns=859223895345494 stage=T5 side=S res=2 off=59792 runs=1 fp=0xf030ace4de3b0e0
RLTRACE t_ns=859223896596556 stage=T6 side=S res=2 off=59792 len=1
RLTRACE t_ns=859223905760227 stage=T0 side=S res=1 tail=361232 bytes=156
RLTRACE t_ns=859223909106526 stage=T2 side=S res=1 tail=361232
RLTRACE t_ns=859223913058351 stage=T5 side=S res=2 off=59800 runs=2 fp=0xf030ace4de3b0e0
RLTRACE t_ns=859223913859173 stage=T6 side=S res=2 off=59800 len=1
RLTRACE t_ns=859223913926781 stage=T6 side=S res=2 off=59808 len=1
RLTRACE t_ns=859223925052833 stage=T0 side=S res=1 tail=362276 bytes=1044
RLTRACE t_ns=859223929180077 stage=T2 side=S res=1 tail=361536
RLTRACE t_ns=859223933108751 stage=T5 side=S res=2 off=59816 runs=2 fp=0xf030ace4de3b0e0
RLTRACE t_ns=859223933989780 stage=T6 side=S res=2 off=59816 len=1
RLTRACE t_ns=859223934092441 stage=T6 side=S res=2 off=59820 len=1
RLTRACE t_ns=859223934374769 stage=T2 side=S res=1 tail=362276
RLTRACE t_ns=859223939792515 stage=T0 side=S res=1 tail=362336 bytes=60
RLTRACE t_ns=859223941990530 stage=T2 side=S res=1 tail=362336
RLTRACE t_ns=859223945248567 stage=T5 side=S res=2 off=59824 runs=1 fp=0xf030ace4de3b0e0
RLTRACE t_ns=859223945968156 stage=T6 side=S res=2 off=59824 len=1
RLTRACE t_ns=859223952864924 stage=T0 side=S res=1 tail=362492 bytes=156
RLTRACE t_ns=859223956111060 stage=T2 side=S res=1 tail=362492
RLTRACE t_ns=859223960521875 stage=T5 side=S res=2 off=59832 runs=2 fp=0x45dc703edf0ca0f6
RLTRACE t_ns=859223961324629 stage=T6 side=S res=2 off=59832 len=1
RLTRACE t_ns=859223961387191 stage=T6 side=S res=2 off=59840 len=1
RLTRACE t_ns=859223971848948 stage=T0 side=S res=1 tail=363536 bytes=1044
RLTRACE t_ns=859223975076709 stage=T2 side=S res=1 tail=363536
RLTRACE t_ns=859223979178070 stage=T5 side=S res=2 off=59848 runs=2 fp=0x45dc703edf0ca0f6
RLTRACE t_ns=859223980522528 stage=T6 side=S res=2 off=59848 len=1
RLTRACE t_ns=859223980606636 stage=T6 side=S res=2 off=59852 len=1
RLTRACE t_ns=859223993116623 stage=T0 side=S res=1 tail=363596 bytes=60
RLTRACE t_ns=859223997870616 stage=T2 side=S res=1 tail=363596
RLTRACE t_ns=859224006589933 stage=T5 side=S res=2 off=59856 runs=1 fp=0x45dc703edf0ca0f6
RLTRACE t_ns=859224008329522 stage=T6 side=S res=2 off=59856 len=1
RLTRACE t_ns=859224023078341 stage=T0 side=S res=1 tail=363752 bytes=156
RLTRACE t_ns=859224029349327 stage=T2 side=S res=1 tail=363752
RLTRACE t_ns=859224038252981 stage=T5 side=S res=2 off=59864 runs=2 fp=0x45dc703edf0ca0f6
RLTRACE t_ns=859224040240826 stage=T6 side=S res=2 off=59864 len=1
RLTRACE t_ns=859224040412309 stage=T6 side=S res=2 off=59872 len=1
RLTRACE t_ns=859224060920291 stage=T0 side=S res=1 tail=364796 bytes=1044
RLTRACE t_ns=859224070726672 stage=T2 side=S res=1 tail=363788
RLTRACE t_ns=859224081487382 stage=T5 side=S res=2 off=59880 runs=2 fp=0x45dc703edf0ca0f6
RLTRACE t_ns=859224082922401 stage=T6 side=S res=2 off=59880 len=1
RLTRACE t_ns=859224083040795 stage=T6 side=S res=2 off=59884 len=1
RLTRACE t_ns=859224083715517 stage=T2 side=S res=1 tail=364796
RLTRACE t_ns=859224097370061 stage=T0 side=S res=1 tail=364856 bytes=60
RLTRACE t_ns=859224102463434 stage=T2 side=S res=1 tail=364832
RLTRACE t_ns=859224108098025 stage=T5 side=S res=2 off=59888 runs=1 fp=0x45dc703edf0ca0f6
RLTRACE t_ns=859224109448672 stage=T6 side=S res=2 off=59888 len=1
RLTRACE t_ns=859224109798802 stage=T2 side=S res=1 tail=364856
RLTRACE t_ns=859224121466342 stage=T0 side=S res=1 tail=365012 bytes=156
RLTRACE t_ns=859224125248864 stage=T2 side=S res=1 tail=365012
RLTRACE t_ns=859224128803608 stage=T5 side=S res=2 off=59896 runs=2 fp=0x2300e59a2998323c
RLTRACE t_ns=859224129840917 stage=T6 side=S res=2 off=59896 len=1
RLTRACE t_ns=859224129896776 stage=T6 side=S res=2 off=59904 len=1
RLTRACE t_ns=859224139961707 stage=T0 side=S res=1 tail=366056 bytes=1044
RLTRACE t_ns=859224143030644 stage=T2 side=S res=1 tail=365936
RLTRACE t_ns=859224146065921 stage=T5 side=S res=2 off=59912 runs=2 fp=0x2300e59a2998323c
RLTRACE t_ns=859224146753206 stage=T6 side=S res=2 off=59912 len=1
RLTRACE t_ns=859224146785285 stage=T6 side=S res=2 off=59916 len=1
RLTRACE t_ns=859224147058665 stage=T2 side=S res=1 tail=366056
RLTRACE t_ns=859224154029761 stage=T0 side=S res=1 tail=366116 bytes=60
RLTRACE t_ns=859224157726873 stage=T2 side=S res=1 tail=366116
RLTRACE t_ns=859224161876338 stage=T5 side=S res=2 off=59920 runs=1 fp=0x2300e59a2998323c
RLTRACE t_ns=859224162860396 stage=T6 side=S res=2 off=59920 len=1
RLTRACE t_ns=859224169458994 stage=T0 side=S res=1 tail=366272 bytes=156
RLTRACE t_ns=859224171711946 stage=T2 side=S res=1 tail=366272
RLTRACE t_ns=859224173811780 stage=T5 side=S res=2 off=59928 runs=2 fp=0x2300e59a2998323c
RLTRACE t_ns=859224174343015 stage=T6 side=S res=2 off=59928 len=1
RLTRACE t_ns=859224174366916 stage=T6 side=S res=2 off=59936 len=1
RLTRACE t_ns=859224181104562 stage=T0 side=S res=1 tail=367316 bytes=1044
RLTRACE t_ns=859224183408079 stage=T2 side=S res=1 tail=366308
RLTRACE t_ns=859224186103816 stage=T5 side=S res=2 off=59944 runs=2 fp=0x2300e59a2998323c
RLTRACE t_ns=859224186749704 stage=T6 side=S res=2 off=59944 len=1
RLTRACE t_ns=859224186811154 stage=T6 side=S res=2 off=59948 len=1
RLTRACE t_ns=859224187079907 stage=T2 side=S res=1 tail=367316
RLTRACE t_ns=859224196840111 stage=T0 side=S res=1 tail=367376 bytes=60
RLTRACE t_ns=859224200575181 stage=T2 side=S res=1 tail=367376
RLTRACE t_ns=859224204649097 stage=T5 side=S res=2 off=59952 runs=1 fp=0x2300e59a2998323c
RLTRACE t_ns=859224205604625 stage=T6 side=S res=2 off=59952 len=1
RLTRACE t_ns=859224215264988 stage=T0 side=S res=1 tail=367532 bytes=156
RLTRACE t_ns=859224218654372 stage=T2 side=S res=1 tail=367532
RLTRACE t_ns=859224223247097 stage=T5 side=S res=2 off=59960 runs=2 fp=0xd988cf982418cf5a
RLTRACE t_ns=859224224531551 stage=T6 side=S res=2 off=59960 len=1
RLTRACE t_ns=859224224589932 stage=T6 side=S res=2 off=59968 len=1
RLTRACE t_ns=859224245182586 stage=T0 side=S res=1 tail=368576 bytes=1044
RLTRACE t_ns=859224251272073 stage=T2 side=S res=1 tail=368456
RLTRACE t_ns=859224254410401 stage=T5 side=S res=2 off=59976 runs=2 fp=0xd988cf982418cf5a
RLTRACE t_ns=859224255075284 stage=T6 side=S res=2 off=59976 len=1
RLTRACE t_ns=859224255143069 stage=T6 side=S res=2 off=59980 len=1
RLTRACE t_ns=859224255479169 stage=T2 side=S res=1 tail=368576
RLTRACE t_ns=859224260468572 stage=T0 side=S res=1 tail=368636 bytes=60
RLTRACE t_ns=859224263634479 stage=T2 side=S res=1 tail=368636
RLTRACE t_ns=859224266905521 stage=T5 side=S res=2 off=59984 runs=1 fp=0xd988cf982418cf5a
RLTRACE t_ns=859224267725784 stage=T6 side=S res=2 off=59984 len=1
RLTRACE t_ns=859224277892684 stage=T0 side=S res=1 tail=368792 bytes=156
RLTRACE t_ns=859224283154625 stage=T2 side=S res=1 tail=368792
RLTRACE t_ns=859224287892197 stage=T5 side=S res=2 off=59992 runs=2 fp=0xd988cf982418cf5a
RLTRACE t_ns=859224289428545 stage=T6 side=S res=2 off=59992 len=1
RLTRACE t_ns=859224289537402 stage=T6 side=S res=2 off=60000 len=1
RLTRACE t_ns=859224315972169 stage=T0 side=S res=1 tail=369836 bytes=1044
RLTRACE t_ns=859224322859769 stage=T2 side=S res=1 tail=369096
RLTRACE t_ns=859224327084643 stage=T5 side=S res=2 off=60008 runs=2 fp=0xd988cf982418cf5a
RLTRACE t_ns=859224327953986 stage=T6 side=S res=2 off=60008 len=1
RLTRACE t_ns=859224328029755 stage=T6 side=S res=2 off=60012 len=1
RLTRACE t_ns=859224328302832 stage=T2 side=S res=1 tail=369836
RLTRACE t_ns=859224334977959 stage=T0 side=S res=1 tail=369896 bytes=60
RLTRACE t_ns=859224337766739 stage=T2 side=S res=1 tail=369896
RLTRACE t_ns=859224339724858 stage=T5 side=S res=2 off=60016 runs=1 fp=0xd988cf982418cf5a
RLTRACE t_ns=859224340219964 stage=T6 side=S res=2 off=60016 len=1
RLTRACE t_ns=859224346949300 stage=T0 side=S res=1 tail=370052 bytes=156
RLTRACE t_ns=859224349778821 stage=T2 side=S res=1 tail=369968
RLTRACE t_ns=859224352833223 stage=T5 side=S res=2 off=60024 runs=2 fp=0x80bbd6ac3e5dd058
RLTRACE t_ns=859224353556094 stage=T6 side=S res=2 off=60024 len=1
RLTRACE t_ns=859224353600691 stage=T6 side=S res=2 off=60032 len=1
RLTRACE t_ns=859224353869718 stage=T2 side=S res=1 tail=370052
RLTRACE t_ns=859224364104290 stage=T0 side=S res=1 tail=371096 bytes=1044
RLTRACE t_ns=859224367013708 stage=T2 side=S res=1 tail=370928
RLTRACE t_ns=859224371815993 stage=T5 side=S res=2 off=60040 runs=2 fp=0x80bbd6ac3e5dd058
RLTRACE t_ns=859224372768788 stage=T6 side=S res=2 off=60040 len=1
RLTRACE t_ns=859224372861576 stage=T6 side=S res=2 off=60044 len=1
RLTRACE t_ns=859224373183344 stage=T2 side=S res=1 tail=371096
RLTRACE t_ns=859224380139418 stage=T0 side=S res=1 tail=371156 bytes=60
RLTRACE t_ns=859224383078089 stage=T2 side=S res=1 tail=371156
RLTRACE t_ns=859224386521504 stage=T5 side=S res=2 off=60048 runs=1 fp=0x80bbd6ac3e5dd058
RLTRACE t_ns=859224387249333 stage=T6 side=S res=2 off=60048 len=1
RLTRACE t_ns=859224393945163 stage=T0 side=S res=1 tail=371312 bytes=156
RLTRACE t_ns=859224396729820 stage=T2 side=S res=1 tail=371312
RLTRACE t_ns=859224399582346 stage=T5 side=S res=2 off=60056 runs=2 fp=0x80bbd6ac3e5dd058
RLTRACE t_ns=859224400281428 stage=T6 side=S res=2 off=60056 len=1
RLTRACE t_ns=859224400333804 stage=T6 side=S res=2 off=60064 len=1
RLTRACE t_ns=859224407701351 stage=T0 side=S res=1 tail=372356 bytes=1044
RLTRACE t_ns=859224410460344 stage=T2 side=S res=1 tail=372236
RLTRACE t_ns=859224413128291 stage=T5 side=S res=2 off=60072 runs=2 fp=0x80bbd6ac3e5dd058
RLTRACE t_ns=859224413777471 stage=T6 side=S res=2 off=60072 len=1
RLTRACE t_ns=859224413829905 stage=T6 side=S res=2 off=60076 len=1
RLTRACE t_ns=859224414102563 stage=T2 side=S res=1 tail=372356
RLTRACE t_ns=859224422174050 stage=T0 side=S res=1 tail=372416 bytes=60
RLTRACE t_ns=859224424415564 stage=T2 side=S res=1 tail=372416
RLTRACE t_ns=859224427173904 stage=T5 side=S res=2 off=60080 runs=1 fp=0x80bbd6ac3e5dd058
RLTRACE t_ns=859224427896608 stage=T6 side=S res=2 off=60080 len=1
RLTRACE t_ns=859224438751829 stage=T0 side=S res=1 tail=372572 bytes=156
RLTRACE t_ns=859224443480228 stage=T2 side=S res=1 tail=372572
RLTRACE t_ns=859224448632807 stage=T5 side=S res=2 off=60088 runs=2 fp=0x963b9c6b15ce804e
RLTRACE t_ns=859224450022384 stage=T6 side=S res=2 off=60088 len=1
RLTRACE t_ns=859224450123214 stage=T6 side=S res=2 off=60096 len=1
RLTRACE t_ns=859224464226008 stage=T0 side=S res=1 tail=373616 bytes=1044
RLTRACE t_ns=859224467929498 stage=T2 side=S res=1 tail=373448
RLTRACE t_ns=859224474617079 stage=T5 side=S res=2 off=60104 runs=2 fp=0x963b9c6b15ce804e
RLTRACE t_ns=859224476333326 stage=T6 side=S res=2 off=60104 len=1
RLTRACE t_ns=859224476424747 stage=T6 side=S res=2 off=60108 len=1
RLTRACE t_ns=859224476733689 stage=T2 side=S res=1 tail=373616
RLTRACE t_ns=859224488375284 stage=T0 side=S res=1 tail=373676 bytes=60
RLTRACE t_ns=859224492310937 stage=T2 side=S res=1 tail=373676
RLTRACE t_ns=859224495679261 stage=T5 side=S res=2 off=60112 runs=1 fp=0x963b9c6b15ce804e
RLTRACE t_ns=859224496432260 stage=T6 side=S res=2 off=60112 len=1
RLTRACE t_ns=859224503687721 stage=T0 side=S res=1 tail=373832 bytes=156
RLTRACE t_ns=859224507388921 stage=T2 side=S res=1 tail=373832
RLTRACE t_ns=859224511192396 stage=T5 side=S res=2 off=60120 runs=2 fp=0x963b9c6b15ce804e
RLTRACE t_ns=859224512244492 stage=T6 side=S res=2 off=60120 len=1
RLTRACE t_ns=859224512314230 stage=T6 side=S res=2 off=60128 len=1
RLTRACE t_ns=859224530164010 stage=T0 side=S res=1 tail=374876 bytes=1044
RLTRACE t_ns=859224533364637 stage=T2 side=S res=1 tail=373868
RLTRACE t_ns=859224538228101 stage=T5 side=S res=2 off=60136 runs=2 fp=0x963b9c6b15ce804e
RLTRACE t_ns=859224539983092 stage=T6 side=S res=2 off=60136 len=1
RLTRACE t_ns=859224540131327 stage=T6 side=S res=2 off=60140 len=1
RLTRACE t_ns=859224540843409 stage=T2 side=S res=1 tail=374876
RLTRACE t_ns=859224560563253 stage=T0 side=S res=1 tail=374936 bytes=60
RLTRACE t_ns=859224567329863 stage=T2 side=S res=1 tail=374936
RLTRACE t_ns=859224575096201 stage=T5 side=S res=2 off=60144 runs=1 fp=0x963b9c6b15ce804e
RLTRACE t_ns=859224576560536 stage=T6 side=S res=2 off=60144 len=1
RLTRACE t_ns=859224593279554 stage=T0 side=S res=1 tail=375092 bytes=156
RLTRACE t_ns=859224599713677 stage=T2 side=S res=1 tail=375092
RLTRACE t_ns=859224607996721 stage=T5 side=S res=2 off=60152 runs=2 fp=0x5ecb8d8b4abf40f4
RLTRACE t_ns=859224609477123 stage=T6 side=S res=2 off=60152 len=1
RLTRACE t_ns=859224609554733 stage=T6 side=S res=2 off=60160 len=1
RLTRACE t_ns=859224624728943 stage=T0 side=S res=1 tail=376136 bytes=1044
RLTRACE t_ns=859224628573646 stage=T2 side=S res=1 tail=376136
RLTRACE t_ns=859224634869450 stage=T5 side=S res=2 off=60168 runs=2 fp=0x5ecb8d8b4abf40f4
RLTRACE t_ns=859224636570018 stage=T6 side=S res=2 off=60168 len=1
RLTRACE t_ns=859224636733687 stage=T6 side=S res=2 off=60172 len=1
RLTRACE t_ns=859224647593443 stage=T0 side=S res=1 tail=376196 bytes=60
RLTRACE t_ns=859224650982711 stage=T2 side=S res=1 tail=376172
RLTRACE t_ns=859224656369574 stage=T5 side=S res=2 off=60176 runs=1 fp=0x5ecb8d8b4abf40f4
RLTRACE t_ns=859224657746125 stage=T6 side=S res=2 off=60176 len=1
RLTRACE t_ns=859224658205009 stage=T2 side=S res=1 tail=376196
RLTRACE t_ns=859224672842097 stage=T0 side=S res=1 tail=376352 bytes=156
RLTRACE t_ns=859224677350878 stage=T2 side=S res=1 tail=376352
RLTRACE t_ns=859224686183670 stage=T5 side=S res=2 off=60184 runs=2 fp=0x5ecb8d8b4abf40f4
RLTRACE t_ns=859224687646006 stage=T6 side=S res=2 off=60184 len=1
RLTRACE t_ns=859224687774522 stage=T6 side=S res=2 off=60192 len=1
RLTRACE t_ns=859224709568203 stage=T0 side=S res=1 tail=377396 bytes=1044
RLTRACE t_ns=859224714613243 stage=T2 side=S res=1 tail=377396
RLTRACE t_ns=859224720467147 stage=T5 side=S res=2 off=60200 runs=2 fp=0x5ecb8d8b4abf40f4
RLTRACE t_ns=859224722482368 stage=T6 side=S res=2 off=60200 len=1
RLTRACE t_ns=859224722651814 stage=T6 side=S res=2 off=60204 len=1
RLTRACE t_ns=859224738339863 stage=T0 side=S res=1 tail=377456 bytes=60
RLTRACE t_ns=859224743757914 stage=T2 side=S res=1 tail=377456
RLTRACE t_ns=859224747816022 stage=T5 side=S res=2 off=60208 runs=1 fp=0x5ecb8d8b4abf40f4
RLTRACE t_ns=859224749179053 stage=T6 side=S res=2 off=60208 len=1
RLTRACE t_ns=859224762957425 stage=T0 side=S res=1 tail=377612 bytes=156
RLTRACE t_ns=859224771435905 stage=T2 side=S res=1 tail=377612
RLTRACE t_ns=859224781080972 stage=T5 side=S res=2 off=60216 runs=2 fp=0xf1de28cd57ae1332
RLTRACE t_ns=859224783243730 stage=T6 side=S res=2 off=60216 len=1
RLTRACE t_ns=859224783407441 stage=T6 side=S res=2 off=60224 len=1
RLTRACE t_ns=859224799772459 stage=T0 side=S res=1 tail=377648 bytes=36
RLTRACE t_ns=859224805083140 stage=T2 side=S res=1 tail=377648
RLTRACE t_ns=859224812880033 stage=T0 side=S res=1 tail=378656 bytes=1008
RLTRACE t_ns=859224818686283 stage=T2 side=S res=1 tail=378536
RLTRACE t_ns=859224827240962 stage=T5 side=S res=2 off=60232 runs=2 fp=0xf1de28cd57ae1332
RLTRACE t_ns=859224828383629 stage=T6 side=S res=2 off=60232 len=1
RLTRACE t_ns=859224828479643 stage=T6 side=S res=2 off=60236 len=1
RLTRACE t_ns=859224828801674 stage=T2 side=S res=1 tail=378656
RLTRACE t_ns=859224835790031 stage=T0 side=S res=1 tail=378716 bytes=60
RLTRACE t_ns=859224838916807 stage=T2 side=S res=1 tail=378716
RLTRACE t_ns=859224844254529 stage=T5 side=S res=2 off=60240 runs=1 fp=0xf1de28cd57ae1332
RLTRACE t_ns=859224845066971 stage=T6 side=S res=2 off=60240 len=1
RLTRACE t_ns=859224853463989 stage=T0 side=S res=1 tail=378872 bytes=156
RLTRACE t_ns=859224858881565 stage=T2 side=S res=1 tail=378872
RLTRACE t_ns=859224867574834 stage=T5 side=S res=2 off=60248 runs=2 fp=0xf1de28cd57ae1332
RLTRACE t_ns=859224869670893 stage=T6 side=S res=2 off=60248 len=1
RLTRACE t_ns=859224869822960 stage=T6 side=S res=2 off=60256 len=1
RLTRACE t_ns=859224883177129 stage=T0 side=S res=1 tail=379916 bytes=1044
RLTRACE t_ns=859224886731521 stage=T2 side=S res=1 tail=379796
RLTRACE t_ns=859224895467685 stage=T5 side=S res=2 off=60264 runs=2 fp=0xf1de28cd57ae1332
RLTRACE t_ns=859224897125234 stage=T6 side=S res=2 off=60264 len=1
RLTRACE t_ns=859224897267037 stage=T6 side=S res=2 off=60268 len=1
RLTRACE t_ns=859224898163932 stage=T2 side=S res=1 tail=379916
RLTRACE t_ns=859224908960617 stage=T0 side=S res=1 tail=379976 bytes=60
RLTRACE t_ns=859224912631301 stage=T2 side=S res=1 tail=379976
RLTRACE t_ns=859224918227941 stage=T5 side=S res=2 off=60272 runs=1 fp=0xf1de28cd57ae1332
RLTRACE t_ns=859224919932474 stage=T6 side=S res=2 off=60272 len=1
RLTRACE t_ns=859224936030573 stage=T0 side=S res=1 tail=380132 bytes=156
RLTRACE t_ns=859224941743882 stage=T2 side=S res=1 tail=380132
RLTRACE t_ns=859224948329600 stage=T5 side=S res=2 off=60280 runs=2 fp=0x18f4ea8079579610
RLTRACE t_ns=859224949637232 stage=T6 side=S res=2 off=60280 len=1
RLTRACE t_ns=859224949716621 stage=T6 side=S res=2 off=60288 len=1
RLTRACE t_ns=859224971184644 stage=T0 side=S res=1 tail=381176 bytes=1044
RLTRACE t_ns=859224976017172 stage=T2 side=S res=1 tail=381008
RLTRACE t_ns=859224982196662 stage=T5 side=S res=2 off=60296 runs=2 fp=0x18f4ea8079579610
RLTRACE t_ns=859224984183116 stage=T6 side=S res=2 off=60296 len=1
RLTRACE t_ns=859224984338359 stage=T6 side=S res=2 off=60300 len=1
RLTRACE t_ns=859224985154664 stage=T2 side=S res=1 tail=381176
RLTRACE t_ns=859224995154431 stage=T0 side=S res=1 tail=381236 bytes=60
RLTRACE t_ns=859224999777435 stage=T2 side=S res=1 tail=381212
RLTRACE t_ns=859225004685432 stage=T5 side=S res=2 off=60304 runs=1 fp=0x18f4ea8079579610
RLTRACE t_ns=859225005775395 stage=T6 side=S res=2 off=60304 len=1
RLTRACE t_ns=859225006127763 stage=T2 side=S res=1 tail=381236
RLTRACE t_ns=859225016786538 stage=T0 side=S res=1 tail=381392 bytes=156
RLTRACE t_ns=859225021265160 stage=T2 side=S res=1 tail=381392
RLTRACE t_ns=859225026073793 stage=T5 side=S res=2 off=60312 runs=2 fp=0x18f4ea8079579610
RLTRACE t_ns=859225027233824 stage=T6 side=S res=2 off=60312 len=1
RLTRACE t_ns=859225027285985 stage=T6 side=S res=2 off=60320 len=1
RLTRACE t_ns=859225044975389 stage=T0 side=S res=1 tail=382436 bytes=1044
RLTRACE t_ns=859225048013760 stage=T2 side=S res=1 tail=382316
RLTRACE t_ns=859225052979498 stage=T5 side=S res=2 off=60328 runs=2 fp=0x18f4ea8079579610
RLTRACE t_ns=859225054099181 stage=T6 side=S res=2 off=60328 len=1
RLTRACE t_ns=859225054203730 stage=T6 side=S res=2 off=60332 len=1
RLTRACE t_ns=859225054858314 stage=T2 side=S res=1 tail=382436
RLTRACE t_ns=859225067635835 stage=T0 side=S res=1 tail=382496 bytes=60
RLTRACE t_ns=859225072569467 stage=T2 side=S res=1 tail=382472
RLTRACE t_ns=859225078560406 stage=T5 side=S res=2 off=60336 runs=1 fp=0x18f4ea8079579610
RLTRACE t_ns=859225079510524 stage=T6 side=S res=2 off=60336 len=1
RLTRACE t_ns=859225079897595 stage=T2 side=S res=1 tail=382496
RLTRACE t_ns=859225092089354 stage=T0 side=S res=1 tail=382652 bytes=156
RLTRACE t_ns=859225095316751 stage=T2 side=S res=1 tail=382652
RLTRACE t_ns=859225099395638 stage=T5 side=S res=2 off=60344 runs=2 fp=0x57b1f665cf6e19a6
RLTRACE t_ns=859225100822406 stage=T6 side=S res=2 off=60344 len=1
RLTRACE t_ns=859225100954764 stage=T6 side=S res=2 off=60352 len=1
RLTRACE t_ns=859225120346925 stage=T0 side=S res=1 tail=383696 bytes=1044
RLTRACE t_ns=859225122793844 stage=T2 side=S res=1 tail=383696
RLTRACE t_ns=859225126333184 stage=T5 side=S res=2 off=60360 runs=2 fp=0x57b1f665cf6e19a6
RLTRACE t_ns=859225127455292 stage=T6 side=S res=2 off=60360 len=1
RLTRACE t_ns=859225127541840 stage=T6 side=S res=2 off=60364 len=1
RLTRACE t_ns=859225135577638 stage=T0 side=S res=1 tail=383756 bytes=60
RLTRACE t_ns=859225138574974 stage=T2 side=S res=1 tail=383756
RLTRACE t_ns=859225143286316 stage=T5 side=S res=2 off=60368 runs=1 fp=0x57b1f665cf6e19a6
RLTRACE t_ns=859225145066437 stage=T6 side=S res=2 off=60368 len=1
RLTRACE t_ns=859225160517514 stage=T0 side=S res=1 tail=383912 bytes=156
RLTRACE t_ns=859225166317506 stage=T2 side=S res=1 tail=383912
RLTRACE t_ns=859225174438311 stage=T5 side=S res=2 off=60376 runs=2 fp=0x57b1f665cf6e19a6
RLTRACE t_ns=859225176641038 stage=T6 side=S res=2 off=60376 len=1
RLTRACE t_ns=859225176787613 stage=T6 side=S res=2 off=60384 len=1
RLTRACE t_ns=859225194623411 stage=T0 side=S res=1 tail=384956 bytes=1044
RLTRACE t_ns=859225197644499 stage=T2 side=S res=1 tail=384956
RLTRACE t_ns=859225203484703 stage=T5 side=S res=2 off=60392 runs=2 fp=0x57b1f665cf6e19a6
RLTRACE t_ns=859225204457185 stage=T6 side=S res=2 off=60392 len=1
RLTRACE t_ns=859225204545781 stage=T6 side=S res=2 off=60396 len=1
RLTRACE t_ns=859225213193861 stage=T0 side=S res=1 tail=385016 bytes=60
RLTRACE t_ns=859225215837291 stage=T2 side=S res=1 tail=384992
RLTRACE t_ns=859225220503294 stage=T5 side=S res=2 off=60400 runs=1 fp=0x57b1f665cf6e19a6
RLTRACE t_ns=859225221348284 stage=T6 side=S res=2 off=60400 len=1
RLTRACE t_ns=859225221714178 stage=T2 side=S res=1 tail=385016
RLTRACE t_ns=859225233329326 stage=T0 side=S res=1 tail=385172 bytes=156
RLTRACE t_ns=859225236274429 stage=T2 side=S res=1 tail=385172
RLTRACE t_ns=859225240863260 stage=T5 side=S res=2 off=60408 runs=2 fp=0x3dcc3f1caff6baec
RLTRACE t_ns=859225241690412 stage=T6 side=S res=2 off=60408 len=1
RLTRACE t_ns=859225241894567 stage=T6 side=S res=2 off=60416 len=1
RLTRACE t_ns=859225267246930 stage=T0 side=S res=1 tail=386216 bytes=1044
RLTRACE t_ns=859225271791528 stage=T2 side=S res=1 tail=385208
RLTRACE t_ns=859225277664023 stage=T5 side=S res=2 off=60424 runs=2 fp=0x3dcc3f1caff6baec
RLTRACE t_ns=859225278897663 stage=T6 side=S res=2 off=60424 len=1
RLTRACE t_ns=859225278994303 stage=T6 side=S res=2 off=60428 len=1
RLTRACE t_ns=859225279302713 stage=T2 side=S res=1 tail=386216
RLTRACE t_ns=859225299186628 stage=T0 side=S res=1 tail=386276 bytes=60
RLTRACE t_ns=859225301775318 stage=T2 side=S res=1 tail=386276
RLTRACE t_ns=859225304410350 stage=T5 side=S res=2 off=60432 runs=1 fp=0x3dcc3f1caff6baec
RLTRACE t_ns=859225305111050 stage=T6 side=S res=2 off=60432 len=1
RLTRACE t_ns=859225316465288 stage=T0 side=S res=1 tail=386432 bytes=156
RLTRACE t_ns=859225320225659 stage=T2 side=S res=1 tail=386408
RLTRACE t_ns=859225324654769 stage=T5 side=S res=2 off=60440 runs=2 fp=0x3dcc3f1caff6baec
RLTRACE t_ns=859225325625993 stage=T6 side=S res=2 off=60440 len=1
RLTRACE t_ns=859225325972740 stage=T6 side=S res=2 off=60448 len=1
RLTRACE t_ns=859225326639969 stage=T2 side=S res=1 tail=386432
RLTRACE t_ns=859225335446309 stage=T0 side=S res=1 tail=386668 bytes=236
RLTRACE t_ns=859225337935654 stage=T2 side=S res=1 tail=386668
