rayland-c: Wayland proxy listening at /tmp/rl-tr-wl.sock; point the app at it with WAYLAND_DISPLAY
rayland-c: listening at /tmp/rl-tr.sock, relaying to S at 127.0.0.1:9473
rayland-c: point Mesa at it with:
  VN_DEBUG=vtest VTEST_SOCKET_NAME=/tmp/rl-tr.sock VK_ICD_FILENAMES=<...>/virtio_icd.x86_64.json <app>
[wp-proxy] proxy listening at /tmp/rl-tr-wl.sock
[wp-proxy] application connected: client InnerClientId { id: 0, serial: 1 }
rayland-c: Mesa connected
rayland-c: watching command ring res_id=1 buffer_size=131072
RLTRACE t_ns=859200345361325 stage=T8 side=C res=1 tail=36
RLTRACE t_ns=859200375955024 stage=T7 side=C res=2 off=0 len=1
RLTRACE t_ns=859200376066402 stage=T7 side=C res=2 off=8 len=1
RLTRACE t_ns=859200376364284 stage=T7 side=C res=2 off=16 len=3
RLTRACE t_ns=859200376877684 stage=T8 side=C res=1 tail=52
RLTRACE t_ns=859200410735754 stage=T8 side=C res=1 tail=88
RLTRACE t_ns=859200444378609 stage=T7 side=C res=2 off=28 len=1
RLTRACE t_ns=859200444454908 stage=T7 side=C res=2 off=36 len=1
RLTRACE t_ns=859200444578036 stage=T8 side=C res=1 tail=232
RLTRACE t_ns=859200481497372 stage=T8 side=C res=1 tail=268
RLTRACE t_ns=859200511167689 stage=T7 side=C res=2 off=44 len=1
RLTRACE t_ns=859200511232024 stage=T7 side=C res=2 off=52 len=1
RLTRACE t_ns=859200511278646 stage=T7 side=C res=2 off=60 len=1
RLTRACE t_ns=859200511355707 stage=T8 side=C res=1 tail=304
RLTRACE t_ns=859200537669200 stage=T8 side=C res=1 tail=340
RLTRACE t_ns=859200559900984 stage=T7 side=C res=2 off=72 len=1
RLTRACE t_ns=859200559966038 stage=T7 side=C res=2 off=80 len=1
RLTRACE t_ns=859200560039463 stage=T7 side=C res=2 off=88 len=1
RLTRACE t_ns=859200560089484 stage=T7 side=C res=2 off=92 len=1
RLTRACE t_ns=859200560143876 stage=T7 side=C res=2 off=100 len=1
RLTRACE t_ns=859200560398350 stage=T8 side=C res=1 tail=384
RLTRACE t_ns=859200586225738 stage=T7 side=C res=2 off=108 len=1
RLTRACE t_ns=859200586448291 stage=T7 side=C res=2 off=112 len=1
RLTRACE t_ns=859200586498444 stage=T7 side=C res=2 off=120 len=3
RLTRACE t_ns=859200586546014 stage=T7 side=C res=2 off=124 len=1
RLTRACE t_ns=859200586594275 stage=T7 side=C res=2 off=126 len=4
RLTRACE t_ns=859200586641865 stage=T7 side=C res=2 off=132 len=2
RLTRACE t_ns=859200586833636 stage=T7 side=C res=2 off=136 len=1
RLTRACE t_ns=859200586883845 stage=T7 side=C res=2 off=141 len=1
RLTRACE t_ns=859200586934893 stage=T7 side=C res=2 off=148 len=36
RLTRACE t_ns=859200586982931 stage=T7 side=C res=2 off=404 len=1
RLTRACE t_ns=859200587067871 stage=T7 side=C res=2 off=412 len=16
RLTRACE t_ns=859200587453164 stage=T7 side=C res=2 off=429 len=1
RLTRACE t_ns=859200587506220 stage=T7 side=C res=2 off=433 len=1
RLTRACE t_ns=859200587557208 stage=T7 side=C res=2 off=437 len=1
RLTRACE t_ns=859200587607009 stage=T7 side=C res=2 off=441 len=1
RLTRACE t_ns=859200587879818 stage=T7 side=C res=2 off=445 len=1
RLTRACE t_ns=859200588787686 stage=T7 side=C res=2 off=451 len=1
RLTRACE t_ns=859200588820782 stage=T7 side=C res=2 off=455 len=5
RLTRACE t_ns=859200588833833 stage=T7 side=C res=2 off=461 len=1
RLTRACE t_ns=859200588846056 stage=T7 side=C res=2 off=464 len=4
RLTRACE t_ns=859200588857826 stage=T7 side=C res=2 off=470 len=1
RLTRACE t_ns=859200588869465 stage=T7 side=C res=2 off=472 len=1
RLTRACE t_ns=859200589190725 stage=T7 side=C res=2 off=484 len=2
RLTRACE t_ns=859200589203306 stage=T7 side=C res=2 off=488 len=1
RLTRACE t_ns=859200589215631 stage=T7 side=C res=2 off=495 len=1
RLTRACE t_ns=859200589227711 stage=T7 side=C res=2 off=499 len=1
RLTRACE t_ns=859200589239349 stage=T7 side=C res=2 off=503 len=1
RLTRACE t_ns=859200589251406 stage=T7 side=C res=2 off=507 len=1
RLTRACE t_ns=859200589263239 stage=T7 side=C res=2 off=511 len=2
RLTRACE t_ns=859200589275455 stage=T7 side=C res=2 off=519 len=1
RLTRACE t_ns=859200589287307 stage=T7 side=C res=2 off=523 len=1
RLTRACE t_ns=859200589299891 stage=T7 side=C res=2 off=527 len=2
RLTRACE t_ns=859200589427231 stage=T7 side=C res=2 off=535 len=2
RLTRACE t_ns=859200589670481 stage=T7 side=C res=2 off=543 len=1
RLTRACE t_ns=859200589800406 stage=T7 side=C res=2 off=547 len=1
RLTRACE t_ns=859200590020369 stage=T7 side=C res=2 off=549 len=1
RLTRACE t_ns=859200590034562 stage=T7 side=C res=2 off=552 len=1
RLTRACE t_ns=859200590141558 stage=T7 side=C res=2 off=556 len=1
RLTRACE t_ns=859200590530583 stage=T7 side=C res=2 off=560 len=2
RLTRACE t_ns=859200590546861 stage=T7 side=C res=2 off=564 len=2
RLTRACE t_ns=859200590728999 stage=T7 side=C res=2 off=568 len=1
RLTRACE t_ns=859200590742199 stage=T7 side=C res=2 off=572 len=1
RLTRACE t_ns=859200590993009 stage=T7 side=C res=2 off=576 len=1
RLTRACE t_ns=859200591201704 stage=T7 side=C res=2 off=580 len=1
RLTRACE t_ns=859200591214458 stage=T7 side=C res=2 off=584 len=1
RLTRACE t_ns=859200591226488 stage=T7 side=C res=2 off=588 len=1
RLTRACE t_ns=859200591238685 stage=T7 side=C res=2 off=593 len=1
RLTRACE t_ns=859200591775730 stage=T7 side=C res=2 off=596 len=1
RLTRACE t_ns=859200591788928 stage=T7 side=C res=2 off=600 len=1
RLTRACE t_ns=859200592071309 stage=T7 side=C res=2 off=604 len=1
RLTRACE t_ns=859200592195191 stage=T7 side=C res=2 off=608 len=1
RLTRACE t_ns=859200592208221 stage=T7 side=C res=2 off=612 len=1
RLTRACE t_ns=859200592221773 stage=T7 side=C res=2 off=617 len=1
RLTRACE t_ns=859200592557216 stage=T7 side=C res=2 off=621 len=1
RLTRACE t_ns=859200592650108 stage=T7 side=C res=2 off=624 len=1
RLTRACE t_ns=859200592662617 stage=T7 side=C res=2 off=628 len=1
RLTRACE t_ns=859200592675334 stage=T7 side=C res=2 off=632 len=1
RLTRACE t_ns=859200592905204 stage=T7 side=C res=2 off=636 len=1
RLTRACE t_ns=859200593168896 stage=T7 side=C res=2 off=639 len=1
RLTRACE t_ns=859200593928116 stage=T7 side=C res=2 off=641 len=1
RLTRACE t_ns=859200594423820 stage=T7 side=C res=2 off=644 len=1
RLTRACE t_ns=859200594448008 stage=T7 side=C res=2 off=652 len=6
RLTRACE t_ns=859200594464340 stage=T7 side=C res=2 off=660 len=2
RLTRACE t_ns=859200594476181 stage=T7 side=C res=2 off=665 len=1
RLTRACE t_ns=859200594488638 stage=T7 side=C res=2 off=668 len=1
RLTRACE t_ns=859200594500381 stage=T7 side=C res=2 off=677 len=1
RLTRACE t_ns=859200595052066 stage=T7 side=C res=2 off=681 len=1
RLTRACE t_ns=859200595349009 stage=T7 side=C res=2 off=685 len=1
RLTRACE t_ns=859200595473536 stage=T7 side=C res=2 off=688 len=1
RLTRACE t_ns=859200595490546 stage=T7 side=C res=2 off=692 len=1
RLTRACE t_ns=859200595706543 stage=T7 side=C res=2 off=696 len=1
RLTRACE t_ns=859200595994928 stage=T7 side=C res=2 off=700 len=8
RLTRACE t_ns=859200596199989 stage=T7 side=C res=2 off=710 len=2
RLTRACE t_ns=859200596296160 stage=T7 side=C res=2 off=714 len=3
RLTRACE t_ns=859200596420094 stage=T7 side=C res=2 off=720 len=1
RLTRACE t_ns=859200596433500 stage=T7 side=C res=2 off=729 len=1
RLTRACE t_ns=859200597154491 stage=T7 side=C res=2 off=733 len=1
RLTRACE t_ns=859200597274647 stage=T7 side=C res=2 off=736 len=1
RLTRACE t_ns=859200597470764 stage=T7 side=C res=2 off=747 len=1
RLTRACE t_ns=859200597489572 stage=T7 side=C res=2 off=749 len=4
RLTRACE t_ns=859200597509630 stage=T7 side=C res=2 off=757 len=1
RLTRACE t_ns=859200597526519 stage=T7 side=C res=2 off=764 len=1
RLTRACE t_ns=859200597666515 stage=T7 side=C res=2 off=772 len=1
RLTRACE t_ns=859200597976318 stage=T7 side=C res=2 off=780 len=1
RLTRACE t_ns=859200598117584 stage=T7 side=C res=2 off=788 len=5
RLTRACE t_ns=859200598372744 stage=T7 side=C res=2 off=796 len=5
RLTRACE t_ns=859200598886753 stage=T7 side=C res=2 off=807 len=1
RLTRACE t_ns=859200599253330 stage=T7 side=C res=2 off=810 len=3
RLTRACE t_ns=859200599613765 stage=T7 side=C res=2 off=817 len=1
RLTRACE t_ns=859200599669030 stage=T7 side=C res=2 off=821 len=1
RLTRACE t_ns=859200599720026 stage=T7 side=C res=2 off=825 len=1
RLTRACE t_ns=859200599882065 stage=T7 side=C res=2 off=828 len=1
RLTRACE t_ns=859200599934241 stage=T7 side=C res=2 off=832 len=1
RLTRACE t_ns=859200599981173 stage=T7 side=C res=2 off=836 len=1
RLTRACE t_ns=859200600766557 stage=T7 side=C res=2 off=840 len=1
RLTRACE t_ns=859200600999532 stage=T7 side=C res=2 off=844 len=1
RLTRACE t_ns=859200601127225 stage=T7 side=C res=2 off=848 len=1
RLTRACE t_ns=859200601638442 stage=T7 side=C res=2 off=852 len=1
RLTRACE t_ns=859200601708921 stage=T7 side=C res=2 off=856 len=1
RLTRACE t_ns=859200602101964 stage=T7 side=C res=2 off=860 len=1
RLTRACE t_ns=859200602171771 stage=T7 side=C res=2 off=864 len=1
RLTRACE t_ns=859200602329209 stage=T7 side=C res=2 off=868 len=1
RLTRACE t_ns=859200602673020 stage=T7 side=C res=2 off=872 len=1
RLTRACE t_ns=859200603054441 stage=T7 side=C res=2 off=876 len=5
RLTRACE t_ns=859200603071909 stage=T7 side=C res=2 off=884 len=1
RLTRACE t_ns=859200603089578 stage=T7 side=C res=2 off=888 len=1
RLTRACE t_ns=859200603107949 stage=T7 side=C res=2 off=892 len=1
RLTRACE t_ns=859200603122990 stage=T7 side=C res=2 off=896 len=1
RLTRACE t_ns=859200603312230 stage=T7 side=C res=2 off=907 len=1
RLTRACE t_ns=859200603574816 stage=T7 side=C res=2 off=909 len=4
RLTRACE t_ns=859200603717166 stage=T7 side=C res=2 off=927 len=1
RLTRACE t_ns=859200603733882 stage=T7 side=C res=2 off=931 len=1
RLTRACE t_ns=859200604137252 stage=T7 side=C res=2 off=935 len=1
RLTRACE t_ns=859200604689602 stage=T7 side=C res=2 off=940 len=1
RLTRACE t_ns=859200605080173 stage=T7 side=C res=2 off=944 len=1
RLTRACE t_ns=859200605094329 stage=T7 side=C res=2 off=952 len=1
RLTRACE t_ns=859200605108038 stage=T7 side=C res=2 off=960 len=1
RLTRACE t_ns=859200605121051 stage=T7 side=C res=2 off=968 len=1
RLTRACE t_ns=859200605137138 stage=T7 side=C res=2 off=972 len=1
RLTRACE t_ns=859200605150351 stage=T7 side=C res=2 off=976 len=1
RLTRACE t_ns=859200605163139 stage=T7 side=C res=2 off=984 len=1
RLTRACE t_ns=859200605746628 stage=T8 side=C res=1 tail=444
RLTRACE t_ns=859200632703912 stage=T7 side=C res=2 off=988 len=1
RLTRACE t_ns=859200632727563 stage=T7 side=C res=2 off=996 len=1
RLTRACE t_ns=859200632744125 stage=T7 side=C res=2 off=1004 len=1
RLTRACE t_ns=859200633301586 stage=T8 side=C res=1 tail=524
RLTRACE t_ns=859200662141435 stage=T7 side=C res=2 off=1016 len=1
RLTRACE t_ns=859200662261188 stage=T7 side=C res=2 off=1024 len=1
RLTRACE t_ns=859200662275694 stage=T7 side=C res=2 off=1032 len=1
RLTRACE t_ns=859200662290056 stage=T7 side=C res=2 off=1036 len=1
RLTRACE t_ns=859200662304979 stage=T7 side=C res=2 off=1045 len=1
RLTRACE t_ns=859200662323020 stage=T7 side=C res=2 off=1052 len=19
RLTRACE t_ns=859200662341728 stage=T7 side=C res=2 off=1308 len=1
RLTRACE t_ns=859200662356890 stage=T7 side=C res=2 off=1313 len=1
RLTRACE t_ns=859200662373748 stage=T7 side=C res=2 off=1320 len=20
RLTRACE t_ns=859200662387543 stage=T7 side=C res=2 off=1576 len=1
RLTRACE t_ns=859200662735035 stage=T7 side=C res=2 off=1581 len=1
RLTRACE t_ns=859200662917671 stage=T7 side=C res=2 off=1588 len=19
RLTRACE t_ns=859200663753927 stage=T7 side=C res=2 off=1844 len=1
RLTRACE t_ns=859200664131070 stage=T7 side=C res=2 off=1849 len=1
RLTRACE t_ns=859200664392857 stage=T7 side=C res=2 off=1856 len=28
RLTRACE t_ns=859200664798645 stage=T7 side=C res=2 off=2112 len=1
RLTRACE t_ns=859200664936959 stage=T7 side=C res=2 off=2117 len=1
RLTRACE t_ns=859200664952062 stage=T7 side=C res=2 off=2124 len=28
RLTRACE t_ns=859200665486268 stage=T7 side=C res=2 off=2380 len=1
RLTRACE t_ns=859200665879488 stage=T7 side=C res=2 off=2385 len=1
RLTRACE t_ns=859200666595020 stage=T7 side=C res=2 off=2392 len=33
RLTRACE t_ns=859200666609947 stage=T7 side=C res=2 off=2648 len=1
RLTRACE t_ns=859200666909292 stage=T7 side=C res=2 off=2653 len=1
RLTRACE t_ns=859200666954790 stage=T7 side=C res=2 off=2660 len=21
RLTRACE t_ns=859200666969037 stage=T7 side=C res=2 off=2916 len=1
RLTRACE t_ns=859200666982156 stage=T7 side=C res=2 off=2921 len=1
RLTRACE t_ns=859200667215221 stage=T7 side=C res=2 off=2928 len=25
RLTRACE t_ns=859200667229427 stage=T7 side=C res=2 off=3184 len=1
RLTRACE t_ns=859200667595140 stage=T7 side=C res=2 off=3189 len=1
RLTRACE t_ns=859200667885309 stage=T7 side=C res=2 off=3196 len=27
RLTRACE t_ns=859200668022577 stage=T7 side=C res=2 off=3452 len=1
RLTRACE t_ns=859200668044143 stage=T7 side=C res=2 off=3457 len=1
RLTRACE t_ns=859200668423691 stage=T7 side=C res=2 off=3464 len=27
RLTRACE t_ns=859200668437274 stage=T7 side=C res=2 off=3720 len=1
RLTRACE t_ns=859200668640637 stage=T7 side=C res=2 off=3725 len=1
RLTRACE t_ns=859200668934936 stage=T7 side=C res=2 off=3732 len=28
RLTRACE t_ns=859200669439901 stage=T7 side=C res=2 off=3988 len=1
RLTRACE t_ns=859200669455557 stage=T7 side=C res=2 off=3993 len=1
RLTRACE t_ns=859200669471572 stage=T7 side=C res=2 off=4000 len=33
RLTRACE t_ns=859200669669838 stage=T7 side=C res=2 off=4256 len=1
RLTRACE t_ns=859200669925584 stage=T7 side=C res=2 off=4261 len=1
RLTRACE t_ns=859200670434486 stage=T7 side=C res=2 off=4268 len=19
RLTRACE t_ns=859200670449012 stage=T7 side=C res=2 off=4524 len=1
RLTRACE t_ns=859200671205122 stage=T7 side=C res=2 off=4529 len=1
RLTRACE t_ns=859200671517746 stage=T7 side=C res=2 off=4536 len=26
RLTRACE t_ns=859200671729790 stage=T7 side=C res=2 off=4792 len=1
RLTRACE t_ns=859200671800925 stage=T7 side=C res=2 off=4797 len=1
RLTRACE t_ns=859200671859520 stage=T7 side=C res=2 off=4804 len=24
RLTRACE t_ns=859200671912925 stage=T7 side=C res=2 off=5060 len=1
RLTRACE t_ns=859200672727176 stage=T7 side=C res=2 off=5065 len=1
RLTRACE t_ns=859200673524392 stage=T7 side=C res=2 off=5072 len=24
RLTRACE t_ns=859200673775991 stage=T7 side=C res=2 off=5328 len=1
RLTRACE t_ns=859200674271989 stage=T7 side=C res=2 off=5333 len=1
RLTRACE t_ns=859200674577746 stage=T7 side=C res=2 off=5340 len=35
RLTRACE t_ns=859200675673033 stage=T7 side=C res=2 off=5596 len=1
RLTRACE t_ns=859200677137767 stage=T7 side=C res=2 off=5601 len=1
RLTRACE t_ns=859200678179250 stage=T7 side=C res=2 off=5608 len=21
RLTRACE t_ns=859200678863738 stage=T7 side=C res=2 off=5864 len=1
RLTRACE t_ns=859200679089290 stage=T7 side=C res=2 off=5869 len=1
RLTRACE t_ns=859200679161655 stage=T7 side=C res=2 off=5876 len=24
RLTRACE t_ns=859200679225182 stage=T7 side=C res=2 off=6132 len=1
RLTRACE t_ns=859200679290478 stage=T7 side=C res=2 off=6137 len=1
RLTRACE t_ns=859200679570931 stage=T7 side=C res=2 off=6144 len=22
RLTRACE t_ns=859200679595401 stage=T7 side=C res=2 off=6400 len=1
RLTRACE t_ns=859200679961885 stage=T7 side=C res=2 off=6405 len=1
RLTRACE t_ns=859200679978564 stage=T7 side=C res=2 off=6412 len=25
RLTRACE t_ns=859200679997927 stage=T7 side=C res=2 off=6668 len=1
RLTRACE t_ns=859200680028625 stage=T7 side=C res=2 off=6673 len=1
RLTRACE t_ns=859200680053149 stage=T7 side=C res=2 off=6680 len=25
RLTRACE t_ns=859200680072720 stage=T7 side=C res=2 off=6936 len=1
RLTRACE t_ns=859200680086647 stage=T7 side=C res=2 off=6941 len=1
RLTRACE t_ns=859200680259856 stage=T7 side=C res=2 off=6948 len=28
RLTRACE t_ns=859200680277322 stage=T7 side=C res=2 off=7204 len=1
RLTRACE t_ns=859200680292306 stage=T7 side=C res=2 off=7209 len=1
RLTRACE t_ns=859200680308785 stage=T7 side=C res=2 off=7216 len=28
RLTRACE t_ns=859200680585757 stage=T7 side=C res=2 off=7472 len=1
RLTRACE t_ns=859200680608649 stage=T7 side=C res=2 off=7477 len=1
RLTRACE t_ns=859200680625025 stage=T7 side=C res=2 off=7484 len=28
RLTRACE t_ns=859200680638555 stage=T7 side=C res=2 off=7740 len=1
RLTRACE t_ns=859200680786569 stage=T7 side=C res=2 off=7745 len=1
RLTRACE t_ns=859200680806793 stage=T7 side=C res=2 off=7752 len=31
RLTRACE t_ns=859200680820430 stage=T7 side=C res=2 off=8008 len=1
RLTRACE t_ns=859200680833798 stage=T7 side=C res=2 off=8013 len=1
RLTRACE t_ns=859200680848382 stage=T7 side=C res=2 off=8020 len=22
RLTRACE t_ns=859200680879490 stage=T7 side=C res=2 off=8276 len=1
RLTRACE t_ns=859200681189480 stage=T7 side=C res=2 off=8281 len=1
RLTRACE t_ns=859200681332611 stage=T7 side=C res=2 off=8288 len=24
RLTRACE t_ns=859200681350910 stage=T7 side=C res=2 off=8544 len=1
RLTRACE t_ns=859200681363958 stage=T7 side=C res=2 off=8549 len=1
RLTRACE t_ns=859200681636831 stage=T7 side=C res=2 off=8556 len=28
RLTRACE t_ns=859200681656997 stage=T7 side=C res=2 off=8812 len=1
RLTRACE t_ns=859200681671611 stage=T7 side=C res=2 off=8817 len=1
RLTRACE t_ns=859200681686439 stage=T7 side=C res=2 off=8824 len=23
RLTRACE t_ns=859200681840220 stage=T7 side=C res=2 off=9080 len=1
RLTRACE t_ns=859200682318990 stage=T7 side=C res=2 off=9085 len=1
RLTRACE t_ns=859200682643145 stage=T7 side=C res=2 off=9092 len=25
RLTRACE t_ns=859200682669806 stage=T7 side=C res=2 off=9348 len=1
RLTRACE t_ns=859200682700768 stage=T7 side=C res=2 off=9353 len=1
RLTRACE t_ns=859200682722658 stage=T7 side=C res=2 off=9360 len=25
RLTRACE t_ns=859200682736191 stage=T7 side=C res=2 off=9616 len=1
RLTRACE t_ns=859200682749947 stage=T7 side=C res=2 off=9621 len=1
RLTRACE t_ns=859200682765390 stage=T7 side=C res=2 off=9628 len=19
RLTRACE t_ns=859200683177819 stage=T7 side=C res=2 off=9884 len=1
RLTRACE t_ns=859200683346813 stage=T7 side=C res=2 off=9889 len=1
RLTRACE t_ns=859200683669388 stage=T7 side=C res=2 off=9896 len=19
RLTRACE t_ns=859200683694330 stage=T7 side=C res=2 off=10152 len=1
RLTRACE t_ns=859200683710656 stage=T7 side=C res=2 off=10157 len=1
RLTRACE t_ns=859200683727244 stage=T7 side=C res=2 off=10164 len=19
RLTRACE t_ns=859200683916799 stage=T7 side=C res=2 off=10420 len=1
RLTRACE t_ns=859200684464251 stage=T7 side=C res=2 off=10425 len=1
RLTRACE t_ns=859200684735998 stage=T7 side=C res=2 off=10432 len=19
RLTRACE t_ns=859200684759750 stage=T7 side=C res=2 off=10688 len=1
RLTRACE t_ns=859200684780968 stage=T7 side=C res=2 off=10693 len=1
RLTRACE t_ns=859200684804035 stage=T7 side=C res=2 off=10700 len=19
RLTRACE t_ns=859200684824713 stage=T7 side=C res=2 off=10956 len=1
RLTRACE t_ns=859200684999114 stage=T7 side=C res=2 off=10961 len=1
RLTRACE t_ns=859200685044266 stage=T7 side=C res=2 off=10968 len=19
RLTRACE t_ns=859200685065985 stage=T7 side=C res=2 off=11224 len=1
RLTRACE t_ns=859200685088505 stage=T7 side=C res=2 off=11229 len=1
RLTRACE t_ns=859200685111439 stage=T7 side=C res=2 off=11236 len=19
RLTRACE t_ns=859200685135560 stage=T7 side=C res=2 off=11492 len=1
RLTRACE t_ns=859200685158696 stage=T7 side=C res=2 off=11497 len=1
RLTRACE t_ns=859200685181036 stage=T7 side=C res=2 off=11504 len=16
RLTRACE t_ns=859200685202334 stage=T7 side=C res=2 off=11760 len=1
RLTRACE t_ns=859200685531421 stage=T7 side=C res=2 off=11765 len=1
RLTRACE t_ns=859200686077704 stage=T7 side=C res=2 off=11772 len=23
RLTRACE t_ns=859200686104702 stage=T7 side=C res=2 off=12028 len=1
RLTRACE t_ns=859200686127100 stage=T7 side=C res=2 off=12033 len=1
RLTRACE t_ns=859200686151915 stage=T7 side=C res=2 off=12040 len=22
RLTRACE t_ns=859200686189390 stage=T7 side=C res=2 off=12296 len=1
RLTRACE t_ns=859200686212426 stage=T7 side=C res=2 off=12301 len=1
RLTRACE t_ns=859200686236462 stage=T7 side=C res=2 off=12308 len=27
RLTRACE t_ns=859200686258573 stage=T7 side=C res=2 off=12564 len=1
RLTRACE t_ns=859200686281249 stage=T7 side=C res=2 off=12569 len=1
RLTRACE t_ns=859200686617323 stage=T7 side=C res=2 off=12576 len=35
RLTRACE t_ns=859200686642488 stage=T7 side=C res=2 off=12832 len=1
RLTRACE t_ns=859200686824392 stage=T7 side=C res=2 off=12837 len=1
RLTRACE t_ns=859200687173922 stage=T7 side=C res=2 off=12844 len=31
RLTRACE t_ns=859200687198383 stage=T7 side=C res=2 off=13100 len=1
RLTRACE t_ns=859200687220701 stage=T7 side=C res=2 off=13105 len=1
RLTRACE t_ns=859200687245450 stage=T7 side=C res=2 off=13112 len=37
RLTRACE t_ns=859200687267770 stage=T7 side=C res=2 off=13368 len=1
RLTRACE t_ns=859200687649650 stage=T7 side=C res=2 off=13373 len=1
RLTRACE t_ns=859200687676965 stage=T7 side=C res=2 off=13380 len=26
RLTRACE t_ns=859200687699353 stage=T7 side=C res=2 off=13636 len=1
RLTRACE t_ns=859200687720455 stage=T7 side=C res=2 off=13641 len=1
RLTRACE t_ns=859200687742457 stage=T7 side=C res=2 off=13648 len=19
RLTRACE t_ns=859200687763572 stage=T7 side=C res=2 off=13904 len=1
RLTRACE t_ns=859200687784317 stage=T7 side=C res=2 off=13909 len=1
RLTRACE t_ns=859200687808315 stage=T7 side=C res=2 off=13916 len=29
RLTRACE t_ns=859200687997708 stage=T7 side=C res=2 off=14172 len=1
RLTRACE t_ns=859200688036254 stage=T7 side=C res=2 off=14177 len=1
RLTRACE t_ns=859200688061896 stage=T7 side=C res=2 off=14184 len=27
RLTRACE t_ns=859200688084363 stage=T7 side=C res=2 off=14440 len=1
RLTRACE t_ns=859200688106975 stage=T7 side=C res=2 off=14445 len=1
RLTRACE t_ns=859200688489184 stage=T7 side=C res=2 off=14452 len=26
RLTRACE t_ns=859200688823975 stage=T7 side=C res=2 off=14708 len=1
RLTRACE t_ns=859200688847971 stage=T7 side=C res=2 off=14713 len=1
RLTRACE t_ns=859200689295095 stage=T7 side=C res=2 off=14720 len=28
RLTRACE t_ns=859200689676121 stage=T7 side=C res=2 off=14976 len=1
RLTRACE t_ns=859200690082477 stage=T7 side=C res=2 off=14981 len=1
RLTRACE t_ns=859200690657855 stage=T7 side=C res=2 off=14988 len=29
RLTRACE t_ns=859200691344670 stage=T7 side=C res=2 off=15244 len=1
RLTRACE t_ns=859200691718201 stage=T7 side=C res=2 off=15249 len=1
RLTRACE t_ns=859200691936733 stage=T7 side=C res=2 off=15256 len=33
RLTRACE t_ns=859200692562957 stage=T7 side=C res=2 off=15512 len=1
RLTRACE t_ns=859200692761161 stage=T7 side=C res=2 off=15517 len=1
RLTRACE t_ns=859200693248405 stage=T7 side=C res=2 off=15524 len=35
RLTRACE t_ns=859200693768868 stage=T7 side=C res=2 off=15780 len=1
RLTRACE t_ns=859200694311081 stage=T7 side=C res=2 off=15785 len=1
RLTRACE t_ns=859200694898337 stage=T7 side=C res=2 off=15792 len=31
RLTRACE t_ns=859200696248556 stage=T7 side=C res=2 off=16048 len=1
RLTRACE t_ns=859200696632887 stage=T7 side=C res=2 off=16053 len=1
RLTRACE t_ns=859200697227374 stage=T7 side=C res=2 off=16060 len=26
RLTRACE t_ns=859200698071445 stage=T7 side=C res=2 off=16316 len=1
RLTRACE t_ns=859200698561444 stage=T7 side=C res=2 off=16321 len=1
RLTRACE t_ns=859200698676170 stage=T7 side=C res=2 off=16328 len=42
RLTRACE t_ns=859200698792247 stage=T7 side=C res=2 off=16584 len=1
RLTRACE t_ns=859200699506707 stage=T7 side=C res=2 off=16589 len=1
RLTRACE t_ns=859200701057740 stage=T7 side=C res=2 off=16596 len=37
RLTRACE t_ns=859200701389238 stage=T7 side=C res=2 off=16852 len=1
RLTRACE t_ns=859200702164285 stage=T7 side=C res=2 off=16857 len=1
RLTRACE t_ns=859200702512296 stage=T7 side=C res=2 off=16864 len=29
RLTRACE t_ns=859200703139682 stage=T7 side=C res=2 off=17120 len=1
RLTRACE t_ns=859200703389893 stage=T7 side=C res=2 off=17125 len=1
RLTRACE t_ns=859200703625546 stage=T7 side=C res=2 off=17132 len=43
RLTRACE t_ns=859200704471639 stage=T7 side=C res=2 off=17388 len=1
RLTRACE t_ns=859200704647636 stage=T7 side=C res=2 off=17393 len=1
RLTRACE t_ns=859200705815431 stage=T7 side=C res=2 off=17400 len=34
RLTRACE t_ns=859200705917542 stage=T7 side=C res=2 off=17656 len=1
RLTRACE t_ns=859200706037839 stage=T7 side=C res=2 off=17661 len=1
RLTRACE t_ns=859200706126259 stage=T7 side=C res=2 off=17668 len=16
RLTRACE t_ns=859200706755871 stage=T7 side=C res=2 off=17924 len=1
RLTRACE t_ns=859200706825643 stage=T7 side=C res=2 off=17929 len=1
RLTRACE t_ns=859200706898101 stage=T7 side=C res=2 off=17936 len=35
RLTRACE t_ns=859200706964994 stage=T7 side=C res=2 off=18192 len=1
RLTRACE t_ns=859200707525872 stage=T7 side=C res=2 off=18197 len=1
RLTRACE t_ns=859200707854439 stage=T7 side=C res=2 off=18204 len=23
RLTRACE t_ns=859200707918615 stage=T7 side=C res=2 off=18460 len=1
RLTRACE t_ns=859200707980359 stage=T7 side=C res=2 off=18465 len=1
RLTRACE t_ns=859200708202428 stage=T7 side=C res=2 off=18472 len=25
RLTRACE t_ns=859200708270473 stage=T7 side=C res=2 off=18728 len=1
RLTRACE t_ns=859200708334775 stage=T7 side=C res=2 off=18733 len=1
RLTRACE t_ns=859200708724131 stage=T7 side=C res=2 off=18740 len=37
RLTRACE t_ns=859200708944340 stage=T7 side=C res=2 off=18996 len=1
RLTRACE t_ns=859200709461127 stage=T7 side=C res=2 off=19001 len=1
RLTRACE t_ns=859200709532443 stage=T7 side=C res=2 off=19008 len=24
RLTRACE t_ns=859200710035182 stage=T7 side=C res=2 off=19264 len=1
RLTRACE t_ns=859200710443141 stage=T7 side=C res=2 off=19269 len=1
RLTRACE t_ns=859200711444145 stage=T7 side=C res=2 off=19276 len=31
RLTRACE t_ns=859200711647611 stage=T7 side=C res=2 off=19532 len=1
RLTRACE t_ns=859200712063190 stage=T7 side=C res=2 off=19537 len=1
RLTRACE t_ns=859200712882157 stage=T7 side=C res=2 off=19544 len=26
RLTRACE t_ns=859200713292427 stage=T7 side=C res=2 off=19800 len=1
RLTRACE t_ns=859200714050062 stage=T7 side=C res=2 off=19805 len=1
RLTRACE t_ns=859200714389836 stage=T7 side=C res=2 off=19812 len=39
RLTRACE t_ns=859200714901891 stage=T7 side=C res=2 off=20068 len=1
RLTRACE t_ns=859200715342437 stage=T7 side=C res=2 off=20073 len=1
RLTRACE t_ns=859200715624588 stage=T7 side=C res=2 off=20080 len=39
RLTRACE t_ns=859200715985227 stage=T7 side=C res=2 off=20336 len=1
RLTRACE t_ns=859200716219185 stage=T7 side=C res=2 off=20341 len=1
RLTRACE t_ns=859200716557211 stage=T7 side=C res=2 off=20348 len=19
RLTRACE t_ns=859200717374225 stage=T7 side=C res=2 off=20604 len=1
RLTRACE t_ns=859200717843574 stage=T7 side=C res=2 off=20609 len=1
RLTRACE t_ns=859200718662259 stage=T7 side=C res=2 off=20616 len=45
RLTRACE t_ns=859200719740602 stage=T7 side=C res=2 off=20872 len=1
RLTRACE t_ns=859200720593291 stage=T7 side=C res=2 off=20877 len=1
RLTRACE t_ns=859200720707790 stage=T7 side=C res=2 off=20884 len=38
RLTRACE t_ns=859200720791833 stage=T7 side=C res=2 off=21140 len=1
RLTRACE t_ns=859200720875221 stage=T7 side=C res=2 off=21145 len=1
RLTRACE t_ns=859200720964091 stage=T7 side=C res=2 off=21152 len=27
RLTRACE t_ns=859200721692482 stage=T7 side=C res=2 off=21408 len=1
RLTRACE t_ns=859200722197664 stage=T7 side=C res=2 off=21413 len=1
RLTRACE t_ns=859200722433602 stage=T7 side=C res=2 off=21420 len=28
RLTRACE t_ns=859200722500549 stage=T7 side=C res=2 off=21676 len=1
RLTRACE t_ns=859200722566980 stage=T7 side=C res=2 off=21681 len=1
RLTRACE t_ns=859200722636893 stage=T7 side=C res=2 off=21688 len=28
RLTRACE t_ns=859200723230856 stage=T7 side=C res=2 off=21944 len=1
RLTRACE t_ns=859200723556677 stage=T7 side=C res=2 off=21949 len=1
RLTRACE t_ns=859200723593541 stage=T7 side=C res=2 off=21956 len=25
RLTRACE t_ns=859200723608890 stage=T7 side=C res=2 off=22212 len=1
RLTRACE t_ns=859200723623791 stage=T7 side=C res=2 off=22217 len=1
RLTRACE t_ns=859200723640513 stage=T7 side=C res=2 off=22224 len=28
RLTRACE t_ns=859200723853601 stage=T7 side=C res=2 off=22480 len=1
RLTRACE t_ns=859200724551148 stage=T7 side=C res=2 off=22485 len=1
RLTRACE t_ns=859200725578267 stage=T7 side=C res=2 off=22492 len=33
RLTRACE t_ns=859200725620544 stage=T7 side=C res=2 off=22748 len=1
RLTRACE t_ns=859200725845081 stage=T7 side=C res=2 off=22753 len=1
RLTRACE t_ns=859200725869434 stage=T7 side=C res=2 off=22760 len=26
RLTRACE t_ns=859200726807241 stage=T7 side=C res=2 off=23016 len=1
RLTRACE t_ns=859200726823166 stage=T7 side=C res=2 off=23021 len=1
RLTRACE t_ns=859200726974118 stage=T7 side=C res=2 off=23028 len=25
RLTRACE t_ns=859200726989923 stage=T7 side=C res=2 off=23284 len=1
RLTRACE t_ns=859200727357929 stage=T7 side=C res=2 off=23289 len=1
RLTRACE t_ns=859200727832318 stage=T7 side=C res=2 off=23296 len=26
RLTRACE t_ns=859200727868825 stage=T7 side=C res=2 off=23552 len=1
RLTRACE t_ns=859200727883481 stage=T7 side=C res=2 off=23557 len=1
RLTRACE t_ns=859200728171775 stage=T7 side=C res=2 off=23564 len=27
RLTRACE t_ns=859200728196043 stage=T7 side=C res=2 off=23820 len=1
RLTRACE t_ns=859200728960589 stage=T7 side=C res=2 off=23825 len=1
RLTRACE t_ns=859200729430037 stage=T7 side=C res=2 off=23832 len=25
RLTRACE t_ns=859200729616543 stage=T7 side=C res=2 off=24088 len=1
RLTRACE t_ns=859200729633721 stage=T7 side=C res=2 off=24093 len=1
RLTRACE t_ns=859200730076420 stage=T7 side=C res=2 off=24100 len=24
RLTRACE t_ns=859200730274348 stage=T7 side=C res=2 off=24356 len=1
RLTRACE t_ns=859200730688721 stage=T7 side=C res=2 off=24361 len=1
RLTRACE t_ns=859200730852718 stage=T7 side=C res=2 off=24368 len=26
RLTRACE t_ns=859200730886182 stage=T7 side=C res=2 off=24624 len=1
RLTRACE t_ns=859200731536410 stage=T7 side=C res=2 off=24629 len=1
RLTRACE t_ns=859200731555331 stage=T7 side=C res=2 off=24636 len=43
RLTRACE t_ns=859200731875071 stage=T7 side=C res=2 off=24892 len=1
RLTRACE t_ns=859200732052691 stage=T7 side=C res=2 off=24897 len=1
RLTRACE t_ns=859200732074728 stage=T7 side=C res=2 off=24904 len=29
RLTRACE t_ns=859200732554917 stage=T7 side=C res=2 off=25160 len=1
RLTRACE t_ns=859200732569290 stage=T7 side=C res=2 off=25165 len=1
RLTRACE t_ns=859200732585232 stage=T7 side=C res=2 off=25172 len=30
RLTRACE t_ns=859200733166689 stage=T7 side=C res=2 off=25428 len=1
RLTRACE t_ns=859200733251795 stage=T7 side=C res=2 off=25433 len=1
RLTRACE t_ns=859200733623672 stage=T7 side=C res=2 off=25440 len=30
RLTRACE t_ns=859200734347157 stage=T7 side=C res=2 off=25696 len=1
RLTRACE t_ns=859200734429376 stage=T7 side=C res=2 off=25701 len=1
RLTRACE t_ns=859200734501811 stage=T7 side=C res=2 off=25708 len=41
RLTRACE t_ns=859200734566577 stage=T7 side=C res=2 off=25964 len=1
RLTRACE t_ns=859200734780029 stage=T7 side=C res=2 off=25969 len=1
RLTRACE t_ns=859200734854113 stage=T7 side=C res=2 off=25976 len=30
RLTRACE t_ns=859200734924276 stage=T7 side=C res=2 off=26232 len=1
RLTRACE t_ns=859200735663263 stage=T7 side=C res=2 off=26237 len=1
RLTRACE t_ns=859200736424211 stage=T7 side=C res=2 off=26244 len=32
RLTRACE t_ns=859200736933776 stage=T7 side=C res=2 off=26500 len=1
RLTRACE t_ns=859200737615477 stage=T7 side=C res=2 off=26505 len=1
RLTRACE t_ns=859200738026738 stage=T7 side=C res=2 off=26512 len=22
RLTRACE t_ns=859200738510740 stage=T7 side=C res=2 off=26768 len=1
RLTRACE t_ns=859200739580597 stage=T7 side=C res=2 off=26773 len=1
RLTRACE t_ns=859200739705981 stage=T7 side=C res=2 off=26780 len=28
RLTRACE t_ns=859200739768420 stage=T7 side=C res=2 off=27036 len=1
RLTRACE t_ns=859200739828602 stage=T7 side=C res=2 off=27041 len=1
RLTRACE t_ns=859200740377678 stage=T7 side=C res=2 off=27048 len=32
RLTRACE t_ns=859200740549563 stage=T7 side=C res=2 off=27304 len=1
RLTRACE t_ns=859200740619571 stage=T7 side=C res=2 off=27309 len=1
RLTRACE t_ns=859200740685044 stage=T7 side=C res=2 off=27316 len=22
RLTRACE t_ns=859200740801477 stage=T7 side=C res=2 off=27572 len=1
RLTRACE t_ns=859200740866440 stage=T7 side=C res=2 off=27577 len=1
RLTRACE t_ns=859200740931204 stage=T7 side=C res=2 off=27584 len=23
RLTRACE t_ns=859200741230820 stage=T7 side=C res=2 off=27840 len=1
RLTRACE t_ns=859200741341751 stage=T7 side=C res=2 off=27845 len=1
RLTRACE t_ns=859200741407722 stage=T7 side=C res=2 off=27852 len=26
RLTRACE t_ns=859200741575145 stage=T7 side=C res=2 off=28108 len=1
RLTRACE t_ns=859200742200496 stage=T7 side=C res=2 off=28113 len=1
RLTRACE t_ns=859200742417409 stage=T7 side=C res=2 off=28120 len=32
RLTRACE t_ns=859200742667136 stage=T7 side=C res=2 off=28376 len=1
RLTRACE t_ns=859200742879705 stage=T7 side=C res=2 off=28381 len=1
RLTRACE t_ns=859200742945569 stage=T7 side=C res=2 off=28388 len=23
RLTRACE t_ns=859200743276125 stage=T7 side=C res=2 off=28644 len=1
RLTRACE t_ns=859200743340772 stage=T7 side=C res=2 off=28649 len=1
RLTRACE t_ns=859200744387685 stage=T7 side=C res=2 off=28656 len=30
RLTRACE t_ns=859200744627515 stage=T7 side=C res=2 off=28912 len=1
RLTRACE t_ns=859200744710633 stage=T7 side=C res=2 off=28917 len=1
RLTRACE t_ns=859200744803375 stage=T7 side=C res=2 off=28924 len=25
RLTRACE t_ns=859200744875699 stage=T7 side=C res=2 off=29180 len=1
RLTRACE t_ns=859200745758674 stage=T7 side=C res=2 off=29185 len=1
RLTRACE t_ns=859200745835791 stage=T7 side=C res=2 off=29192 len=23
RLTRACE t_ns=859200745900303 stage=T7 side=C res=2 off=29448 len=1
RLTRACE t_ns=859200746153481 stage=T7 side=C res=2 off=29453 len=1
RLTRACE t_ns=859200746229310 stage=T7 side=C res=2 off=29460 len=27
RLTRACE t_ns=859200746293710 stage=T7 side=C res=2 off=29716 len=1
RLTRACE t_ns=859200746879814 stage=T7 side=C res=2 off=29721 len=1
RLTRACE t_ns=859200747270129 stage=T7 side=C res=2 off=29728 len=23
RLTRACE t_ns=859200747337196 stage=T7 side=C res=2 off=29984 len=1
RLTRACE t_ns=859200747855777 stage=T7 side=C res=2 off=29989 len=1
RLTRACE t_ns=859200748019266 stage=T7 side=C res=2 off=29996 len=31
RLTRACE t_ns=859200748051334 stage=T7 side=C res=2 off=30252 len=1
RLTRACE t_ns=859200748067162 stage=T7 side=C res=2 off=30257 len=1
RLTRACE t_ns=859200748461698 stage=T7 side=C res=2 off=30264 len=25
RLTRACE t_ns=859200749032041 stage=T7 side=C res=2 off=30520 len=1
RLTRACE t_ns=859200749268972 stage=T7 side=C res=2 off=30525 len=1
RLTRACE t_ns=859200749353031 stage=T7 side=C res=2 off=30532 len=25
RLTRACE t_ns=859200749667422 stage=T7 side=C res=2 off=30788 len=1
RLTRACE t_ns=859200750141276 stage=T7 side=C res=2 off=30793 len=1
RLTRACE t_ns=859200750814427 stage=T7 side=C res=2 off=30800 len=20
RLTRACE t_ns=859200751428665 stage=T7 side=C res=2 off=31056 len=1
RLTRACE t_ns=859200751970439 stage=T7 side=C res=2 off=31061 len=1
RLTRACE t_ns=859200752912360 stage=T7 side=C res=2 off=31068 len=17
RLTRACE t_ns=859200753418540 stage=T7 side=C res=2 off=31324 len=1
RLTRACE t_ns=859200754154822 stage=T7 side=C res=2 off=31329 len=1
RLTRACE t_ns=859200754652511 stage=T7 side=C res=2 off=31336 len=30
RLTRACE t_ns=859200754722427 stage=T7 side=C res=2 off=31592 len=1
RLTRACE t_ns=859200754788705 stage=T7 side=C res=2 off=31597 len=1
RLTRACE t_ns=859200754856564 stage=T7 side=C res=2 off=31604 len=28
RLTRACE t_ns=859200755629719 stage=T7 side=C res=2 off=31860 len=1
RLTRACE t_ns=859200755792750 stage=T7 side=C res=2 off=31865 len=1
RLTRACE t_ns=859200755866272 stage=T7 side=C res=2 off=31872 len=28
RLTRACE t_ns=859200755934113 stage=T7 side=C res=2 off=32128 len=1
RLTRACE t_ns=859200756408366 stage=T7 side=C res=2 off=32133 len=1
RLTRACE t_ns=859200756434481 stage=T7 side=C res=2 off=32140 len=19
RLTRACE t_ns=859200756448549 stage=T7 side=C res=2 off=32396 len=1
RLTRACE t_ns=859200756462273 stage=T7 side=C res=2 off=32401 len=1
RLTRACE t_ns=859200756477933 stage=T7 side=C res=2 off=32408 len=38
RLTRACE t_ns=859200756491177 stage=T7 side=C res=2 off=32664 len=1
RLTRACE t_ns=859200756848289 stage=T7 side=C res=2 off=32669 len=1
RLTRACE t_ns=859200757473759 stage=T7 side=C res=2 off=32676 len=33
RLTRACE t_ns=859200757503137 stage=T7 side=C res=2 off=32932 len=1
RLTRACE t_ns=859200757802005 stage=T7 side=C res=2 off=32937 len=1
RLTRACE t_ns=859200758374669 stage=T7 side=C res=2 off=32944 len=32
RLTRACE t_ns=859200758812548 stage=T7 side=C res=2 off=33200 len=1
RLTRACE t_ns=859200758826658 stage=T7 side=C res=2 off=33205 len=1
RLTRACE t_ns=859200759717552 stage=T7 side=C res=2 off=33212 len=26
RLTRACE t_ns=859200759832261 stage=T7 side=C res=2 off=33468 len=1
RLTRACE t_ns=859200760174108 stage=T7 side=C res=2 off=33473 len=1
RLTRACE t_ns=859200760459779 stage=T7 side=C res=2 off=33480 len=26
RLTRACE t_ns=859200761009029 stage=T7 side=C res=2 off=33736 len=1
RLTRACE t_ns=859200761445767 stage=T7 side=C res=2 off=33741 len=1
RLTRACE t_ns=859200761467760 stage=T7 side=C res=2 off=33748 len=38
RLTRACE t_ns=859200761798686 stage=T7 side=C res=2 off=34004 len=1
RLTRACE t_ns=859200761816707 stage=T7 side=C res=2 off=34009 len=1
RLTRACE t_ns=859200761832791 stage=T7 side=C res=2 off=34016 len=33
RLTRACE t_ns=859200761848176 stage=T7 side=C res=2 off=34272 len=1
RLTRACE t_ns=859200762477169 stage=T7 side=C res=2 off=34277 len=1
RLTRACE t_ns=859200762989816 stage=T7 side=C res=2 off=34284 len=19
RLTRACE t_ns=859200763221090 stage=T7 side=C res=2 off=34540 len=1
RLTRACE t_ns=859200763292604 stage=T7 side=C res=2 off=34545 len=1
RLTRACE t_ns=859200763837709 stage=T7 side=C res=2 off=34552 len=23
RLTRACE t_ns=859200763944946 stage=T7 side=C res=2 off=34808 len=1
RLTRACE t_ns=859200763959764 stage=T7 side=C res=2 off=34813 len=1
RLTRACE t_ns=859200763975245 stage=T7 side=C res=2 off=34820 len=27
RLTRACE t_ns=859200764456057 stage=T7 side=C res=2 off=35076 len=1
RLTRACE t_ns=859200765036849 stage=T7 side=C res=2 off=35081 len=1
RLTRACE t_ns=859200765527677 stage=T7 side=C res=2 off=35088 len=18
RLTRACE t_ns=859200765609732 stage=T7 side=C res=2 off=35344 len=1
RLTRACE t_ns=859200765673319 stage=T7 side=C res=2 off=35349 len=1
RLTRACE t_ns=859200765882482 stage=T7 side=C res=2 off=35356 len=23
RLTRACE t_ns=859200766398746 stage=T7 side=C res=2 off=35612 len=1
RLTRACE t_ns=859200766713249 stage=T7 side=C res=2 off=35617 len=1
RLTRACE t_ns=859200766731726 stage=T7 side=C res=2 off=35624 len=28
RLTRACE t_ns=859200766747022 stage=T7 side=C res=2 off=35880 len=1
RLTRACE t_ns=859200767169879 stage=T7 side=C res=2 off=35885 len=1
RLTRACE t_ns=859200767968021 stage=T7 side=C res=2 off=35892 len=26
RLTRACE t_ns=859200768309137 stage=T7 side=C res=2 off=36148 len=1
RLTRACE t_ns=859200768324601 stage=T7 side=C res=2 off=36153 len=1
RLTRACE t_ns=859200768340865 stage=T7 side=C res=2 off=36160 len=29
RLTRACE t_ns=859200768355382 stage=T7 side=C res=2 off=36416 len=1
RLTRACE t_ns=859200769199646 stage=T7 side=C res=2 off=36421 len=1
RLTRACE t_ns=859200769564942 stage=T7 side=C res=2 off=36428 len=26
RLTRACE t_ns=859200769581493 stage=T7 side=C res=2 off=36684 len=1
RLTRACE t_ns=859200769595636 stage=T7 side=C res=2 off=36689 len=1
RLTRACE t_ns=859200769611385 stage=T7 side=C res=2 off=36696 len=27
RLTRACE t_ns=859200769882800 stage=T7 side=C res=2 off=36952 len=1
RLTRACE t_ns=859200770814263 stage=T7 side=C res=2 off=36957 len=1
RLTRACE t_ns=859200770963789 stage=T7 side=C res=2 off=36964 len=41
RLTRACE t_ns=859200771166443 stage=T7 side=C res=2 off=37220 len=1
RLTRACE t_ns=859200771238926 stage=T7 side=C res=2 off=37225 len=1
RLTRACE t_ns=859200771309087 stage=T7 side=C res=2 off=37232 len=32
RLTRACE t_ns=859200771997837 stage=T7 side=C res=2 off=37488 len=1
RLTRACE t_ns=859200772177005 stage=T7 side=C res=2 off=37493 len=1
RLTRACE t_ns=859200772196097 stage=T7 side=C res=2 off=37500 len=35
RLTRACE t_ns=859200772211129 stage=T7 side=C res=2 off=37756 len=1
RLTRACE t_ns=859200772225581 stage=T7 side=C res=2 off=37761 len=1
RLTRACE t_ns=859200772802076 stage=T7 side=C res=2 off=37768 len=28
RLTRACE t_ns=859200772933351 stage=T7 side=C res=2 off=38024 len=1
RLTRACE t_ns=859200773119522 stage=T7 side=C res=2 off=38029 len=1
RLTRACE t_ns=859200773138404 stage=T7 side=C res=2 off=38036 len=29
RLTRACE t_ns=859200773153832 stage=T7 side=C res=2 off=38292 len=1
RLTRACE t_ns=859200773491176 stage=T7 side=C res=2 off=38297 len=1
RLTRACE t_ns=859200773986442 stage=T7 side=C res=2 off=38304 len=27
RLTRACE t_ns=859200774217361 stage=T7 side=C res=2 off=38560 len=1
RLTRACE t_ns=859200774416387 stage=T7 side=C res=2 off=38565 len=1
RLTRACE t_ns=859200774443085 stage=T7 side=C res=2 off=38572 len=34
RLTRACE t_ns=859200774790294 stage=T7 side=C res=2 off=38828 len=1
RLTRACE t_ns=859200775422615 stage=T7 side=C res=2 off=38833 len=1
RLTRACE t_ns=859200775441860 stage=T7 side=C res=2 off=38840 len=28
RLTRACE t_ns=859200775781686 stage=T7 side=C res=2 off=39096 len=1
RLTRACE t_ns=859200775797430 stage=T7 side=C res=2 off=39101 len=1
RLTRACE t_ns=859200776274174 stage=T7 side=C res=2 off=39108 len=29
RLTRACE t_ns=859200776290216 stage=T7 side=C res=2 off=39364 len=1
RLTRACE t_ns=859200776683309 stage=T7 side=C res=2 off=39369 len=1
RLTRACE t_ns=859200776818329 stage=T7 side=C res=2 off=39376 len=25
RLTRACE t_ns=859200776832219 stage=T7 side=C res=2 off=39632 len=1
RLTRACE t_ns=859200777612620 stage=T7 side=C res=2 off=39637 len=1
RLTRACE t_ns=859200778873546 stage=T7 side=C res=2 off=39644 len=31
RLTRACE t_ns=859200778977280 stage=T7 side=C res=2 off=39900 len=1
RLTRACE t_ns=859200779241283 stage=T7 side=C res=2 off=39905 len=1
RLTRACE t_ns=859200779318032 stage=T7 side=C res=2 off=39912 len=33
RLTRACE t_ns=859200779388268 stage=T7 side=C res=2 off=40168 len=1
RLTRACE t_ns=859200779457659 stage=T7 side=C res=2 off=40173 len=1
RLTRACE t_ns=859200779782032 stage=T7 side=C res=2 off=40180 len=31
RLTRACE t_ns=859200779973250 stage=T7 side=C res=2 off=40436 len=1
RLTRACE t_ns=859200780079142 stage=T7 side=C res=2 off=40441 len=1
RLTRACE t_ns=859200780153287 stage=T7 side=C res=2 off=40448 len=25
RLTRACE t_ns=859200780388248 stage=T7 side=C res=2 off=40704 len=1
RLTRACE t_ns=859200780543881 stage=T7 side=C res=2 off=40709 len=1
RLTRACE t_ns=859200780623645 stage=T7 side=C res=2 off=40716 len=25
RLTRACE t_ns=859200780723481 stage=T7 side=C res=2 off=40972 len=1
RLTRACE t_ns=859200781155953 stage=T7 side=C res=2 off=40977 len=1
RLTRACE t_ns=859200781230444 stage=T7 side=C res=2 off=40984 len=29
RLTRACE t_ns=859200781461739 stage=T7 side=C res=2 off=41240 len=1
RLTRACE t_ns=859200781527138 stage=T7 side=C res=2 off=41245 len=1
RLTRACE t_ns=859200782396799 stage=T7 side=C res=2 off=41252 len=19
RLTRACE t_ns=859200782679415 stage=T7 side=C res=2 off=41508 len=1
RLTRACE t_ns=859200783908618 stage=T7 side=C res=2 off=41513 len=1
RLTRACE t_ns=859200784039404 stage=T7 side=C res=2 off=41520 len=32
RLTRACE t_ns=859200784314320 stage=T7 side=C res=2 off=41776 len=1
RLTRACE t_ns=859200784396746 stage=T7 side=C res=2 off=41781 len=1
RLTRACE t_ns=859200784971376 stage=T7 side=C res=2 off=41788 len=32
RLTRACE t_ns=859200785583889 stage=T7 side=C res=2 off=42044 len=1
RLTRACE t_ns=859200785768367 stage=T8 side=C res=1 tail=604
RLTRACE t_ns=859200814084723 stage=T7 side=C res=2 off=42048 len=1
RLTRACE t_ns=859200814476650 stage=T7 side=C res=2 off=42052 len=1
RLTRACE t_ns=859200814535927 stage=T7 side=C res=2 off=42060 len=4
RLTRACE t_ns=859200814593186 stage=T7 side=C res=2 off=42072 len=1
RLTRACE t_ns=859200814649134 stage=T7 side=C res=2 off=42076 len=1
RLTRACE t_ns=859200814710144 stage=T7 side=C res=2 off=42080 len=1
RLTRACE t_ns=859200815087291 stage=T8 side=C res=1 tail=700
RLTRACE t_ns=859200843775597 stage=T7 side=C res=2 off=42084 len=1
RLTRACE t_ns=859200843851488 stage=T7 side=C res=2 off=42088 len=1
RLTRACE t_ns=859200843909770 stage=T7 side=C res=2 off=42096 len=4
RLTRACE t_ns=859200843968691 stage=T7 side=C res=2 off=42108 len=1
RLTRACE t_ns=859200844052760 stage=T7 side=C res=2 off=42112 len=1
RLTRACE t_ns=859200844118808 stage=T7 side=C res=2 off=42116 len=1
RLTRACE t_ns=859200844599029 stage=T8 side=C res=1 tail=796
RLTRACE t_ns=859200879434771 stage=T7 side=C res=2 off=42120 len=1
RLTRACE t_ns=859200879587978 stage=T7 side=C res=2 off=42124 len=1
RLTRACE t_ns=859200879646942 stage=T7 side=C res=2 off=42132 len=5
RLTRACE t_ns=859200880082964 stage=T7 side=C res=2 off=42144 len=5
RLTRACE t_ns=859200880270643 stage=T7 side=C res=2 off=42157 len=4
RLTRACE t_ns=859200880324923 stage=T7 side=C res=2 off=42168 len=5
RLTRACE t_ns=859200880379265 stage=T7 side=C res=2 off=42180 len=5
RLTRACE t_ns=859200880967738 stage=T7 side=C res=2 off=42192 len=5
RLTRACE t_ns=859200881046072 stage=T7 side=C res=2 off=42204 len=5
RLTRACE t_ns=859200881735540 stage=T7 side=C res=2 off=42216 len=5
RLTRACE t_ns=859200881758502 stage=T7 side=C res=2 off=42228 len=5
RLTRACE t_ns=859200881771823 stage=T7 side=C res=2 off=42240 len=5
RLTRACE t_ns=859200881787435 stage=T7 side=C res=2 off=42252 len=5
RLTRACE t_ns=859200882134804 stage=T7 side=C res=2 off=42264 len=5
RLTRACE t_ns=859200882258059 stage=T7 side=C res=2 off=42276 len=5
RLTRACE t_ns=859200882881160 stage=T7 side=C res=2 off=42288 len=5
RLTRACE t_ns=859200883239518 stage=T7 side=C res=2 off=42300 len=5
RLTRACE t_ns=859200883507035 stage=T7 side=C res=2 off=42312 len=5
RLTRACE t_ns=859200883960563 stage=T7 side=C res=2 off=42324 len=5
RLTRACE t_ns=859200884341802 stage=T7 side=C res=2 off=42336 len=5
RLTRACE t_ns=859200884950043 stage=T7 side=C res=2 off=42348 len=5
RLTRACE t_ns=859200885473655 stage=T7 side=C res=2 off=42360 len=5
RLTRACE t_ns=859200885688296 stage=T7 side=C res=2 off=42373 len=4
RLTRACE t_ns=859200886434699 stage=T7 side=C res=2 off=42384 len=5
RLTRACE t_ns=859200886662391 stage=T7 side=C res=2 off=42396 len=5
RLTRACE t_ns=859200887065782 stage=T7 side=C res=2 off=42408 len=5
RLTRACE t_ns=859200887196409 stage=T7 side=C res=2 off=42420 len=5
RLTRACE t_ns=859200887210113 stage=T7 side=C res=2 off=42432 len=5
RLTRACE t_ns=859200887601462 stage=T7 side=C res=2 off=42444 len=5
RLTRACE t_ns=859200887823894 stage=T7 side=C res=2 off=42456 len=5
RLTRACE t_ns=859200888207546 stage=T7 side=C res=2 off=42468 len=5
RLTRACE t_ns=859200888223318 stage=T7 side=C res=2 off=42480 len=5
RLTRACE t_ns=859200888589227 stage=T7 side=C res=2 off=42492 len=5
RLTRACE t_ns=859200889215536 stage=T7 side=C res=2 off=42504 len=5
RLTRACE t_ns=859200889906931 stage=T7 side=C res=2 off=42516 len=5
RLTRACE t_ns=859200890371450 stage=T7 side=C res=2 off=42528 len=5
RLTRACE t_ns=859200890441280 stage=T7 side=C res=2 off=42540 len=5
RLTRACE t_ns=859200890862293 stage=T7 side=C res=2 off=42552 len=5
RLTRACE t_ns=859200890926485 stage=T7 side=C res=2 off=42564 len=5
RLTRACE t_ns=859200890979927 stage=T7 side=C res=2 off=42576 len=5
RLTRACE t_ns=859200891176546 stage=T7 side=C res=2 off=42588 len=5
RLTRACE t_ns=859200891231429 stage=T7 side=C res=2 off=42600 len=5
RLTRACE t_ns=859200891565190 stage=T7 side=C res=2 off=42612 len=5
RLTRACE t_ns=859200891620893 stage=T7 side=C res=2 off=42624 len=5
RLTRACE t_ns=859200892290962 stage=T7 side=C res=2 off=42636 len=5
RLTRACE t_ns=859200892455970 stage=T7 side=C res=2 off=42648 len=5
RLTRACE t_ns=859200892512852 stage=T7 side=C res=2 off=42660 len=5
RLTRACE t_ns=859200892578794 stage=T7 side=C res=2 off=42672 len=5
RLTRACE t_ns=859200892743977 stage=T7 side=C res=2 off=42684 len=5
RLTRACE t_ns=859200892798050 stage=T7 side=C res=2 off=42696 len=5
RLTRACE t_ns=859200893473180 stage=T7 side=C res=2 off=42709 len=4
RLTRACE t_ns=859200894548570 stage=T7 side=C res=2 off=42720 len=5
RLTRACE t_ns=859200894645232 stage=T7 side=C res=2 off=42733 len=4
RLTRACE t_ns=859200894853937 stage=T7 side=C res=2 off=42744 len=5
RLTRACE t_ns=859200895536450 stage=T7 side=C res=2 off=42756 len=5
RLTRACE t_ns=859200895806348 stage=T7 side=C res=2 off=42768 len=5
RLTRACE t_ns=859200896343248 stage=T7 side=C res=2 off=42780 len=5
RLTRACE t_ns=859200896603175 stage=T7 side=C res=2 off=42792 len=5
RLTRACE t_ns=859200897986966 stage=T7 side=C res=2 off=42804 len=5
RLTRACE t_ns=859200898127391 stage=T7 side=C res=2 off=42816 len=5
RLTRACE t_ns=859200898365761 stage=T7 side=C res=2 off=42828 len=5
RLTRACE t_ns=859200898430476 stage=T7 side=C res=2 off=42840 len=5
RLTRACE t_ns=859200898517115 stage=T7 side=C res=2 off=42852 len=5
RLTRACE t_ns=859200898571809 stage=T7 side=C res=2 off=42864 len=5
RLTRACE t_ns=859200898627700 stage=T7 side=C res=2 off=42876 len=5
RLTRACE t_ns=859200898681118 stage=T7 side=C res=2 off=42888 len=5
RLTRACE t_ns=859200899535092 stage=T7 side=C res=2 off=42900 len=5
RLTRACE t_ns=859200899673194 stage=T7 side=C res=2 off=42912 len=5
RLTRACE t_ns=859200899871237 stage=T7 side=C res=2 off=42924 len=5
RLTRACE t_ns=859200899927874 stage=T7 side=C res=2 off=42936 len=5
RLTRACE t_ns=859200899982728 stage=T7 side=C res=2 off=42948 len=5
RLTRACE t_ns=859200900050846 stage=T7 side=C res=2 off=42960 len=1
RLTRACE t_ns=859200900232241 stage=T7 side=C res=2 off=42962 len=3
RLTRACE t_ns=859200900288062 stage=T7 side=C res=2 off=42972 len=5
RLTRACE t_ns=859200900751788 stage=T7 side=C res=2 off=42984 len=5
RLTRACE t_ns=859200901117306 stage=T7 side=C res=2 off=42996 len=5
RLTRACE t_ns=859200901215771 stage=T7 side=C res=2 off=43008 len=5
RLTRACE t_ns=859200901271775 stage=T7 side=C res=2 off=43020 len=5
RLTRACE t_ns=859200901323379 stage=T7 side=C res=2 off=43032 len=5
RLTRACE t_ns=859200901890272 stage=T7 side=C res=2 off=43044 len=5
RLTRACE t_ns=859200902261470 stage=T7 side=C res=2 off=43056 len=5
RLTRACE t_ns=859200902392138 stage=T7 side=C res=2 off=43068 len=5
RLTRACE t_ns=859200902447004 stage=T7 side=C res=2 off=43080 len=5
RLTRACE t_ns=859200903529477 stage=T7 side=C res=2 off=43092 len=5
RLTRACE t_ns=859200903655571 stage=T7 side=C res=2 off=43104 len=5
RLTRACE t_ns=859200903671307 stage=T7 side=C res=2 off=43116 len=5
RLTRACE t_ns=859200903686398 stage=T7 side=C res=2 off=43128 len=5
RLTRACE t_ns=859200903699805 stage=T7 side=C res=2 off=43140 len=5
RLTRACE t_ns=859200904056128 stage=T7 side=C res=2 off=43152 len=5
RLTRACE t_ns=859200904216650 stage=T7 side=C res=2 off=43164 len=5
RLTRACE t_ns=859200904929604 stage=T7 side=C res=2 off=43176 len=5
RLTRACE t_ns=859200904960976 stage=T7 side=C res=2 off=43188 len=5
RLTRACE t_ns=859200904974776 stage=T7 side=C res=2 off=43200 len=5
RLTRACE t_ns=859200904987927 stage=T7 side=C res=2 off=43212 len=5
RLTRACE t_ns=859200905011786 stage=T7 side=C res=2 off=43224 len=5
RLTRACE t_ns=859200905031588 stage=T7 side=C res=2 off=43236 len=1
RLTRACE t_ns=859200905487317 stage=T7 side=C res=2 off=43238 len=3
RLTRACE t_ns=859200905503822 stage=T7 side=C res=2 off=43248 len=5
RLTRACE t_ns=859200905517383 stage=T7 side=C res=2 off=43260 len=4
RLTRACE t_ns=859200905696867 stage=T7 side=C res=2 off=43272 len=1
RLTRACE t_ns=859200905941125 stage=T7 side=C res=2 off=43276 len=1
RLTRACE t_ns=859200906156465 stage=T7 side=C res=2 off=43280 len=1
RLTRACE t_ns=859200906301435 stage=T7 side=C res=2 off=43288 len=1
RLTRACE t_ns=859200906707714 stage=T7 side=C res=2 off=43292 len=1
RLTRACE t_ns=859200906720553 stage=T7 side=C res=2 off=43296 len=1
RLTRACE t_ns=859200907137310 stage=T7 side=C res=2 off=43300 len=1
RLTRACE t_ns=859200907282830 stage=T7 side=C res=2 off=43304 len=1
RLTRACE t_ns=859200907561607 stage=T7 side=C res=2 off=43308 len=1
RLTRACE t_ns=859200907575307 stage=T7 side=C res=2 off=43312 len=1
RLTRACE t_ns=859200907587931 stage=T7 side=C res=2 off=43316 len=1
RLTRACE t_ns=859200907600310 stage=T7 side=C res=2 off=43320 len=1
RLTRACE t_ns=859200907884082 stage=T7 side=C res=2 off=43324 len=1
RLTRACE t_ns=859200907896678 stage=T7 side=C res=2 off=43328 len=1
RLTRACE t_ns=859200908399383 stage=T7 side=C res=2 off=43332 len=1
RLTRACE t_ns=859200908707800 stage=T7 side=C res=2 off=43336 len=1
RLTRACE t_ns=859200908720689 stage=T7 side=C res=2 off=43348 len=1
RLTRACE t_ns=859200909107621 stage=T7 side=C res=2 off=43352 len=1
RLTRACE t_ns=859200909297748 stage=T7 side=C res=2 off=43356 len=1
RLTRACE t_ns=859200909311199 stage=T7 side=C res=2 off=43360 len=1
RLTRACE t_ns=859200909515081 stage=T7 side=C res=2 off=43364 len=1
RLTRACE t_ns=859200909846145 stage=T7 side=C res=2 off=43368 len=1
RLTRACE t_ns=859200909867586 stage=T7 side=C res=2 off=43376 len=1
RLTRACE t_ns=859200909971399 stage=T7 side=C res=2 off=43380 len=1
RLTRACE t_ns=859200911129937 stage=T7 side=C res=2 off=43384 len=1
RLTRACE t_ns=859200911638079 stage=T7 side=C res=2 off=43388 len=1
RLTRACE t_ns=859200912224390 stage=T7 side=C res=2 off=43392 len=1
RLTRACE t_ns=859200912484830 stage=T7 side=C res=2 off=43396 len=1
RLTRACE t_ns=859200913124644 stage=T7 side=C res=2 off=43400 len=1
RLTRACE t_ns=859200913315888 stage=T7 side=C res=2 off=43404 len=1
RLTRACE t_ns=859200913667591 stage=T7 side=C res=2 off=43408 len=1
RLTRACE t_ns=859200913854829 stage=T7 side=C res=2 off=43412 len=1
RLTRACE t_ns=859200914663931 stage=T7 side=C res=2 off=43416 len=1
RLTRACE t_ns=859200914678677 stage=T7 side=C res=2 off=43420 len=1
RLTRACE t_ns=859200914691890 stage=T7 side=C res=2 off=43424 len=1
RLTRACE t_ns=859200914704282 stage=T7 side=C res=2 off=43428 len=1
RLTRACE t_ns=859200914856863 stage=T7 side=C res=2 off=43432 len=1
RLTRACE t_ns=859200915376974 stage=T7 side=C res=2 off=43436 len=1
RLTRACE t_ns=859200915391203 stage=T7 side=C res=2 off=43440 len=1
RLTRACE t_ns=859200916020128 stage=T7 side=C res=2 off=43448 len=1
RLTRACE t_ns=859200916037606 stage=T7 side=C res=2 off=43452 len=1
RLTRACE t_ns=859200916050083 stage=T7 side=C res=2 off=43456 len=1
RLTRACE t_ns=859200916408060 stage=T7 side=C res=2 off=43460 len=1
RLTRACE t_ns=859200916421329 stage=T7 side=C res=2 off=43464 len=1
RLTRACE t_ns=859200916716089 stage=T7 side=C res=2 off=43468 len=1
RLTRACE t_ns=859200917685558 stage=T7 side=C res=2 off=43472 len=1
RLTRACE t_ns=859200917765039 stage=T7 side=C res=2 off=43476 len=1
RLTRACE t_ns=859200917911463 stage=T7 side=C res=2 off=43480 len=1
RLTRACE t_ns=859200918645816 stage=T7 side=C res=2 off=43484 len=1
RLTRACE t_ns=859200919051727 stage=T7 side=C res=2 off=43488 len=1
RLTRACE t_ns=859200919167384 stage=T7 side=C res=2 off=43492 len=1
RLTRACE t_ns=859200919712858 stage=T7 side=C res=2 off=43496 len=1
RLTRACE t_ns=859200920349385 stage=T7 side=C res=2 off=43500 len=1
RLTRACE t_ns=859200920825040 stage=T7 side=C res=2 off=43504 len=1
RLTRACE t_ns=859200920920719 stage=T7 side=C res=2 off=43508 len=1
RLTRACE t_ns=859200921804121 stage=T7 side=C res=2 off=43512 len=1
RLTRACE t_ns=859200922025797 stage=T7 side=C res=2 off=43516 len=1
RLTRACE t_ns=859200922049802 stage=T7 side=C res=2 off=43520 len=1
RLTRACE t_ns=859200922071801 stage=T7 side=C res=2 off=43524 len=1
RLTRACE t_ns=859200922093194 stage=T7 side=C res=2 off=43528 len=1
RLTRACE t_ns=859200922114636 stage=T7 side=C res=2 off=43532 len=1
RLTRACE t_ns=859200922136330 stage=T7 side=C res=2 off=43536 len=1
RLTRACE t_ns=859200922461348 stage=T7 side=C res=2 off=43544 len=1
RLTRACE t_ns=859200922483478 stage=T7 side=C res=2 off=43548 len=1
RLTRACE t_ns=859200922505402 stage=T7 side=C res=2 off=43552 len=1
RLTRACE t_ns=859200922527068 stage=T7 side=C res=2 off=43556 len=1
RLTRACE t_ns=859200922547486 stage=T7 side=C res=2 off=43560 len=1
RLTRACE t_ns=859200922771440 stage=T7 side=C res=2 off=43564 len=1
RLTRACE t_ns=859200923505587 stage=T7 side=C res=2 off=43568 len=1
RLTRACE t_ns=859200923665189 stage=T7 side=C res=2 off=43572 len=1
RLTRACE t_ns=859200923786934 stage=T7 side=C res=2 off=43576 len=1
RLTRACE t_ns=859200924147855 stage=T7 side=C res=2 off=43580 len=1
RLTRACE t_ns=859200924920793 stage=T7 side=C res=2 off=43584 len=1
RLTRACE t_ns=859200925223171 stage=T7 side=C res=2 off=43596 len=1
RLTRACE t_ns=859200926137423 stage=T7 side=C res=2 off=43604 len=1
RLTRACE t_ns=859200926159915 stage=T7 side=C res=2 off=43608 len=1
RLTRACE t_ns=859200926759227 stage=T7 side=C res=2 off=43612 len=1
RLTRACE t_ns=859200926999371 stage=T7 side=C res=2 off=43616 len=1
RLTRACE t_ns=859200927569159 stage=T7 side=C res=2 off=43620 len=1
RLTRACE t_ns=859200928487982 stage=T7 side=C res=2 off=43624 len=1
RLTRACE t_ns=859200928643919 stage=T7 side=C res=2 off=43628 len=1
RLTRACE t_ns=859200929641535 stage=T7 side=C res=2 off=43632 len=1
RLTRACE t_ns=859200930055554 stage=T7 side=C res=2 off=43636 len=1
RLTRACE t_ns=859200930656260 stage=T7 side=C res=2 off=43640 len=1
RLTRACE t_ns=859200931499170 stage=T7 side=C res=2 off=43644 len=1
RLTRACE t_ns=859200931741282 stage=T7 side=C res=2 off=43648 len=1
RLTRACE t_ns=859200931755993 stage=T7 side=C res=2 off=43652 len=1
RLTRACE t_ns=859200932111570 stage=T7 side=C res=2 off=43656 len=1
RLTRACE t_ns=859200932868493 stage=T7 side=C res=2 off=43660 len=1
RLTRACE t_ns=859200933503027 stage=T7 side=C res=2 off=43672 len=1
RLTRACE t_ns=859200933589347 stage=T7 side=C res=2 off=43676 len=1
RLTRACE t_ns=859200933884151 stage=T7 side=C res=2 off=43680 len=1
RLTRACE t_ns=859200935056459 stage=T7 side=C res=2 off=43684 len=1
RLTRACE t_ns=859200935156749 stage=T7 side=C res=2 off=43688 len=1
RLTRACE t_ns=859200935233217 stage=T7 side=C res=2 off=43696 len=1
RLTRACE t_ns=859200935449624 stage=T7 side=C res=2 off=43700 len=1
RLTRACE t_ns=859200936365186 stage=T7 side=C res=2 off=43704 len=1
RLTRACE t_ns=859200936670171 stage=T7 side=C res=2 off=43708 len=1
RLTRACE t_ns=859200936732201 stage=T7 side=C res=2 off=43712 len=1
RLTRACE t_ns=859200937078381 stage=T7 side=C res=2 off=43716 len=1
RLTRACE t_ns=859200937681053 stage=T7 side=C res=2 off=43720 len=1
RLTRACE t_ns=859200938243155 stage=T7 side=C res=2 off=43724 len=1
RLTRACE t_ns=859200938563459 stage=T7 side=C res=2 off=43728 len=1
RLTRACE t_ns=859200939300280 stage=T7 side=C res=2 off=43732 len=1
RLTRACE t_ns=859200939871814 stage=T7 side=C res=2 off=43736 len=1
RLTRACE t_ns=859200940161967 stage=T7 side=C res=2 off=43740 len=1
RLTRACE t_ns=859200940496365 stage=T7 side=C res=2 off=43744 len=1
RLTRACE t_ns=859200940946910 stage=T7 side=C res=2 off=43756 len=1
RLTRACE t_ns=859200941383513 stage=T7 side=C res=2 off=43760 len=1
RLTRACE t_ns=859200941976884 stage=T7 side=C res=2 off=43764 len=1
RLTRACE t_ns=859200942551114 stage=T7 side=C res=2 off=43768 len=1
RLTRACE t_ns=859200943509293 stage=T7 side=C res=2 off=43772 len=1
RLTRACE t_ns=859200943633345 stage=T7 side=C res=2 off=43776 len=1
RLTRACE t_ns=859200943883991 stage=T7 side=C res=2 off=43784 len=1
RLTRACE t_ns=859200944676373 stage=T7 side=C res=2 off=43788 len=1
RLTRACE t_ns=859200945078241 stage=T7 side=C res=2 off=43792 len=1
RLTRACE t_ns=859200945627261 stage=T7 side=C res=2 off=43796 len=1
RLTRACE t_ns=859200946193906 stage=T7 side=C res=2 off=43800 len=1
RLTRACE t_ns=859200947161022 stage=T7 side=C res=2 off=43804 len=1
RLTRACE t_ns=859200947197134 stage=T7 side=C res=2 off=43808 len=1
RLTRACE t_ns=859200947554274 stage=T7 side=C res=2 off=43812 len=1
RLTRACE t_ns=859200948192806 stage=T7 side=C res=2 off=43816 len=1
RLTRACE t_ns=859200948480105 stage=T7 side=C res=2 off=43820 len=1
RLTRACE t_ns=859200949201090 stage=T7 side=C res=2 off=43824 len=1
RLTRACE t_ns=859200949356684 stage=T7 side=C res=2 off=43828 len=1
RLTRACE t_ns=859200949682179 stage=T7 side=C res=2 off=43832 len=1
RLTRACE t_ns=859200950625855 stage=T7 side=C res=2 off=43836 len=1
RLTRACE t_ns=859200950653785 stage=T7 side=C res=2 off=43840 len=1
RLTRACE t_ns=859200950850857 stage=T7 side=C res=2 off=43844 len=1
RLTRACE t_ns=859200951422141 stage=T7 side=C res=2 off=43848 len=1
RLTRACE t_ns=859200951746013 stage=T7 side=C res=2 off=43852 len=1
RLTRACE t_ns=859200952458850 stage=T7 side=C res=2 off=43856 len=1
RLTRACE t_ns=859200952936133 stage=T7 side=C res=2 off=43864 len=1
RLTRACE t_ns=859200952955419 stage=T7 side=C res=2 off=43868 len=1
RLTRACE t_ns=859200952969258 stage=T7 side=C res=2 off=43876 len=1
RLTRACE t_ns=859200953881712 stage=T7 side=C res=2 off=43880 len=1
RLTRACE t_ns=859200954166329 stage=T7 side=C res=2 off=43884 len=1
RLTRACE t_ns=859200954967407 stage=T7 side=C res=2 off=43888 len=1
RLTRACE t_ns=859200955130393 stage=T7 side=C res=2 off=43932 len=1
RLTRACE t_ns=859200955419045 stage=T7 side=C res=2 off=43936 len=1
RLTRACE t_ns=859200956102750 stage=T7 side=C res=2 off=43944 len=1
RLTRACE t_ns=859200956536930 stage=T7 side=C res=2 off=43948 len=1
RLTRACE t_ns=859200957166779 stage=T7 side=C res=2 off=43952 len=1
RLTRACE t_ns=859200957781993 stage=T7 side=C res=2 off=43956 len=1
RLTRACE t_ns=859200958429648 stage=T7 side=C res=2 off=43960 len=1
RLTRACE t_ns=859200958971804 stage=T7 side=C res=2 off=43964 len=1
RLTRACE t_ns=859200960144412 stage=T7 side=C res=2 off=43968 len=1
RLTRACE t_ns=859200960419691 stage=T7 side=C res=2 off=43972 len=1
RLTRACE t_ns=859200960939118 stage=T7 side=C res=2 off=43976 len=1
RLTRACE t_ns=859200961447511 stage=T7 side=C res=2 off=43980 len=1
RLTRACE t_ns=859200961678590 stage=T7 side=C res=2 off=43984 len=1
RLTRACE t_ns=859200961765700 stage=T7 side=C res=2 off=43992 len=1
RLTRACE t_ns=859200961843646 stage=T7 side=C res=2 off=43996 len=1
RLTRACE t_ns=859200961918729 stage=T7 side=C res=2 off=44000 len=1
RLTRACE t_ns=859200962652947 stage=T7 side=C res=2 off=44004 len=1
RLTRACE t_ns=859200962930002 stage=T7 side=C res=2 off=44016 len=1
RLTRACE t_ns=859200963020311 stage=T7 side=C res=2 off=44020 len=1
RLTRACE t_ns=859200963251156 stage=T7 side=C res=2 off=44024 len=1
RLTRACE t_ns=859200963537729 stage=T7 side=C res=2 off=44040 len=1
RLTRACE t_ns=859200963613525 stage=T7 side=C res=2 off=44056 len=1
RLTRACE t_ns=859200964327427 stage=T7 side=C res=2 off=44084 len=1
RLTRACE t_ns=859200964432850 stage=T7 side=C res=2 off=44104 len=1
RLTRACE t_ns=859200964510235 stage=T7 side=C res=2 off=44120 len=1
RLTRACE t_ns=859200964734033 stage=T7 side=C res=2 off=44128 len=1
RLTRACE t_ns=859200964808523 stage=T7 side=C res=2 off=44132 len=1
RLTRACE t_ns=859200964885913 stage=T7 side=C res=2 off=44136 len=1
RLTRACE t_ns=859200964966914 stage=T7 side=C res=2 off=44140 len=1
RLTRACE t_ns=859200965066940 stage=T7 side=C res=2 off=44144 len=1
RLTRACE t_ns=859200965652152 stage=T7 side=C res=2 off=44148 len=1
RLTRACE t_ns=859200965939640 stage=T7 side=C res=2 off=44152 len=1
RLTRACE t_ns=859200966455304 stage=T7 side=C res=2 off=44156 len=1
RLTRACE t_ns=859200967024157 stage=T7 side=C res=2 off=44160 len=1
RLTRACE t_ns=859200967117410 stage=T7 side=C res=2 off=44164 len=1
RLTRACE t_ns=859200967196473 stage=T7 side=C res=2 off=44168 len=1
RLTRACE t_ns=859200967479040 stage=T7 side=C res=2 off=44172 len=1
RLTRACE t_ns=859200967949427 stage=T7 side=C res=2 off=44176 len=1
RLTRACE t_ns=859200968566124 stage=T7 side=C res=2 off=44180 len=1
RLTRACE t_ns=859200968650210 stage=T7 side=C res=2 off=44184 len=1
RLTRACE t_ns=859200969286069 stage=T7 side=C res=2 off=44188 len=1
RLTRACE t_ns=859200970310369 stage=T7 side=C res=2 off=44192 len=1
RLTRACE t_ns=859200971447986 stage=T7 side=C res=2 off=44196 len=1
RLTRACE t_ns=859200971552440 stage=T7 side=C res=2 off=44200 len=1
RLTRACE t_ns=859200971846847 stage=T7 side=C res=2 off=44204 len=1
RLTRACE t_ns=859200971932393 stage=T7 side=C res=2 off=44208 len=1
RLTRACE t_ns=859200972039627 stage=T7 side=C res=2 off=44212 len=1
RLTRACE t_ns=859200972126783 stage=T7 side=C res=2 off=44216 len=1
RLTRACE t_ns=859200972790211 stage=T7 side=C res=2 off=44220 len=1
RLTRACE t_ns=859200973277939 stage=T7 side=C res=2 off=44224 len=1
RLTRACE t_ns=859200974167039 stage=T7 side=C res=2 off=44228 len=1
RLTRACE t_ns=859200974789230 stage=T7 side=C res=2 off=44232 len=1
RLTRACE t_ns=859200975406661 stage=T7 side=C res=2 off=44236 len=1
RLTRACE t_ns=859200976145526 stage=T7 side=C res=2 off=44240 len=1
RLTRACE t_ns=859200976755179 stage=T7 side=C res=2 off=44244 len=1
RLTRACE t_ns=859200977442091 stage=T7 side=C res=2 off=44248 len=1
RLTRACE t_ns=859200978477348 stage=T7 side=C res=2 off=44252 len=1
RLTRACE t_ns=859200978696275 stage=T7 side=C res=2 off=44256 len=1
RLTRACE t_ns=859200979217405 stage=T7 side=C res=2 off=44260 len=1
RLTRACE t_ns=859200979458292 stage=T7 side=C res=2 off=44264 len=1
RLTRACE t_ns=859200979786625 stage=T7 side=C res=2 off=44276 len=1
RLTRACE t_ns=859200980101027 stage=T7 side=C res=2 off=44280 len=1
RLTRACE t_ns=859200980764246 stage=T7 side=C res=2 off=44284 len=1
RLTRACE t_ns=859200981038407 stage=T7 side=C res=2 off=44288 len=1
RLTRACE t_ns=859200981099732 stage=T7 side=C res=2 off=44292 len=1
RLTRACE t_ns=859200981865521 stage=T7 side=C res=2 off=44296 len=1
RLTRACE t_ns=859200982105061 stage=T7 side=C res=2 off=44300 len=1
RLTRACE t_ns=859200982395055 stage=T7 side=C res=2 off=44308 len=1
RLTRACE t_ns=859200982860265 stage=T7 side=C res=2 off=44312 len=1
RLTRACE t_ns=859200983805432 stage=T7 side=C res=2 off=44316 len=1
RLTRACE t_ns=859200984269160 stage=T7 side=C res=2 off=44320 len=1
RLTRACE t_ns=859200984574956 stage=T7 side=C res=2 off=44324 len=1
RLTRACE t_ns=859200985109878 stage=T7 side=C res=2 off=44328 len=1
RLTRACE t_ns=859200985194370 stage=T7 side=C res=2 off=44332 len=1
RLTRACE t_ns=859200985826914 stage=T7 side=C res=2 off=44336 len=1
RLTRACE t_ns=859200986720706 stage=T7 side=C res=2 off=44340 len=1
RLTRACE t_ns=859200986957567 stage=T7 side=C res=2 off=44344 len=1
RLTRACE t_ns=859200987027569 stage=T7 side=C res=2 off=44348 len=1
RLTRACE t_ns=859200987283089 stage=T7 side=C res=2 off=44352 len=1
RLTRACE t_ns=859200987885380 stage=T7 side=C res=2 off=44356 len=1
RLTRACE t_ns=859200988207532 stage=T7 side=C res=2 off=44360 len=1
RLTRACE t_ns=859200988752671 stage=T7 side=C res=2 off=44364 len=1
RLTRACE t_ns=859200989139772 stage=T8 side=C res=1 tail=832
RLTRACE t_ns=859201019585279 stage=T8 side=C res=1 tail=1996
RLTRACE t_ns=859201052700564 stage=T7 side=C res=2 off=44368 len=1
RLTRACE t_ns=859201052780106 stage=T7 side=C res=2 off=44372 len=1
RLTRACE t_ns=859201052840666 stage=T7 side=C res=2 off=44380 len=5
RLTRACE t_ns=859201052988493 stage=T7 side=C res=2 off=44392 len=5
RLTRACE t_ns=859201053074630 stage=T7 side=C res=2 off=44404 len=5
RLTRACE t_ns=859201053138036 stage=T7 side=C res=2 off=44416 len=5
RLTRACE t_ns=859201053201862 stage=T7 side=C res=2 off=44428 len=5
RLTRACE t_ns=859201053264816 stage=T7 side=C res=2 off=44440 len=5
RLTRACE t_ns=859201053325314 stage=T7 side=C res=2 off=44452 len=5
RLTRACE t_ns=859201054415230 stage=T7 side=C res=2 off=44464 len=5
RLTRACE t_ns=859201054504156 stage=T7 side=C res=2 off=44476 len=5
RLTRACE t_ns=859201054565638 stage=T7 side=C res=2 off=44488 len=5
RLTRACE t_ns=859201054625710 stage=T7 side=C res=2 off=44500 len=5
RLTRACE t_ns=859201054685278 stage=T7 side=C res=2 off=44512 len=5
RLTRACE t_ns=859201054746837 stage=T7 side=C res=2 off=44524 len=5
RLTRACE t_ns=859201054806354 stage=T7 side=C res=2 off=44536 len=5
RLTRACE t_ns=859201054868256 stage=T7 side=C res=2 off=44548 len=5
RLTRACE t_ns=859201054930212 stage=T7 side=C res=2 off=44560 len=5
RLTRACE t_ns=859201054991416 stage=T7 side=C res=2 off=44572 len=5
RLTRACE t_ns=859201056720193 stage=T7 side=C res=2 off=44584 len=5
RLTRACE t_ns=859201056802831 stage=T7 side=C res=2 off=44596 len=5
RLTRACE t_ns=859201056866896 stage=T7 side=C res=2 off=44608 len=5
RLTRACE t_ns=859201056931504 stage=T7 side=C res=2 off=44620 len=5
RLTRACE t_ns=859201057610628 stage=T7 side=C res=2 off=44632 len=5
RLTRACE t_ns=859201057704292 stage=T7 side=C res=2 off=44644 len=5
RLTRACE t_ns=859201057767115 stage=T7 side=C res=2 off=44656 len=5
RLTRACE t_ns=859201058079905 stage=T7 side=C res=2 off=44668 len=5
RLTRACE t_ns=859201058114876 stage=T7 side=C res=2 off=44680 len=5
RLTRACE t_ns=859201058133500 stage=T7 side=C res=2 off=44692 len=5
RLTRACE t_ns=859201058152663 stage=T7 side=C res=2 off=44704 len=5
RLTRACE t_ns=859201058183986 stage=T7 side=C res=2 off=44716 len=5
RLTRACE t_ns=859201058206360 stage=T7 side=C res=2 off=44728 len=5
RLTRACE t_ns=859201058221501 stage=T7 side=C res=2 off=44740 len=5
RLTRACE t_ns=859201058240116 stage=T7 side=C res=2 off=44752 len=5
RLTRACE t_ns=859201058264587 stage=T7 side=C res=2 off=44764 len=5
RLTRACE t_ns=859201058281426 stage=T7 side=C res=2 off=44776 len=5
RLTRACE t_ns=859201058304523 stage=T7 side=C res=2 off=44788 len=5
RLTRACE t_ns=859201058319901 stage=T7 side=C res=2 off=44800 len=1
RLTRACE t_ns=859201058336295 stage=T7 side=C res=2 off=44802 len=3
RLTRACE t_ns=859201058351545 stage=T7 side=C res=2 off=44812 len=5
RLTRACE t_ns=859201058366506 stage=T7 side=C res=2 off=44824 len=5
RLTRACE t_ns=859201058381527 stage=T7 side=C res=2 off=44836 len=5
RLTRACE t_ns=859201059322393 stage=T7 side=C res=2 off=44848 len=4
RLTRACE t_ns=859201059750817 stage=T7 side=C res=2 off=44860 len=1
RLTRACE t_ns=859201059782310 stage=T7 side=C res=2 off=44868 len=5
RLTRACE t_ns=859201059806500 stage=T7 side=C res=2 off=44877 len=1
RLTRACE t_ns=859201060007017 stage=T7 side=C res=2 off=44884 len=1
RLTRACE t_ns=859201060034661 stage=T7 side=C res=2 off=44892 len=17
RLTRACE t_ns=859201060494371 stage=T7 side=C res=2 off=44933 len=1
RLTRACE t_ns=859201060681609 stage=T7 side=C res=2 off=44937 len=4
RLTRACE t_ns=859201061463960 stage=T7 side=C res=2 off=44944 len=1
RLTRACE t_ns=859201062575585 stage=T7 side=C res=2 off=44948 len=5
RLTRACE t_ns=859201062682797 stage=T7 side=C res=2 off=44960 len=1
RLTRACE t_ns=859201062981465 stage=T7 side=C res=2 off=44964 len=1
RLTRACE t_ns=859201063540075 stage=T7 side=C res=2 off=44968 len=2
RLTRACE t_ns=859201063714885 stage=T7 side=C res=2 off=44972 len=1
RLTRACE t_ns=859201063744917 stage=T7 side=C res=2 off=44976 len=1
RLTRACE t_ns=859201064171730 stage=T7 side=C res=2 off=44980 len=1
RLTRACE t_ns=859201064269410 stage=T7 side=C res=2 off=44984 len=1
RLTRACE t_ns=859201064581988 stage=T7 side=C res=2 off=44988 len=1
RLTRACE t_ns=859201064669064 stage=T7 side=C res=2 off=44995 len=1
RLTRACE t_ns=859201064751454 stage=T7 side=C res=2 off=45004 len=1
RLTRACE t_ns=859201065116016 stage=T7 side=C res=2 off=45016 len=1
RLTRACE t_ns=859201065196119 stage=T7 side=C res=2 off=45027 len=1
RLTRACE t_ns=859201065270153 stage=T7 side=C res=2 off=45031 len=1
RLTRACE t_ns=859201065350310 stage=T7 side=C res=2 off=45035 len=1
RLTRACE t_ns=859201065429882 stage=T7 side=C res=2 off=45039 len=1
RLTRACE t_ns=859201065766832 stage=T7 side=C res=2 off=45043 len=2
RLTRACE t_ns=859201066032562 stage=T7 side=C res=2 off=45051 len=1
RLTRACE t_ns=859201066130298 stage=T7 side=C res=2 off=45055 len=1
RLTRACE t_ns=859201066680241 stage=T7 side=C res=2 off=45059 len=2
RLTRACE t_ns=859201066720740 stage=T7 side=C res=2 off=45067 len=2
RLTRACE t_ns=859201066736984 stage=T7 side=C res=2 off=45075 len=1
RLTRACE t_ns=859201066753023 stage=T7 side=C res=2 off=45079 len=1
RLTRACE t_ns=859201066769915 stage=T7 side=C res=2 off=45081 len=1
RLTRACE t_ns=859201066970458 stage=T7 side=C res=2 off=45084 len=1
RLTRACE t_ns=859201066995957 stage=T7 side=C res=2 off=45089 len=1
RLTRACE t_ns=859201067042132 stage=T7 side=C res=2 off=45096 len=29
RLTRACE t_ns=859201067070362 stage=T7 side=C res=2 off=45353 len=1
RLTRACE t_ns=859201067097390 stage=T7 side=C res=2 off=45360 len=22
RLTRACE t_ns=859201067120778 stage=T7 side=C res=2 off=45616 len=1
RLTRACE t_ns=859201067143904 stage=T7 side=C res=2 off=45620 len=1
RLTRACE t_ns=859201067167336 stage=T7 side=C res=2 off=45632 len=1
RLTRACE t_ns=859201067190297 stage=T7 side=C res=2 off=45636 len=1
RLTRACE t_ns=859201067209825 stage=T7 side=C res=2 off=45640 len=1
RLTRACE t_ns=859201067231701 stage=T7 side=C res=2 off=45644 len=1
RLTRACE t_ns=859201067382031 stage=T7 side=C res=2 off=45648 len=1
RLTRACE t_ns=859201067499718 stage=T7 side=C res=2 off=45652 len=1
RLTRACE t_ns=859201067594523 stage=T7 side=C res=2 off=45656 len=1
RLTRACE t_ns=859201067680228 stage=T7 side=C res=2 off=45660 len=1
RLTRACE t_ns=859201067772488 stage=T7 side=C res=2 off=45668 len=1
RLTRACE t_ns=859201068287224 stage=T7 side=C res=2 off=45672 len=1
RLTRACE t_ns=859201068944180 stage=T7 side=C res=2 off=45676 len=1
RLTRACE t_ns=859201069139064 stage=T7 side=C res=2 off=45680 len=1
RLTRACE t_ns=859201069174100 stage=T7 side=C res=2 off=45684 len=1
RLTRACE t_ns=859201069196761 stage=T7 side=C res=2 off=45688 len=1
RLTRACE t_ns=859201069219768 stage=T7 side=C res=2 off=45692 len=1
RLTRACE t_ns=859201069242126 stage=T7 side=C res=2 off=45696 len=1
RLTRACE t_ns=859201069262687 stage=T7 side=C res=2 off=45700 len=1
RLTRACE t_ns=859201069283702 stage=T7 side=C res=2 off=45704 len=1
RLTRACE t_ns=859201069648652 stage=T7 side=C res=2 off=45708 len=8
RLTRACE t_ns=859201070067869 stage=T7 side=C res=2 off=45717 len=1
RLTRACE t_ns=859201070405126 stage=T7 side=C res=2 off=45720 len=1
RLTRACE t_ns=859201070430912 stage=T7 side=C res=2 off=45724 len=1
RLTRACE t_ns=859201070557358 stage=T7 side=C res=2 off=45728 len=1
RLTRACE t_ns=859201071178737 stage=T7 side=C res=2 off=45732 len=1
RLTRACE t_ns=859201071728528 stage=T7 side=C res=2 off=45740 len=1
RLTRACE t_ns=859201072158500 stage=T7 side=C res=2 off=45756 len=1
RLTRACE t_ns=859201073575340 stage=T7 side=C res=2 off=45760 len=1
RLTRACE t_ns=859201074142801 stage=T7 side=C res=2 off=45764 len=1
RLTRACE t_ns=859201074183527 stage=T7 side=C res=2 off=45816 len=1
RLTRACE t_ns=859201074202013 stage=T7 side=C res=2 off=45820 len=1
RLTRACE t_ns=859201074218812 stage=T7 side=C res=2 off=45824 len=1
RLTRACE t_ns=859201074234461 stage=T7 side=C res=2 off=45864 len=1
RLTRACE t_ns=859201074250298 stage=T7 side=C res=2 off=45868 len=1
RLTRACE t_ns=859201074265764 stage=T7 side=C res=2 off=45872 len=1
RLTRACE t_ns=859201074281065 stage=T7 side=C res=2 off=45876 len=1
RLTRACE t_ns=859201074296683 stage=T7 side=C res=2 off=45880 len=1
RLTRACE t_ns=859201074311437 stage=T7 side=C res=2 off=45888 len=1
RLTRACE t_ns=859201074325785 stage=T7 side=C res=2 off=45892 len=1
RLTRACE t_ns=859201074340245 stage=T7 side=C res=2 off=45900 len=1
RLTRACE t_ns=859201074354615 stage=T7 side=C res=2 off=45904 len=1
RLTRACE t_ns=859201074369588 stage=T7 side=C res=2 off=45908 len=1
RLTRACE t_ns=859201074743890 stage=T7 side=C res=2 off=45916 len=1
RLTRACE t_ns=859201075376747 stage=T7 side=C res=2 off=45920 len=1
RLTRACE t_ns=859201075977324 stage=T7 side=C res=2 off=45924 len=1
RLTRACE t_ns=859201076232215 stage=T7 side=C res=2 off=45928 len=1
RLTRACE t_ns=859201076728144 stage=T7 side=C res=2 off=45932 len=1
RLTRACE t_ns=859201076985523 stage=T7 side=C res=2 off=45936 len=1
RLTRACE t_ns=859201077081113 stage=T7 side=C res=2 off=45940 len=1
RLTRACE t_ns=859201077163533 stage=T7 side=C res=2 off=45944 len=45
RLTRACE t_ns=859201077577610 stage=T7 side=C res=2 off=45992 len=1
RLTRACE t_ns=859201077777888 stage=T7 side=C res=2 off=46000 len=1
RLTRACE t_ns=859201078171986 stage=T7 side=C res=2 off=46004 len=1
RLTRACE t_ns=859201078400968 stage=T7 side=C res=2 off=46008 len=1
RLTRACE t_ns=859201078851612 stage=T7 side=C res=2 off=46012 len=1
RLTRACE t_ns=859201079497241 stage=T7 side=C res=2 off=46016 len=1
RLTRACE t_ns=859201079807483 stage=T7 side=C res=2 off=46020 len=1
RLTRACE t_ns=859201079895062 stage=T7 side=C res=2 off=46024 len=1
RLTRACE t_ns=859201080326115 stage=T7 side=C res=2 off=46028 len=45
RLTRACE t_ns=859201080603990 stage=T7 side=C res=2 off=46080 len=16
RLTRACE t_ns=859201080683146 stage=T7 side=C res=2 off=46100 len=1
RLTRACE t_ns=859201080752845 stage=T7 side=C res=2 off=46112 len=1
RLTRACE t_ns=859201080820732 stage=T7 side=C res=2 off=46116 len=1
RLTRACE t_ns=859201080891927 stage=T7 side=C res=2 off=46128 len=1
RLTRACE t_ns=859201080961122 stage=T7 side=C res=2 off=46132 len=1
RLTRACE t_ns=859201081212534 stage=T7 side=C res=2 off=46136 len=1
RLTRACE t_ns=859201081288992 stage=T7 side=C res=2 off=46140 len=1
RLTRACE t_ns=859201081358589 stage=T7 side=C res=2 off=46144 len=1
RLTRACE t_ns=859201082219031 stage=T7 side=C res=2 off=46148 len=1
RLTRACE t_ns=859201082515140 stage=T7 side=C res=2 off=46152 len=1
RLTRACE t_ns=859201082597864 stage=T7 side=C res=2 off=46156 len=1
RLTRACE t_ns=859201083391643 stage=T7 side=C res=2 off=46160 len=5
RLTRACE t_ns=859201083483137 stage=T7 side=C res=2 off=46204 len=1
RLTRACE t_ns=859201083886129 stage=T7 side=C res=2 off=46208 len=1
RLTRACE t_ns=859201084228673 stage=T7 side=C res=2 off=46212 len=1
RLTRACE t_ns=859201084606704 stage=T7 side=C res=2 off=46217 len=1
RLTRACE t_ns=859201084711946 stage=T7 side=C res=2 off=46220 len=1
RLTRACE t_ns=859201085223893 stage=T7 side=C res=2 off=46228 len=1
RLTRACE t_ns=859201085297413 stage=T7 side=C res=2 off=46236 len=1
RLTRACE t_ns=859201085513618 stage=T7 side=C res=2 off=46240 len=1
RLTRACE t_ns=859201085585834 stage=T7 side=C res=2 off=46244 len=1
RLTRACE t_ns=859201086058149 stage=T7 side=C res=2 off=46248 len=1
RLTRACE t_ns=859201086132839 stage=T7 side=C res=2 off=46252 len=1
RLTRACE t_ns=859201087762415 stage=T7 side=C res=2 off=46256 len=1
RLTRACE t_ns=859201088160766 stage=T7 side=C res=2 off=46260 len=1
RLTRACE t_ns=859201088244214 stage=T7 side=C res=2 off=46264 len=1
RLTRACE t_ns=859201088318597 stage=T7 side=C res=2 off=46268 len=1
RLTRACE t_ns=859201088393019 stage=T7 side=C res=2 off=46272 len=1
RLTRACE t_ns=859201088649702 stage=T7 side=C res=2 off=46276 len=1
RLTRACE t_ns=859201088722580 stage=T7 side=C res=2 off=46280 len=1
RLTRACE t_ns=859201088794220 stage=T7 side=C res=2 off=46284 len=1
RLTRACE t_ns=859201089211253 stage=T7 side=C res=2 off=46292 len=1
RLTRACE t_ns=859201089778707 stage=T7 side=C res=2 off=46303 len=1
RLTRACE t_ns=859201089847365 stage=T7 side=C res=2 off=46320 len=1
RLTRACE t_ns=859201090204146 stage=T7 side=C res=2 off=46332 len=1
RLTRACE t_ns=859201090452020 stage=T7 side=C res=2 off=46337 len=1
RLTRACE t_ns=859201090519689 stage=T7 side=C res=2 off=46340 len=1
RLTRACE t_ns=859201090586937 stage=T7 side=C res=2 off=46344 len=1
RLTRACE t_ns=859201090653484 stage=T7 side=C res=2 off=46348 len=1
RLTRACE t_ns=859201090721970 stage=T7 side=C res=2 off=46352 len=1
RLTRACE t_ns=859201091176813 stage=T7 side=C res=2 off=46357 len=1
RLTRACE t_ns=859201091670866 stage=T7 side=C res=2 off=46360 len=4
RLTRACE t_ns=859201091707504 stage=T7 side=C res=2 off=46372 len=1
RLTRACE t_ns=859201091722790 stage=T7 side=C res=2 off=46380 len=1
RLTRACE t_ns=859201091738971 stage=T7 side=C res=2 off=46388 len=1
RLTRACE t_ns=859201091930057 stage=T7 side=C res=2 off=46392 len=1
RLTRACE t_ns=859201091946677 stage=T7 side=C res=2 off=46396 len=1
RLTRACE t_ns=859201091961471 stage=T7 side=C res=2 off=46400 len=1
RLTRACE t_ns=859201091976649 stage=T7 side=C res=2 off=46414 len=3
RLTRACE t_ns=859201091991361 stage=T7 side=C res=2 off=46420 len=1
RLTRACE t_ns=859201092028087 stage=T7 side=C res=2 off=46424 len=1
RLTRACE t_ns=859201092044048 stage=T7 side=C res=2 off=46428 len=1
RLTRACE t_ns=859201092058879 stage=T7 side=C res=2 off=46436 len=1
RLTRACE t_ns=859201092073678 stage=T7 side=C res=2 off=46441 len=1
RLTRACE t_ns=859201092088546 stage=T7 side=C res=2 off=46445 len=1
RLTRACE t_ns=859201092102566 stage=T7 side=C res=2 off=46449 len=1
RLTRACE t_ns=859201092289952 stage=T7 side=C res=2 off=46452 len=1
RLTRACE t_ns=859201092305123 stage=T7 side=C res=2 off=46464 len=1
RLTRACE t_ns=859201092319758 stage=T7 side=C res=2 off=46468 len=3
RLTRACE t_ns=859201092335404 stage=T7 side=C res=2 off=46472 len=1
RLTRACE t_ns=859201092349786 stage=T7 side=C res=2 off=46474 len=4
RLTRACE t_ns=859201092365136 stage=T7 side=C res=2 off=46480 len=2
RLTRACE t_ns=859201092379106 stage=T7 side=C res=2 off=46484 len=1
RLTRACE t_ns=859201092393844 stage=T7 side=C res=2 off=46489 len=1
RLTRACE t_ns=859201092652253 stage=T7 side=C res=2 off=46496 len=36
RLTRACE t_ns=859201092668712 stage=T7 side=C res=2 off=46752 len=1
RLTRACE t_ns=859201092684859 stage=T7 side=C res=2 off=46760 len=16
RLTRACE t_ns=859201092698664 stage=T7 side=C res=2 off=46777 len=1
RLTRACE t_ns=859201092713409 stage=T7 side=C res=2 off=46781 len=1
RLTRACE t_ns=859201092729034 stage=T7 side=C res=2 off=46785 len=1
RLTRACE t_ns=859201092744164 stage=T7 side=C res=2 off=46789 len=1
RLTRACE t_ns=859201092758734 stage=T7 side=C res=2 off=46793 len=1
RLTRACE t_ns=859201092784898 stage=T7 side=C res=2 off=46799 len=1
RLTRACE t_ns=859201092806435 stage=T7 side=C res=2 off=46803 len=5
RLTRACE t_ns=859201092821153 stage=T7 side=C res=2 off=46809 len=1
RLTRACE t_ns=859201093299179 stage=T7 side=C res=2 off=46812 len=4
RLTRACE t_ns=859201093894872 stage=T7 side=C res=2 off=46818 len=1
RLTRACE t_ns=859201094033202 stage=T7 side=C res=2 off=46820 len=1
RLTRACE t_ns=859201094426636 stage=T7 side=C res=2 off=46832 len=2
RLTRACE t_ns=859201095244175 stage=T7 side=C res=2 off=46836 len=1
RLTRACE t_ns=859201095328328 stage=T7 side=C res=2 off=46843 len=1
RLTRACE t_ns=859201096055459 stage=T7 side=C res=2 off=46847 len=1
RLTRACE t_ns=859201096738834 stage=T7 side=C res=2 off=46851 len=1
RLTRACE t_ns=859201096918853 stage=T7 side=C res=2 off=46855 len=1
RLTRACE t_ns=859201097203994 stage=T7 side=C res=2 off=46859 len=2
RLTRACE t_ns=859201097924177 stage=T7 side=C res=2 off=46867 len=1
RLTRACE t_ns=859201098411519 stage=T7 side=C res=2 off=46871 len=1
RLTRACE t_ns=859201099083788 stage=T7 side=C res=2 off=46875 len=2
RLTRACE t_ns=859201099829722 stage=T7 side=C res=2 off=46883 len=2
RLTRACE t_ns=859201100792065 stage=T7 side=C res=2 off=46891 len=1
RLTRACE t_ns=859201100825681 stage=T7 side=C res=2 off=46895 len=1
RLTRACE t_ns=859201101018576 stage=T7 side=C res=2 off=46897 len=1
RLTRACE t_ns=859201101035304 stage=T7 side=C res=2 off=46900 len=1
RLTRACE t_ns=859201102090297 stage=T7 side=C res=2 off=46904 len=1
RLTRACE t_ns=859201102262918 stage=T7 side=C res=2 off=46908 len=2
RLTRACE t_ns=859201102289883 stage=T7 side=C res=2 off=46912 len=2
RLTRACE t_ns=859201102310647 stage=T7 side=C res=2 off=46916 len=1
RLTRACE t_ns=859201102819346 stage=T7 side=C res=2 off=46920 len=1
RLTRACE t_ns=859201102965933 stage=T7 side=C res=2 off=46924 len=1
RLTRACE t_ns=859201102980365 stage=T7 side=C res=2 off=46928 len=1
RLTRACE t_ns=859201103352881 stage=T7 side=C res=2 off=46932 len=1
RLTRACE t_ns=859201104231169 stage=T7 side=C res=2 off=46936 len=1
RLTRACE t_ns=859201104592649 stage=T7 side=C res=2 off=46941 len=1
RLTRACE t_ns=859201104606866 stage=T7 side=C res=2 off=46944 len=1
RLTRACE t_ns=859201104619681 stage=T7 side=C res=2 off=46948 len=1
RLTRACE t_ns=859201104632864 stage=T7 side=C res=2 off=46952 len=1
RLTRACE t_ns=859201104938356 stage=T7 side=C res=2 off=46956 len=1
RLTRACE t_ns=859201105428357 stage=T7 side=C res=2 off=46960 len=1
RLTRACE t_ns=859201105736099 stage=T7 side=C res=2 off=46965 len=1
RLTRACE t_ns=859201105750442 stage=T7 side=C res=2 off=46969 len=1
RLTRACE t_ns=859201105764806 stage=T7 side=C res=2 off=46972 len=1
RLTRACE t_ns=859201105777961 stage=T7 side=C res=2 off=46976 len=1
RLTRACE t_ns=859201106267873 stage=T7 side=C res=2 off=46980 len=1
RLTRACE t_ns=859201106281554 stage=T7 side=C res=2 off=46984 len=1
RLTRACE t_ns=859201106294204 stage=T7 side=C res=2 off=46987 len=1
RLTRACE t_ns=859201106307412 stage=T7 side=C res=2 off=46989 len=1
RLTRACE t_ns=859201107317079 stage=T7 side=C res=2 off=46992 len=1
RLTRACE t_ns=859201107357435 stage=T7 side=C res=2 off=47000 len=6
RLTRACE t_ns=859201107371920 stage=T7 side=C res=2 off=47008 len=2
RLTRACE t_ns=859201107390321 stage=T7 side=C res=2 off=47013 len=1
RLTRACE t_ns=859201107405164 stage=T7 side=C res=2 off=47016 len=1
RLTRACE t_ns=859201107420507 stage=T7 side=C res=2 off=47025 len=1
RLTRACE t_ns=859201107797774 stage=T7 side=C res=2 off=47029 len=1
RLTRACE t_ns=859201107820387 stage=T7 side=C res=2 off=47033 len=1
RLTRACE t_ns=859201108816828 stage=T7 side=C res=2 off=47036 len=1
RLTRACE t_ns=859201108842754 stage=T7 side=C res=2 off=47040 len=1
RLTRACE t_ns=859201109168856 stage=T7 side=C res=2 off=47044 len=1
RLTRACE t_ns=859201109184850 stage=T7 side=C res=2 off=47048 len=8
RLTRACE t_ns=859201109786321 stage=T7 side=C res=2 off=47058 len=2
RLTRACE t_ns=859201110173067 stage=T7 side=C res=2 off=47062 len=3
RLTRACE t_ns=859201110329992 stage=T7 side=C res=2 off=47068 len=1
RLTRACE t_ns=859201110345611 stage=T7 side=C res=2 off=47077 len=1
RLTRACE t_ns=859201110359310 stage=T7 side=C res=2 off=47081 len=1
RLTRACE t_ns=859201110388615 stage=T7 side=C res=2 off=47084 len=1
RLTRACE t_ns=859201111083434 stage=T7 side=C res=2 off=47095 len=1
RLTRACE t_ns=859201111244597 stage=T7 side=C res=2 off=47097 len=4
RLTRACE t_ns=859201111490327 stage=T7 side=C res=2 off=47105 len=1
RLTRACE t_ns=859201111515505 stage=T7 side=C res=2 off=47112 len=1
RLTRACE t_ns=859201111538345 stage=T7 side=C res=2 off=47120 len=1
RLTRACE t_ns=859201111553095 stage=T7 side=C res=2 off=47128 len=1
RLTRACE t_ns=859201111676030 stage=T7 side=C res=2 off=47136 len=5
RLTRACE t_ns=859201112327429 stage=T7 side=C res=2 off=47144 len=5
RLTRACE t_ns=859201112802754 stage=T7 side=C res=2 off=47155 len=1
RLTRACE t_ns=859201113247967 stage=T7 side=C res=2 off=47158 len=3
RLTRACE t_ns=859201113668057 stage=T7 side=C res=2 off=47165 len=1
RLTRACE t_ns=859201114281058 stage=T7 side=C res=2 off=47169 len=1
RLTRACE t_ns=859201114333124 stage=T7 side=C res=2 off=47173 len=1
RLTRACE t_ns=859201114463714 stage=T7 side=C res=2 off=47176 len=1
RLTRACE t_ns=859201115442227 stage=T7 side=C res=2 off=47180 len=1
RLTRACE t_ns=859201115806726 stage=T7 side=C res=2 off=47184 len=1
RLTRACE t_ns=859201116174083 stage=T7 side=C res=2 off=47188 len=1
RLTRACE t_ns=859201116956916 stage=T7 side=C res=2 off=47192 len=1
RLTRACE t_ns=859201117257372 stage=T7 side=C res=2 off=47196 len=1
RLTRACE t_ns=859201117873384 stage=T7 side=C res=2 off=47200 len=1
RLTRACE t_ns=859201118302000 stage=T7 side=C res=2 off=47204 len=1
RLTRACE t_ns=859201118963363 stage=T7 side=C res=2 off=47208 len=1
RLTRACE t_ns=859201119338549 stage=T7 side=C res=2 off=47212 len=1
RLTRACE t_ns=859201120569112 stage=T7 side=C res=2 off=47216 len=1
RLTRACE t_ns=859201120763896 stage=T7 side=C res=2 off=47220 len=1
RLTRACE t_ns=859201121253526 stage=T7 side=C res=2 off=47224 len=5
RLTRACE t_ns=859201121979256 stage=T7 side=C res=2 off=47232 len=1
RLTRACE t_ns=859201122033444 stage=T7 side=C res=2 off=47236 len=1
RLTRACE t_ns=859201122155384 stage=T7 side=C res=2 off=47240 len=1
RLTRACE t_ns=859201122969805 stage=T7 side=C res=2 off=47244 len=1
RLTRACE t_ns=859201123253066 stage=T7 side=C res=2 off=47255 len=1
RLTRACE t_ns=859201123580654 stage=T7 side=C res=2 off=47257 len=4
RLTRACE t_ns=859201123882750 stage=T7 side=C res=2 off=47275 len=1
RLTRACE t_ns=859201124280463 stage=T7 side=C res=2 off=47279 len=1
RLTRACE t_ns=859201124295618 stage=T7 side=C res=2 off=47283 len=1
RLTRACE t_ns=859201124310027 stage=T7 side=C res=2 off=47288 len=1
RLTRACE t_ns=859201124643221 stage=T7 side=C res=2 off=47292 len=1
RLTRACE t_ns=859201125351968 stage=T7 side=C res=2 off=47300 len=1
RLTRACE t_ns=859201125742658 stage=T7 side=C res=2 off=47308 len=1
RLTRACE t_ns=859201126444921 stage=T7 side=C res=2 off=47316 len=1
RLTRACE t_ns=859201126807983 stage=T7 side=C res=2 off=47320 len=1
RLTRACE t_ns=859201127405193 stage=T7 side=C res=2 off=47324 len=1
RLTRACE t_ns=859201127564685 stage=T7 side=C res=2 off=47332 len=1
RLTRACE t_ns=859201127894095 stage=T8 side=C res=1 tail=2032
RLTRACE t_ns=859201155415865 stage=T8 side=C res=1 tail=2560
RLTRACE t_ns=859201186885848 stage=T7 side=C res=2 off=47704 len=1
RLTRACE t_ns=859201186913598 stage=T7 side=C res=2 off=47708 len=1
RLTRACE t_ns=859201186929051 stage=T7 side=C res=2 off=47716 len=1
RLTRACE t_ns=859201187549902 stage=T8 side=C res=1 tail=2632
RLTRACE t_ns=859201217746648 stage=T7 side=C res=2 off=47728 len=1
RLTRACE t_ns=859201217769594 stage=T7 side=C res=2 off=47732 len=1
RLTRACE t_ns=859201217786324 stage=T7 side=C res=2 off=47740 len=1
RLTRACE t_ns=859201218264674 stage=T7 side=C res=2 off=47744 len=1
RLTRACE t_ns=859201218279696 stage=T7 side=C res=2 off=47752 len=5
RLTRACE t_ns=859201218294644 stage=T7 side=C res=2 off=47764 len=4
RLTRACE t_ns=859201218515071 stage=T7 side=C res=2 off=47776 len=1
RLTRACE t_ns=859201218530037 stage=T7 side=C res=2 off=47780 len=1
RLTRACE t_ns=859201219357451 stage=T7 side=C res=2 off=47788 len=1
RLTRACE t_ns=859201219524282 stage=T7 side=C res=2 off=47793 len=1
RLTRACE t_ns=859201220534507 stage=T7 side=C res=2 off=47852 len=1
RLTRACE t_ns=859201220549212 stage=T7 side=C res=2 off=47856 len=1
RLTRACE t_ns=859201220727675 stage=T7 side=C res=2 off=47860 len=1
RLTRACE t_ns=859201220742802 stage=T7 side=C res=2 off=47864 len=1
RLTRACE t_ns=859201221163714 stage=T7 side=C res=2 off=47868 len=1
RLTRACE t_ns=859201221855240 stage=T7 side=C res=2 off=47872 len=1
RLTRACE t_ns=859201221950886 stage=T8 side=C res=1 tail=2728
RLTRACE t_ns=859201252739298 stage=T7 side=C res=2 off=47876 len=1
RLTRACE t_ns=859201253406467 stage=T7 side=C res=2 off=47880 len=1
RLTRACE t_ns=859201253701156 stage=T7 side=C res=2 off=47888 len=4
RLTRACE t_ns=859201253719001 stage=T7 side=C res=2 off=47900 len=1
RLTRACE t_ns=859201253741568 stage=T7 side=C res=2 off=47904 len=1
RLTRACE t_ns=859201253759417 stage=T7 side=C res=2 off=47912 len=1
RLTRACE t_ns=859201253775771 stage=T7 side=C res=2 off=47920 len=1
RLTRACE t_ns=859201254498457 stage=T7 side=C res=2 off=47928 len=1
RLTRACE t_ns=859201254906452 stage=T7 side=C res=2 off=47936 len=1
RLTRACE t_ns=859201254923497 stage=T7 side=C res=2 off=47944 len=1
RLTRACE t_ns=859201254942395 stage=T7 side=C res=2 off=47952 len=1
RLTRACE t_ns=859201254959842 stage=T7 side=C res=2 off=47960 len=1
RLTRACE t_ns=859201254977482 stage=T7 side=C res=2 off=48168 len=1
RLTRACE t_ns=859201254993977 stage=T7 side=C res=2 off=48172 len=1
RLTRACE t_ns=859201255025626 stage=T7 side=C res=2 off=48181 len=4
RLTRACE t_ns=859201255042943 stage=T7 side=C res=2 off=48188 len=1
RLTRACE t_ns=859201255163271 stage=T8 side=C res=1 tail=2816
RLTRACE t_ns=859201288465665 stage=T8 side=C res=1 tail=2852
RLTRACE t_ns=859201316200689 stage=T7 side=C res=2 off=48372 len=1
RLTRACE t_ns=859201316295933 stage=T7 side=C res=2 off=48380 len=1
RLTRACE t_ns=859201316509915 stage=T7 side=C res=2 off=48388 len=1
RLTRACE t_ns=859201317715835 stage=T8 side=C res=1 tail=2888
RLTRACE t_ns=859201350516285 stage=T7 side=C res=2 off=48400 len=1
RLTRACE t_ns=859201350758081 stage=T7 side=C res=2 off=48408 len=1
RLTRACE t_ns=859201350832956 stage=T7 side=C res=2 off=48416 len=1
RLTRACE t_ns=859201350909621 stage=T7 side=C res=2 off=48420 len=1
RLTRACE t_ns=859201350984527 stage=T7 side=C res=2 off=48428 len=4
RLTRACE t_ns=859201351078122 stage=T7 side=C res=2 off=48440 len=1
RLTRACE t_ns=859201351153349 stage=T7 side=C res=2 off=48444 len=1
RLTRACE t_ns=859201351387701 stage=T7 side=C res=2 off=48452 len=1
RLTRACE t_ns=859201351723782 stage=T8 side=C res=1 tail=3236
[wp-proxy] application connected: client InnerClientId { id: 1, serial: 2 }
[wp-proxy] application connected: client InnerClientId { id: 1, serial: 3 }
RLTRACE t_ns=859201387626836 stage=T8 side=C res=1 tail=3272
RLTRACE t_ns=859201429640364 stage=T7 side=C res=2 off=48712 len=1
RLTRACE t_ns=859201429714181 stage=T7 side=C res=2 off=48720 len=1
RLTRACE t_ns=859201429769381 stage=T7 side=C res=2 off=48728 len=1
RLTRACE t_ns=859201430151478 stage=T8 side=C res=1 tail=3700
RLTRACE t_ns=859201458095145 stage=T7 side=C res=2 off=48736 len=1
RLTRACE t_ns=859201458161119 stage=T7 side=C res=2 off=48740 len=1
RLTRACE t_ns=859201458210311 stage=T7 side=C res=2 off=48748 len=1
RLTRACE t_ns=859201458325850 stage=T8 side=C res=1 tail=3816
[wp-proxy] bound global wl_compositor v4 -> object 4; forwarding bind to S
[wp-proxy] bound global xdg_wm_base v1 -> object 5; forwarding bind to S
[wp-proxy] bound global wl_seat v1 -> object 6; forwarding bind to S
[wp-proxy] objects+ app_obj=3 wl_surface
[wp-proxy] forward obj 4 opcode 0 (1 args)
[wp-proxy] objects+ app_obj=7 xdg_surface
[wp-proxy] forward obj 5 opcode 2 (2 args)
[wp-proxy] objects+ app_obj=8 xdg_toplevel
[wp-proxy] forward obj 7 opcode 1 (1 args)
[wp-proxy] forward obj 8 opcode 2 (1 args)
[wp-proxy] forward obj 3 opcode 6 (0 args)
[wp-proxy] bound global zwp_linux_dmabuf_v1 v3 -> object 11; forwarding bind to S
[wp-proxy] advertised 2 LINEAR dmabuf format(s) to the app on object 11
[wp-event][C] delivered app_obj=8 xdg_toplevel.configure args=3
[wp-event][C] delivered app_obj=7 xdg_surface.configure args=1
RLTRACE t_ns=859201492176016 stage=T7 side=C res=2 off=48756 len=1
RLTRACE t_ns=859201492759892 stage=T7 side=C res=2 off=48760 len=1
RLTRACE t_ns=859201492856786 stage=T7 side=C res=2 off=48768 len=4
RLTRACE t_ns=859201493370208 stage=T8 side=C res=1 tail=3892
RLTRACE t_ns=859201520518851 stage=T7 side=C res=2 off=48792 len=1
RLTRACE t_ns=859201520583303 stage=T7 side=C res=2 off=48796 len=1
RLTRACE t_ns=859201520634302 stage=T7 side=C res=2 off=48804 len=4
RLTRACE t_ns=859201520935012 stage=T8 side=C res=1 tail=3968
RLTRACE t_ns=859201547251502 stage=T7 side=C res=2 off=48828 len=1
RLTRACE t_ns=859201547523915 stage=T7 side=C res=2 off=48832 len=1
RLTRACE t_ns=859201547537805 stage=T7 side=C res=2 off=48840 len=4
RLTRACE t_ns=859201547550632 stage=T7 side=C res=2 off=48852 len=3
RLTRACE t_ns=859201547566801 stage=T7 side=C res=2 off=48856 len=3
RLTRACE t_ns=859201547579088 stage=T7 side=C res=2 off=48860 len=1
RLTRACE t_ns=859201548082453 stage=T8 side=C res=1 tail=4044
RLTRACE t_ns=859201574729302 stage=T7 side=C res=2 off=48864 len=1
RLTRACE t_ns=859201574751950 stage=T7 side=C res=2 off=48868 len=1
RLTRACE t_ns=859201574768215 stage=T7 side=C res=2 off=48876 len=4
RLTRACE t_ns=859201575204727 stage=T7 side=C res=2 off=48888 len=3
RLTRACE t_ns=859201575217396 stage=T7 side=C res=2 off=48892 len=3
RLTRACE t_ns=859201575229661 stage=T7 side=C res=2 off=48896 len=1
RLTRACE t_ns=859201575709972 stage=T8 side=C res=1 tail=4120
[wp-proxy] forward obj 11 opcode 0 (0 args)
[wp-proxy] objects- app_obj=11 zwp_linux_dmabuf_v1 (was_known=true)
[wp-proxy] bound global zwp_linux_dmabuf_v1 v3 -> object 11; forwarding bind to S
[wp-proxy] advertised 2 LINEAR dmabuf format(s) to the app on object 11
RLTRACE t_ns=859201627851923 stage=T8 side=C res=1 tail=4256
RLTRACE t_ns=859201655890436 stage=T7 side=C res=2 off=48900 len=1
RLTRACE t_ns=859201655910348 stage=T7 side=C res=2 off=48904 len=1
RLTRACE t_ns=859201655923488 stage=T7 side=C res=2 off=48912 len=4
RLTRACE t_ns=859201655935952 stage=T7 side=C res=2 off=48924 len=3
RLTRACE t_ns=859201655948082 stage=T7 side=C res=2 off=48928 len=3
RLTRACE t_ns=859201655959998 stage=T7 side=C res=2 off=48932 len=1
RLTRACE t_ns=859201656179495 stage=T8 side=C res=1 tail=4332
RLTRACE t_ns=859201691670250 stage=T7 side=C res=2 off=48936 len=1
RLTRACE t_ns=859201691694528 stage=T7 side=C res=2 off=48944 len=1
RLTRACE t_ns=859201691707174 stage=T7 side=C res=2 off=48952 len=1
RLTRACE t_ns=859201691988912 stage=T8 side=C res=1 tail=4492
RLTRACE t_ns=859201729269265 stage=T7 side=C res=2 off=48960 len=1
RLTRACE t_ns=859201729293317 stage=T7 side=C res=2 off=48964 len=1
RLTRACE t_ns=859201729305158 stage=T7 side=C res=2 off=48972 len=5
RLTRACE t_ns=859201729318273 stage=T7 side=C res=2 off=48984 len=4
RLTRACE t_ns=859201729333714 stage=T7 side=C res=2 off=49006 len=1
RLTRACE t_ns=859201729345029 stage=T7 side=C res=2 off=49012 len=1
RLTRACE t_ns=859201729358161 stage=T7 side=C res=2 off=49020 len=1
RLTRACE t_ns=859201729519528 stage=T8 side=C res=1 tail=4604
RLTRACE t_ns=859201766232586 stage=T7 side=C res=2 off=49024 len=1
RLTRACE t_ns=859201766506891 stage=T7 side=C res=2 off=49028 len=1
RLTRACE t_ns=859201766518422 stage=T7 side=C res=2 off=49046 len=1
RLTRACE t_ns=859201766658205 stage=T7 side=C res=2 off=49053 len=1
RLTRACE t_ns=859201766673267 stage=T7 side=C res=2 off=49062 len=1
RLTRACE t_ns=859201766684144 stage=T7 side=C res=2 off=49070 len=1
RLTRACE t_ns=859201767347728 stage=T8 side=C res=1 tail=4828
RLTRACE t_ns=859201862028910 stage=T7 side=C res=2 off=49076 len=1
RLTRACE t_ns=859201862054187 stage=T7 side=C res=2 off=49084 len=1
RLTRACE t_ns=859201862066239 stage=T7 side=C res=2 off=49092 len=1
RLTRACE t_ns=859201862282872 stage=T8 side=C res=1 tail=5196
RLTRACE t_ns=859201898061026 stage=T7 side=C res=2 off=49100 len=1
RLTRACE t_ns=859201898138815 stage=T7 side=C res=2 off=49104 len=1
RLTRACE t_ns=859201898189227 stage=T7 side=C res=2 off=49112 len=5
RLTRACE t_ns=859201898243433 stage=T7 side=C res=2 off=49124 len=4
RLTRACE t_ns=859201898318202 stage=T7 side=C res=2 off=49144 len=2
RLTRACE t_ns=859201898369519 stage=T7 side=C res=2 off=49152 len=1
RLTRACE t_ns=859201899133789 stage=T7 side=C res=2 off=49160 len=1
RLTRACE t_ns=859201899562182 stage=T8 side=C res=1 tail=5232
RLTRACE t_ns=859201927282485 stage=T8 side=C res=1 tail=5308
RLTRACE t_ns=859201963165536 stage=T8 side=C res=1 tail=5380
RLTRACE t_ns=859202031448623 stage=T8 side=C res=1 tail=5536
RLTRACE t_ns=859202093529385 stage=T8 side=C res=1 tail=5608
RLTRACE t_ns=859202132347013 stage=T7 side=C res=2 off=49164 len=1
RLTRACE t_ns=859202132381502 stage=T7 side=C res=2 off=49168 len=1
RLTRACE t_ns=859202132796991 stage=T8 side=C res=1 tail=10640
RLTRACE t_ns=859202162476466 stage=T8 side=C res=1 tail=12904
RLTRACE t_ns=859202179439012 stage=T7 side=C res=2 off=49172 len=1
RLTRACE t_ns=859202180048955 stage=T8 side=C res=1 tail=12940
RLTRACE t_ns=859202185894112 stage=T8 side=C res=1 tail=12964
[wp-proxy] forward obj 11 opcode 0 (0 args)
[wp-proxy] objects- app_obj=11 zwp_linux_dmabuf_v1 (was_known=true)
[wp-proxy] forward obj 7 opcode 4 (1 args)
[wp-proxy] bound global zwp_linux_dmabuf_v1 v3 -> object 11; forwarding bind to S
[wp-proxy] advertised 2 LINEAR dmabuf format(s) to the app on object 11
[wp-proxy] forward obj 11 opcode 0 (0 args)
[wp-proxy] objects- app_obj=11 zwp_linux_dmabuf_v1 (was_known=true)
[wp-proxy] bound global zwp_linux_dmabuf_v1 v3 -> object 11; forwarding bind to S
[wp-proxy] advertised 2 LINEAR dmabuf format(s) to the app on object 11
[wp-proxy] forward obj 11 opcode 0 (0 args)
[wp-proxy] objects- app_obj=11 zwp_linux_dmabuf_v1 (was_known=true)
[wp-proxy] bound global zwp_linux_dmabuf_v1 v3 -> object 11; forwarding bind to S
[wp-proxy] advertised 2 LINEAR dmabuf format(s) to the app on object 11
[wp-proxy] forward obj 11 opcode 0 (0 args)
[wp-proxy] objects- app_obj=11 zwp_linux_dmabuf_v1 (was_known=true)
[wp-proxy] bound global zwp_linux_dmabuf_v1 v3 -> object 11; forwarding bind to S
[wp-proxy] advertised 2 LINEAR dmabuf format(s) to the app on object 11
RLTRACE t_ns=859202206870089 stage=T8 side=C res=1 tail=13040
RLTRACE t_ns=859202214411798 stage=T7 side=C res=2 off=49180 len=1
RLTRACE t_ns=859202215176831 stage=T7 side=C res=2 off=49184 len=1
RLTRACE t_ns=859202215211154 stage=T7 side=C res=2 off=49192 len=5
RLTRACE t_ns=859202215225354 stage=T7 side=C res=2 off=49204 len=4
RLTRACE t_ns=859202215242789 stage=T7 side=C res=2 off=49216 len=1
RLTRACE t_ns=859202215257822 stage=T7 side=C res=2 off=49228 len=3
RLTRACE t_ns=859202215276326 stage=T7 side=C res=2 off=49232 len=3
RLTRACE t_ns=859202215295342 stage=T7 side=C res=2 off=49236 len=1
RLTRACE t_ns=859202216589590 stage=T8 side=C res=1 tail=13076
RLTRACE t_ns=859202223383171 stage=T8 side=C res=1 tail=13140
RLTRACE t_ns=859202239891215 stage=T7 side=C res=2 off=49240 len=1
RLTRACE t_ns=859202239923684 stage=T7 side=C res=2 off=49244 len=1
RLTRACE t_ns=859202239945835 stage=T7 side=C res=2 off=49252 len=5
RLTRACE t_ns=859202239970097 stage=T7 side=C res=2 off=49264 len=4
RLTRACE t_ns=859202239992407 stage=T7 side=C res=2 off=49276 len=1
RLTRACE t_ns=859202240023747 stage=T7 side=C res=2 off=49280 len=1
RLTRACE t_ns=859202240348362 stage=T7 side=C res=2 off=49296 len=1
RLTRACE t_ns=859202241404569 stage=T7 side=C res=2 off=49300 len=3
RLTRACE t_ns=859202241478935 stage=T7 side=C res=2 off=49304 len=1
RLTRACE t_ns=859202241537796 stage=T7 side=C res=2 off=49311 len=2
RLTRACE t_ns=859202241593842 stage=T7 side=C res=2 off=49316 len=3
RLTRACE t_ns=859202241649106 stage=T7 side=C res=2 off=49320 len=1
RLTRACE t_ns=859202241703682 stage=T7 side=C res=2 off=49327 len=2
RLTRACE t_ns=859202241759076 stage=T7 side=C res=2 off=49332 len=3
RLTRACE t_ns=859202241814029 stage=T7 side=C res=2 off=49336 len=1
RLTRACE t_ns=859202241869367 stage=T7 side=C res=2 off=49343 len=2
RLTRACE t_ns=859202241924185 stage=T7 side=C res=2 off=49348 len=3
RLTRACE t_ns=859202241980339 stage=T7 side=C res=2 off=49352 len=1
RLTRACE t_ns=859202242070440 stage=T7 side=C res=2 off=49359 len=2
RLTRACE t_ns=859202242089278 stage=T7 side=C res=2 off=49364 len=3
RLTRACE t_ns=859202242102629 stage=T7 side=C res=2 off=49368 len=3
RLTRACE t_ns=859202242115734 stage=T7 side=C res=2 off=49372 len=3
RLTRACE t_ns=859202242128755 stage=T7 side=C res=2 off=49376 len=1
RLTRACE t_ns=859202242398021 stage=T8 side=C res=1 tail=13240
RLTRACE t_ns=859202258491109 stage=T7 side=C res=2 off=49380 len=1
RLTRACE t_ns=859202258625312 stage=T7 side=C res=2 off=49388 len=1
RLTRACE t_ns=859202258641299 stage=T7 side=C res=2 off=49396 len=4
RLTRACE t_ns=859202258655574 stage=T7 side=C res=2 off=49409 len=1
RLTRACE t_ns=859202258669522 stage=T7 side=C res=2 off=49413 len=1
RLTRACE t_ns=859202258687942 stage=T7 side=C res=2 off=49416 len=1
RLTRACE t_ns=859202258702908 stage=T7 side=C res=2 off=49420 len=1
RLTRACE t_ns=859202258717986 stage=T7 side=C res=2 off=49425 len=1
RLTRACE t_ns=859202258732588 stage=T7 side=C res=2 off=49428 len=1
RLTRACE t_ns=859202258746870 stage=T7 side=C res=2 off=49437 len=1
RLTRACE t_ns=859202259302499 stage=T8 side=C res=1 tail=13276
RLTRACE t_ns=859202266334461 stage=T8 side=C res=1 tail=13388
RLTRACE t_ns=859202282888027 stage=T7 side=C res=2 off=49440 len=1
RLTRACE t_ns=859202283416369 stage=T7 side=C res=2 off=49444 len=1
RLTRACE t_ns=859202283494679 stage=T7 side=C res=2 off=49452 len=5
RLTRACE t_ns=859202283562171 stage=T7 side=C res=2 off=49464 len=4
RLTRACE t_ns=859202283629142 stage=T7 side=C res=2 off=49476 len=1
RLTRACE t_ns=859202283696246 stage=T7 side=C res=2 off=49488 len=3
RLTRACE t_ns=859202283762875 stage=T7 side=C res=2 off=49492 len=3
RLTRACE t_ns=859202283826148 stage=T7 side=C res=2 off=49496 len=1
RLTRACE t_ns=859202284155584 stage=T8 side=C res=1 tail=13488
RLTRACE t_ns=859202307733631 stage=T7 side=C res=2 off=49500 len=1
RLTRACE t_ns=859202307817829 stage=T7 side=C res=2 off=49504 len=1
RLTRACE t_ns=859202307888181 stage=T7 side=C res=2 off=49512 len=5
RLTRACE t_ns=859202308219007 stage=T7 side=C res=2 off=49524 len=4
RLTRACE t_ns=859202308284913 stage=T7 side=C res=2 off=49536 len=1
RLTRACE t_ns=859202308348809 stage=T7 side=C res=2 off=49540 len=1
RLTRACE t_ns=859202308412573 stage=T7 side=C res=2 off=49556 len=1
RLTRACE t_ns=859202309212554 stage=T7 side=C res=2 off=49560 len=3
RLTRACE t_ns=859202309399746 stage=T7 side=C res=2 off=49564 len=1
RLTRACE t_ns=859202309466322 stage=T7 side=C res=2 off=49571 len=2
RLTRACE t_ns=859202309528680 stage=T7 side=C res=2 off=49576 len=3
RLTRACE t_ns=859202310374790 stage=T7 side=C res=2 off=49580 len=1
RLTRACE t_ns=859202310565629 stage=T7 side=C res=2 off=49587 len=2
RLTRACE t_ns=859202310631712 stage=T7 side=C res=2 off=49592 len=3
RLTRACE t_ns=859202310696970 stage=T7 side=C res=2 off=49596 len=1
RLTRACE t_ns=859202311092252 stage=T7 side=C res=2 off=49603 len=2
RLTRACE t_ns=859202311351339 stage=T7 side=C res=2 off=49608 len=3
RLTRACE t_ns=859202311870337 stage=T7 side=C res=2 off=49612 len=1
RLTRACE t_ns=859202312167706 stage=T7 side=C res=2 off=49619 len=2
RLTRACE t_ns=859202312247194 stage=T7 side=C res=2 off=49624 len=3
RLTRACE t_ns=859202312316555 stage=T7 side=C res=2 off=49628 len=3
RLTRACE t_ns=859202312382510 stage=T7 side=C res=2 off=49632 len=3
RLTRACE t_ns=859202312445679 stage=T7 side=C res=2 off=49636 len=1
RLTRACE t_ns=859202313045919 stage=T8 side=C res=1 tail=13588
RLTRACE t_ns=859202330739104 stage=T7 side=C res=2 off=49640 len=1
RLTRACE t_ns=859202330818380 stage=T7 side=C res=2 off=49648 len=1
RLTRACE t_ns=859202330887756 stage=T7 side=C res=2 off=49656 len=4
RLTRACE t_ns=859202330947051 stage=T7 side=C res=2 off=49669 len=1
RLTRACE t_ns=859202331256242 stage=T7 side=C res=2 off=49673 len=1
RLTRACE t_ns=859202331299160 stage=T7 side=C res=2 off=49676 len=1
RLTRACE t_ns=859202331314825 stage=T7 side=C res=2 off=49680 len=1
RLTRACE t_ns=859202331329366 stage=T7 side=C res=2 off=49684 len=1
RLTRACE t_ns=859202331344182 stage=T7 side=C res=2 off=49688 len=1
RLTRACE t_ns=859202331359139 stage=T7 side=C res=2 off=49697 len=1
RLTRACE t_ns=859202331942864 stage=T8 side=C res=1 tail=13736
RLTRACE t_ns=859202349945829 stage=T7 side=C res=2 off=49700 len=1
RLTRACE t_ns=859202350056419 stage=T7 side=C res=2 off=49704 len=1
RLTRACE t_ns=859202350122654 stage=T7 side=C res=2 off=49712 len=5
RLTRACE t_ns=859202350188173 stage=T7 side=C res=2 off=49724 len=4
RLTRACE t_ns=859202350425641 stage=T7 side=C res=2 off=49736 len=1
RLTRACE t_ns=859202350451416 stage=T7 side=C res=2 off=49748 len=3
RLTRACE t_ns=859202350466989 stage=T7 side=C res=2 off=49752 len=3
RLTRACE t_ns=859202350481685 stage=T7 side=C res=2 off=49756 len=1
RLTRACE t_ns=859202350824162 stage=T8 side=C res=1 tail=13836
RLTRACE t_ns=859202371255170 stage=T7 side=C res=2 off=49760 len=1
RLTRACE t_ns=859202371426945 stage=T7 side=C res=2 off=49764 len=1
RLTRACE t_ns=859202371497538 stage=T7 side=C res=2 off=49772 len=5
RLTRACE t_ns=859202371562432 stage=T7 side=C res=2 off=49784 len=4
RLTRACE t_ns=859202372186696 stage=T7 side=C res=2 off=49796 len=1
RLTRACE t_ns=859202372424146 stage=T7 side=C res=2 off=49800 len=1
RLTRACE t_ns=859202372494298 stage=T7 side=C res=2 off=49816 len=1
RLTRACE t_ns=859202372563893 stage=T7 side=C res=2 off=49820 len=3
RLTRACE t_ns=859202372631554 stage=T7 side=C res=2 off=49824 len=1
RLTRACE t_ns=859202372823073 stage=T7 side=C res=2 off=49831 len=2
RLTRACE t_ns=859202372892216 stage=T7 side=C res=2 off=49836 len=3
RLTRACE t_ns=859202372961703 stage=T7 side=C res=2 off=49840 len=1
RLTRACE t_ns=859202373070328 stage=T7 side=C res=2 off=49847 len=2
RLTRACE t_ns=859202373442895 stage=T7 side=C res=2 off=49852 len=3
RLTRACE t_ns=859202373807536 stage=T7 side=C res=2 off=49856 len=1
RLTRACE t_ns=859202373961041 stage=T7 side=C res=2 off=49863 len=2
RLTRACE t_ns=859202373976772 stage=T7 side=C res=2 off=49868 len=3
RLTRACE t_ns=859202373991060 stage=T7 side=C res=2 off=49872 len=1
RLTRACE t_ns=859202374015948 stage=T7 side=C res=2 off=49879 len=2
RLTRACE t_ns=859202374037328 stage=T7 side=C res=2 off=49884 len=3
RLTRACE t_ns=859202374052653 stage=T7 side=C res=2 off=49888 len=3
RLTRACE t_ns=859202374066980 stage=T7 side=C res=2 off=49892 len=3
RLTRACE t_ns=859202374081313 stage=T7 side=C res=2 off=49896 len=1
RLTRACE t_ns=859202374275785 stage=T8 side=C res=1 tail=13872
RLTRACE t_ns=859202382351233 stage=T8 side=C res=1 tail=13936
RLTRACE t_ns=859202397772404 stage=T7 side=C res=2 off=49900 len=1
RLTRACE t_ns=859202397847741 stage=T7 side=C res=2 off=49908 len=1
RLTRACE t_ns=859202397915648 stage=T7 side=C res=2 off=49916 len=4
RLTRACE t_ns=859202397976355 stage=T7 side=C res=2 off=49929 len=1
RLTRACE t_ns=859202398223933 stage=T7 side=C res=2 off=49933 len=1
RLTRACE t_ns=859202398521909 stage=T7 side=C res=2 off=49936 len=1
RLTRACE t_ns=859202399470328 stage=T7 side=C res=2 off=49940 len=1
RLTRACE t_ns=859202399541848 stage=T7 side=C res=2 off=49944 len=1
RLTRACE t_ns=859202399606750 stage=T7 side=C res=2 off=49948 len=1
RLTRACE t_ns=859202399669433 stage=T7 side=C res=2 off=49957 len=1
RLTRACE t_ns=859202400049311 stage=T8 side=C res=1 tail=13972
RLTRACE t_ns=859202407569779 stage=T8 side=C res=1 tail=14084
RLTRACE t_ns=859202425741248 stage=T8 side=C res=1 tail=14120
RLTRACE t_ns=859202432584531 stage=T7 side=C res=2 off=49960 len=1
RLTRACE t_ns=859202432765746 stage=T7 side=C res=2 off=49964 len=1
RLTRACE t_ns=859202432779831 stage=T7 side=C res=2 off=49972 len=5
RLTRACE t_ns=859202432792609 stage=T7 side=C res=2 off=49984 len=4
RLTRACE t_ns=859202432849126 stage=T7 side=C res=2 off=49996 len=1
RLTRACE t_ns=859202432865184 stage=T7 side=C res=2 off=50008 len=3
RLTRACE t_ns=859202432878494 stage=T7 side=C res=2 off=50012 len=3
RLTRACE t_ns=859202433045380 stage=T7 side=C res=2 off=50016 len=1
RLTRACE t_ns=859202433758016 stage=T8 side=C res=1 tail=14184
RLTRACE t_ns=859202450765756 stage=T7 side=C res=2 off=50020 len=1
RLTRACE t_ns=859202451085449 stage=T7 side=C res=2 off=50024 len=1
RLTRACE t_ns=859202451100757 stage=T7 side=C res=2 off=50032 len=5
RLTRACE t_ns=859202451114130 stage=T7 side=C res=2 off=50044 len=4
RLTRACE t_ns=859202451131512 stage=T7 side=C res=2 off=50056 len=1
RLTRACE t_ns=859202451146047 stage=T7 side=C res=2 off=50060 len=1
RLTRACE t_ns=859202451197079 stage=T7 side=C res=2 off=50076 len=1
RLTRACE t_ns=859202451339870 stage=T7 side=C res=2 off=50080 len=3
RLTRACE t_ns=859202451970298 stage=T7 side=C res=2 off=50084 len=1
RLTRACE t_ns=859202452386903 stage=T7 side=C res=2 off=50091 len=2
RLTRACE t_ns=859202452477895 stage=T7 side=C res=2 off=50096 len=3
RLTRACE t_ns=859202452673052 stage=T7 side=C res=2 off=50100 len=1
RLTRACE t_ns=859202453199594 stage=T7 side=C res=2 off=50107 len=2
RLTRACE t_ns=859202453330704 stage=T7 side=C res=2 off=50112 len=3
RLTRACE t_ns=859202453729913 stage=T7 side=C res=2 off=50116 len=1
RLTRACE t_ns=859202453833991 stage=T7 side=C res=2 off=50123 len=2
RLTRACE t_ns=859202453851855 stage=T7 side=C res=2 off=50128 len=3
RLTRACE t_ns=859202453946357 stage=T7 side=C res=2 off=50132 len=1
RLTRACE t_ns=859202453960714 stage=T7 side=C res=2 off=50139 len=2
RLTRACE t_ns=859202454830181 stage=T7 side=C res=2 off=50144 len=3
RLTRACE t_ns=859202454860124 stage=T7 side=C res=2 off=50148 len=3
RLTRACE t_ns=859202455310380 stage=T7 side=C res=2 off=50152 len=3
RLTRACE t_ns=859202455801491 stage=T7 side=C res=2 off=50156 len=1
RLTRACE t_ns=859202456411290 stage=T8 side=C res=1 tail=14220
RLTRACE t_ns=859202464541767 stage=T8 side=C res=1 tail=14284
RLTRACE t_ns=859202481842658 stage=T7 side=C res=2 off=50160 len=1
RLTRACE t_ns=859202481868807 stage=T7 side=C res=2 off=50164 len=1
RLTRACE t_ns=859202481886849 stage=T7 side=C res=2 off=50172 len=5
RLTRACE t_ns=859202481903330 stage=T7 side=C res=2 off=50184 len=4
RLTRACE t_ns=859202481916262 stage=T7 side=C res=2 off=50196 len=1
RLTRACE t_ns=859202482449619 stage=T7 side=C res=2 off=50208 len=3
RLTRACE t_ns=859202482463720 stage=T7 side=C res=2 off=50212 len=3
RLTRACE t_ns=859202482478816 stage=T7 side=C res=2 off=50216 len=1
RLTRACE t_ns=859202483028677 stage=T8 side=C res=1 tail=14320
RLTRACE t_ns=859202489326546 stage=T8 side=C res=1 tail=14384
RLTRACE t_ns=859202513606782 stage=T7 side=C res=2 off=50220 len=1
RLTRACE t_ns=859202513762759 stage=T7 side=C res=2 off=50224 len=1
RLTRACE t_ns=859202514060315 stage=T7 side=C res=2 off=50232 len=5
RLTRACE t_ns=859202514076673 stage=T7 side=C res=2 off=50244 len=4
RLTRACE t_ns=859202514397010 stage=T7 side=C res=2 off=50256 len=1
RLTRACE t_ns=859202515095070 stage=T7 side=C res=2 off=50260 len=1
RLTRACE t_ns=859202515510020 stage=T7 side=C res=2 off=50276 len=1
RLTRACE t_ns=859202515528500 stage=T7 side=C res=2 off=50280 len=3
RLTRACE t_ns=859202515544549 stage=T7 side=C res=2 off=50284 len=1
RLTRACE t_ns=859202515560337 stage=T7 side=C res=2 off=50291 len=2
RLTRACE t_ns=859202515772247 stage=T7 side=C res=2 off=50296 len=3
RLTRACE t_ns=859202515789519 stage=T7 side=C res=2 off=50300 len=1
RLTRACE t_ns=859202516919599 stage=T7 side=C res=2 off=50307 len=2
RLTRACE t_ns=859202517441257 stage=T7 side=C res=2 off=50312 len=3
RLTRACE t_ns=859202517485973 stage=T7 side=C res=2 off=50316 len=1
RLTRACE t_ns=859202517529730 stage=T7 side=C res=2 off=50323 len=2
RLTRACE t_ns=859202517560735 stage=T7 side=C res=2 off=50328 len=3
RLTRACE t_ns=859202517588189 stage=T7 side=C res=2 off=50332 len=1
RLTRACE t_ns=859202517614996 stage=T7 side=C res=2 off=50339 len=2
RLTRACE t_ns=859202517642472 stage=T7 side=C res=2 off=50344 len=3
RLTRACE t_ns=859202517669633 stage=T7 side=C res=2 off=50348 len=3
RLTRACE t_ns=859202517696369 stage=T7 side=C res=2 off=50352 len=3
RLTRACE t_ns=859202517724270 stage=T7 side=C res=2 off=50356 len=1
RLTRACE t_ns=859202518060325 stage=T8 side=C res=1 tail=14420
RLTRACE t_ns=859202531743527 stage=T8 side=C res=1 tail=14484
RLTRACE t_ns=859202548635890 stage=T7 side=C res=2 off=50360 len=1
RLTRACE t_ns=859202548658039 stage=T7 side=C res=2 off=50368 len=1
RLTRACE t_ns=859202548672645 stage=T7 side=C res=2 off=50376 len=1
RLTRACE t_ns=859202548912870 stage=T8 side=C res=1 tail=14520
RLTRACE t_ns=859202555749649 stage=T8 side=C res=1 tail=14692
RLTRACE t_ns=859202571429110 stage=T7 side=C res=2 off=50384 len=1
RLTRACE t_ns=859202571451428 stage=T7 side=C res=2 off=50388 len=1
RLTRACE t_ns=859202571464578 stage=T7 side=C res=2 off=50396 len=5
RLTRACE t_ns=859202571477108 stage=T7 side=C res=2 off=50408 len=4
RLTRACE t_ns=859202571493164 stage=T7 side=C res=2 off=50428 len=3
RLTRACE t_ns=859202571506389 stage=T7 side=C res=2 off=50436 len=1
RLTRACE t_ns=859202571519438 stage=T7 side=C res=2 off=50444 len=1
RLTRACE t_ns=859202571843615 stage=T8 side=C res=1 tail=14804
RLTRACE t_ns=859202590796741 stage=T8 side=C res=1 tail=14920
RLTRACE t_ns=859202615557621 stage=T7 side=C res=2 off=50448 len=1
RLTRACE t_ns=859202615627714 stage=T7 side=C res=2 off=50456 len=1
RLTRACE t_ns=859202615680614 stage=T7 side=C res=2 off=50464 len=4
RLTRACE t_ns=859202616147709 stage=T8 side=C res=1 tail=15000
RLTRACE t_ns=859202632306414 stage=T7 side=C res=2 off=50484 len=1
RLTRACE t_ns=859202632384154 stage=T7 side=C res=2 off=50488 len=1
RLTRACE t_ns=859202632454762 stage=T7 side=C res=2 off=50504 len=3
RLTRACE t_ns=859202632519105 stage=T7 side=C res=2 off=50512 len=2
RLTRACE t_ns=859202632616139 stage=T7 side=C res=2 off=50520 len=3
RLTRACE t_ns=859202632715556 stage=T7 side=C res=2 off=50528 len=3
RLTRACE t_ns=859202632838745 stage=T8 side=C res=1 tail=15088
RLTRACE t_ns=859202652416843 stage=T7 side=C res=2 off=50536 len=1
RLTRACE t_ns=859202652491138 stage=T7 side=C res=2 off=50544 len=1
RLTRACE t_ns=859202652544267 stage=T7 side=C res=2 off=50552 len=1
RLTRACE t_ns=859202653034297 stage=T8 side=C res=1 tail=15360
RLTRACE t_ns=859202679074433 stage=T7 side=C res=2 off=50560 len=1
RLTRACE t_ns=859202679143336 stage=T7 side=C res=2 off=50564 len=1
RLTRACE t_ns=859202679198055 stage=T7 side=C res=2 off=50572 len=5
RLTRACE t_ns=859202679251640 stage=T7 side=C res=2 off=50584 len=4
RLTRACE t_ns=859202679308965 stage=T7 side=C res=2 off=50604 len=3
RLTRACE t_ns=859202679364053 stage=T7 side=C res=2 off=50612 len=1
RLTRACE t_ns=859202679416200 stage=T7 side=C res=2 off=50620 len=1
RLTRACE t_ns=859202679846903 stage=T8 side=C res=1 tail=15472
RLTRACE t_ns=859202712244930 stage=T8 side=C res=1 tail=15588
RLTRACE t_ns=859202738143177 stage=T7 side=C res=2 off=50624 len=1
RLTRACE t_ns=859202738206295 stage=T7 side=C res=2 off=50632 len=1
RLTRACE t_ns=859202738279183 stage=T7 side=C res=2 off=50640 len=4
RLTRACE t_ns=859202738779178 stage=T8 side=C res=1 tail=15668
RLTRACE t_ns=859202758884873 stage=T7 side=C res=2 off=50660 len=1
RLTRACE t_ns=859202759068351 stage=T7 side=C res=2 off=50664 len=1
RLTRACE t_ns=859202759264909 stage=T7 side=C res=2 off=50680 len=3
RLTRACE t_ns=859202759335958 stage=T7 side=C res=2 off=50688 len=2
RLTRACE t_ns=859202759414493 stage=T7 side=C res=2 off=50696 len=3
RLTRACE t_ns=859202759489485 stage=T7 side=C res=2 off=50704 len=3
RLTRACE t_ns=859202759876578 stage=T8 side=C res=1 tail=15756
RLTRACE t_ns=859202778946579 stage=T7 side=C res=2 off=50712 len=1
RLTRACE t_ns=859202779027198 stage=T7 side=C res=2 off=50720 len=1
RLTRACE t_ns=859202779076163 stage=T7 side=C res=2 off=50728 len=1
RLTRACE t_ns=859202779670766 stage=T8 side=C res=1 tail=16028
RLTRACE t_ns=859202810973923 stage=T7 side=C res=2 off=50736 len=1
RLTRACE t_ns=859202811115720 stage=T7 side=C res=2 off=50740 len=1
RLTRACE t_ns=859202811190574 stage=T7 side=C res=2 off=50748 len=5
RLTRACE t_ns=859202811261127 stage=T7 side=C res=2 off=50760 len=4
RLTRACE t_ns=859202811329372 stage=T7 side=C res=2 off=50780 len=3
RLTRACE t_ns=859202811396930 stage=T7 side=C res=2 off=50788 len=1
RLTRACE t_ns=859202811463421 stage=T7 side=C res=2 off=50796 len=1
RLTRACE t_ns=859202811728705 stage=T8 side=C res=1 tail=16140
RLTRACE t_ns=859202844792369 stage=T8 side=C res=1 tail=16256
RLTRACE t_ns=859202856292175 stage=T7 side=C res=2 off=50800 len=1
RLTRACE t_ns=859202856353258 stage=T7 side=C res=2 off=50808 len=1
RLTRACE t_ns=859202856494364 stage=T7 side=C res=2 off=50816 len=4
RLTRACE t_ns=859202856568009 stage=T8 side=C res=1 tail=16336
RLTRACE t_ns=859202881830763 stage=T7 side=C res=2 off=50836 len=1
RLTRACE t_ns=859202881905144 stage=T7 side=C res=2 off=50840 len=1
RLTRACE t_ns=859202881969438 stage=T7 side=C res=2 off=50856 len=3
RLTRACE t_ns=859202882053556 stage=T7 side=C res=2 off=50864 len=2
RLTRACE t_ns=859202882116563 stage=T7 side=C res=2 off=50872 len=3
RLTRACE t_ns=859202882177052 stage=T7 side=C res=2 off=50880 len=3
RLTRACE t_ns=859202882674115 stage=T8 side=C res=1 tail=16372
RLTRACE t_ns=859202890987112 stage=T8 side=C res=1 tail=16424
RLTRACE t_ns=859202917403500 stage=T7 side=C res=2 off=50888 len=1
RLTRACE t_ns=859202917433336 stage=T7 side=C res=2 off=50896 len=1
RLTRACE t_ns=859202917450555 stage=T7 side=C res=2 off=50904 len=1
RLTRACE t_ns=859202917925222 stage=T8 side=C res=1 tail=16696
RLTRACE t_ns=859202946857696 stage=T7 side=C res=2 off=50912 len=1
RLTRACE t_ns=859202947169735 stage=T7 side=C res=2 off=50916 len=1
RLTRACE t_ns=859202947194904 stage=T7 side=C res=2 off=50924 len=5
RLTRACE t_ns=859202947209727 stage=T7 side=C res=2 off=50936 len=4
RLTRACE t_ns=859202947886022 stage=T7 side=C res=2 off=50956 len=3
RLTRACE t_ns=859202948499045 stage=T7 side=C res=2 off=50964 len=1
RLTRACE t_ns=859202949024338 stage=T7 side=C res=2 off=50972 len=1
RLTRACE t_ns=859202949994756 stage=T8 side=C res=1 tail=16808
RLTRACE t_ns=859202984935764 stage=T8 side=C res=1 tail=16924
RLTRACE t_ns=859202998148459 stage=T7 side=C res=2 off=50976 len=1
RLTRACE t_ns=859202998482382 stage=T7 side=C res=2 off=50984 len=1
RLTRACE t_ns=859202998994045 stage=T7 side=C res=2 off=50992 len=4
RLTRACE t_ns=859202999138654 stage=T8 side=C res=1 tail=17004
RLTRACE t_ns=859203023891865 stage=T7 side=C res=2 off=51012 len=1
RLTRACE t_ns=859203023957249 stage=T7 side=C res=2 off=51016 len=1
RLTRACE t_ns=859203024025247 stage=T7 side=C res=2 off=51032 len=3
RLTRACE t_ns=859203024269863 stage=T7 side=C res=2 off=51040 len=2
RLTRACE t_ns=859203024326886 stage=T7 side=C res=2 off=51048 len=3
RLTRACE t_ns=859203024373169 stage=T7 side=C res=2 off=51056 len=3
RLTRACE t_ns=859203024986971 stage=T8 side=C res=1 tail=17092
RLTRACE t_ns=859203048621700 stage=T7 side=C res=2 off=51064 len=1
RLTRACE t_ns=859203048657655 stage=T7 side=C res=2 off=51072 len=1
RLTRACE t_ns=859203048673395 stage=T7 side=C res=2 off=51080 len=1
RLTRACE t_ns=859203049079108 stage=T8 side=C res=1 tail=17684
RLTRACE t_ns=859203063846418 stage=T8 side=C res=1 tail=18036
RLTRACE t_ns=859203089977553 stage=T7 side=C res=2 off=51088 len=1
RLTRACE t_ns=859203090338867 stage=T7 side=C res=2 off=51092 len=1
RLTRACE t_ns=859203090471982 stage=T7 side=C res=2 off=51100 len=5
RLTRACE t_ns=859203090485423 stage=T7 side=C res=2 off=51112 len=4
RLTRACE t_ns=859203090502011 stage=T7 side=C res=2 off=51133 len=2
RLTRACE t_ns=859203090515276 stage=T7 side=C res=2 off=51142 len=1
RLTRACE t_ns=859203091067887 stage=T7 side=C res=2 off=51148 len=1
RLTRACE t_ns=859203091149097 stage=T8 side=C res=1 tail=18148
RLTRACE t_ns=859203121909670 stage=T7 side=C res=2 off=51152 len=1
RLTRACE t_ns=859203121961315 stage=T8 side=C res=1 tail=18220
RLTRACE t_ns=859203132352926 stage=T8 side=C res=1 tail=18908
[wp-proxy] objects+ app_obj=16 zwp_linux_buffer_params_v1
[wp-proxy] intercept create_params -> params 16
[wp-proxy] intercept params 16.add -> resource Some(7), modifier 0x0, offset 0, stride 2000 (fd dropped)
[wp-proxy] objects+ app_obj=17 wl_buffer
[wp-proxy] intercept params 16.create_immed -> buffer 17 = resource 7 (500x500 fmt 0x34325258 offset 0 stride 2000)
[wp-proxy] forward obj 16 opcode 0 (0 args)
[wp-proxy] objects- app_obj=16 zwp_linux_buffer_params_v1 (was_known=true)
[wp-proxy] objects+ app_obj=18 zwp_linux_buffer_params_v1
[wp-proxy] intercept create_params -> params 18
[wp-proxy] intercept params 18.add -> resource Some(8), modifier 0x0, offset 0, stride 2000 (fd dropped)
[wp-proxy] objects+ app_obj=19 wl_buffer
[wp-proxy] intercept params 18.create_immed -> buffer 19 = resource 8 (500x500 fmt 0x34325258 offset 0 stride 2000)
[wp-proxy] forward obj 18 opcode 0 (0 args)
[wp-proxy] objects- app_obj=18 zwp_linux_buffer_params_v1 (was_known=true)
[wp-proxy] objects+ app_obj=20 zwp_linux_buffer_params_v1
[wp-proxy] intercept create_params -> params 20
[wp-proxy] intercept params 20.add -> resource Some(9), modifier 0x0, offset 0, stride 2000 (fd dropped)
[wp-proxy] objects+ app_obj=21 wl_buffer
[wp-proxy] intercept params 20.create_immed -> buffer 21 = resource 9 (500x500 fmt 0x34325258 offset 0 stride 2000)
[wp-proxy] forward obj 20 opcode 0 (0 args)
[wp-proxy] objects- app_obj=20 zwp_linux_buffer_params_v1 (was_known=true)
[wp-proxy] objects+ app_obj=22 zwp_linux_buffer_params_v1
[wp-proxy] intercept create_params -> params 22
[wp-proxy] intercept params 22.add -> resource Some(10), modifier 0x0, offset 0, stride 2000 (fd dropped)
[wp-proxy] objects+ app_obj=23 wl_buffer
[wp-proxy] intercept params 22.create_immed -> buffer 23 = resource 10 (500x500 fmt 0x34325258 offset 0 stride 2000)
[wp-proxy] forward obj 22 opcode 0 (0 args)
[wp-proxy] objects- app_obj=22 zwp_linux_buffer_params_v1 (was_known=true)
RLTRACE t_ns=859203159590579 stage=T8 side=C res=1 tail=18976
RLTRACE t_ns=859203167094068 stage=T7 side=C res=2 off=51160 len=1
RLTRACE t_ns=859203167114919 stage=T7 side=C res=2 off=51168 len=1
RLTRACE t_ns=859203167127691 stage=T7 side=C res=2 off=51172 len=1
RLTRACE t_ns=859203167516962 stage=T8 side=C res=1 tail=20104
RLTRACE t_ns=859203202433273 stage=T7 side=C res=2 off=51176 len=1
RLTRACE t_ns=859203202939893 stage=T8 side=C res=1 tail=20792
RLTRACE t_ns=859203216195521 stage=T8 side=C res=1 tail=20972
[wp-proxy] forward obj 3 opcode 1 (3 args)
[wp-proxy] forward obj 3 opcode 9 (4 args)
[wp-proxy] objects+ app_obj=22 wl_callback
[wp-proxy] forward obj 3 opcode 3 (1 args)
[wp-proxy] forward obj 3 opcode 6 (0 args)
[wp-event][C] delivered app_obj=22 wl_callback.done args=1
RLTRACE t_ns=859203237303491 stage=T7 side=C res=2 off=51184 len=1
RLTRACE t_ns=859203237328898 stage=T7 side=C res=2 off=51192 len=1
RLTRACE t_ns=859203237348308 stage=T7 side=C res=2 off=51196 len=1
RLTRACE t_ns=859203237517995 stage=T8 side=C res=1 tail=21236
RLTRACE t_ns=859203260537320 stage=T8 side=C res=1 tail=21332
RLTRACE t_ns=859203274096478 stage=T8 side=C res=1 tail=22020
RLTRACE t_ns=859203278731884 stage=T8 side=C res=1 tail=22140
RLTRACE t_ns=859203291589037 stage=T7 side=C res=2 off=51200 len=1
RLTRACE t_ns=859203291869205 stage=T8 side=C res=1 tail=22200
[wp-proxy] forward obj 3 opcode 1 (3 args)
[wp-proxy] forward obj 3 opcode 9 (4 args)
[wp-proxy] objects+ app_obj=22 wl_callback
[wp-proxy] forward obj 3 opcode 3 (1 args)
[wp-proxy] forward obj 3 opcode 6 (0 args)
[wp-proxy] objects- app_obj=22 wl_callback (was_known=false)
[wp-event][C] delivered app_obj=17 wl_buffer.release args=0
[wp-event][C] delivered app_obj=22 wl_callback.done args=1
RLTRACE t_ns=859203319720005 stage=T7 side=C res=2 off=51208 len=1
RLTRACE t_ns=859203320180207 stage=T7 side=C res=2 off=51216 len=1
RLTRACE t_ns=859203320198814 stage=T7 side=C res=2 off=51220 len=1
RLTRACE t_ns=859203321347289 stage=T8 side=C res=1 tail=22236
RLTRACE t_ns=859203329271808 stage=T8 side=C res=1 tail=22560
RLTRACE t_ns=859203368146598 stage=T7 side=C res=2 off=51224 len=1
RLTRACE t_ns=859203368575254 stage=T8 side=C res=1 tail=23308
[wp-proxy] forward obj 3 opcode 1 (3 args)
[wp-proxy] forward obj 3 opcode 9 (4 args)
[wp-proxy] objects+ app_obj=22 wl_callback
[wp-proxy] forward obj 3 opcode 3 (1 args)
[wp-proxy] forward obj 3 opcode 6 (0 args)
[wp-proxy] objects- app_obj=22 wl_callback (was_known=false)
RLTRACE t_ns=859203377172306 stage=T8 side=C res=1 tail=23428
[wp-event][C] delivered app_obj=19 wl_buffer.release args=0
[wp-event][C] delivered app_obj=22 wl_callback.done args=1
RLTRACE t_ns=859203390771059 stage=T7 side=C res=2 off=51232 len=1
RLTRACE t_ns=859203390861039 stage=T7 side=C res=2 off=51236 len=1
RLTRACE t_ns=859203390922665 stage=T7 side=C res=2 off=51240 len=1
RLTRACE t_ns=859203391413345 stage=T8 side=C res=1 tail=23788
RLTRACE t_ns=859203424286925 stage=T7 side=C res=2 off=51248 len=1
RLTRACE t_ns=859203424456712 stage=T8 side=C res=1 tail=24452
[wp-proxy] forward obj 3 opcode 1 (3 args)
[wp-proxy] forward obj 3 opcode 9 (4 args)
[wp-proxy] objects+ app_obj=22 wl_callback
[wp-proxy] forward obj 3 opcode 3 (1 args)
[wp-proxy] forward obj 3 opcode 6 (0 args)
[wp-proxy] objects- app_obj=22 wl_callback (was_known=false)
[wp-event][C] delivered app_obj=21 wl_buffer.release args=0
[wp-event][C] delivered app_obj=22 wl_callback.done args=1
RLTRACE t_ns=859203439576542 stage=T8 side=C res=1 tail=24656
RLTRACE t_ns=859203454906972 stage=T7 side=C res=2 off=51256 len=1
RLTRACE t_ns=859203454954837 stage=T7 side=C res=2 off=51264 len=1
RLTRACE t_ns=859203455118572 stage=T8 side=C res=1 tail=24812
RLTRACE t_ns=859203499214277 stage=T8 side=C res=1 tail=24848
RLTRACE t_ns=859203508115440 stage=T7 side=C res=2 off=51272 len=1
RLTRACE t_ns=859203508145349 stage=T7 side=C res=2 off=51276 len=1
RLTRACE t_ns=859203508261961 stage=T8 side=C res=1 tail=25736
RLTRACE t_ns=859203520415322 stage=T8 side=C res=1 tail=25856
RLTRACE t_ns=859203531044916 stage=T7 side=C res=2 off=51280 len=1
RLTRACE t_ns=859203531104787 stage=T8 side=C res=1 tail=25916
[wp-proxy] forward obj 3 opcode 1 (3 args)
[wp-proxy] forward obj 3 opcode 9 (4 args)
[wp-proxy] objects+ app_obj=22 wl_callback
[wp-proxy] forward obj 3 opcode 3 (1 args)
[wp-proxy] forward obj 3 opcode 6 (0 args)
[wp-proxy] objects- app_obj=22 wl_callback (was_known=false)
[wp-event][C] delivered app_obj=23 wl_buffer.release args=0
[wp-event][C] delivered app_obj=22 wl_callback.done args=1
RLTRACE t_ns=859203550603157 stage=T7 side=C res=2 off=51288 len=1
RLTRACE t_ns=859203550623573 stage=T7 side=C res=2 off=51296 len=1
RLTRACE t_ns=859203550944089 stage=T8 side=C res=1 tail=26072
RLTRACE t_ns=859203575348706 stage=T7 side=C res=2 off=51304 len=1
RLTRACE t_ns=859203575372296 stage=T7 side=C res=2 off=51308 len=1
RLTRACE t_ns=859203575570516 stage=T8 side=C res=1 tail=26212
RLTRACE t_ns=859203583628987 stage=T8 side=C res=1 tail=27116
RLTRACE t_ns=859203606317095 stage=T7 side=C res=2 off=51312 len=1
RLTRACE t_ns=859203606836211 stage=T8 side=C res=1 tail=27176
[wp-proxy] forward obj 3 opcode 1 (3 args)
[wp-proxy] forward obj 3 opcode 9 (4 args)
[wp-proxy] objects+ app_obj=22 wl_callback
[wp-proxy] forward obj 3 opcode 3 (1 args)
[wp-proxy] forward obj 3 opcode 6 (0 args)
[wp-proxy] objects- app_obj=22 wl_callback (was_known=false)
[wp-event][C] delivered app_obj=17 wl_buffer.release args=0
[wp-event][C] delivered app_obj=22 wl_callback.done args=1
RLTRACE t_ns=859203636857506 stage=T7 side=C res=2 off=51320 len=1
RLTRACE t_ns=859203636887725 stage=T7 side=C res=2 off=51328 len=1
RLTRACE t_ns=859203636919618 stage=T8 side=C res=1 tail=27332
RLTRACE t_ns=859203682360246 stage=T7 side=C res=2 off=51336 len=1
RLTRACE t_ns=859203682740165 stage=T7 side=C res=2 off=51340 len=1
RLTRACE t_ns=859203682859685 stage=T8 side=C res=1 tail=27368
RLTRACE t_ns=859203695469801 stage=T8 side=C res=1 tail=28376
RLTRACE t_ns=859203719383131 stage=T7 side=C res=2 off=51344 len=1
RLTRACE t_ns=859203719914558 stage=T8 side=C res=1 tail=28412
RLTRACE t_ns=859203731322284 stage=T8 side=C res=1 tail=28436
[wp-proxy] forward obj 3 opcode 1 (3 args)
[wp-proxy] forward obj 3 opcode 9 (4 args)
[wp-proxy] objects+ app_obj=22 wl_callback
[wp-proxy] forward obj 3 opcode 3 (1 args)
[wp-proxy] forward obj 3 opcode 6 (0 args)
[wp-proxy] objects- app_obj=22 wl_callback (was_known=false)
[wp-event][C] delivered app_obj=19 wl_buffer.release args=0
[wp-event][C] delivered app_obj=22 wl_callback.done args=1
RLTRACE t_ns=859203751150188 stage=T7 side=C res=2 off=51352 len=1
RLTRACE t_ns=859203751220610 stage=T7 side=C res=2 off=51360 len=1
RLTRACE t_ns=859203751327778 stage=T8 side=C res=1 tail=28592
RLTRACE t_ns=859203784713337 stage=T7 side=C res=2 off=51368 len=1
RLTRACE t_ns=859203784787197 stage=T7 side=C res=2 off=51372 len=1
RLTRACE t_ns=859203785316382 stage=T8 side=C res=1 tail=28628
RLTRACE t_ns=859203792113224 stage=T8 side=C res=1 tail=29636
RLTRACE t_ns=859203816025584 stage=T7 side=C res=2 off=51376 len=1
RLTRACE t_ns=859203816129157 stage=T8 side=C res=1 tail=29696
[wp-proxy] forward obj 3 opcode 1 (3 args)
[wp-proxy] forward obj 3 opcode 9 (4 args)
[wp-proxy] objects+ app_obj=22 wl_callback
[wp-proxy] forward obj 3 opcode 3 (1 args)
[wp-proxy] forward obj 3 opcode 6 (0 args)
[wp-proxy] objects- app_obj=22 wl_callback (was_known=false)
[wp-event][C] delivered app_obj=21 wl_buffer.release args=0
[wp-event][C] delivered app_obj=22 wl_callback.done args=1
RLTRACE t_ns=859203839672052 stage=T7 side=C res=2 off=51384 len=1
RLTRACE t_ns=859203839741021 stage=T7 side=C res=2 off=51392 len=1
RLTRACE t_ns=859203840259794 stage=T8 side=C res=1 tail=29852
RLTRACE t_ns=859203868609408 stage=T7 side=C res=2 off=51400 len=1
RLTRACE t_ns=859203868963057 stage=T7 side=C res=2 off=51404 len=1
RLTRACE t_ns=859203869551094 stage=T8 side=C res=1 tail=29888
RLTRACE t_ns=859203877037792 stage=T8 side=C res=1 tail=30896
RLTRACE t_ns=859203902880146 stage=T7 side=C res=2 off=51408 len=1
RLTRACE t_ns=859203903239655 stage=T8 side=C res=1 tail=30956
[wp-proxy] forward obj 3 opcode 1 (3 args)
[wp-proxy] forward obj 3 opcode 9 (4 args)
[wp-proxy] objects+ app_obj=22 wl_callback
[wp-proxy] forward obj 3 opcode 3 (1 args)
[wp-proxy] forward obj 3 opcode 6 (0 args)
[wp-proxy] objects- app_obj=22 wl_callback (was_known=false)
[wp-event][C] delivered app_obj=23 wl_buffer.release args=0
[wp-event][C] delivered app_obj=22 wl_callback.done args=1
RLTRACE t_ns=859203933730586 stage=T7 side=C res=2 off=51416 len=1
RLTRACE t_ns=859203933764517 stage=T7 side=C res=2 off=51424 len=1
RLTRACE t_ns=859203934266066 stage=T8 side=C res=1 tail=31088
RLTRACE t_ns=859203950024598 stage=T8 side=C res=1 tail=31112
RLTRACE t_ns=859203966158651 stage=T7 side=C res=2 off=51432 len=1
RLTRACE t_ns=859203966263524 stage=T7 side=C res=2 off=51436 len=1
RLTRACE t_ns=859203977840317 stage=T8 side=C res=1 tail=31348
RLTRACE t_ns=859203993651313 stage=T8 side=C res=1 tail=31416
RLTRACE t_ns=859204007284243 stage=T7 side=C res=2 off=51440 len=1
RLTRACE t_ns=859204007486827 stage=T8 side=C res=1 tail=32216
[wp-proxy] forward obj 3 opcode 1 (3 args)
[wp-proxy] forward obj 3 opcode 9 (4 args)
[wp-proxy] objects+ app_obj=22 wl_callback
[wp-proxy] forward obj 3 opcode 3 (1 args)
[wp-proxy] forward obj 3 opcode 6 (0 args)
[wp-proxy] objects- app_obj=22 wl_callback (was_known=false)
[wp-event][C] delivered app_obj=17 wl_buffer.release args=0
[wp-event][C] delivered app_obj=22 wl_callback.done args=1
RLTRACE t_ns=859204034337034 stage=T7 side=C res=2 off=51448 len=1
RLTRACE t_ns=859204034362709 stage=T7 side=C res=2 off=51456 len=1
RLTRACE t_ns=859204034829506 stage=T8 side=C res=1 tail=32372
RLTRACE t_ns=859204076093927 stage=T7 side=C res=2 off=51464 len=1
RLTRACE t_ns=859204076648446 stage=T7 side=C res=2 off=51468 len=1
RLTRACE t_ns=859204077062621 stage=T8 side=C res=1 tail=33020
RLTRACE t_ns=859204091982500 stage=T8 side=C res=1 tail=33416
RLTRACE t_ns=859204107716135 stage=T7 side=C res=2 off=51472 len=1
RLTRACE t_ns=859204108359055 stage=T8 side=C res=1 tail=33476
[wp-proxy] forward obj 3 opcode 1 (3 args)
[wp-proxy] forward obj 3 opcode 9 (4 args)
[wp-proxy] objects+ app_obj=22 wl_callback
[wp-proxy] forward obj 3 opcode 3 (1 args)
[wp-proxy] forward obj 3 opcode 6 (0 args)
[wp-proxy] objects- app_obj=22 wl_callback (was_known=false)
[wp-event][C] delivered app_obj=19 wl_buffer.release args=0
[wp-event][C] delivered app_obj=22 wl_callback.done args=1
RLTRACE t_ns=859204142588648 stage=T7 side=C res=2 off=51480 len=1
RLTRACE t_ns=859204142772175 stage=T7 side=C res=2 off=51488 len=1
RLTRACE t_ns=859204142931132 stage=T8 side=C res=1 tail=33632
RLTRACE t_ns=859204184216092 stage=T7 side=C res=2 off=51496 len=1
RLTRACE t_ns=859204184291920 stage=T7 side=C res=2 off=51500 len=1
RLTRACE t_ns=859204184934521 stage=T8 side=C res=1 tail=34312
RLTRACE t_ns=859204198193818 stage=T8 side=C res=1 tail=34676
RLTRACE t_ns=859204207579632 stage=T7 side=C res=2 off=51504 len=1
RLTRACE t_ns=859204207977141 stage=T8 side=C res=1 tail=34736
[wp-proxy] forward obj 3 opcode 1 (3 args)
[wp-proxy] forward obj 3 opcode 9 (4 args)
[wp-proxy] objects+ app_obj=22 wl_callback
[wp-proxy] forward obj 3 opcode 3 (1 args)
[wp-proxy] forward obj 3 opcode 6 (0 args)
[wp-proxy] objects- app_obj=22 wl_callback (was_known=false)
[wp-event][C] delivered app_obj=21 wl_buffer.release args=0
[wp-event][C] delivered app_obj=22 wl_callback.done args=1
RLTRACE t_ns=859204229882323 stage=T7 side=C res=2 off=51512 len=1
RLTRACE t_ns=859204229956771 stage=T7 side=C res=2 off=51520 len=1
RLTRACE t_ns=859204230389843 stage=T8 side=C res=1 tail=34892
RLTRACE t_ns=859204277501222 stage=T7 side=C res=2 off=51528 len=1
RLTRACE t_ns=859204277609681 stage=T7 side=C res=2 off=51532 len=1
RLTRACE t_ns=859204278065878 stage=T8 side=C res=1 tail=34928
RLTRACE t_ns=859204299908441 stage=T8 side=C res=1 tail=35936
RLTRACE t_ns=859204331726229 stage=T7 side=C res=2 off=51536 len=1
RLTRACE t_ns=859204332093292 stage=T8 side=C res=1 tail=35996
[wp-proxy] forward obj 3 opcode 1 (3 args)
[wp-proxy] forward obj 3 opcode 9 (4 args)
[wp-proxy] objects+ app_obj=22 wl_callback
[wp-proxy] forward obj 3 opcode 3 (1 args)
[wp-proxy] forward obj 3 opcode 6 (0 args)
[wp-proxy] objects- app_obj=22 wl_callback (was_known=false)
[wp-event][C] delivered app_obj=23 wl_buffer.release args=0
[wp-event][C] delivered app_obj=22 wl_callback.done args=1
RLTRACE t_ns=859204358482519 stage=T7 side=C res=2 off=51544 len=1
RLTRACE t_ns=859204358514043 stage=T7 side=C res=2 off=51552 len=1
RLTRACE t_ns=859204358708659 stage=T8 side=C res=1 tail=36152
RLTRACE t_ns=859204390239867 stage=T7 side=C res=2 off=51560 len=1
RLTRACE t_ns=859204390274983 stage=T7 side=C res=2 off=51564 len=1
RLTRACE t_ns=859204390477393 stage=T8 side=C res=1 tail=36188
RLTRACE t_ns=859204398436770 stage=T8 side=C res=1 tail=37196
RLTRACE t_ns=859204420213224 stage=T7 side=C res=2 off=51568 len=1
RLTRACE t_ns=859204420487394 stage=T8 side=C res=1 tail=37256
[wp-proxy] forward obj 3 opcode 1 (3 args)
[wp-proxy] forward obj 3 opcode 9 (4 args)
[wp-proxy] objects+ app_obj=22 wl_callback
[wp-proxy] forward obj 3 opcode 3 (1 args)
[wp-proxy] forward obj 3 opcode 6 (0 args)
[wp-proxy] objects- app_obj=22 wl_callback (was_known=false)
[wp-event][C] delivered app_obj=17 wl_buffer.release args=0
[wp-event][C] delivered app_obj=22 wl_callback.done args=1
RLTRACE t_ns=859204446808965 stage=T7 side=C res=2 off=51576 len=1
RLTRACE t_ns=859204446904438 stage=T7 side=C res=2 off=51584 len=1
RLTRACE t_ns=859204447493976 stage=T8 side=C res=1 tail=37412
RLTRACE t_ns=859204484137489 stage=T7 side=C res=2 off=51592 len=1
RLTRACE t_ns=859204484242248 stage=T7 side=C res=2 off=51596 len=1
RLTRACE t_ns=859204484524215 stage=T8 side=C res=1 tail=37448
RLTRACE t_ns=859204492606579 stage=T8 side=C res=1 tail=38456
RLTRACE t_ns=859204515093865 stage=T8 side=C res=1 tail=38492
RLTRACE t_ns=859204529370737 stage=T7 side=C res=2 off=51600 len=1
RLTRACE t_ns=859204529699612 stage=T8 side=C res=1 tail=38516
[wp-proxy] forward obj 3 opcode 1 (3 args)
[wp-proxy] forward obj 3 opcode 9 (4 args)
[wp-proxy] objects+ app_obj=22 wl_callback
[wp-proxy] forward obj 3 opcode 3 (1 args)
[wp-proxy] forward obj 3 opcode 6 (0 args)
[wp-proxy] objects- app_obj=22 wl_callback (was_known=false)
[wp-event][C] delivered app_obj=19 wl_buffer.release args=0
[wp-event][C] delivered app_obj=22 wl_callback.done args=1
RLTRACE t_ns=859204558189414 stage=T7 side=C res=2 off=51608 len=1
RLTRACE t_ns=859204558271947 stage=T7 side=C res=2 off=51616 len=1
RLTRACE t_ns=859204558689421 stage=T8 side=C res=1 tail=38672
RLTRACE t_ns=859204600523353 stage=T7 side=C res=2 off=51624 len=1
RLTRACE t_ns=859204600598075 stage=T7 side=C res=2 off=51628 len=1
RLTRACE t_ns=859204601133390 stage=T8 side=C res=1 tail=39152
RLTRACE t_ns=859204615394418 stage=T8 side=C res=1 tail=39716
RLTRACE t_ns=859204627169186 stage=T7 side=C res=2 off=51632 len=1
RLTRACE t_ns=859204627493224 stage=T8 side=C res=1 tail=39776
[wp-proxy] forward obj 3 opcode 1 (3 args)
[wp-proxy] forward obj 3 opcode 9 (4 args)
[wp-proxy] objects+ app_obj=22 wl_callback
[wp-proxy] forward obj 3 opcode 3 (1 args)
[wp-proxy] forward obj 3 opcode 6 (0 args)
[wp-proxy] objects- app_obj=22 wl_callback (was_known=false)
[wp-event][C] delivered app_obj=21 wl_buffer.release args=0
[wp-event][C] delivered app_obj=22 wl_callback.done args=1
RLTRACE t_ns=859204651677172 stage=T7 side=C res=2 off=51640 len=1
RLTRACE t_ns=859204651750451 stage=T7 side=C res=2 off=51648 len=1
RLTRACE t_ns=859204651930814 stage=T8 side=C res=1 tail=39932
RLTRACE t_ns=859204689910048 stage=T7 side=C res=2 off=51656 len=1
RLTRACE t_ns=859204689981229 stage=T7 side=C res=2 off=51660 len=1
RLTRACE t_ns=859204690151429 stage=T8 side=C res=1 tail=40808
RLTRACE t_ns=859204701218060 stage=T8 side=C res=1 tail=40976
RLTRACE t_ns=859204717173779 stage=T7 side=C res=2 off=51664 len=1
RLTRACE t_ns=859204717692136 stage=T8 side=C res=1 tail=41036
[wp-proxy] forward obj 3 opcode 1 (3 args)
[wp-proxy] forward obj 3 opcode 9 (4 args)
[wp-proxy] objects+ app_obj=22 wl_callback
[wp-proxy] forward obj 3 opcode 3 (1 args)
[wp-proxy] forward obj 3 opcode 6 (0 args)
[wp-proxy] objects- app_obj=22 wl_callback (was_known=false)
[wp-event][C] delivered app_obj=23 wl_buffer.release args=0
[wp-event][C] delivered app_obj=22 wl_callback.done args=1
RLTRACE t_ns=859204738394861 stage=T8 side=C res=1 tail=41072
RLTRACE t_ns=859204747581694 stage=T7 side=C res=2 off=51672 len=1
RLTRACE t_ns=859204747652999 stage=T7 side=C res=2 off=51680 len=1
RLTRACE t_ns=859204748077197 stage=T8 side=C res=1 tail=41192
RLTRACE t_ns=859204781280607 stage=T7 side=C res=2 off=51688 len=1
RLTRACE t_ns=859204781308233 stage=T7 side=C res=2 off=51692 len=1
RLTRACE t_ns=859204781370002 stage=T8 side=C res=1 tail=41228
RLTRACE t_ns=859204788722428 stage=T8 side=C res=1 tail=42236
RLTRACE t_ns=859204808946423 stage=T7 side=C res=2 off=51696 len=1
RLTRACE t_ns=859204809072691 stage=T8 side=C res=1 tail=42296
[wp-proxy] forward obj 3 opcode 1 (3 args)
[wp-proxy] forward obj 3 opcode 9 (4 args)
[wp-proxy] objects+ app_obj=22 wl_callback
[wp-proxy] forward obj 3 opcode 3 (1 args)
[wp-proxy] forward obj 3 opcode 6 (0 args)
[wp-proxy] objects- app_obj=22 wl_callback (was_known=false)
[wp-event][C] delivered app_obj=17 wl_buffer.release args=0
[wp-event][C] delivered app_obj=22 wl_callback.done args=1
RLTRACE t_ns=859204828777783 stage=T7 side=C res=2 off=51704 len=1
RLTRACE t_ns=859204829025103 stage=T7 side=C res=2 off=51712 len=1
RLTRACE t_ns=859204829744667 stage=T8 side=C res=1 tail=42452
RLTRACE t_ns=859204856512070 stage=T7 side=C res=2 off=51720 len=1
RLTRACE t_ns=859204856538929 stage=T7 side=C res=2 off=51724 len=1
RLTRACE t_ns=859204856587967 stage=T8 side=C res=1 tail=43376
RLTRACE t_ns=859204866138132 stage=T8 side=C res=1 tail=43496
RLTRACE t_ns=859204880295776 stage=T7 side=C res=2 off=51728 len=1
RLTRACE t_ns=859204880416679 stage=T8 side=C res=1 tail=43556
[wp-proxy] forward obj 3 opcode 1 (3 args)
[wp-proxy] forward obj 3 opcode 9 (4 args)
[wp-proxy] objects+ app_obj=22 wl_callback
[wp-proxy] forward obj 3 opcode 3 (1 args)
[wp-proxy] forward obj 3 opcode 6 (0 args)
[wp-proxy] objects- app_obj=22 wl_callback (was_known=false)
[wp-event][C] delivered app_obj=19 wl_buffer.release args=0
[wp-event][C] delivered app_obj=22 wl_callback.done args=1
RLTRACE t_ns=859204905622795 stage=T7 side=C res=2 off=51736 len=1
RLTRACE t_ns=859204905651776 stage=T7 side=C res=2 off=51744 len=1
RLTRACE t_ns=859204905803613 stage=T8 side=C res=1 tail=43712
RLTRACE t_ns=859204946891343 stage=T7 side=C res=2 off=51752 len=1
RLTRACE t_ns=859204946930969 stage=T7 side=C res=2 off=51756 len=1
RLTRACE t_ns=859204947541557 stage=T8 side=C res=1 tail=44636
RLTRACE t_ns=859204956939746 stage=T8 side=C res=1 tail=44756
RLTRACE t_ns=859204969985668 stage=T7 side=C res=2 off=51760 len=1
RLTRACE t_ns=859204970204738 stage=T8 side=C res=1 tail=44816
[wp-proxy] forward obj 3 opcode 1 (3 args)
[wp-proxy] forward obj 3 opcode 9 (4 args)
[wp-proxy] objects+ app_obj=22 wl_callback
[wp-proxy] forward obj 3 opcode 3 (1 args)
[wp-proxy] forward obj 3 opcode 6 (0 args)
[wp-proxy] objects- app_obj=22 wl_callback (was_known=false)
[wp-event][C] delivered app_obj=21 wl_buffer.release args=0
[wp-event][C] delivered app_obj=22 wl_callback.done args=1
RLTRACE t_ns=859204992663015 stage=T7 side=C res=2 off=51768 len=1
RLTRACE t_ns=859204992756556 stage=T7 side=C res=2 off=51776 len=1
RLTRACE t_ns=859204992922380 stage=T8 side=C res=1 tail=44972
RLTRACE t_ns=859205049658708 stage=T7 side=C res=2 off=51784 len=1
RLTRACE t_ns=859205049788393 stage=T7 side=C res=2 off=51788 len=1
RLTRACE t_ns=859205050283827 stage=T8 side=C res=1 tail=45008
RLTRACE t_ns=859205062654713 stage=T8 side=C res=1 tail=46016
RLTRACE t_ns=859205101128967 stage=T7 side=C res=2 off=51792 len=1
RLTRACE t_ns=859205101355513 stage=T8 side=C res=1 tail=46076
[wp-proxy] forward obj 3 opcode 1 (3 args)
[wp-proxy] forward obj 3 opcode 9 (4 args)
[wp-proxy] objects+ app_obj=22 wl_callback
[wp-proxy] forward obj 3 opcode 3 (1 args)
[wp-proxy] forward obj 3 opcode 6 (0 args)
[wp-proxy] objects- app_obj=22 wl_callback (was_known=false)
[wp-event][C] delivered app_obj=23 wl_buffer.release args=0
[wp-event][C] delivered app_obj=22 wl_callback.done args=1
RLTRACE t_ns=859205127147605 stage=T8 side=C res=1 tail=46112
RLTRACE t_ns=859205137448857 stage=T7 side=C res=2 off=51800 len=1
RLTRACE t_ns=859205137490514 stage=T7 side=C res=2 off=51808 len=1
RLTRACE t_ns=859205138015899 stage=T8 side=C res=1 tail=46232
RLTRACE t_ns=859205181636762 stage=T7 side=C res=2 off=51816 len=1
RLTRACE t_ns=859205181981805 stage=T7 side=C res=2 off=51820 len=1
RLTRACE t_ns=859205182394127 stage=T8 side=C res=1 tail=46268
RLTRACE t_ns=859205190933999 stage=T8 side=C res=1 tail=47276
RLTRACE t_ns=859205223095164 stage=T7 side=C res=2 off=51824 len=1
RLTRACE t_ns=859205223724350 stage=T8 side=C res=1 tail=47312
RLTRACE t_ns=859205237720650 stage=T8 side=C res=1 tail=47336
[wp-proxy] forward obj 3 opcode 1 (3 args)
[wp-proxy] forward obj 3 opcode 9 (4 args)
[wp-proxy] objects+ app_obj=22 wl_callback
[wp-proxy] forward obj 3 opcode 3 (1 args)
[wp-proxy] forward obj 3 opcode 6 (0 args)
[wp-proxy] objects- app_obj=22 wl_callback (was_known=false)
[wp-event][C] delivered app_obj=17 wl_buffer.release args=0
[wp-event][C] delivered app_obj=22 wl_callback.done args=1
RLTRACE t_ns=859205267767413 stage=T7 side=C res=2 off=51832 len=1
RLTRACE t_ns=859205267808440 stage=T7 side=C res=2 off=51840 len=1
RLTRACE t_ns=859205268878184 stage=T8 side=C res=1 tail=47492
RLTRACE t_ns=859205304315327 stage=T7 side=C res=2 off=51848 len=1
RLTRACE t_ns=859205304424776 stage=T7 side=C res=2 off=51852 len=1
RLTRACE t_ns=859205304966969 stage=T8 side=C res=1 tail=48332
RLTRACE t_ns=859205319415770 stage=T8 side=C res=1 tail=48536
RLTRACE t_ns=859205342143101 stage=T7 side=C res=2 off=51856 len=1
RLTRACE t_ns=859205342750413 stage=T8 side=C res=1 tail=48596
[wp-proxy] forward obj 3 opcode 1 (3 args)
[wp-proxy] forward obj 3 opcode 9 (4 args)
[wp-proxy] objects+ app_obj=22 wl_callback
[wp-proxy] forward obj 3 opcode 3 (1 args)
[wp-proxy] forward obj 3 opcode 6 (0 args)
[wp-proxy] objects- app_obj=22 wl_callback (was_known=false)
[wp-event][C] delivered app_obj=19 wl_buffer.release args=0
[wp-event][C] delivered app_obj=22 wl_callback.done args=1
RLTRACE t_ns=859205367066439 stage=T7 side=C res=2 off=51864 len=1
RLTRACE t_ns=859205367166288 stage=T7 side=C res=2 off=51872 len=1
RLTRACE t_ns=859205367441820 stage=T8 side=C res=1 tail=48752
RLTRACE t_ns=859205400902119 stage=T7 side=C res=2 off=51880 len=1
RLTRACE t_ns=859205400991516 stage=T7 side=C res=2 off=51884 len=1
RLTRACE t_ns=859205401349069 stage=T8 side=C res=1 tail=49676
RLTRACE t_ns=859205412548357 stage=T8 side=C res=1 tail=49796
RLTRACE t_ns=859205425214191 stage=T7 side=C res=2 off=51888 len=1
RLTRACE t_ns=859205425661848 stage=T8 side=C res=1 tail=49832
RLTRACE t_ns=859205433674192 stage=T8 side=C res=1 tail=49856
[wp-proxy] forward obj 3 opcode 1 (3 args)
[wp-proxy] forward obj 3 opcode 9 (4 args)
[wp-proxy] objects+ app_obj=22 wl_callback
[wp-proxy] forward obj 3 opcode 3 (1 args)
[wp-proxy] forward obj 3 opcode 6 (0 args)
[wp-proxy] objects- app_obj=22 wl_callback (was_known=false)
[wp-event][C] delivered app_obj=21 wl_buffer.release args=0
[wp-event][C] delivered app_obj=22 wl_callback.done args=1
RLTRACE t_ns=859205456692784 stage=T7 side=C res=2 off=51896 len=1
RLTRACE t_ns=859205456727411 stage=T7 side=C res=2 off=51904 len=1
RLTRACE t_ns=859205456945336 stage=T8 side=C res=1 tail=49892
RLTRACE t_ns=859205465222960 stage=T8 side=C res=1 tail=50012
RLTRACE t_ns=859205523798843 stage=T7 side=C res=2 off=51912 len=1
RLTRACE t_ns=859205523890735 stage=T7 side=C res=2 off=51916 len=1
RLTRACE t_ns=859205524079838 stage=T8 side=C res=1 tail=50048
RLTRACE t_ns=859205532183238 stage=T8 side=C res=1 tail=51056
RLTRACE t_ns=859205553564313 stage=T7 side=C res=2 off=51920 len=1
RLTRACE t_ns=859205553886815 stage=T8 side=C res=1 tail=51116
[wp-proxy] forward obj 3 opcode 1 (3 args)
[wp-proxy] forward obj 3 opcode 9 (4 args)
[wp-proxy] objects+ app_obj=22 wl_callback
[wp-proxy] forward obj 3 opcode 3 (1 args)
[wp-proxy] forward obj 3 opcode 6 (0 args)
[wp-proxy] objects- app_obj=22 wl_callback (was_known=false)
[wp-event][C] delivered app_obj=23 wl_buffer.release args=0
[wp-event][C] delivered app_obj=22 wl_callback.done args=1
RLTRACE t_ns=859205586702226 stage=T8 side=C res=1 tail=51152
RLTRACE t_ns=859205601496368 stage=T7 side=C res=2 off=51928 len=1
RLTRACE t_ns=859205601569552 stage=T7 side=C res=2 off=51936 len=1
RLTRACE t_ns=859205602174131 stage=T8 side=C res=1 tail=51272
RLTRACE t_ns=859205642644442 stage=T7 side=C res=2 off=51944 len=1
RLTRACE t_ns=859205642710600 stage=T7 side=C res=2 off=51948 len=1
RLTRACE t_ns=859205642819145 stage=T8 side=C res=1 tail=51308
RLTRACE t_ns=859205654232049 stage=T8 side=C res=1 tail=52316
RLTRACE t_ns=859205675912346 stage=T7 side=C res=2 off=51952 len=1
RLTRACE t_ns=859205676317973 stage=T8 side=C res=1 tail=52376
[wp-proxy] forward obj 3 opcode 1 (3 args)
[wp-proxy] forward obj 3 opcode 9 (4 args)
[wp-proxy] objects+ app_obj=22 wl_callback
[wp-proxy] forward obj 3 opcode 3 (1 args)
[wp-proxy] forward obj 3 opcode 6 (0 args)
[wp-proxy] objects- app_obj=22 wl_callback (was_known=false)
[wp-event][C] delivered app_obj=17 wl_buffer.release args=0
[wp-event][C] delivered app_obj=22 wl_callback.done args=1
RLTRACE t_ns=859205698634029 stage=T7 side=C res=2 off=51960 len=1
RLTRACE t_ns=859205698653100 stage=T7 side=C res=2 off=51968 len=1
RLTRACE t_ns=859205698685194 stage=T8 side=C res=1 tail=52532
RLTRACE t_ns=859205724775660 stage=T7 side=C res=2 off=51976 len=1
RLTRACE t_ns=859205724804001 stage=T7 side=C res=2 off=51980 len=1
RLTRACE t_ns=859205725035404 stage=T8 side=C res=1 tail=53212
RLTRACE t_ns=859205738307146 stage=T8 side=C res=1 tail=53576
RLTRACE t_ns=859205749388783 stage=T7 side=C res=2 off=51984 len=1
RLTRACE t_ns=859205749843981 stage=T8 side=C res=1 tail=53636
[wp-proxy] forward obj 3 opcode 1 (3 args)
[wp-proxy] forward obj 3 opcode 9 (4 args)
[wp-proxy] objects+ app_obj=22 wl_callback
[wp-proxy] forward obj 3 opcode 3 (1 args)
[wp-proxy] forward obj 3 opcode 6 (0 args)
[wp-proxy] objects- app_obj=22 wl_callback (was_known=false)
[wp-event][C] delivered app_obj=19 wl_buffer.release args=0
[wp-event][C] delivered app_obj=22 wl_callback.done args=1
RLTRACE t_ns=859205772758788 stage=T7 side=C res=2 off=51992 len=1
RLTRACE t_ns=859205772781014 stage=T7 side=C res=2 off=52000 len=1
RLTRACE t_ns=859205773277178 stage=T8 side=C res=1 tail=53792
RLTRACE t_ns=859205807365444 stage=T7 side=C res=2 off=52008 len=1
RLTRACE t_ns=859205807394640 stage=T7 side=C res=2 off=52012 len=1
RLTRACE t_ns=859205807839277 stage=T8 side=C res=1 tail=54472
RLTRACE t_ns=859205820855943 stage=T8 side=C res=1 tail=54836
RLTRACE t_ns=859205833929665 stage=T7 side=C res=2 off=52016 len=1
RLTRACE t_ns=859205834010552 stage=T8 side=C res=1 tail=54896
[wp-proxy] forward obj 3 opcode 1 (3 args)
[wp-proxy] forward obj 3 opcode 9 (4 args)
[wp-proxy] objects+ app_obj=22 wl_callback
[wp-proxy] forward obj 3 opcode 3 (1 args)
[wp-proxy] forward obj 3 opcode 6 (0 args)
[wp-proxy] objects- app_obj=22 wl_callback (was_known=false)
[wp-event][C] delivered app_obj=21 wl_buffer.release args=0
[wp-event][C] delivered app_obj=22 wl_callback.done args=1
RLTRACE t_ns=859205860141450 stage=T7 side=C res=2 off=52024 len=1
RLTRACE t_ns=859205860159025 stage=T7 side=C res=2 off=52032 len=1
RLTRACE t_ns=859205860447494 stage=T8 side=C res=1 tail=55052
RLTRACE t_ns=859205896978023 stage=T7 side=C res=2 off=52040 len=1
RLTRACE t_ns=859205897056399 stage=T7 side=C res=2 off=52044 len=1
RLTRACE t_ns=859205897159332 stage=T8 side=C res=1 tail=55088
RLTRACE t_ns=859205910348053 stage=T8 side=C res=1 tail=56096
RLTRACE t_ns=859205938387848 stage=T7 side=C res=2 off=52048 len=1
RLTRACE t_ns=859205938672513 stage=T8 side=C res=1 tail=56156
[wp-proxy] forward obj 3 opcode 1 (3 args)
[wp-proxy] forward obj 3 opcode 9 (4 args)
[wp-proxy] objects+ app_obj=22 wl_callback
[wp-proxy] forward obj 3 opcode 3 (1 args)
[wp-proxy] forward obj 3 opcode 6 (0 args)
[wp-proxy] objects- app_obj=22 wl_callback (was_known=false)
[wp-event][C] delivered app_obj=23 wl_buffer.release args=0
[wp-event][C] delivered app_obj=22 wl_callback.done args=1
RLTRACE t_ns=859205968778757 stage=T7 side=C res=2 off=52056 len=1
RLTRACE t_ns=859205968803737 stage=T7 side=C res=2 off=52064 len=1
RLTRACE t_ns=859205968887048 stage=T8 side=C res=1 tail=56312
RLTRACE t_ns=859206003096261 stage=T7 side=C res=2 off=52072 len=1
RLTRACE t_ns=859206003124770 stage=T7 side=C res=2 off=52076 len=1
RLTRACE t_ns=859206003297253 stage=T8 side=C res=1 tail=57152
RLTRACE t_ns=859206013859725 stage=T8 side=C res=1 tail=57356
RLTRACE t_ns=859206024426897 stage=T7 side=C res=2 off=52080 len=1
RLTRACE t_ns=859206025020509 stage=T8 side=C res=1 tail=57416
[wp-proxy] forward obj 3 opcode 1 (3 args)
[wp-proxy] forward obj 3 opcode 9 (4 args)
[wp-proxy] objects+ app_obj=22 wl_callback
[wp-proxy] forward obj 3 opcode 3 (1 args)
[wp-proxy] forward obj 3 opcode 6 (0 args)
[wp-proxy] objects- app_obj=22 wl_callback (was_known=false)
[wp-event][C] delivered app_obj=17 wl_buffer.release args=0
[wp-event][C] delivered app_obj=22 wl_callback.done args=1
RLTRACE t_ns=859206050272221 stage=T7 side=C res=2 off=52088 len=1
RLTRACE t_ns=859206050298137 stage=T7 side=C res=2 off=52096 len=1
RLTRACE t_ns=859206050606578 stage=T8 side=C res=1 tail=57572
RLTRACE t_ns=859206093877358 stage=T7 side=C res=2 off=52104 len=1
RLTRACE t_ns=859206093899000 stage=T7 side=C res=2 off=52108 len=1
RLTRACE t_ns=859206094108302 stage=T8 side=C res=1 tail=58616
RLTRACE t_ns=859206119858150 stage=T7 side=C res=2 off=52112 len=1
RLTRACE t_ns=859206120324086 stage=T8 side=C res=1 tail=58676
[wp-proxy] forward obj 3 opcode 1 (3 args)
[wp-proxy] forward obj 3 opcode 9 (4 args)
[wp-proxy] objects+ app_obj=22 wl_callback
[wp-proxy] forward obj 3 opcode 3 (1 args)
[wp-proxy] forward obj 3 opcode 6 (0 args)
[wp-proxy] objects- app_obj=22 wl_callback (was_known=false)
[wp-event][C] delivered app_obj=19 wl_buffer.release args=0
[wp-event][C] delivered app_obj=22 wl_callback.done args=1
RLTRACE t_ns=859206147177780 stage=T7 side=C res=2 off=52120 len=1
RLTRACE t_ns=859206147201434 stage=T7 side=C res=2 off=52128 len=1
RLTRACE t_ns=859206147507878 stage=T8 side=C res=1 tail=58832
RLTRACE t_ns=859206192776097 stage=T7 side=C res=2 off=52136 len=1
RLTRACE t_ns=859206192811810 stage=T7 side=C res=2 off=52140 len=1
RLTRACE t_ns=859206192892345 stage=T8 side=C res=1 tail=58868
RLTRACE t_ns=859206199770662 stage=T8 side=C res=1 tail=59876
RLTRACE t_ns=859206218695759 stage=T7 side=C res=2 off=52144 len=1
RLTRACE t_ns=859206218999112 stage=T8 side=C res=1 tail=59936
[wp-proxy] forward obj 3 opcode 1 (3 args)
[wp-proxy] forward obj 3 opcode 9 (4 args)
[wp-proxy] objects+ app_obj=22 wl_callback
[wp-proxy] forward obj 3 opcode 3 (1 args)
[wp-proxy] forward obj 3 opcode 6 (0 args)
[wp-proxy] objects- app_obj=22 wl_callback (was_known=false)
[wp-event][C] delivered app_obj=21 wl_buffer.release args=0
[wp-event][C] delivered app_obj=22 wl_callback.done args=1
RLTRACE t_ns=859206244769924 stage=T7 side=C res=2 off=52152 len=1
RLTRACE t_ns=859206244792693 stage=T7 side=C res=2 off=52160 len=1
RLTRACE t_ns=859206245196898 stage=T8 side=C res=1 tail=60092
RLTRACE t_ns=859206285107180 stage=T7 side=C res=2 off=52168 len=1
RLTRACE t_ns=859206285202282 stage=T7 side=C res=2 off=52172 len=1
RLTRACE t_ns=859206285815964 stage=T8 side=C res=1 tail=60128
RLTRACE t_ns=859206292280772 stage=T8 side=C res=1 tail=61136
RLTRACE t_ns=859206311015924 stage=T7 side=C res=2 off=52176 len=1
RLTRACE t_ns=859206311395484 stage=T8 side=C res=1 tail=61196
[wp-proxy] forward obj 3 opcode 1 (3 args)
[wp-proxy] forward obj 3 opcode 9 (4 args)
[wp-proxy] objects+ app_obj=22 wl_callback
[wp-proxy] forward obj 3 opcode 3 (1 args)
[wp-proxy] forward obj 3 opcode 6 (0 args)
[wp-proxy] objects- app_obj=22 wl_callback (was_known=false)
[wp-event][C] delivered app_obj=23 wl_buffer.release args=0
[wp-event][C] delivered app_obj=22 wl_callback.done args=1
RLTRACE t_ns=859206331868373 stage=T7 side=C res=2 off=52184 len=1
RLTRACE t_ns=859206331903331 stage=T7 side=C res=2 off=52192 len=1
RLTRACE t_ns=859206332180209 stage=T8 side=C res=1 tail=61352
RLTRACE t_ns=859206365885348 stage=T7 side=C res=2 off=52200 len=1
RLTRACE t_ns=859206365917465 stage=T7 side=C res=2 off=52204 len=1
RLTRACE t_ns=859206366707051 stage=T8 side=C res=1 tail=62276
RLTRACE t_ns=859206380377388 stage=T8 side=C res=1 tail=62396
RLTRACE t_ns=859206397513892 stage=T7 side=C res=2 off=52208 len=1
RLTRACE t_ns=859206397990238 stage=T8 side=C res=1 tail=62456
[wp-proxy] forward obj 3 opcode 1 (3 args)
[wp-proxy] forward obj 3 opcode 9 (4 args)
[wp-proxy] objects+ app_obj=22 wl_callback
[wp-proxy] forward obj 3 opcode 3 (1 args)
[wp-proxy] forward obj 3 opcode 6 (0 args)
[wp-proxy] objects- app_obj=22 wl_callback (was_known=false)
[wp-event][C] delivered app_obj=17 wl_buffer.release args=0
[wp-event][C] delivered app_obj=22 wl_callback.done args=1
RLTRACE t_ns=859206424586234 stage=T7 side=C res=2 off=52216 len=1
RLTRACE t_ns=859206424608665 stage=T7 side=C res=2 off=52224 len=1
RLTRACE t_ns=859206424980923 stage=T8 side=C res=1 tail=62612
RLTRACE t_ns=859206460505541 stage=T7 side=C res=2 off=52232 len=1
RLTRACE t_ns=859206460533213 stage=T7 side=C res=2 off=52236 len=1
RLTRACE t_ns=859206460788935 stage=T8 side=C res=1 tail=63536
RLTRACE t_ns=859206472443080 stage=T8 side=C res=1 tail=63656
RLTRACE t_ns=859206481727390 stage=T7 side=C res=2 off=52240 len=1
RLTRACE t_ns=859206481996077 stage=T8 side=C res=1 tail=63716
[wp-proxy] forward obj 3 opcode 1 (3 args)
[wp-proxy] forward obj 3 opcode 9 (4 args)
[wp-proxy] objects+ app_obj=22 wl_callback
[wp-proxy] forward obj 3 opcode 3 (1 args)
[wp-proxy] forward obj 3 opcode 6 (0 args)
[wp-proxy] objects- app_obj=22 wl_callback (was_known=false)
[wp-event][C] delivered app_obj=19 wl_buffer.release args=0
[wp-event][C] delivered app_obj=22 wl_callback.done args=1
RLTRACE t_ns=859206501408054 stage=T7 side=C res=2 off=52248 len=1
RLTRACE t_ns=859206501473434 stage=T7 side=C res=2 off=52256 len=1
RLTRACE t_ns=859206501557784 stage=T8 side=C res=1 tail=63872
RLTRACE t_ns=859206541987860 stage=T7 side=C res=2 off=52264 len=1
RLTRACE t_ns=859206542075509 stage=T7 side=C res=2 off=52268 len=1
RLTRACE t_ns=859206542628542 stage=T8 side=C res=1 tail=64712
RLTRACE t_ns=859206556174660 stage=T8 side=C res=1 tail=64916
RLTRACE t_ns=859206568100240 stage=T7 side=C res=2 off=52272 len=1
RLTRACE t_ns=859206568246100 stage=T8 side=C res=1 tail=64976
[wp-proxy] forward obj 3 opcode 1 (3 args)
[wp-proxy] forward obj 3 opcode 9 (4 args)
[wp-proxy] objects+ app_obj=22 wl_callback
[wp-proxy] forward obj 3 opcode 3 (1 args)
[wp-proxy] forward obj 3 opcode 6 (0 args)
[wp-proxy] objects- app_obj=22 wl_callback (was_known=false)
[wp-event][C] delivered app_obj=21 wl_buffer.release args=0
[wp-event][C] delivered app_obj=22 wl_callback.done args=1
RLTRACE t_ns=859206596287199 stage=T7 side=C res=2 off=52280 len=1
RLTRACE t_ns=859206596363914 stage=T7 side=C res=2 off=52288 len=1
RLTRACE t_ns=859206596441185 stage=T8 side=C res=1 tail=65132
RLTRACE t_ns=859206626903572 stage=T7 side=C res=2 off=52296 len=1
RLTRACE t_ns=859206626985579 stage=T7 side=C res=2 off=52300 len=1
RLTRACE t_ns=859206627124476 stage=T8 side=C res=1 tail=66056
RLTRACE t_ns=859206640412929 stage=T8 side=C res=1 tail=66176
RLTRACE t_ns=859206654521215 stage=T7 side=C res=2 off=52304 len=1
RLTRACE t_ns=859206654740600 stage=T8 side=C res=1 tail=66236
[wp-proxy] forward obj 3 opcode 1 (3 args)
[wp-proxy] forward obj 3 opcode 9 (4 args)
[wp-proxy] objects+ app_obj=22 wl_callback
[wp-proxy] forward obj 3 opcode 3 (1 args)
[wp-proxy] forward obj 3 opcode 6 (0 args)
[wp-proxy] objects- app_obj=22 wl_callback (was_known=false)
[wp-event][C] delivered app_obj=23 wl_buffer.release args=0
[wp-event][C] delivered app_obj=22 wl_callback.done args=1
RLTRACE t_ns=859206681544135 stage=T8 side=C res=1 tail=66272
RLTRACE t_ns=859206695379056 stage=T7 side=C res=2 off=52312 len=1
RLTRACE t_ns=859206695573859 stage=T7 side=C res=2 off=52320 len=1
RLTRACE t_ns=859206695818481 stage=T8 side=C res=1 tail=66392
RLTRACE t_ns=859206718829877 stage=T7 side=C res=2 off=52328 len=1
RLTRACE t_ns=859206718892996 stage=T7 side=C res=2 off=52332 len=1
RLTRACE t_ns=859206718973977 stage=T8 side=C res=1 tail=67316
RLTRACE t_ns=859206731205745 stage=T8 side=C res=1 tail=67436
RLTRACE t_ns=859206743622305 stage=T7 side=C res=2 off=52336 len=1
RLTRACE t_ns=859206744129342 stage=T8 side=C res=1 tail=67496
[wp-proxy] forward obj 3 opcode 1 (3 args)
[wp-proxy] forward obj 3 opcode 9 (4 args)
[wp-proxy] objects+ app_obj=22 wl_callback
[wp-proxy] forward obj 3 opcode 3 (1 args)
[wp-proxy] forward obj 3 opcode 6 (0 args)
[wp-proxy] objects- app_obj=22 wl_callback (was_known=false)
[wp-event][C] delivered app_obj=17 wl_buffer.release args=0
[wp-event][C] delivered app_obj=22 wl_callback.done args=1
RLTRACE t_ns=859206769859266 stage=T7 side=C res=2 off=52344 len=1
RLTRACE t_ns=859206769940582 stage=T7 side=C res=2 off=52352 len=1
RLTRACE t_ns=859206770581506 stage=T8 side=C res=1 tail=67652
RLTRACE t_ns=859206818267841 stage=T7 side=C res=2 off=52360 len=1
RLTRACE t_ns=859206818345557 stage=T7 side=C res=2 off=52364 len=1
RLTRACE t_ns=859206818831099 stage=T8 side=C res=1 tail=68300
RLTRACE t_ns=859206827348110 stage=T8 side=C res=1 tail=68696
RLTRACE t_ns=859206839672939 stage=T7 side=C res=2 off=52368 len=1
RLTRACE t_ns=859206840260288 stage=T8 side=C res=1 tail=68756
[wp-proxy] forward obj 3 opcode 1 (3 args)
[wp-proxy] forward obj 3 opcode 9 (4 args)
[wp-proxy] objects+ app_obj=22 wl_callback
[wp-proxy] forward obj 3 opcode 3 (1 args)
[wp-proxy] forward obj 3 opcode 6 (0 args)
[wp-proxy] objects- app_obj=22 wl_callback (was_known=false)
[wp-event][C] delivered app_obj=19 wl_buffer.release args=0
[wp-event][C] delivered app_obj=22 wl_callback.done args=1
RLTRACE t_ns=859206861858589 stage=T7 side=C res=2 off=52376 len=1
RLTRACE t_ns=859206861930075 stage=T7 side=C res=2 off=52384 len=1
RLTRACE t_ns=859206862277139 stage=T8 side=C res=1 tail=68912
RLTRACE t_ns=859206895893374 stage=T7 side=C res=2 off=52392 len=1
RLTRACE t_ns=859206895979070 stage=T7 side=C res=2 off=52396 len=1
RLTRACE t_ns=859206896445762 stage=T8 side=C res=1 tail=69216
RLTRACE t_ns=859206908729824 stage=T8 side=C res=1 tail=69956
RLTRACE t_ns=859206921499086 stage=T7 side=C res=2 off=52400 len=1
RLTRACE t_ns=859206922139967 stage=T8 side=C res=1 tail=69992
RLTRACE t_ns=859206929290206 stage=T8 side=C res=1 tail=70016
[wp-proxy] forward obj 3 opcode 1 (3 args)
[wp-proxy] forward obj 3 opcode 9 (4 args)
[wp-proxy] objects+ app_obj=22 wl_callback
[wp-proxy] forward obj 3 opcode 3 (1 args)
[wp-proxy] forward obj 3 opcode 6 (0 args)
[wp-proxy] objects- app_obj=22 wl_callback (was_known=false)
[wp-event][C] delivered app_obj=21 wl_buffer.release args=0
[wp-event][C] delivered app_obj=22 wl_callback.done args=1
RLTRACE t_ns=859206958158426 stage=T7 side=C res=2 off=52408 len=1
RLTRACE t_ns=859206958236914 stage=T7 side=C res=2 off=52416 len=1
RLTRACE t_ns=859206958594797 stage=T8 side=C res=1 tail=70088
RLTRACE t_ns=859206966748675 stage=T8 side=C res=1 tail=70172
RLTRACE t_ns=859207011217961 stage=T7 side=C res=2 off=52424 len=1
RLTRACE t_ns=859207011476971 stage=T7 side=C res=2 off=52428 len=1
RLTRACE t_ns=859207011529271 stage=T8 side=C res=1 tail=71096
RLTRACE t_ns=859207023579953 stage=T8 side=C res=1 tail=71216
RLTRACE t_ns=859207038963368 stage=T7 side=C res=2 off=52432 len=1
RLTRACE t_ns=859207039621908 stage=T8 side=C res=1 tail=71252
RLTRACE t_ns=859207050669404 stage=T8 side=C res=1 tail=71276
[wp-proxy] forward obj 3 opcode 1 (3 args)
[wp-proxy] forward obj 3 opcode 9 (4 args)
[wp-proxy] objects+ app_obj=22 wl_callback
[wp-proxy] forward obj 3 opcode 3 (1 args)
[wp-proxy] forward obj 3 opcode 6 (0 args)
[wp-proxy] objects- app_obj=22 wl_callback (was_known=false)
[wp-event][C] delivered app_obj=23 wl_buffer.release args=0
[wp-event][C] delivered app_obj=22 wl_callback.done args=1
RLTRACE t_ns=859207088052567 stage=T7 side=C res=2 off=52440 len=1
RLTRACE t_ns=859207088373318 stage=T7 side=C res=2 off=52448 len=1
RLTRACE t_ns=859207088991734 stage=T8 side=C res=1 tail=71432
RLTRACE t_ns=859207120228652 stage=T7 side=C res=2 off=52456 len=1
RLTRACE t_ns=859207120314149 stage=T7 side=C res=2 off=52460 len=1
RLTRACE t_ns=859207120507052 stage=T8 side=C res=1 tail=72356
RLTRACE t_ns=859207134350934 stage=T8 side=C res=1 tail=72476
RLTRACE t_ns=859207150556624 stage=T7 side=C res=2 off=52464 len=1
RLTRACE t_ns=859207150668740 stage=T8 side=C res=1 tail=72536
[wp-proxy] forward obj 3 opcode 1 (3 args)
[wp-proxy] forward obj 3 opcode 9 (4 args)
[wp-proxy] objects+ app_obj=22 wl_callback
[wp-proxy] forward obj 3 opcode 3 (1 args)
[wp-proxy] forward obj 3 opcode 6 (0 args)
[wp-proxy] objects- app_obj=22 wl_callback (was_known=false)
[wp-event][C] delivered app_obj=17 wl_buffer.release args=0
[wp-event][C] delivered app_obj=22 wl_callback.done args=1
RLTRACE t_ns=859207182048710 stage=T7 side=C res=2 off=52472 len=1
RLTRACE t_ns=859207182139747 stage=T7 side=C res=2 off=52480 len=1
RLTRACE t_ns=859207182230381 stage=T8 side=C res=1 tail=72692
RLTRACE t_ns=859207210814277 stage=T7 side=C res=2 off=52488 len=1
RLTRACE t_ns=859207210888390 stage=T7 side=C res=2 off=52492 len=1
RLTRACE t_ns=859207211129790 stage=T8 side=C res=1 tail=72928
RLTRACE t_ns=859207219677210 stage=T8 side=C res=1 tail=73736
RLTRACE t_ns=859207231965553 stage=T7 side=C res=2 off=52496 len=1
RLTRACE t_ns=859207232593887 stage=T8 side=C res=1 tail=73796
[wp-proxy] forward obj 3 opcode 1 (3 args)
[wp-proxy] forward obj 3 opcode 9 (4 args)
[wp-proxy] objects+ app_obj=22 wl_callback
[wp-proxy] forward obj 3 opcode 3 (1 args)
[wp-proxy] forward obj 3 opcode 6 (0 args)
[wp-proxy] objects- app_obj=22 wl_callback (was_known=false)
[wp-event][C] delivered app_obj=19 wl_buffer.release args=0
[wp-event][C] delivered app_obj=22 wl_callback.done args=1
RLTRACE t_ns=859207270600126 stage=T7 side=C res=2 off=52504 len=1
RLTRACE t_ns=859207270689302 stage=T7 side=C res=2 off=52512 len=1
RLTRACE t_ns=859207271550119 stage=T8 side=C res=1 tail=73952
RLTRACE t_ns=859207334343087 stage=T7 side=C res=2 off=52520 len=1
RLTRACE t_ns=859207334558797 stage=T7 side=C res=2 off=52524 len=1
RLTRACE t_ns=859207334844828 stage=T8 side=C res=1 tail=74092
RLTRACE t_ns=859207351160141 stage=T8 side=C res=1 tail=74996
RLTRACE t_ns=859207399024646 stage=T7 side=C res=2 off=52528 len=1
RLTRACE t_ns=859207399350376 stage=T8 side=C res=1 tail=75056
[wp-proxy] forward obj 3 opcode 1 (3 args)
[wp-proxy] forward obj 3 opcode 9 (4 args)
[wp-proxy] objects+ app_obj=22 wl_callback
[wp-proxy] forward obj 3 opcode 3 (1 args)
[wp-proxy] forward obj 3 opcode 6 (0 args)
[wp-proxy] objects- app_obj=22 wl_callback (was_known=false)
[wp-event][C] delivered app_obj=21 wl_buffer.release args=0
[wp-event][C] delivered app_obj=22 wl_callback.done args=1
RLTRACE t_ns=859207432778921 stage=T8 side=C res=1 tail=75092
RLTRACE t_ns=859207454847658 stage=T7 side=C res=2 off=52536 len=1
RLTRACE t_ns=859207454948689 stage=T7 side=C res=2 off=52544 len=1
RLTRACE t_ns=859207455192873 stage=T8 side=C res=1 tail=75212
RLTRACE t_ns=859207488671390 stage=T7 side=C res=2 off=52552 len=1
RLTRACE t_ns=859207488756217 stage=T7 side=C res=2 off=52556 len=1
RLTRACE t_ns=859207489140803 stage=T8 side=C res=1 tail=75248
RLTRACE t_ns=859207497094435 stage=T8 side=C res=1 tail=76256
RLTRACE t_ns=859207520187867 stage=T8 side=C res=1 tail=76292
RLTRACE t_ns=859207532180635 stage=T7 side=C res=2 off=52560 len=1
RLTRACE t_ns=859207532571225 stage=T8 side=C res=1 tail=76316
[wp-proxy] forward obj 3 opcode 1 (3 args)
[wp-proxy] forward obj 3 opcode 9 (4 args)
[wp-proxy] objects+ app_obj=22 wl_callback
[wp-proxy] forward obj 3 opcode 3 (1 args)
[wp-proxy] forward obj 3 opcode 6 (0 args)
[wp-proxy] objects- app_obj=22 wl_callback (was_known=false)
[wp-event][C] delivered app_obj=23 wl_buffer.release args=0
[wp-event][C] delivered app_obj=22 wl_callback.done args=1
RLTRACE t_ns=859207556699739 stage=T7 side=C res=2 off=52568 len=1
RLTRACE t_ns=859207556776758 stage=T7 side=C res=2 off=52576 len=1
RLTRACE t_ns=859207557013821 stage=T8 side=C res=1 tail=76472
RLTRACE t_ns=859207592912267 stage=T7 side=C res=2 off=52584 len=1
RLTRACE t_ns=859207592993845 stage=T7 side=C res=2 off=52588 len=1
RLTRACE t_ns=859207593535578 stage=T8 side=C res=1 tail=76776
RLTRACE t_ns=859207608593873 stage=T8 side=C res=1 tail=77516
RLTRACE t_ns=859207613101986 stage=T8 side=C res=1 tail=77552
RLTRACE t_ns=859207622607945 stage=T7 side=C res=2 off=52592 len=1
RLTRACE t_ns=859207623132240 stage=T8 side=C res=1 tail=77576
[wp-proxy] forward obj 3 opcode 1 (3 args)
[wp-proxy] forward obj 3 opcode 9 (4 args)
[wp-proxy] objects+ app_obj=22 wl_callback
[wp-proxy] forward obj 3 opcode 3 (1 args)
[wp-proxy] forward obj 3 opcode 6 (0 args)
[wp-proxy] objects- app_obj=22 wl_callback (was_known=false)
[wp-event][C] delivered app_obj=17 wl_buffer.release args=0
[wp-event][C] delivered app_obj=22 wl_callback.done args=1
RLTRACE t_ns=859207643855494 stage=T7 side=C res=2 off=52600 len=1
RLTRACE t_ns=859207643876675 stage=T7 side=C res=2 off=52608 len=1
RLTRACE t_ns=859207644080680 stage=T8 side=C res=1 tail=77732
RLTRACE t_ns=859207676665402 stage=T7 side=C res=2 off=52616 len=1
RLTRACE t_ns=859207676693973 stage=T7 side=C res=2 off=52620 len=1
RLTRACE t_ns=859207676785092 stage=T8 side=C res=1 tail=78656
RLTRACE t_ns=859207687129700 stage=T8 side=C res=1 tail=78776
RLTRACE t_ns=859207698244699 stage=T7 side=C res=2 off=52624 len=1
RLTRACE t_ns=859207698784329 stage=T8 side=C res=1 tail=78836
[wp-proxy] forward obj 3 opcode 1 (3 args)
[wp-proxy] forward obj 3 opcode 9 (4 args)
[wp-proxy] objects+ app_obj=22 wl_callback
[wp-proxy] forward obj 3 opcode 3 (1 args)
[wp-proxy] forward obj 3 opcode 6 (0 args)
[wp-proxy] objects- app_obj=22 wl_callback (was_known=false)
[wp-event][C] delivered app_obj=19 wl_buffer.release args=0
[wp-event][C] delivered app_obj=22 wl_callback.done args=1
RLTRACE t_ns=859207717789666 stage=T7 side=C res=2 off=52632 len=1
RLTRACE t_ns=859207718282004 stage=T7 side=C res=2 off=52640 len=1
RLTRACE t_ns=859207718653184 stage=T8 side=C res=1 tail=78992
RLTRACE t_ns=859207750569733 stage=T7 side=C res=2 off=52648 len=1
RLTRACE t_ns=859207750592155 stage=T7 side=C res=2 off=52652 len=1
RLTRACE t_ns=859207751016160 stage=T8 side=C res=1 tail=79028
RLTRACE t_ns=859207757370377 stage=T8 side=C res=1 tail=80036
RLTRACE t_ns=859207777173447 stage=T7 side=C res=2 off=52656 len=1
RLTRACE t_ns=859207777500579 stage=T8 side=C res=1 tail=80096
[wp-proxy] forward obj 3 opcode 1 (3 args)
[wp-proxy] forward obj 3 opcode 9 (4 args)
[wp-proxy] objects+ app_obj=22 wl_callback
[wp-proxy] forward obj 3 opcode 3 (1 args)
[wp-proxy] forward obj 3 opcode 6 (0 args)
[wp-proxy] objects- app_obj=22 wl_callback (was_known=false)
[wp-event][C] delivered app_obj=21 wl_buffer.release args=0
[wp-event][C] delivered app_obj=22 wl_callback.done args=1
RLTRACE t_ns=859207795653065 stage=T7 side=C res=2 off=52664 len=1
RLTRACE t_ns=859207795677306 stage=T7 side=C res=2 off=52672 len=1
RLTRACE t_ns=859207796099512 stage=T8 side=C res=1 tail=80252
RLTRACE t_ns=859207822228504 stage=T8 side=C res=1 tail=80288
RLTRACE t_ns=859207831120765 stage=T7 side=C res=2 off=52680 len=1
RLTRACE t_ns=859207831142481 stage=T7 side=C res=2 off=52684 len=1
RLTRACE t_ns=859207831414123 stage=T8 side=C res=1 tail=81296
RLTRACE t_ns=859207850604023 stage=T7 side=C res=2 off=52688 len=1
RLTRACE t_ns=859207850894335 stage=T8 side=C res=1 tail=81356
[wp-proxy] forward obj 3 opcode 1 (3 args)
[wp-proxy] forward obj 3 opcode 9 (4 args)
[wp-proxy] objects+ app_obj=22 wl_callback
[wp-proxy] forward obj 3 opcode 3 (1 args)
[wp-proxy] forward obj 3 opcode 6 (0 args)
[wp-proxy] objects- app_obj=22 wl_callback (was_known=false)
[wp-event][C] delivered app_obj=23 wl_buffer.release args=0
[wp-event][C] delivered app_obj=22 wl_callback.done args=1
RLTRACE t_ns=859207874110530 stage=T7 side=C res=2 off=52696 len=1
RLTRACE t_ns=859207874130379 stage=T7 side=C res=2 off=52704 len=1
RLTRACE t_ns=859207874168901 stage=T8 side=C res=1 tail=81512
RLTRACE t_ns=859207896593342 stage=T7 side=C res=2 off=52712 len=1
RLTRACE t_ns=859207896617407 stage=T7 side=C res=2 off=52716 len=1
RLTRACE t_ns=859207896784627 stage=T8 side=C res=1 tail=82556
RLTRACE t_ns=859207913587898 stage=T7 side=C res=2 off=52720 len=1
RLTRACE t_ns=859207914118240 stage=T8 side=C res=1 tail=82616
[wp-proxy] forward obj 3 opcode 1 (3 args)
[wp-proxy] forward obj 3 opcode 9 (4 args)
[wp-proxy] objects+ app_obj=22 wl_callback
[wp-proxy] forward obj 3 opcode 3 (1 args)
[wp-proxy] forward obj 3 opcode 6 (0 args)
[wp-proxy] objects- app_obj=22 wl_callback (was_known=false)
[wp-event][C] delivered app_obj=17 wl_buffer.release args=0
[wp-event][C] delivered app_obj=22 wl_callback.done args=1
RLTRACE t_ns=859207930860226 stage=T7 side=C res=2 off=52728 len=1
RLTRACE t_ns=859207930877912 stage=T7 side=C res=2 off=52736 len=1
RLTRACE t_ns=859207931422991 stage=T8 side=C res=1 tail=82772
RLTRACE t_ns=859207959549004 stage=T7 side=C res=2 off=52744 len=1
RLTRACE t_ns=859207959581167 stage=T7 side=C res=2 off=52748 len=1
RLTRACE t_ns=859207960109846 stage=T8 side=C res=1 tail=83696
RLTRACE t_ns=859207969362408 stage=T8 side=C res=1 tail=83816
RLTRACE t_ns=859207978298941 stage=T7 side=C res=2 off=52752 len=1
RLTRACE t_ns=859207978508655 stage=T8 side=C res=1 tail=83876
[wp-proxy] forward obj 3 opcode 1 (3 args)
[wp-proxy] forward obj 3 opcode 9 (4 args)
[wp-proxy] objects+ app_obj=22 wl_callback
[wp-proxy] forward obj 3 opcode 3 (1 args)
[wp-proxy] forward obj 3 opcode 6 (0 args)
[wp-proxy] objects- app_obj=22 wl_callback (was_known=false)
[wp-event][C] delivered app_obj=19 wl_buffer.release args=0
[wp-event][C] delivered app_obj=22 wl_callback.done args=1
RLTRACE t_ns=859207992857880 stage=T7 side=C res=2 off=52760 len=1
RLTRACE t_ns=859207992878967 stage=T7 side=C res=2 off=52768 len=1
RLTRACE t_ns=859207993312388 stage=T8 side=C res=1 tail=84032
RLTRACE t_ns=859208015142604 stage=T7 side=C res=2 off=52776 len=1
RLTRACE t_ns=859208015171492 stage=T7 side=C res=2 off=52780 len=1
RLTRACE t_ns=859208015606251 stage=T8 side=C res=1 tail=85076
RLTRACE t_ns=859208040405003 stage=T7 side=C res=2 off=52784 len=1
RLTRACE t_ns=859208040776673 stage=T8 side=C res=1 tail=85136
[wp-proxy] forward obj 3 opcode 1 (3 args)
[wp-proxy] forward obj 3 opcode 9 (4 args)
[wp-proxy] objects+ app_obj=22 wl_callback
[wp-proxy] forward obj 3 opcode 3 (1 args)
[wp-proxy] forward obj 3 opcode 6 (0 args)
[wp-proxy] objects- app_obj=22 wl_callback (was_known=false)
[wp-event][C] delivered app_obj=21 wl_buffer.release args=0
[wp-event][C] delivered app_obj=22 wl_callback.done args=1
RLTRACE t_ns=859208057152520 stage=T7 side=C res=2 off=52792 len=1
RLTRACE t_ns=859208057188089 stage=T7 side=C res=2 off=52800 len=1
RLTRACE t_ns=859208057371635 stage=T8 side=C res=1 tail=85292
RLTRACE t_ns=859208077072198 stage=T7 side=C res=2 off=52808 len=1
RLTRACE t_ns=859208077092882 stage=T7 side=C res=2 off=52812 len=1
RLTRACE t_ns=859208077511472 stage=T8 side=C res=1 tail=86216
RLTRACE t_ns=859208084555478 stage=T8 side=C res=1 tail=86336
RLTRACE t_ns=859208094093372 stage=T7 side=C res=2 off=52816 len=1
RLTRACE t_ns=859208094296888 stage=T8 side=C res=1 tail=86396
[wp-proxy] forward obj 3 opcode 1 (3 args)
[wp-proxy] forward obj 3 opcode 9 (4 args)
[wp-proxy] objects+ app_obj=22 wl_callback
[wp-proxy] forward obj 3 opcode 3 (1 args)
[wp-proxy] forward obj 3 opcode 6 (0 args)
[wp-proxy] objects- app_obj=22 wl_callback (was_known=false)
[wp-event][C] delivered app_obj=23 wl_buffer.release args=0
[wp-event][C] delivered app_obj=22 wl_callback.done args=1
RLTRACE t_ns=859208111739898 stage=T7 side=C res=2 off=52824 len=1
RLTRACE t_ns=859208111756877 stage=T7 side=C res=2 off=52832 len=1
RLTRACE t_ns=859208112234803 stage=T8 side=C res=1 tail=86552
RLTRACE t_ns=859208132482071 stage=T7 side=C res=2 off=52840 len=1
RLTRACE t_ns=859208132503790 stage=T7 side=C res=2 off=52844 len=1
RLTRACE t_ns=859208132903752 stage=T8 side=C res=1 tail=87428
RLTRACE t_ns=859208138529228 stage=T8 side=C res=1 tail=87596
RLTRACE t_ns=859208146718167 stage=T7 side=C res=2 off=52848 len=1
RLTRACE t_ns=859208147070819 stage=T8 side=C res=1 tail=87656
[wp-proxy] forward obj 3 opcode 1 (3 args)
[wp-proxy] forward obj 3 opcode 9 (4 args)
[wp-proxy] objects+ app_obj=22 wl_callback
[wp-proxy] forward obj 3 opcode 3 (1 args)
[wp-proxy] forward obj 3 opcode 6 (0 args)
[wp-proxy] objects- app_obj=22 wl_callback (was_known=false)
[wp-event][C] delivered app_obj=17 wl_buffer.release args=0
[wp-event][C] delivered app_obj=22 wl_callback.done args=1
RLTRACE t_ns=859208166951620 stage=T7 side=C res=2 off=52856 len=1
RLTRACE t_ns=859208166974571 stage=T7 side=C res=2 off=52864 len=1
RLTRACE t_ns=859208167224755 stage=T8 side=C res=1 tail=87812
RLTRACE t_ns=859208195670841 stage=T7 side=C res=2 off=52872 len=1
RLTRACE t_ns=859208195700801 stage=T7 side=C res=2 off=52876 len=1
RLTRACE t_ns=859208196200736 stage=T8 side=C res=1 tail=88652
RLTRACE t_ns=859208205856820 stage=T8 side=C res=1 tail=88856
RLTRACE t_ns=859208214796295 stage=T7 side=C res=2 off=52880 len=1
RLTRACE t_ns=859208214939912 stage=T8 side=C res=1 tail=88916
[wp-proxy] forward obj 3 opcode 1 (3 args)
[wp-proxy] forward obj 3 opcode 9 (4 args)
[wp-proxy] objects+ app_obj=22 wl_callback
[wp-proxy] forward obj 3 opcode 3 (1 args)
[wp-proxy] forward obj 3 opcode 6 (0 args)
[wp-proxy] objects- app_obj=22 wl_callback (was_known=false)
[wp-event][C] delivered app_obj=19 wl_buffer.release args=0
[wp-event][C] delivered app_obj=22 wl_callback.done args=1
RLTRACE t_ns=859208235292182 stage=T7 side=C res=2 off=52888 len=1
RLTRACE t_ns=859208235318211 stage=T7 side=C res=2 off=52896 len=1
RLTRACE t_ns=859208235365925 stage=T8 side=C res=1 tail=89072
RLTRACE t_ns=859208276342684 stage=T7 side=C res=2 off=52904 len=1
RLTRACE t_ns=859208276360864 stage=T7 side=C res=2 off=52908 len=1
RLTRACE t_ns=859208276741376 stage=T8 side=C res=1 tail=89212
RLTRACE t_ns=859208280735704 stage=T8 side=C res=1 tail=90116
RLTRACE t_ns=859208298064760 stage=T7 side=C res=2 off=52912 len=1
RLTRACE t_ns=859208298339368 stage=T8 side=C res=1 tail=90176
[wp-proxy] forward obj 3 opcode 1 (3 args)
[wp-proxy] forward obj 3 opcode 9 (4 args)
[wp-proxy] objects+ app_obj=22 wl_callback
[wp-proxy] forward obj 3 opcode 3 (1 args)
[wp-proxy] forward obj 3 opcode 6 (0 args)
[wp-proxy] objects- app_obj=22 wl_callback (was_known=false)
[wp-event][C] delivered app_obj=21 wl_buffer.release args=0
[wp-event][C] delivered app_obj=22 wl_callback.done args=1
RLTRACE t_ns=859208328088512 stage=T7 side=C res=2 off=52920 len=1
RLTRACE t_ns=859208328110748 stage=T7 side=C res=2 off=52928 len=1
RLTRACE t_ns=859208328153356 stage=T8 side=C res=1 tail=90332
RLTRACE t_ns=859208355874330 stage=T7 side=C res=2 off=52936 len=1
RLTRACE t_ns=859208355896934 stage=T7 side=C res=2 off=52940 len=1
RLTRACE t_ns=859208356290875 stage=T8 side=C res=1 tail=91256
RLTRACE t_ns=859208363589071 stage=T8 side=C res=1 tail=91376
RLTRACE t_ns=859208372320274 stage=T7 side=C res=2 off=52944 len=1
RLTRACE t_ns=859208372595977 stage=T8 side=C res=1 tail=91436
[wp-proxy] forward obj 3 opcode 1 (3 args)
[wp-proxy] forward obj 3 opcode 9 (4 args)
[wp-proxy] objects+ app_obj=22 wl_callback
[wp-proxy] forward obj 3 opcode 3 (1 args)
[wp-proxy] forward obj 3 opcode 6 (0 args)
[wp-proxy] objects- app_obj=22 wl_callback (was_known=false)
[wp-event][C] delivered app_obj=23 wl_buffer.release args=0
[wp-event][C] delivered app_obj=22 wl_callback.done args=1
RLTRACE t_ns=859208389224584 stage=T7 side=C res=2 off=52952 len=1
RLTRACE t_ns=859208389243236 stage=T7 side=C res=2 off=52960 len=1
RLTRACE t_ns=859208389903757 stage=T8 side=C res=1 tail=91592
RLTRACE t_ns=859208414727090 stage=T7 side=C res=2 off=52968 len=1
RLTRACE t_ns=859208414772388 stage=T7 side=C res=2 off=52972 len=1
RLTRACE t_ns=859208415322266 stage=T8 side=C res=1 tail=92516
RLTRACE t_ns=859208422122272 stage=T8 side=C res=1 tail=92636
RLTRACE t_ns=859208441223320 stage=T7 side=C res=2 off=52976 len=1
RLTRACE t_ns=859208441601805 stage=T8 side=C res=1 tail=92696
[wp-proxy] forward obj 3 opcode 1 (3 args)
[wp-proxy] forward obj 3 opcode 9 (4 args)
[wp-proxy] objects+ app_obj=22 wl_callback
[wp-proxy] forward obj 3 opcode 3 (1 args)
[wp-proxy] forward obj 3 opcode 6 (0 args)
[wp-proxy] objects- app_obj=22 wl_callback (was_known=false)
[wp-event][C] delivered app_obj=17 wl_buffer.release args=0
[wp-event][C] delivered app_obj=22 wl_callback.done args=1
RLTRACE t_ns=859208471738771 stage=T7 side=C res=2 off=52984 len=1
RLTRACE t_ns=859208471771658 stage=T7 side=C res=2 off=52992 len=1
RLTRACE t_ns=859208472025907 stage=T8 side=C res=1 tail=92768
RLTRACE t_ns=859208480586874 stage=T8 side=C res=1 tail=92852
RLTRACE t_ns=859208515278981 stage=T7 side=C res=2 off=53000 len=1
RLTRACE t_ns=859208515305338 stage=T7 side=C res=2 off=53004 len=1
RLTRACE t_ns=859208515336091 stage=T8 side=C res=1 tail=93108
RLTRACE t_ns=859208521873065 stage=T8 side=C res=1 tail=93896
RLTRACE t_ns=859208530558263 stage=T7 side=C res=2 off=53008 len=1
RLTRACE t_ns=859208531040474 stage=T8 side=C res=1 tail=93956
[wp-proxy] forward obj 3 opcode 1 (3 args)
[wp-proxy] forward obj 3 opcode 9 (4 args)
[wp-proxy] objects+ app_obj=22 wl_callback
[wp-proxy] forward obj 3 opcode 3 (1 args)
[wp-proxy] forward obj 3 opcode 6 (0 args)
[wp-proxy] objects- app_obj=22 wl_callback (was_known=false)
[wp-event][C] delivered app_obj=19 wl_buffer.release args=0
[wp-event][C] delivered app_obj=22 wl_callback.done args=1
RLTRACE t_ns=859208549343104 stage=T7 side=C res=2 off=53016 len=1
RLTRACE t_ns=859208549360788 stage=T7 side=C res=2 off=53024 len=1
RLTRACE t_ns=859208549491972 stage=T8 side=C res=1 tail=94112
RLTRACE t_ns=859208590241255 stage=T7 side=C res=2 off=53032 len=1
RLTRACE t_ns=859208590272714 stage=T7 side=C res=2 off=53036 len=1
RLTRACE t_ns=859208590367282 stage=T8 side=C res=1 tail=94348
RLTRACE t_ns=859208599141192 stage=T8 side=C res=1 tail=95156
RLTRACE t_ns=859208608926380 stage=T7 side=C res=2 off=53040 len=1
RLTRACE t_ns=859208609260228 stage=T8 side=C res=1 tail=95216
[wp-proxy] forward obj 3 opcode 1 (3 args)
[wp-proxy] forward obj 3 opcode 9 (4 args)
[wp-proxy] objects+ app_obj=22 wl_callback
[wp-proxy] forward obj 3 opcode 3 (1 args)
[wp-proxy] forward obj 3 opcode 6 (0 args)
[wp-proxy] objects- app_obj=22 wl_callback (was_known=false)
[wp-event][C] delivered app_obj=21 wl_buffer.release args=0
[wp-event][C] delivered app_obj=22 wl_callback.done args=1
RLTRACE t_ns=859208630271735 stage=T7 side=C res=2 off=53048 len=1
RLTRACE t_ns=859208630320421 stage=T7 side=C res=2 off=53056 len=1
RLTRACE t_ns=859208630701799 stage=T8 side=C res=1 tail=95372
RLTRACE t_ns=859208670535208 stage=T7 side=C res=2 off=53064 len=1
RLTRACE t_ns=859208670610902 stage=T7 side=C res=2 off=53068 len=1
RLTRACE t_ns=859208670983665 stage=T8 side=C res=1 tail=95852
RLTRACE t_ns=859208682587481 stage=T8 side=C res=1 tail=96416
RLTRACE t_ns=859208697463785 stage=T7 side=C res=2 off=53072 len=1
RLTRACE t_ns=859208697606031 stage=T8 side=C res=1 tail=96452
RLTRACE t_ns=859208702714384 stage=T8 side=C res=1 tail=96476
[wp-proxy] forward obj 3 opcode 1 (3 args)
[wp-proxy] forward obj 3 opcode 9 (4 args)
[wp-proxy] objects+ app_obj=22 wl_callback
[wp-proxy] forward obj 3 opcode 3 (1 args)
[wp-proxy] forward obj 3 opcode 6 (0 args)
[wp-proxy] objects- app_obj=22 wl_callback (was_known=false)
[wp-event][C] delivered app_obj=23 wl_buffer.release args=0
[wp-event][C] delivered app_obj=22 wl_callback.done args=1
RLTRACE t_ns=859208722185399 stage=T8 side=C res=1 tail=96512
RLTRACE t_ns=859208729750484 stage=T7 side=C res=2 off=53080 len=1
RLTRACE t_ns=859208729793095 stage=T7 side=C res=2 off=53088 len=1
RLTRACE t_ns=859208730082952 stage=T8 side=C res=1 tail=96632
RLTRACE t_ns=859208766868506 stage=T7 side=C res=2 off=53096 len=1
RLTRACE t_ns=859208766943821 stage=T7 side=C res=2 off=53100 len=1
RLTRACE t_ns=859208767259144 stage=T8 side=C res=1 tail=96772
RLTRACE t_ns=859208773024181 stage=T8 side=C res=1 tail=97676
RLTRACE t_ns=859208795894962 stage=T7 side=C res=2 off=53104 len=1
RLTRACE t_ns=859208796103048 stage=T8 side=C res=1 tail=97736
[wp-proxy] forward obj 3 opcode 1 (3 args)
[wp-proxy] forward obj 3 opcode 9 (4 args)
[wp-proxy] objects+ app_obj=22 wl_callback
[wp-proxy] forward obj 3 opcode 3 (1 args)
[wp-proxy] forward obj 3 opcode 6 (0 args)
[wp-proxy] objects- app_obj=22 wl_callback (was_known=false)
[wp-event][C] delivered app_obj=17 wl_buffer.release args=0
[wp-event][C] delivered app_obj=22 wl_callback.done args=1
RLTRACE t_ns=859208820506559 stage=T7 side=C res=2 off=53112 len=1
RLTRACE t_ns=859208820574128 stage=T7 side=C res=2 off=53120 len=1
RLTRACE t_ns=859208821233266 stage=T8 side=C res=1 tail=97892
RLTRACE t_ns=859208857064569 stage=T7 side=C res=2 off=53128 len=1
RLTRACE t_ns=859208857120384 stage=T7 side=C res=2 off=53132 len=1
RLTRACE t_ns=859208857180772 stage=T8 side=C res=1 tail=97928
RLTRACE t_ns=859208861822838 stage=T8 side=C res=1 tail=98936
RLTRACE t_ns=859208877957374 stage=T7 side=C res=2 off=53136 len=1
RLTRACE t_ns=859208878312797 stage=T8 side=C res=1 tail=98996
[wp-proxy] forward obj 3 opcode 1 (3 args)
[wp-proxy] forward obj 3 opcode 9 (4 args)
[wp-proxy] objects+ app_obj=22 wl_callback
[wp-proxy] forward obj 3 opcode 3 (1 args)
[wp-proxy] forward obj 3 opcode 6 (0 args)
[wp-proxy] objects- app_obj=22 wl_callback (was_known=false)
[wp-event][C] delivered app_obj=19 wl_buffer.release args=0
[wp-event][C] delivered app_obj=22 wl_callback.done args=1
RLTRACE t_ns=859208897278326 stage=T8 side=C res=1 tail=99032
RLTRACE t_ns=859208909616326 stage=T7 side=C res=2 off=53144 len=1
RLTRACE t_ns=859208909644413 stage=T7 side=C res=2 off=53152 len=1
RLTRACE t_ns=859208909727899 stage=T8 side=C res=1 tail=99152
RLTRACE t_ns=859208955617790 stage=T8 side=C res=1 tail=99188
RLTRACE t_ns=859208972271877 stage=T7 side=C res=2 off=53160 len=1
RLTRACE t_ns=859208972300849 stage=T7 side=C res=2 off=53164 len=1
RLTRACE t_ns=859208972800131 stage=T8 side=C res=1 tail=99292
RLTRACE t_ns=859208978470244 stage=T8 side=C res=1 tail=100196
RLTRACE t_ns=859208992932524 stage=T7 side=C res=2 off=53168 len=1
RLTRACE t_ns=859208993549902 stage=T8 side=C res=1 tail=100256
[wp-proxy] forward obj 3 opcode 1 (3 args)
[wp-proxy] forward obj 3 opcode 9 (4 args)
[wp-proxy] objects+ app_obj=22 wl_callback
[wp-proxy] forward obj 3 opcode 3 (1 args)
[wp-proxy] forward obj 3 opcode 6 (0 args)
[wp-proxy] objects- app_obj=22 wl_callback (was_known=false)
[wp-event][C] delivered app_obj=21 wl_buffer.release args=0
[wp-event][C] delivered app_obj=22 wl_callback.done args=1
RLTRACE t_ns=859209025656521 stage=T7 side=C res=2 off=53176 len=1
RLTRACE t_ns=859209025682583 stage=T7 side=C res=2 off=53184 len=1
RLTRACE t_ns=859209025991703 stage=T8 side=C res=1 tail=100412
RLTRACE t_ns=859209049674919 stage=T7 side=C res=2 off=53192 len=1
RLTRACE t_ns=859209049706286 stage=T7 side=C res=2 off=53196 len=1
RLTRACE t_ns=859209050446457 stage=T8 side=C res=1 tail=100668
RLTRACE t_ns=859209067862246 stage=T8 side=C res=1 tail=101456
RLTRACE t_ns=859209086614810 stage=T7 side=C res=2 off=53200 len=1
RLTRACE t_ns=859209087235888 stage=T8 side=C res=1 tail=101516
[wp-proxy] forward obj 3 opcode 1 (3 args)
[wp-proxy] forward obj 3 opcode 9 (4 args)
[wp-proxy] objects+ app_obj=22 wl_callback
[wp-proxy] forward obj 3 opcode 3 (1 args)
[wp-proxy] forward obj 3 opcode 6 (0 args)
[wp-proxy] objects- app_obj=22 wl_callback (was_known=false)
[wp-event][C] delivered app_obj=23 wl_buffer.release args=0
[wp-event][C] delivered app_obj=22 wl_callback.done args=1
RLTRACE t_ns=859209103842905 stage=T7 side=C res=2 off=53208 len=1
RLTRACE t_ns=859209103858416 stage=T7 side=C res=2 off=53216 len=1
RLTRACE t_ns=859209103933309 stage=T8 side=C res=1 tail=101672
RLTRACE t_ns=859209125256387 stage=T7 side=C res=2 off=53224 len=1
RLTRACE t_ns=859209125273524 stage=T7 side=C res=2 off=53228 len=1
RLTRACE t_ns=859209125760550 stage=T8 side=C res=1 tail=102716
RLTRACE t_ns=859209154264162 stage=T7 side=C res=2 off=53232 len=1
RLTRACE t_ns=859209154512001 stage=T8 side=C res=1 tail=102776
[wp-proxy] forward obj 3 opcode 1 (3 args)
[wp-proxy] forward obj 3 opcode 9 (4 args)
[wp-proxy] objects+ app_obj=22 wl_callback
[wp-proxy] forward obj 3 opcode 3 (1 args)
[wp-proxy] forward obj 3 opcode 6 (0 args)
[wp-proxy] objects- app_obj=22 wl_callback (was_known=false)
[wp-event][C] delivered app_obj=17 wl_buffer.release args=0
[wp-event][C] delivered app_obj=22 wl_callback.done args=1
RLTRACE t_ns=859209184693323 stage=T7 side=C res=2 off=53240 len=1
RLTRACE t_ns=859209184736827 stage=T7 side=C res=2 off=53248 len=1
RLTRACE t_ns=859209185265268 stage=T8 side=C res=1 tail=102932
RLTRACE t_ns=859209224308252 stage=T7 side=C res=2 off=53256 len=1
RLTRACE t_ns=859209224325321 stage=T7 side=C res=2 off=53260 len=1
RLTRACE t_ns=859209224520491 stage=T8 side=C res=1 tail=103808
RLTRACE t_ns=859209231226716 stage=T8 side=C res=1 tail=103976
RLTRACE t_ns=859209244675437 stage=T7 side=C res=2 off=53264 len=1
RLTRACE t_ns=859209245190743 stage=T8 side=C res=1 tail=104036
[wp-proxy] forward obj 3 opcode 1 (3 args)
[wp-proxy] forward obj 3 opcode 9 (4 args)
[wp-proxy] objects+ app_obj=22 wl_callback
[wp-proxy] forward obj 3 opcode 3 (1 args)
[wp-proxy] forward obj 3 opcode 6 (0 args)
[wp-proxy] objects- app_obj=22 wl_callback (was_known=false)
[wp-event][C] delivered app_obj=19 wl_buffer.release args=0
[wp-event][C] delivered app_obj=22 wl_callback.done args=1
RLTRACE t_ns=859209273042707 stage=T7 side=C res=2 off=53272 len=1
RLTRACE t_ns=859209273061537 stage=T7 side=C res=2 off=53280 len=1
RLTRACE t_ns=859209273499755 stage=T8 side=C res=1 tail=104192
RLTRACE t_ns=859209308588783 stage=T7 side=C res=2 off=53288 len=1
RLTRACE t_ns=859209308611444 stage=T7 side=C res=2 off=53292 len=1
RLTRACE t_ns=859209308863152 stage=T8 side=C res=1 tail=105116
RLTRACE t_ns=859209316359099 stage=T8 side=C res=1 tail=105236
RLTRACE t_ns=859209325893937 stage=T7 side=C res=2 off=53296 len=1
RLTRACE t_ns=859209325970373 stage=T8 side=C res=1 tail=105296
[wp-proxy] forward obj 3 opcode 1 (3 args)
[wp-proxy] forward obj 3 opcode 9 (4 args)
[wp-proxy] objects+ app_obj=22 wl_callback
[wp-proxy] forward obj 3 opcode 3 (1 args)
[wp-proxy] forward obj 3 opcode 6 (0 args)
[wp-proxy] objects- app_obj=22 wl_callback (was_known=false)
[wp-event][C] delivered app_obj=21 wl_buffer.release args=0
[wp-event][C] delivered app_obj=22 wl_callback.done args=1
RLTRACE t_ns=859209343155225 stage=T7 side=C res=2 off=53304 len=1
RLTRACE t_ns=859209343173142 stage=T7 side=C res=2 off=53312 len=1
RLTRACE t_ns=859209343525119 stage=T8 side=C res=1 tail=105452
RLTRACE t_ns=859209369198464 stage=T7 side=C res=2 off=53320 len=1
RLTRACE t_ns=859209369223152 stage=T7 side=C res=2 off=53324 len=1
RLTRACE t_ns=859209369259043 stage=T8 side=C res=1 tail=106376
RLTRACE t_ns=859209379542105 stage=T8 side=C res=1 tail=106496
RLTRACE t_ns=859209395014889 stage=T7 side=C res=2 off=53328 len=1
RLTRACE t_ns=859209395439201 stage=T8 side=C res=1 tail=106532
RLTRACE t_ns=859209403370509 stage=T8 side=C res=1 tail=106556
[wp-proxy] forward obj 3 opcode 1 (3 args)
[wp-proxy] forward obj 3 opcode 9 (4 args)
[wp-proxy] objects+ app_obj=22 wl_callback
[wp-proxy] forward obj 3 opcode 3 (1 args)
[wp-proxy] forward obj 3 opcode 6 (0 args)
[wp-proxy] objects- app_obj=22 wl_callback (was_known=false)
[wp-event][C] delivered app_obj=23 wl_buffer.release args=0
[wp-event][C] delivered app_obj=22 wl_callback.done args=1
RLTRACE t_ns=859209436666040 stage=T7 side=C res=2 off=53336 len=1
RLTRACE t_ns=859209436686596 stage=T7 side=C res=2 off=53344 len=1
RLTRACE t_ns=859209436961449 stage=T8 side=C res=1 tail=106712
RLTRACE t_ns=859209480237251 stage=T7 side=C res=2 off=53352 len=1
RLTRACE t_ns=859209480261495 stage=T7 side=C res=2 off=53356 len=1
RLTRACE t_ns=859209480746278 stage=T8 side=C res=1 tail=107636
RLTRACE t_ns=859209487771671 stage=T8 side=C res=1 tail=107756
RLTRACE t_ns=859209501621352 stage=T7 side=C res=2 off=53360 len=1
RLTRACE t_ns=859209502040977 stage=T8 side=C res=1 tail=107816
[wp-proxy] forward obj 3 opcode 1 (3 args)
[wp-proxy] forward obj 3 opcode 9 (4 args)
[wp-proxy] objects+ app_obj=22 wl_callback
[wp-proxy] forward obj 3 opcode 3 (1 args)
[wp-proxy] forward obj 3 opcode 6 (0 args)
[wp-proxy] objects- app_obj=22 wl_callback (was_known=false)
[wp-event][C] delivered app_obj=17 wl_buffer.release args=0
[wp-event][C] delivered app_obj=22 wl_callback.done args=1
RLTRACE t_ns=859209531146718 stage=T7 side=C res=2 off=53368 len=1
RLTRACE t_ns=859209531182887 stage=T7 side=C res=2 off=53376 len=1
RLTRACE t_ns=859209531676997 stage=T8 side=C res=1 tail=107972
RLTRACE t_ns=859209578477553 stage=T7 side=C res=2 off=53384 len=1
RLTRACE t_ns=859209578498053 stage=T7 side=C res=2 off=53388 len=1
RLTRACE t_ns=859209578839919 stage=T8 side=C res=1 tail=108896
RLTRACE t_ns=859209586836027 stage=T8 side=C res=1 tail=109016
RLTRACE t_ns=859209597382482 stage=T7 side=C res=2 off=53392 len=1
RLTRACE t_ns=859209597552900 stage=T8 side=C res=1 tail=109076
[wp-proxy] forward obj 3 opcode 1 (3 args)
[wp-proxy] forward obj 3 opcode 9 (4 args)
[wp-proxy] objects+ app_obj=22 wl_callback
[wp-proxy] forward obj 3 opcode 3 (1 args)
[wp-proxy] forward obj 3 opcode 6 (0 args)
[wp-proxy] objects- app_obj=22 wl_callback (was_known=false)
[wp-event][C] delivered app_obj=19 wl_buffer.release args=0
[wp-event][C] delivered app_obj=22 wl_callback.done args=1
RLTRACE t_ns=859209620721245 stage=T7 side=C res=2 off=53400 len=1
RLTRACE t_ns=859209620767896 stage=T7 side=C res=2 off=53408 len=1
RLTRACE t_ns=859209621108782 stage=T8 side=C res=1 tail=109232
RLTRACE t_ns=859209656778516 stage=T7 side=C res=2 off=53416 len=1
RLTRACE t_ns=859209656821010 stage=T7 side=C res=2 off=53420 len=1
RLTRACE t_ns=859209656959621 stage=T8 side=C res=1 tail=110276
RLTRACE t_ns=859209671893465 stage=T7 side=C res=2 off=53424 len=1
RLTRACE t_ns=859209672022223 stage=T8 side=C res=1 tail=110336
[wp-proxy] forward obj 3 opcode 1 (3 args)
[wp-proxy] forward obj 3 opcode 9 (4 args)
[wp-proxy] objects+ app_obj=22 wl_callback
[wp-proxy] forward obj 3 opcode 3 (1 args)
[wp-proxy] forward obj 3 opcode 6 (0 args)
[wp-proxy] objects- app_obj=22 wl_callback (was_known=false)
[wp-event][C] delivered app_obj=21 wl_buffer.release args=0
[wp-event][C] delivered app_obj=22 wl_callback.done args=1
RLTRACE t_ns=859209687277674 stage=T7 side=C res=2 off=53432 len=1
RLTRACE t_ns=859209687336198 stage=T7 side=C res=2 off=53440 len=1
RLTRACE t_ns=859209687612938 stage=T8 side=C res=1 tail=110492
RLTRACE t_ns=859209707265004 stage=T7 side=C res=2 off=53448 len=1
RLTRACE t_ns=859209707306037 stage=T7 side=C res=2 off=53452 len=1
RLTRACE t_ns=859209707922588 stage=T8 side=C res=1 tail=111416
RLTRACE t_ns=859209718147599 stage=T8 side=C res=1 tail=111536
RLTRACE t_ns=859209730497088 stage=T7 side=C res=2 off=53456 len=1
RLTRACE t_ns=859209730796691 stage=T8 side=C res=1 tail=111596
[wp-proxy] forward obj 3 opcode 1 (3 args)
[wp-proxy] forward obj 3 opcode 9 (4 args)
[wp-proxy] objects+ app_obj=22 wl_callback
[wp-proxy] forward obj 3 opcode 3 (1 args)
[wp-proxy] forward obj 3 opcode 6 (0 args)
[wp-proxy] objects- app_obj=22 wl_callback (was_known=false)
[wp-event][C] delivered app_obj=23 wl_buffer.release args=0
[wp-event][C] delivered app_obj=22 wl_callback.done args=1
RLTRACE t_ns=859209761549828 stage=T7 side=C res=2 off=53464 len=1
RLTRACE t_ns=859209761605845 stage=T7 side=C res=2 off=53472 len=1
RLTRACE t_ns=859209761778665 stage=T8 side=C res=1 tail=111752
RLTRACE t_ns=859209791446132 stage=T7 side=C res=2 off=53480 len=1
RLTRACE t_ns=859209791492399 stage=T7 side=C res=2 off=53484 len=1
RLTRACE t_ns=859209791798152 stage=T8 side=C res=1 tail=112796
RLTRACE t_ns=859209811984454 stage=T7 side=C res=2 off=53488 len=1
RLTRACE t_ns=859209812610850 stage=T8 side=C res=1 tail=112856
[wp-proxy] forward obj 3 opcode 1 (3 args)
[wp-proxy] forward obj 3 opcode 9 (4 args)
[wp-proxy] objects+ app_obj=22 wl_callback
[wp-proxy] forward obj 3 opcode 3 (1 args)
[wp-proxy] forward obj 3 opcode 6 (0 args)
[wp-proxy] objects- app_obj=22 wl_callback (was_known=false)
[wp-event][C] delivered app_obj=17 wl_buffer.release args=0
[wp-event][C] delivered app_obj=22 wl_callback.done args=1
RLTRACE t_ns=859209836167053 stage=T7 side=C res=2 off=53496 len=1
RLTRACE t_ns=859209836255946 stage=T7 side=C res=2 off=53504 len=1
RLTRACE t_ns=859209836466119 stage=T8 side=C res=1 tail=113012
RLTRACE t_ns=859209857985742 stage=T7 side=C res=2 off=53512 len=1
RLTRACE t_ns=859209858037095 stage=T7 side=C res=2 off=53516 len=1
RLTRACE t_ns=859209858222925 stage=T8 side=C res=1 tail=113692
RLTRACE t_ns=859209866137783 stage=T8 side=C res=1 tail=114056
RLTRACE t_ns=859209875527534 stage=T7 side=C res=2 off=53520 len=1
RLTRACE t_ns=859209876015303 stage=T8 side=C res=1 tail=114116
[wp-proxy] forward obj 3 opcode 1 (3 args)
[wp-proxy] forward obj 3 opcode 9 (4 args)
[wp-proxy] objects+ app_obj=22 wl_callback
[wp-proxy] forward obj 3 opcode 3 (1 args)
[wp-proxy] forward obj 3 opcode 6 (0 args)
[wp-proxy] objects- app_obj=22 wl_callback (was_known=false)
[wp-event][C] delivered app_obj=19 wl_buffer.release args=0
[wp-event][C] delivered app_obj=22 wl_callback.done args=1
RLTRACE t_ns=859209891346411 stage=T7 side=C res=2 off=53528 len=1
RLTRACE t_ns=859209891397783 stage=T7 side=C res=2 off=53536 len=1
RLTRACE t_ns=859209891439139 stage=T8 side=C res=1 tail=114272
RLTRACE t_ns=859209922560366 stage=T7 side=C res=2 off=53544 len=1
RLTRACE t_ns=859209922601457 stage=T7 side=C res=2 off=53548 len=1
RLTRACE t_ns=859209922744109 stage=T8 side=C res=1 tail=115196
RLTRACE t_ns=859209933388014 stage=T8 side=C res=1 tail=115316
RLTRACE t_ns=859209936791022 stage=T8 side=C res=1 tail=115352
RLTRACE t_ns=859209946437302 stage=T7 side=C res=2 off=53552 len=1
RLTRACE t_ns=859209946515554 stage=T8 side=C res=1 tail=115376
[wp-proxy] forward obj 3 opcode 1 (3 args)
[wp-proxy] forward obj 3 opcode 9 (4 args)
[wp-proxy] objects+ app_obj=22 wl_callback
[wp-proxy] forward obj 3 opcode 3 (1 args)
[wp-proxy] forward obj 3 opcode 6 (0 args)
[wp-proxy] objects- app_obj=22 wl_callback (was_known=false)
[wp-event][C] delivered app_obj=21 wl_buffer.release args=0
[wp-event][C] delivered app_obj=22 wl_callback.done args=1
RLTRACE t_ns=859209961049262 stage=T7 side=C res=2 off=53560 len=1
RLTRACE t_ns=859209961093255 stage=T7 side=C res=2 off=53568 len=1
RLTRACE t_ns=859209961301656 stage=T8 side=C res=1 tail=115532
RLTRACE t_ns=859209977693568 stage=T7 side=C res=2 off=53576 len=1
RLTRACE t_ns=859209977742153 stage=T7 side=C res=2 off=53580 len=1
RLTRACE t_ns=859209978170433 stage=T8 side=C res=1 tail=116576
RLTRACE t_ns=859209992042246 stage=T7 side=C res=2 off=53584 len=1
RLTRACE t_ns=859209992463007 stage=T8 side=C res=1 tail=116636
[wp-proxy] forward obj 3 opcode 1 (3 args)
[wp-proxy] forward obj 3 opcode 9 (4 args)
[wp-proxy] objects+ app_obj=22 wl_callback
[wp-proxy] forward obj 3 opcode 3 (1 args)
[wp-proxy] forward obj 3 opcode 6 (0 args)
[wp-proxy] objects- app_obj=22 wl_callback (was_known=false)
[wp-event][C] delivered app_obj=23 wl_buffer.release args=0
[wp-event][C] delivered app_obj=22 wl_callback.done args=1
RLTRACE t_ns=859210007342508 stage=T7 side=C res=2 off=53592 len=1
RLTRACE t_ns=859210007365977 stage=T7 side=C res=2 off=53600 len=1
RLTRACE t_ns=859210007740918 stage=T8 side=C res=1 tail=116792
RLTRACE t_ns=859210039175193 stage=T7 side=C res=2 off=53608 len=1
RLTRACE t_ns=859210039194850 stage=T7 side=C res=2 off=53612 len=1
RLTRACE t_ns=859210039544856 stage=T8 side=C res=1 tail=116828
RLTRACE t_ns=859210043513675 stage=T8 side=C res=1 tail=117836
RLTRACE t_ns=859210063311311 stage=T7 side=C res=2 off=53616 len=1
RLTRACE t_ns=859210063367611 stage=T8 side=C res=1 tail=117896
[wp-proxy] forward obj 3 opcode 1 (3 args)
[wp-proxy] forward obj 3 opcode 9 (4 args)
[wp-proxy] objects+ app_obj=22 wl_callback
[wp-proxy] forward obj 3 opcode 3 (1 args)
[wp-proxy] forward obj 3 opcode 6 (0 args)
[wp-proxy] objects- app_obj=22 wl_callback (was_known=false)
[wp-event][C] delivered app_obj=17 wl_buffer.release args=0
[wp-event][C] delivered app_obj=22 wl_callback.done args=1
RLTRACE t_ns=859210081980866 stage=T7 side=C res=2 off=53624 len=1
RLTRACE t_ns=859210082124202 stage=T7 side=C res=2 off=53632 len=1
RLTRACE t_ns=859210082518289 stage=T8 side=C res=1 tail=118052
RLTRACE t_ns=859210116143021 stage=T7 side=C res=2 off=53640 len=1
RLTRACE t_ns=859210116168203 stage=T7 side=C res=2 off=53644 len=1
RLTRACE t_ns=859210116341762 stage=T8 side=C res=1 tail=118356
RLTRACE t_ns=859210124931937 stage=T8 side=C res=1 tail=119096
RLTRACE t_ns=859210136556894 stage=T7 side=C res=2 off=53648 len=1
RLTRACE t_ns=859210137014318 stage=T8 side=C res=1 tail=119156
[wp-proxy] forward obj 3 opcode 1 (3 args)
[wp-proxy] forward obj 3 opcode 9 (4 args)
[wp-proxy] objects+ app_obj=22 wl_callback
[wp-proxy] forward obj 3 opcode 3 (1 args)
[wp-proxy] forward obj 3 opcode 6 (0 args)
[wp-proxy] objects- app_obj=22 wl_callback (was_known=false)
[wp-event][C] delivered app_obj=19 wl_buffer.release args=0
[wp-event][C] delivered app_obj=22 wl_callback.done args=1
RLTRACE t_ns=859210153543587 stage=T7 side=C res=2 off=53656 len=1
RLTRACE t_ns=859210153562184 stage=T7 side=C res=2 off=53664 len=1
RLTRACE t_ns=859210153744276 stage=T8 side=C res=1 tail=119312
RLTRACE t_ns=859210174065170 stage=T7 side=C res=2 off=53672 len=1
RLTRACE t_ns=859210174092020 stage=T7 side=C res=2 off=53676 len=1
RLTRACE t_ns=859210174357721 stage=T8 side=C res=1 tail=119960
RLTRACE t_ns=859210182551699 stage=T8 side=C res=1 tail=120356
RLTRACE t_ns=859210191813304 stage=T7 side=C res=2 off=53680 len=1
RLTRACE t_ns=859210192281906 stage=T8 side=C res=1 tail=120416
[wp-proxy] forward obj 3 opcode 1 (3 args)
[wp-proxy] forward obj 3 opcode 9 (4 args)
[wp-proxy] objects+ app_obj=22 wl_callback
[wp-proxy] forward obj 3 opcode 3 (1 args)
[wp-proxy] forward obj 3 opcode 6 (0 args)
[wp-proxy] objects- app_obj=22 wl_callback (was_known=false)
[wp-event][C] delivered app_obj=21 wl_buffer.release args=0
[wp-event][C] delivered app_obj=22 wl_callback.done args=1
RLTRACE t_ns=859210207966561 stage=T7 side=C res=2 off=53688 len=1
RLTRACE t_ns=859210208225778 stage=T7 side=C res=2 off=53696 len=1
RLTRACE t_ns=859210208378040 stage=T8 side=C res=1 tail=120572
RLTRACE t_ns=859210228570553 stage=T7 side=C res=2 off=53704 len=1
RLTRACE t_ns=859210228599234 stage=T7 side=C res=2 off=53708 len=1
RLTRACE t_ns=859210228810944 stage=T8 side=C res=1 tail=121496
RLTRACE t_ns=859210236232302 stage=T8 side=C res=1 tail=121616
RLTRACE t_ns=859210246257948 stage=T7 side=C res=2 off=53712 len=1
RLTRACE t_ns=859210246585643 stage=T8 side=C res=1 tail=121676
[wp-proxy] forward obj 3 opcode 1 (3 args)
[wp-proxy] forward obj 3 opcode 9 (4 args)
[wp-proxy] objects+ app_obj=22 wl_callback
[wp-proxy] forward obj 3 opcode 3 (1 args)
[wp-proxy] forward obj 3 opcode 6 (0 args)
[wp-proxy] objects- app_obj=22 wl_callback (was_known=false)
[wp-event][C] delivered app_obj=23 wl_buffer.release args=0
[wp-event][C] delivered app_obj=22 wl_callback.done args=1
RLTRACE t_ns=859210261682534 stage=T7 side=C res=2 off=53720 len=1
RLTRACE t_ns=859210261700027 stage=T7 side=C res=2 off=53728 len=1
RLTRACE t_ns=859210262072867 stage=T8 side=C res=1 tail=121832
RLTRACE t_ns=859210283791719 stage=T7 side=C res=2 off=53736 len=1
RLTRACE t_ns=859210283811211 stage=T7 side=C res=2 off=53740 len=1
RLTRACE t_ns=859210283992984 stage=T8 side=C res=1 tail=122756
RLTRACE t_ns=859210295894252 stage=T8 side=C res=1 tail=122876
RLTRACE t_ns=859210309626987 stage=T7 side=C res=2 off=53744 len=1
RLTRACE t_ns=859210310187927 stage=T8 side=C res=1 tail=122936
[wp-proxy] forward obj 3 opcode 1 (3 args)
[wp-proxy] forward obj 3 opcode 9 (4 args)
[wp-proxy] objects+ app_obj=22 wl_callback
[wp-proxy] forward obj 3 opcode 3 (1 args)
[wp-proxy] forward obj 3 opcode 6 (0 args)
[wp-proxy] objects- app_obj=22 wl_callback (was_known=false)
[wp-event][C] delivered app_obj=17 wl_buffer.release args=0
[wp-event][C] delivered app_obj=22 wl_callback.done args=1
RLTRACE t_ns=859210331353281 stage=T7 side=C res=2 off=53752 len=1
RLTRACE t_ns=859210331374898 stage=T7 side=C res=2 off=53760 len=1
RLTRACE t_ns=859210332106674 stage=T8 side=C res=1 tail=123092
RLTRACE t_ns=859210361934256 stage=T7 side=C res=2 off=53768 len=1
RLTRACE t_ns=859210361958968 stage=T7 side=C res=2 off=53772 len=1
RLTRACE t_ns=859210362128324 stage=T8 side=C res=1 tail=123968
RLTRACE t_ns=859210370559448 stage=T8 side=C res=1 tail=124136
RLTRACE t_ns=859210381589021 stage=T7 side=C res=2 off=53776 len=1
RLTRACE t_ns=859210381703701 stage=T8 side=C res=1 tail=124196
[wp-proxy] forward obj 3 opcode 1 (3 args)
[wp-proxy] forward obj 3 opcode 9 (4 args)
[wp-proxy] objects+ app_obj=22 wl_callback
[wp-proxy] forward obj 3 opcode 3 (1 args)
[wp-proxy] forward obj 3 opcode 6 (0 args)
[wp-proxy] objects- app_obj=22 wl_callback (was_known=false)
[wp-event][C] delivered app_obj=19 wl_buffer.release args=0
[wp-event][C] delivered app_obj=22 wl_callback.done args=1
RLTRACE t_ns=859210404974513 stage=T7 side=C res=2 off=53784 len=1
RLTRACE t_ns=859210404992960 stage=T7 side=C res=2 off=53792 len=1
RLTRACE t_ns=859210405498037 stage=T8 side=C res=1 tail=124352
RLTRACE t_ns=859210451485408 stage=T7 side=C res=2 off=53800 len=1
RLTRACE t_ns=859210451520260 stage=T7 side=C res=2 off=53804 len=1
RLTRACE t_ns=859210451700150 stage=T8 side=C res=1 tail=124608
RLTRACE t_ns=859210458090186 stage=T8 side=C res=1 tail=125396
RLTRACE t_ns=859210469541558 stage=T7 side=C res=2 off=53808 len=1
RLTRACE t_ns=859210470040015 stage=T8 side=C res=1 tail=125456
[wp-proxy] forward obj 3 opcode 1 (3 args)
[wp-proxy] forward obj 3 opcode 9 (4 args)
[wp-proxy] objects+ app_obj=22 wl_callback
[wp-proxy] forward obj 3 opcode 3 (1 args)
[wp-proxy] forward obj 3 opcode 6 (0 args)
[wp-proxy] objects- app_obj=22 wl_callback (was_known=false)
[wp-event][C] delivered app_obj=21 wl_buffer.release args=0
[wp-event][C] delivered app_obj=22 wl_callback.done args=1
RLTRACE t_ns=859210492669949 stage=T7 side=C res=2 off=53816 len=1
RLTRACE t_ns=859210492699397 stage=T7 side=C res=2 off=53824 len=1
RLTRACE t_ns=859210492789430 stage=T8 side=C res=1 tail=125492
RLTRACE t_ns=859210497863553 stage=T8 side=C res=1 tail=125612
RLTRACE t_ns=859210516789812 stage=T8 side=C res=1 tail=125648
RLTRACE t_ns=859210526455837 stage=T7 side=C res=2 off=53832 len=1
RLTRACE t_ns=859210526479804 stage=T7 side=C res=2 off=53836 len=1
RLTRACE t_ns=859210526843231 stage=T8 side=C res=1 tail=126536
RLTRACE t_ns=859210532332364 stage=T8 side=C res=1 tail=126656
RLTRACE t_ns=859210542652884 stage=T7 side=C res=2 off=53840 len=1
RLTRACE t_ns=859210542984168 stage=T8 side=C res=1 tail=126716
[wp-proxy] forward obj 3 opcode 1 (3 args)
[wp-proxy] forward obj 3 opcode 9 (4 args)
[wp-proxy] objects+ app_obj=22 wl_callback
[wp-proxy] forward obj 3 opcode 3 (1 args)
[wp-proxy] forward obj 3 opcode 6 (0 args)
[wp-proxy] objects- app_obj=22 wl_callback (was_known=false)
[wp-event][C] delivered app_obj=23 wl_buffer.release args=0
[wp-event][C] delivered app_obj=22 wl_callback.done args=1
RLTRACE t_ns=859210562822414 stage=T7 side=C res=2 off=53848 len=1
RLTRACE t_ns=859210562841642 stage=T7 side=C res=2 off=53856 len=1
RLTRACE t_ns=859210563265889 stage=T8 side=C res=1 tail=126872
RLTRACE t_ns=859210590017123 stage=T7 side=C res=2 off=53864 len=1
RLTRACE t_ns=859210590038508 stage=T7 side=C res=2 off=53868 len=1
RLTRACE t_ns=859210590111577 stage=T8 side=C res=1 tail=127108
RLTRACE t_ns=859210595525846 stage=T8 side=C res=1 tail=127916
RLTRACE t_ns=859210605691829 stage=T7 side=C res=2 off=53872 len=1
RLTRACE t_ns=859210606208824 stage=T8 side=C res=1 tail=127976
[wp-proxy] forward obj 3 opcode 1 (3 args)
[wp-proxy] forward obj 3 opcode 9 (4 args)
[wp-proxy] objects+ app_obj=22 wl_callback
[wp-proxy] forward obj 3 opcode 3 (1 args)
[wp-proxy] forward obj 3 opcode 6 (0 args)
[wp-proxy] objects- app_obj=22 wl_callback (was_known=false)
[wp-event][C] delivered app_obj=17 wl_buffer.release args=0
[wp-event][C] delivered app_obj=22 wl_callback.done args=1
RLTRACE t_ns=859210638308303 stage=T7 side=C res=2 off=53880 len=1
RLTRACE t_ns=859210638334714 stage=T7 side=C res=2 off=53888 len=1
RLTRACE t_ns=859210638505634 stage=T8 side=C res=1 tail=128132
RLTRACE t_ns=859210691480491 stage=T7 side=C res=2 off=53896 len=1
RLTRACE t_ns=859210691579847 stage=T7 side=C res=2 off=53900 len=1
RLTRACE t_ns=859210692116657 stage=T8 side=C res=1 tail=128168
RLTRACE t_ns=859210700109640 stage=T8 side=C res=1 tail=129176
RLTRACE t_ns=859210731625923 stage=T7 side=C res=2 off=53904 len=1
RLTRACE t_ns=859210731796493 stage=T8 side=C res=1 tail=129236
[wp-proxy] forward obj 3 opcode 1 (3 args)
[wp-proxy] forward obj 3 opcode 9 (4 args)
[wp-proxy] objects+ app_obj=22 wl_callback
[wp-proxy] forward obj 3 opcode 3 (1 args)
[wp-proxy] forward obj 3 opcode 6 (0 args)
[wp-proxy] objects- app_obj=22 wl_callback (was_known=false)
[wp-event][C] delivered app_obj=19 wl_buffer.release args=0
[wp-event][C] delivered app_obj=22 wl_callback.done args=1
RLTRACE t_ns=859210757142229 stage=T8 side=C res=1 tail=129272
RLTRACE t_ns=859210771028003 stage=T7 side=C res=2 off=53912 len=1
RLTRACE t_ns=859210771092738 stage=T7 side=C res=2 off=53920 len=1
RLTRACE t_ns=859210771346633 stage=T8 side=C res=1 tail=129308
RLTRACE t_ns=859210776905389 stage=T8 side=C res=1 tail=129392
RLTRACE t_ns=859210802607609 stage=T7 side=C res=2 off=53928 len=1
RLTRACE t_ns=859210802696889 stage=T7 side=C res=2 off=53932 len=1
RLTRACE t_ns=859210803219816 stage=T8 side=C res=1 tail=130232
RLTRACE t_ns=859210811754252 stage=T8 side=C res=1 tail=130436
RLTRACE t_ns=859210821397509 stage=T7 side=C res=2 off=53936 len=1
RLTRACE t_ns=859210821999574 stage=T8 side=C res=1 tail=130496
[wp-proxy] forward obj 3 opcode 1 (3 args)
[wp-proxy] forward obj 3 opcode 9 (4 args)
[wp-proxy] objects+ app_obj=22 wl_callback
[wp-proxy] forward obj 3 opcode 3 (1 args)
[wp-proxy] forward obj 3 opcode 6 (0 args)
[wp-proxy] objects- app_obj=22 wl_callback (was_known=false)
[wp-event][C] delivered app_obj=21 wl_buffer.release args=0
[wp-event][C] delivered app_obj=22 wl_callback.done args=1
RLTRACE t_ns=859210837551393 stage=T7 side=C res=2 off=53944 len=1
RLTRACE t_ns=859210837597988 stage=T7 side=C res=2 off=53952 len=1
RLTRACE t_ns=859210837644234 stage=T8 side=C res=1 tail=130652
RLTRACE t_ns=859210855059280 stage=T7 side=C res=2 off=53960 len=1
RLTRACE t_ns=859210855110564 stage=T7 side=C res=2 off=53964 len=1
RLTRACE t_ns=859210855255614 stage=T8 side=C res=1 tail=131104
RLTRACE t_ns=859210860851535 stage=T8 side=C res=1 tail=131696
RLTRACE t_ns=859210870655461 stage=T7 side=C res=2 off=53968 len=1
RLTRACE t_ns=859210870744262 stage=T8 side=C res=1 tail=131756
[wp-proxy] forward obj 3 opcode 1 (3 args)
[wp-proxy] forward obj 3 opcode 9 (4 args)
[wp-proxy] objects+ app_obj=22 wl_callback
[wp-proxy] forward obj 3 opcode 3 (1 args)
[wp-proxy] forward obj 3 opcode 6 (0 args)
[wp-proxy] objects- app_obj=22 wl_callback (was_known=false)
[wp-event][C] delivered app_obj=23 wl_buffer.release args=0
[wp-event][C] delivered app_obj=22 wl_callback.done args=1
RLTRACE t_ns=859210886184478 stage=T7 side=C res=2 off=53976 len=1
RLTRACE t_ns=859210886229814 stage=T7 side=C res=2 off=53984 len=1
RLTRACE t_ns=859210886313151 stage=T8 side=C res=1 tail=131912
RLTRACE t_ns=859210903574574 stage=T7 side=C res=2 off=53992 len=1
RLTRACE t_ns=859210903615493 stage=T7 side=C res=2 off=53996 len=1
RLTRACE t_ns=859210903889561 stage=T8 side=C res=1 tail=132956
RLTRACE t_ns=859210920486863 stage=T7 side=C res=2 off=54000 len=1
RLTRACE t_ns=859210920598809 stage=T8 side=C res=1 tail=133016
[wp-proxy] forward obj 3 opcode 1 (3 args)
[wp-proxy] forward obj 3 opcode 9 (4 args)
[wp-proxy] objects+ app_obj=22 wl_callback
[wp-proxy] forward obj 3 opcode 3 (1 args)
[wp-proxy] forward obj 3 opcode 6 (0 args)
[wp-proxy] objects- app_obj=22 wl_callback (was_known=false)
[wp-event][C] delivered app_obj=17 wl_buffer.release args=0
[wp-event][C] delivered app_obj=22 wl_callback.done args=1
RLTRACE t_ns=859210935710760 stage=T7 side=C res=2 off=54008 len=1
RLTRACE t_ns=859210935761693 stage=T7 side=C res=2 off=54016 len=1
RLTRACE t_ns=859210935892625 stage=T8 side=C res=1 tail=133088
RLTRACE t_ns=859210940417825 stage=T8 side=C res=1 tail=133172
RLTRACE t_ns=859210968562664 stage=T7 side=C res=2 off=54024 len=1
RLTRACE t_ns=859210968707581 stage=T7 side=C res=2 off=54028 len=1
RLTRACE t_ns=859210968975036 stage=T8 side=C res=1 tail=134216
RLTRACE t_ns=859211002736508 stage=T7 side=C res=2 off=54032 len=1
RLTRACE t_ns=859211003058895 stage=T8 side=C res=1 tail=134276
[wp-proxy] forward obj 3 opcode 1 (3 args)
[wp-proxy] forward obj 3 opcode 9 (4 args)
[wp-proxy] objects+ app_obj=22 wl_callback
[wp-proxy] forward obj 3 opcode 3 (1 args)
[wp-proxy] forward obj 3 opcode 6 (0 args)
[wp-proxy] objects- app_obj=22 wl_callback (was_known=false)
[wp-event][C] delivered app_obj=19 wl_buffer.release args=0
[wp-event][C] delivered app_obj=22 wl_callback.done args=1
RLTRACE t_ns=859211039960053 stage=T7 side=C res=2 off=54040 len=1
RLTRACE t_ns=859211040068009 stage=T7 side=C res=2 off=54048 len=1
RLTRACE t_ns=859211040421653 stage=T8 side=C res=1 tail=134432
RLTRACE t_ns=859211091946636 stage=T7 side=C res=2 off=54056 len=1
RLTRACE t_ns=859211091995401 stage=T7 side=C res=2 off=54060 len=1
RLTRACE t_ns=859211092356828 stage=T8 side=C res=1 tail=135308
RLTRACE t_ns=859211099077821 stage=T8 side=C res=1 tail=135476
RLTRACE t_ns=859211109852255 stage=T7 side=C res=2 off=54064 len=1
RLTRACE t_ns=859211110253417 stage=T8 side=C res=1 tail=135536
[wp-proxy] forward obj 3 opcode 1 (3 args)
[wp-proxy] forward obj 3 opcode 9 (4 args)
[wp-proxy] objects+ app_obj=22 wl_callback
[wp-proxy] forward obj 3 opcode 3 (1 args)
[wp-proxy] forward obj 3 opcode 6 (0 args)
[wp-proxy] objects- app_obj=22 wl_callback (was_known=false)
[wp-event][C] delivered app_obj=21 wl_buffer.release args=0
[wp-event][C] delivered app_obj=22 wl_callback.done args=1
RLTRACE t_ns=859211127223344 stage=T7 side=C res=2 off=54072 len=1
RLTRACE t_ns=859211127286839 stage=T7 side=C res=2 off=54080 len=1
RLTRACE t_ns=859211127799255 stage=T8 side=C res=1 tail=135692
RLTRACE t_ns=859211161157334 stage=T7 side=C res=2 off=54088 len=1
RLTRACE t_ns=859211161261859 stage=T7 side=C res=2 off=54092 len=1
RLTRACE t_ns=859211161385107 stage=T8 side=C res=1 tail=135996
RLTRACE t_ns=859211169972743 stage=T8 side=C res=1 tail=136736
RLTRACE t_ns=859211182744862 stage=T7 side=C res=2 off=54096 len=1
RLTRACE t_ns=859211182988299 stage=T8 side=C res=1 tail=136796
[wp-proxy] forward obj 3 opcode 1 (3 args)
[wp-proxy] forward obj 3 opcode 9 (4 args)
[wp-proxy] objects+ app_obj=22 wl_callback
[wp-proxy] forward obj 3 opcode 3 (1 args)
[wp-proxy] forward obj 3 opcode 6 (0 args)
[wp-proxy] objects- app_obj=22 wl_callback (was_known=false)
[wp-event][C] delivered app_obj=23 wl_buffer.release args=0
[wp-event][C] delivered app_obj=22 wl_callback.done args=1
RLTRACE t_ns=859211202540403 stage=T7 side=C res=2 off=54104 len=1
RLTRACE t_ns=859211202595529 stage=T7 side=C res=2 off=54112 len=1
RLTRACE t_ns=859211203145158 stage=T8 side=C res=1 tail=136952
RLTRACE t_ns=859211239422031 stage=T7 side=C res=2 off=54120 len=1
RLTRACE t_ns=859211239471980 stage=T7 side=C res=2 off=54124 len=1
RLTRACE t_ns=859211240193567 stage=T8 side=C res=1 tail=136988
RLTRACE t_ns=859211245864990 stage=T8 side=C res=1 tail=137996
RLTRACE t_ns=859211266328706 stage=T7 side=C res=2 off=54128 len=1
RLTRACE t_ns=859211266746785 stage=T8 side=C res=1 tail=138056
[wp-proxy] forward obj 3 opcode 1 (3 args)
[wp-proxy] forward obj 3 opcode 9 (4 args)
[wp-proxy] objects+ app_obj=22 wl_callback
[wp-proxy] forward obj 3 opcode 3 (1 args)
[wp-proxy] forward obj 3 opcode 6 (0 args)
[wp-proxy] objects- app_obj=22 wl_callback (was_known=false)
[wp-event][C] delivered app_obj=17 wl_buffer.release args=0
[wp-event][C] delivered app_obj=22 wl_callback.done args=1
RLTRACE t_ns=859211292790458 stage=T7 side=C res=2 off=54136 len=1
RLTRACE t_ns=859211292809737 stage=T7 side=C res=2 off=54144 len=1
RLTRACE t_ns=859211293104527 stage=T8 side=C res=1 tail=138212
RLTRACE t_ns=859211319604280 stage=T7 side=C res=2 off=54152 len=1
RLTRACE t_ns=859211319628070 stage=T7 side=C res=2 off=54156 len=1
RLTRACE t_ns=859211320479808 stage=T8 side=C res=1 tail=138892
RLTRACE t_ns=859211327459168 stage=T8 side=C res=1 tail=139256
RLTRACE t_ns=859211337832553 stage=T7 side=C res=2 off=54160 len=1
RLTRACE t_ns=859211337919189 stage=T8 side=C res=1 tail=139316
[wp-proxy] forward obj 3 opcode 1 (3 args)
[wp-proxy] forward obj 3 opcode 9 (4 args)
[wp-proxy] objects+ app_obj=22 wl_callback
[wp-proxy] forward obj 3 opcode 3 (1 args)
[wp-proxy] forward obj 3 opcode 6 (0 args)
[wp-proxy] objects- app_obj=22 wl_callback (was_known=false)
[wp-event][C] delivered app_obj=19 wl_buffer.release args=0
[wp-event][C] delivered app_obj=22 wl_callback.done args=1
RLTRACE t_ns=859211354854003 stage=T7 side=C res=2 off=54168 len=1
RLTRACE t_ns=859211354869899 stage=T7 side=C res=2 off=54176 len=1
RLTRACE t_ns=859211355232951 stage=T8 side=C res=1 tail=139472
RLTRACE t_ns=859211379316894 stage=T7 side=C res=2 off=54184 len=1
RLTRACE t_ns=859211379341683 stage=T7 side=C res=2 off=54188 len=1
RLTRACE t_ns=859211379730172 stage=T8 side=C res=1 tail=140152
RLTRACE t_ns=859211388395572 stage=T8 side=C res=1 tail=140516
RLTRACE t_ns=859211396649420 stage=T7 side=C res=2 off=54192 len=1
RLTRACE t_ns=859211397132896 stage=T8 side=C res=1 tail=140576
[wp-proxy] forward obj 3 opcode 1 (3 args)
[wp-proxy] forward obj 3 opcode 9 (4 args)
[wp-proxy] objects+ app_obj=22 wl_callback
[wp-proxy] forward obj 3 opcode 3 (1 args)
[wp-proxy] forward obj 3 opcode 6 (0 args)
[wp-proxy] objects- app_obj=22 wl_callback (was_known=false)
[wp-event][C] delivered app_obj=21 wl_buffer.release args=0
[wp-event][C] delivered app_obj=22 wl_callback.done args=1
RLTRACE t_ns=859211411960923 stage=T7 side=C res=2 off=54200 len=1
RLTRACE t_ns=859211412015654 stage=T7 side=C res=2 off=54208 len=1
RLTRACE t_ns=859211412305831 stage=T8 side=C res=1 tail=140732
RLTRACE t_ns=859211475069862 stage=T7 side=C res=2 off=54216 len=1
RLTRACE t_ns=859211475182815 stage=T7 side=C res=2 off=54220 len=1
RLTRACE t_ns=859211475381963 stage=T8 side=C res=1 tail=140768
RLTRACE t_ns=859211483618956 stage=T8 side=C res=1 tail=141776
RLTRACE t_ns=859211522685083 stage=T7 side=C res=2 off=54224 len=1
RLTRACE t_ns=859211522968706 stage=T8 side=C res=1 tail=141836
[wp-proxy] forward obj 3 opcode 1 (3 args)
[wp-proxy] forward obj 3 opcode 9 (4 args)
[wp-proxy] objects+ app_obj=22 wl_callback
[wp-proxy] forward obj 3 opcode 3 (1 args)
[wp-proxy] forward obj 3 opcode 6 (0 args)
[wp-proxy] objects- app_obj=22 wl_callback (was_known=false)
[wp-event][C] delivered app_obj=23 wl_buffer.release args=0
[wp-event][C] delivered app_obj=22 wl_callback.done args=1
RLTRACE t_ns=859211559537582 stage=T7 side=C res=2 off=54232 len=1
RLTRACE t_ns=859211559636479 stage=T7 side=C res=2 off=54240 len=1
RLTRACE t_ns=859211559761877 stage=T8 side=C res=1 tail=141992
RLTRACE t_ns=859211603255278 stage=T7 side=C res=2 off=54248 len=1
RLTRACE t_ns=859211603314710 stage=T7 side=C res=2 off=54252 len=1
RLTRACE t_ns=859211603870273 stage=T8 side=C res=1 tail=142296
RLTRACE t_ns=859211616093993 stage=T8 side=C res=1 tail=143036
RLTRACE t_ns=859211632568966 stage=T7 side=C res=2 off=54256 len=1
RLTRACE t_ns=859211632699716 stage=T8 side=C res=1 tail=143096
[wp-proxy] forward obj 3 opcode 1 (3 args)
[wp-proxy] forward obj 3 opcode 9 (4 args)
[wp-proxy] objects+ app_obj=22 wl_callback
[wp-proxy] forward obj 3 opcode 3 (1 args)
[wp-proxy] forward obj 3 opcode 6 (0 args)
[wp-proxy] objects- app_obj=22 wl_callback (was_known=false)
[wp-event][C] delivered app_obj=17 wl_buffer.release args=0
[wp-event][C] delivered app_obj=22 wl_callback.done args=1
RLTRACE t_ns=859211666914734 stage=T7 side=C res=2 off=54264 len=1
RLTRACE t_ns=859211667037916 stage=T7 side=C res=2 off=54272 len=1
RLTRACE t_ns=859211667191116 stage=T8 side=C res=1 tail=143252
RLTRACE t_ns=859211707570456 stage=T7 side=C res=2 off=54280 len=1
RLTRACE t_ns=859211707658488 stage=T7 side=C res=2 off=54284 len=1
RLTRACE t_ns=859211708190442 stage=T8 side=C res=1 tail=143900
RLTRACE t_ns=859211720490235 stage=T8 side=C res=1 tail=144296
RLTRACE t_ns=859211725028690 stage=T8 side=C res=1 tail=144332
RLTRACE t_ns=859211733524193 stage=T7 side=C res=2 off=54288 len=1
RLTRACE t_ns=859211733609485 stage=T8 side=C res=1 tail=144356
[wp-proxy] forward obj 3 opcode 1 (3 args)
[wp-proxy] forward obj 3 opcode 9 (4 args)
[wp-proxy] objects+ app_obj=22 wl_callback
[wp-proxy] forward obj 3 opcode 3 (1 args)
[wp-proxy] forward obj 3 opcode 6 (0 args)
[wp-proxy] objects- app_obj=22 wl_callback (was_known=false)
[wp-event][C] delivered app_obj=19 wl_buffer.release args=0
[wp-event][C] delivered app_obj=22 wl_callback.done args=1
RLTRACE t_ns=859211753614608 stage=T7 side=C res=2 off=54296 len=1
RLTRACE t_ns=859211753666191 stage=T7 side=C res=2 off=54304 len=1
RLTRACE t_ns=859211754216771 stage=T8 side=C res=1 tail=144512
RLTRACE t_ns=859211784058222 stage=T7 side=C res=2 off=54312 len=1
RLTRACE t_ns=859211784121033 stage=T7 side=C res=2 off=54316 len=1
RLTRACE t_ns=859211784576394 stage=T8 side=C res=1 tail=145436
RLTRACE t_ns=859211790914476 stage=T8 side=C res=1 tail=145556
RLTRACE t_ns=859211803301431 stage=T7 side=C res=2 off=54320 len=1
RLTRACE t_ns=859211803484082 stage=T8 side=C res=1 tail=145616
[wp-proxy] forward obj 3 opcode 1 (3 args)
[wp-proxy] forward obj 3 opcode 9 (4 args)
[wp-proxy] objects+ app_obj=22 wl_callback
[wp-proxy] forward obj 3 opcode 3 (1 args)
[wp-proxy] forward obj 3 opcode 6 (0 args)
[wp-proxy] objects- app_obj=22 wl_callback (was_known=false)
[wp-event][C] delivered app_obj=21 wl_buffer.release args=0
[wp-event][C] delivered app_obj=22 wl_callback.done args=1
RLTRACE t_ns=859211825689409 stage=T7 side=C res=2 off=54328 len=1
RLTRACE t_ns=859211826065226 stage=T7 side=C res=2 off=54336 len=1
RLTRACE t_ns=859211826154196 stage=T8 side=C res=1 tail=145772
RLTRACE t_ns=859211857864725 stage=T7 side=C res=2 off=54344 len=1
RLTRACE t_ns=859211857931895 stage=T7 side=C res=2 off=54348 len=1
RLTRACE t_ns=859211858097147 stage=T8 side=C res=1 tail=146420
RLTRACE t_ns=859211864680892 stage=T8 side=C res=1 tail=146816
RLTRACE t_ns=859211875843442 stage=T7 side=C res=2 off=54352 len=1
RLTRACE t_ns=859211875938631 stage=T8 side=C res=1 tail=146876
[wp-proxy] forward obj 3 opcode 1 (3 args)
[wp-proxy] forward obj 3 opcode 9 (4 args)
[wp-proxy] objects+ app_obj=22 wl_callback
[wp-proxy] forward obj 3 opcode 3 (1 args)
[wp-proxy] forward obj 3 opcode 6 (0 args)
[wp-proxy] objects- app_obj=22 wl_callback (was_known=false)
[wp-event][C] delivered app_obj=23 wl_buffer.release args=0
[wp-event][C] delivered app_obj=22 wl_callback.done args=1
RLTRACE t_ns=859211899994028 stage=T7 side=C res=2 off=54360 len=1
RLTRACE t_ns=859211900063479 stage=T7 side=C res=2 off=54368 len=1
RLTRACE t_ns=859211900154952 stage=T8 side=C res=1 tail=147032
RLTRACE t_ns=859211947656306 stage=T7 side=C res=2 off=54376 len=1
RLTRACE t_ns=859211947744091 stage=T7 side=C res=2 off=54380 len=1
RLTRACE t_ns=859211948351630 stage=T8 side=C res=1 tail=148076
RLTRACE t_ns=859211980206524 stage=T7 side=C res=2 off=54384 len=1
RLTRACE t_ns=859211980333661 stage=T8 side=C res=1 tail=148136
[wp-proxy] forward obj 3 opcode 1 (3 args)
[wp-proxy] forward obj 3 opcode 9 (4 args)
[wp-proxy] objects+ app_obj=22 wl_callback
[wp-proxy] forward obj 3 opcode 3 (1 args)
[wp-proxy] forward obj 3 opcode 6 (0 args)
[wp-proxy] objects- app_obj=22 wl_callback (was_known=false)
[wp-event][C] delivered app_obj=17 wl_buffer.release args=0
[wp-event][C] delivered app_obj=22 wl_callback.done args=1
RLTRACE t_ns=859212015730255 stage=T7 side=C res=2 off=54392 len=1
RLTRACE t_ns=859212015821905 stage=T7 side=C res=2 off=54400 len=1
RLTRACE t_ns=859212016084809 stage=T8 side=C res=1 tail=148292
RLTRACE t_ns=859212052766709 stage=T7 side=C res=2 off=54408 len=1
RLTRACE t_ns=859212052853717 stage=T7 side=C res=2 off=54412 len=1
RLTRACE t_ns=859212053204431 stage=T8 side=C res=1 tail=148328
RLTRACE t_ns=859212064477945 stage=T8 side=C res=1 tail=149336
RLTRACE t_ns=859212101215906 stage=T7 side=C res=2 off=54416 len=1
RLTRACE t_ns=859212101714977 stage=T8 side=C res=1 tail=149396
[wp-proxy] forward obj 3 opcode 1 (3 args)
[wp-proxy] forward obj 3 opcode 9 (4 args)
[wp-proxy] objects+ app_obj=22 wl_callback
[wp-proxy] forward obj 3 opcode 3 (1 args)
[wp-proxy] forward obj 3 opcode 6 (0 args)
[wp-proxy] objects- app_obj=22 wl_callback (was_known=false)
[wp-event][C] delivered app_obj=19 wl_buffer.release args=0
[wp-event][C] delivered app_obj=22 wl_callback.done args=1
RLTRACE t_ns=859212122211672 stage=T7 side=C res=2 off=54424 len=1
RLTRACE t_ns=859212122279857 stage=T7 side=C res=2 off=54432 len=1
RLTRACE t_ns=859212122398442 stage=T8 side=C res=1 tail=149552
RLTRACE t_ns=859212146978925 stage=T7 side=C res=2 off=54440 len=1
RLTRACE t_ns=859212147045982 stage=T7 side=C res=2 off=54444 len=1
RLTRACE t_ns=859212147471485 stage=T8 side=C res=1 tail=150596
RLTRACE t_ns=859212169442388 stage=T7 side=C res=2 off=54448 len=1
RLTRACE t_ns=859212169743180 stage=T8 side=C res=1 tail=150656
[wp-proxy] forward obj 3 opcode 1 (3 args)
[wp-proxy] forward obj 3 opcode 9 (4 args)
[wp-proxy] objects+ app_obj=22 wl_callback
[wp-proxy] forward obj 3 opcode 3 (1 args)
[wp-proxy] forward obj 3 opcode 6 (0 args)
[wp-proxy] objects- app_obj=22 wl_callback (was_known=false)
[wp-event][C] delivered app_obj=21 wl_buffer.release args=0
[wp-event][C] delivered app_obj=22 wl_callback.done args=1
RLTRACE t_ns=859212189925792 stage=T8 side=C res=1 tail=150692
RLTRACE t_ns=859212197087507 stage=T7 side=C res=2 off=54456 len=1
RLTRACE t_ns=859212197137031 stage=T7 side=C res=2 off=54464 len=1
RLTRACE t_ns=859212197400471 stage=T8 side=C res=1 tail=150812
RLTRACE t_ns=859212218543807 stage=T7 side=C res=2 off=54472 len=1
RLTRACE t_ns=859212218591753 stage=T7 side=C res=2 off=54476 len=1
RLTRACE t_ns=859212219076249 stage=T8 side=C res=1 tail=151264
RLTRACE t_ns=859212224489552 stage=T8 side=C res=1 tail=151856
RLTRACE t_ns=859212233449011 stage=T7 side=C res=2 off=54480 len=1
RLTRACE t_ns=859212233570685 stage=T8 side=C res=1 tail=151916
[wp-proxy] forward obj 3 opcode 1 (3 args)
[wp-proxy] forward obj 3 opcode 9 (4 args)
[wp-proxy] objects+ app_obj=22 wl_callback
[wp-proxy] forward obj 3 opcode 3 (1 args)
[wp-proxy] forward obj 3 opcode 6 (0 args)
[wp-proxy] objects- app_obj=22 wl_callback (was_known=false)
[wp-event][C] delivered app_obj=23 wl_buffer.release args=0
[wp-event][C] delivered app_obj=22 wl_callback.done args=1
RLTRACE t_ns=859212248426625 stage=T7 side=C res=2 off=54488 len=1
RLTRACE t_ns=859212248470139 stage=T7 side=C res=2 off=54496 len=1
RLTRACE t_ns=859212248655490 stage=T8 side=C res=1 tail=151988
RLTRACE t_ns=859212253688817 stage=T8 side=C res=1 tail=152072
RLTRACE t_ns=859212275243609 stage=T7 side=C res=2 off=54504 len=1
RLTRACE t_ns=859212275261733 stage=T7 side=C res=2 off=54508 len=1
RLTRACE t_ns=859212275681170 stage=T8 side=C res=1 tail=153116
RLTRACE t_ns=859212294817679 stage=T7 side=C res=2 off=54512 len=1
RLTRACE t_ns=859212295456322 stage=T8 side=C res=1 tail=153176
[wp-proxy] forward obj 3 opcode 1 (3 args)
[wp-proxy] forward obj 3 opcode 9 (4 args)
[wp-proxy] objects+ app_obj=22 wl_callback
[wp-proxy] forward obj 3 opcode 3 (1 args)
[wp-proxy] forward obj 3 opcode 6 (0 args)
[wp-proxy] objects- app_obj=22 wl_callback (was_known=false)
[wp-event][C] delivered app_obj=17 wl_buffer.release args=0
[wp-event][C] delivered app_obj=22 wl_callback.done args=1
RLTRACE t_ns=859212312220877 stage=T8 side=C res=1 tail=153212
RLTRACE t_ns=859212322159706 stage=T7 side=C res=2 off=54520 len=1
RLTRACE t_ns=859212322204417 stage=T7 side=C res=2 off=54528 len=1
RLTRACE t_ns=859212322275315 stage=T8 side=C res=1 tail=153332
RLTRACE t_ns=859212353305141 stage=T7 side=C res=2 off=54536 len=1
RLTRACE t_ns=859212353349631 stage=T7 side=C res=2 off=54540 len=1
RLTRACE t_ns=859212353804157 stage=T8 side=C res=1 tail=154376
RLTRACE t_ns=859212369498741 stage=T7 side=C res=2 off=54544 len=1
RLTRACE t_ns=859212369726096 stage=T8 side=C res=1 tail=154436
[wp-proxy] forward obj 3 opcode 1 (3 args)
[wp-proxy] forward obj 3 opcode 9 (4 args)
[wp-proxy] objects+ app_obj=22 wl_callback
[wp-proxy] forward obj 3 opcode 3 (1 args)
[wp-proxy] forward obj 3 opcode 6 (0 args)
[wp-proxy] objects- app_obj=22 wl_callback (was_known=false)
RLTRACE t_ns=859212384264045 stage=T8 side=C res=1 tail=154472
[wp-event][C] delivered app_obj=19 wl_buffer.release args=0
[wp-event][C] delivered app_obj=22 wl_callback.done args=1
RLTRACE t_ns=859212391563446 stage=T7 side=C res=2 off=54552 len=1
RLTRACE t_ns=859212391604526 stage=T7 side=C res=2 off=54560 len=1
RLTRACE t_ns=859212392204420 stage=T8 side=C res=1 tail=154592
RLTRACE t_ns=859212410073134 stage=T8 side=C res=1 tail=154628
RLTRACE t_ns=859212417574149 stage=T7 side=C res=2 off=54568 len=1
RLTRACE t_ns=859212417623143 stage=T7 side=C res=2 off=54572 len=1
RLTRACE t_ns=859212418175335 stage=T8 side=C res=1 tail=155416
RLTRACE t_ns=859212424391049 stage=T8 side=C res=1 tail=155636
RLTRACE t_ns=859212433289184 stage=T7 side=C res=2 off=54576 len=1
RLTRACE t_ns=859212433593429 stage=T8 side=C res=1 tail=155696
[wp-proxy] forward obj 3 opcode 1 (3 args)
[wp-proxy] forward obj 3 opcode 9 (4 args)
[wp-proxy] objects+ app_obj=22 wl_callback
[wp-proxy] forward obj 3 opcode 3 (1 args)
[wp-proxy] forward obj 3 opcode 6 (0 args)
[wp-proxy] objects- app_obj=22 wl_callback (was_known=false)
[wp-event][C] delivered app_obj=21 wl_buffer.release args=0
[wp-event][C] delivered app_obj=22 wl_callback.done args=1
RLTRACE t_ns=859212448656105 stage=T7 side=C res=2 off=54584 len=1
RLTRACE t_ns=859212448699224 stage=T7 side=C res=2 off=54592 len=1
RLTRACE t_ns=859212449141372 stage=T8 side=C res=1 tail=155768
RLTRACE t_ns=859212454206965 stage=T8 side=C res=1 tail=155852
RLTRACE t_ns=859212482466213 stage=T8 side=C res=1 tail=155888
RLTRACE t_ns=859212490293062 stage=T7 side=C res=2 off=54600 len=1
RLTRACE t_ns=859212490340502 stage=T7 side=C res=2 off=54604 len=1
RLTRACE t_ns=859212490388050 stage=T8 side=C res=1 tail=156896
RLTRACE t_ns=859212505994854 stage=T7 side=C res=2 off=54608 len=1
RLTRACE t_ns=859212506128708 stage=T8 side=C res=1 tail=156932
RLTRACE t_ns=859212511282360 stage=T8 side=C res=1 tail=156956
[wp-proxy] forward obj 3 opcode 1 (3 args)
[wp-proxy] forward obj 3 opcode 9 (4 args)
[wp-proxy] objects+ app_obj=22 wl_callback
[wp-proxy] forward obj 3 opcode 3 (1 args)
[wp-proxy] forward obj 3 opcode 6 (0 args)
[wp-proxy] objects- app_obj=22 wl_callback (was_known=false)
[wp-event][C] delivered app_obj=23 wl_buffer.release args=0
[wp-event][C] delivered app_obj=22 wl_callback.done args=1
RLTRACE t_ns=859212534691349 stage=T7 side=C res=2 off=54616 len=1
RLTRACE t_ns=859212534742541 stage=T7 side=C res=2 off=54624 len=1
RLTRACE t_ns=859212535027884 stage=T8 side=C res=1 tail=157112
RLTRACE t_ns=859212558523589 stage=T7 side=C res=2 off=54632 len=1
RLTRACE t_ns=859212558568672 stage=T7 side=C res=2 off=54636 len=1
RLTRACE t_ns=859212559226644 stage=T8 side=C res=1 tail=158156
RLTRACE t_ns=859212574456342 stage=T7 side=C res=2 off=54640 len=1
RLTRACE t_ns=859212574753870 stage=T8 side=C res=1 tail=158216
[wp-proxy] forward obj 3 opcode 1 (3 args)
[wp-proxy] forward obj 3 opcode 9 (4 args)
[wp-proxy] objects+ app_obj=22 wl_callback
[wp-proxy] forward obj 3 opcode 3 (1 args)
[wp-proxy] forward obj 3 opcode 6 (0 args)
[wp-proxy] objects- app_obj=22 wl_callback (was_known=false)
[wp-event][C] delivered app_obj=17 wl_buffer.release args=0
[wp-event][C] delivered app_obj=22 wl_callback.done args=1
RLTRACE t_ns=859212590711819 stage=T7 side=C res=2 off=54648 len=1
RLTRACE t_ns=859212590752264 stage=T7 side=C res=2 off=54656 len=1
RLTRACE t_ns=859212590974119 stage=T8 side=C res=1 tail=158252
RLTRACE t_ns=859212596128168 stage=T8 side=C res=1 tail=158372
RLTRACE t_ns=859212619945555 stage=T7 side=C res=2 off=54664 len=1
RLTRACE t_ns=859212619990291 stage=T7 side=C res=2 off=54668 len=1
RLTRACE t_ns=859212620569593 stage=T8 side=C res=1 tail=159416
RLTRACE t_ns=859212635685685 stage=T7 side=C res=2 off=54672 len=1
RLTRACE t_ns=859212635856852 stage=T8 side=C res=1 tail=159476
[wp-proxy] forward obj 3 opcode 1 (3 args)
[wp-proxy] forward obj 3 opcode 9 (4 args)
[wp-proxy] objects+ app_obj=22 wl_callback
[wp-proxy] forward obj 3 opcode 3 (1 args)
[wp-proxy] forward obj 3 opcode 6 (0 args)
[wp-proxy] objects- app_obj=22 wl_callback (was_known=false)
[wp-event][C] delivered app_obj=19 wl_buffer.release args=0
[wp-event][C] delivered app_obj=22 wl_callback.done args=1
RLTRACE t_ns=859212651309760 stage=T8 side=C res=1 tail=159512
RLTRACE t_ns=859212660164014 stage=T7 side=C res=2 off=54680 len=1
RLTRACE t_ns=859212660185098 stage=T7 side=C res=2 off=54688 len=1
RLTRACE t_ns=859212660366719 stage=T8 side=C res=1 tail=159632
RLTRACE t_ns=859212682593236 stage=T7 side=C res=2 off=54696 len=1
RLTRACE t_ns=859212682627124 stage=T7 side=C res=2 off=54700 len=1
RLTRACE t_ns=859212682761896 stage=T8 side=C res=1 tail=159668
RLTRACE t_ns=859212687222182 stage=T8 side=C res=1 tail=160676
RLTRACE t_ns=859212702628627 stage=T7 side=C res=2 off=54704 len=1
RLTRACE t_ns=859212703066452 stage=T8 side=C res=1 tail=160736
[wp-proxy] forward obj 3 opcode 1 (3 args)
[wp-proxy] forward obj 3 opcode 9 (4 args)
[wp-proxy] objects+ app_obj=22 wl_callback
[wp-proxy] forward obj 3 opcode 3 (1 args)
[wp-proxy] forward obj 3 opcode 6 (0 args)
[wp-proxy] objects- app_obj=22 wl_callback (was_known=false)
[wp-event][C] delivered app_obj=21 wl_buffer.release args=0
[wp-event][C] delivered app_obj=22 wl_callback.done args=1
RLTRACE t_ns=859212719558290 stage=T7 side=C res=2 off=54712 len=1
RLTRACE t_ns=859212719917295 stage=T7 side=C res=2 off=54720 len=1
RLTRACE t_ns=859212720683727 stage=T8 side=C res=1 tail=160892
RLTRACE t_ns=859212742154094 stage=T7 side=C res=2 off=54728 len=1
RLTRACE t_ns=859212742175569 stage=T7 side=C res=2 off=54732 len=1
RLTRACE t_ns=859212742372328 stage=T8 side=C res=1 tail=160928
RLTRACE t_ns=859212746955171 stage=T8 side=C res=1 tail=161936
RLTRACE t_ns=859212763423593 stage=T7 side=C res=2 off=54736 len=1
RLTRACE t_ns=859212763676942 stage=T8 side=C res=1 tail=161996
[wp-proxy] forward obj 3 opcode 1 (3 args)
[wp-proxy] forward obj 3 opcode 9 (4 args)
[wp-proxy] objects+ app_obj=22 wl_callback
[wp-proxy] forward obj 3 opcode 3 (1 args)
[wp-proxy] forward obj 3 opcode 6 (0 args)
[wp-proxy] objects- app_obj=22 wl_callback (was_known=false)
[wp-event][C] delivered app_obj=23 wl_buffer.release args=0
[wp-event][C] delivered app_obj=22 wl_callback.done args=1
RLTRACE t_ns=859212780844849 stage=T7 side=C res=2 off=54744 len=1
RLTRACE t_ns=859212780956804 stage=T7 side=C res=2 off=54752 len=1
RLTRACE t_ns=859212781039409 stage=T8 side=C res=1 tail=162152
RLTRACE t_ns=859212797367024 stage=T7 side=C res=2 off=54760 len=1
RLTRACE t_ns=859212797405569 stage=T7 side=C res=2 off=54764 len=1
RLTRACE t_ns=859212797978220 stage=T8 side=C res=1 tail=162456
RLTRACE t_ns=859212805492654 stage=T8 side=C res=1 tail=163196
RLTRACE t_ns=859212814697854 stage=T7 side=C res=2 off=54768 len=1
RLTRACE t_ns=859212815177427 stage=T8 side=C res=1 tail=163232
RLTRACE t_ns=859212819127529 stage=T8 side=C res=1 tail=163256
[wp-proxy] forward obj 3 opcode 1 (3 args)
[wp-proxy] forward obj 3 opcode 9 (4 args)
[wp-proxy] objects+ app_obj=22 wl_callback
[wp-proxy] forward obj 3 opcode 3 (1 args)
[wp-proxy] forward obj 3 opcode 6 (0 args)
[wp-proxy] objects- app_obj=22 wl_callback (was_known=false)
[wp-event][C] delivered app_obj=17 wl_buffer.release args=0
[wp-event][C] delivered app_obj=22 wl_callback.done args=1
RLTRACE t_ns=859212837084189 stage=T7 side=C res=2 off=54776 len=1
RLTRACE t_ns=859212837105374 stage=T7 side=C res=2 off=54784 len=1
RLTRACE t_ns=859212837657966 stage=T8 side=C res=1 tail=163412
RLTRACE t_ns=859212861477421 stage=T7 side=C res=2 off=54792 len=1
RLTRACE t_ns=859212861502344 stage=T7 side=C res=2 off=54796 len=1
RLTRACE t_ns=859212861855571 stage=T8 side=C res=1 tail=164456
RLTRACE t_ns=859212884522273 stage=T7 side=C res=2 off=54800 len=1
RLTRACE t_ns=859212884962404 stage=T8 side=C res=1 tail=164516
[wp-proxy] forward obj 3 opcode 1 (3 args)
[wp-proxy] forward obj 3 opcode 9 (4 args)
[wp-proxy] objects+ app_obj=22 wl_callback
[wp-proxy] forward obj 3 opcode 3 (1 args)
[wp-proxy] forward obj 3 opcode 6 (0 args)
[wp-proxy] objects- app_obj=22 wl_callback (was_known=false)
[wp-event][C] delivered app_obj=19 wl_buffer.release args=0
[wp-event][C] delivered app_obj=22 wl_callback.done args=1
RLTRACE t_ns=859212904079405 stage=T7 side=C res=2 off=54808 len=1
RLTRACE t_ns=859212904104942 stage=T7 side=C res=2 off=54816 len=1
RLTRACE t_ns=859212904296372 stage=T8 side=C res=1 tail=164672
RLTRACE t_ns=859212949633226 stage=T7 side=C res=2 off=54824 len=1
RLTRACE t_ns=859212949653277 stage=T7 side=C res=2 off=54828 len=1
RLTRACE t_ns=859212949726815 stage=T8 side=C res=1 tail=165716
RLTRACE t_ns=859212969527156 stage=T7 side=C res=2 off=54832 len=1
RLTRACE t_ns=859212969956185 stage=T8 side=C res=1 tail=165752
RLTRACE t_ns=859212975714710 stage=T8 side=C res=1 tail=165776
[wp-proxy] forward obj 3 opcode 1 (3 args)
[wp-proxy] forward obj 3 opcode 9 (4 args)
[wp-proxy] objects+ app_obj=22 wl_callback
[wp-proxy] forward obj 3 opcode 3 (1 args)
[wp-proxy] forward obj 3 opcode 6 (0 args)
[wp-proxy] objects- app_obj=22 wl_callback (was_known=false)
[wp-event][C] delivered app_obj=21 wl_buffer.release args=0
[wp-event][C] delivered app_obj=22 wl_callback.done args=1
RLTRACE t_ns=859213007794300 stage=T7 side=C res=2 off=54840 len=1
RLTRACE t_ns=859213008037793 stage=T7 side=C res=2 off=54848 len=1
RLTRACE t_ns=859213008669101 stage=T8 side=C res=1 tail=165932
RLTRACE t_ns=859213032086829 stage=T7 side=C res=2 off=54856 len=1
RLTRACE t_ns=859213032106751 stage=T7 side=C res=2 off=54860 len=1
RLTRACE t_ns=859213032603898 stage=T8 side=C res=1 tail=166856
RLTRACE t_ns=859213051188872 stage=T8 side=C res=1 tail=166976
RLTRACE t_ns=859213055293132 stage=T8 side=C res=1 tail=167012
RLTRACE t_ns=859213069266217 stage=T7 side=C res=2 off=54864 len=1
RLTRACE t_ns=859213069953971 stage=T8 side=C res=1 tail=167036
[wp-proxy] forward obj 3 opcode 1 (3 args)
[wp-proxy] forward obj 3 opcode 9 (4 args)
[wp-proxy] objects+ app_obj=22 wl_callback
[wp-proxy] forward obj 3 opcode 3 (1 args)
[wp-proxy] forward obj 3 opcode 6 (0 args)
[wp-proxy] objects- app_obj=22 wl_callback (was_known=false)
[wp-event][C] delivered app_obj=23 wl_buffer.release args=0
[wp-event][C] delivered app_obj=22 wl_callback.done args=1
RLTRACE t_ns=859213090024142 stage=T7 side=C res=2 off=54872 len=1
RLTRACE t_ns=859213090049820 stage=T7 side=C res=2 off=54880 len=1
RLTRACE t_ns=859213090647107 stage=T8 side=C res=1 tail=167192
RLTRACE t_ns=859213114922443 stage=T7 side=C res=2 off=54888 len=1
RLTRACE t_ns=859213114951494 stage=T7 side=C res=2 off=54892 len=1
RLTRACE t_ns=859213114985268 stage=T8 side=C res=1 tail=167228
RLTRACE t_ns=859213120882517 stage=T8 side=C res=1 tail=168236
RLTRACE t_ns=859213139241578 stage=T8 side=C res=1 tail=168272
RLTRACE t_ns=859213146487785 stage=T7 side=C res=2 off=54896 len=1
RLTRACE t_ns=859213146683838 stage=T8 side=C res=1 tail=168296
[wp-proxy] forward obj 3 opcode 1 (3 args)
[wp-proxy] forward obj 3 opcode 9 (4 args)
[wp-proxy] objects+ app_obj=22 wl_callback
[wp-proxy] forward obj 3 opcode 3 (1 args)
[wp-proxy] forward obj 3 opcode 6 (0 args)
[wp-proxy] objects- app_obj=22 wl_callback (was_known=false)
[wp-event][C] delivered app_obj=17 wl_buffer.release args=0
[wp-event][C] delivered app_obj=22 wl_callback.done args=1
RLTRACE t_ns=859213162445638 stage=T7 side=C res=2 off=54904 len=1
RLTRACE t_ns=859213162470976 stage=T7 side=C res=2 off=54912 len=1
RLTRACE t_ns=859213162740176 stage=T8 side=C res=1 tail=168368
RLTRACE t_ns=859213166792745 stage=T8 side=C res=1 tail=168452
RLTRACE t_ns=859213199722383 stage=T7 side=C res=2 off=54920 len=1
RLTRACE t_ns=859213199792643 stage=T7 side=C res=2 off=54924 len=1
RLTRACE t_ns=859213200122658 stage=T8 side=C res=1 tail=169376
RLTRACE t_ns=859213209287591 stage=T8 side=C res=1 tail=169496
RLTRACE t_ns=859213221277160 stage=T7 side=C res=2 off=54928 len=1
RLTRACE t_ns=859213221721018 stage=T8 side=C res=1 tail=169556
[wp-proxy] forward obj 3 opcode 1 (3 args)
[wp-proxy] forward obj 3 opcode 9 (4 args)
[wp-proxy] objects+ app_obj=22 wl_callback
[wp-proxy] forward obj 3 opcode 3 (1 args)
[wp-proxy] forward obj 3 opcode 6 (0 args)
[wp-proxy] objects- app_obj=22 wl_callback (was_known=false)
[wp-event][C] delivered app_obj=19 wl_buffer.release args=0
[wp-event][C] delivered app_obj=22 wl_callback.done args=1
RLTRACE t_ns=859213245840560 stage=T7 side=C res=2 off=54936 len=1
RLTRACE t_ns=859213245931921 stage=T7 side=C res=2 off=54944 len=1
RLTRACE t_ns=859213246618302 stage=T8 side=C res=1 tail=169688
RLTRACE t_ns=859213260219842 stage=T8 side=C res=1 tail=169712
RLTRACE t_ns=859213272438041 stage=T7 side=C res=2 off=54952 len=1
RLTRACE t_ns=859213273400638 stage=T7 side=C res=2 off=54956 len=1
RLTRACE t_ns=859213278360037 stage=T8 side=C res=1 tail=169888
RLTRACE t_ns=859213279539514 stage=T8 side=C res=1 tail=169948
RLTRACE t_ns=859213290343434 stage=T8 side=C res=1 tail=170756
RLTRACE t_ns=859213298782235 stage=T7 side=C res=2 off=54960 len=1
RLTRACE t_ns=859213299321392 stage=T8 side=C res=1 tail=170816
[wp-proxy] forward obj 3 opcode 1 (3 args)
[wp-proxy] forward obj 3 opcode 9 (4 args)
[wp-proxy] objects+ app_obj=22 wl_callback
[wp-proxy] forward obj 3 opcode 3 (1 args)
[wp-proxy] forward obj 3 opcode 6 (0 args)
[wp-proxy] objects- app_obj=22 wl_callback (was_known=false)
[wp-event][C] delivered app_obj=21 wl_buffer.release args=0
[wp-event][C] delivered app_obj=22 wl_callback.done args=1
RLTRACE t_ns=859213318960174 stage=T7 side=C res=2 off=54968 len=1
RLTRACE t_ns=859213319012693 stage=T7 side=C res=2 off=54976 len=1
RLTRACE t_ns=859213319468873 stage=T8 side=C res=1 tail=170972
RLTRACE t_ns=859213338450633 stage=T7 side=C res=2 off=54984 len=1
RLTRACE t_ns=859213338501207 stage=T7 side=C res=2 off=54988 len=1
RLTRACE t_ns=859213338991768 stage=T8 side=C res=1 tail=171896
RLTRACE t_ns=859213348683269 stage=T8 side=C res=1 tail=172016
RLTRACE t_ns=859213353430479 stage=T8 side=C res=1 tail=172052
RLTRACE t_ns=859213360617725 stage=T7 side=C res=2 off=54992 len=1
RLTRACE t_ns=859213360848132 stage=T8 side=C res=1 tail=172076
[wp-proxy] forward obj 3 opcode 1 (3 args)
[wp-proxy] forward obj 3 opcode 9 (4 args)
[wp-proxy] objects+ app_obj=22 wl_callback
[wp-proxy] forward obj 3 opcode 3 (1 args)
[wp-proxy] forward obj 3 opcode 6 (0 args)
[wp-proxy] objects- app_obj=22 wl_callback (was_known=false)
[wp-event][C] delivered app_obj=23 wl_buffer.release args=0
[wp-event][C] delivered app_obj=22 wl_callback.done args=1
RLTRACE t_ns=859213375659862 stage=T7 side=C res=2 off=55000 len=1
RLTRACE t_ns=859213375711182 stage=T7 side=C res=2 off=55008 len=1
RLTRACE t_ns=859213376073869 stage=T8 side=C res=1 tail=172232
RLTRACE t_ns=859213395681076 stage=T7 side=C res=2 off=55016 len=1
RLTRACE t_ns=859213395722498 stage=T7 side=C res=2 off=55020 len=1
RLTRACE t_ns=859213395824410 stage=T8 side=C res=1 tail=173156
RLTRACE t_ns=859213405811665 stage=T8 side=C res=1 tail=173276
RLTRACE t_ns=859213410072355 stage=T8 side=C res=1 tail=173312
RLTRACE t_ns=859213417151094 stage=T7 side=C res=2 off=55024 len=1
RLTRACE t_ns=859213417419932 stage=T8 side=C res=1 tail=173336
[wp-proxy] forward obj 3 opcode 1 (3 args)
[wp-proxy] forward obj 3 opcode 9 (4 args)
[wp-proxy] objects+ app_obj=22 wl_callback
[wp-proxy] forward obj 3 opcode 3 (1 args)
[wp-proxy] forward obj 3 opcode 6 (0 args)
[wp-proxy] objects- app_obj=22 wl_callback (was_known=false)
[wp-event][C] delivered app_obj=17 wl_buffer.release args=0
[wp-event][C] delivered app_obj=22 wl_callback.done args=1
RLTRACE t_ns=859213436310247 stage=T7 side=C res=2 off=55032 len=1
RLTRACE t_ns=859213436375445 stage=T7 side=C res=2 off=55040 len=1
RLTRACE t_ns=859213436761892 stage=T8 side=C res=1 tail=173408
RLTRACE t_ns=859213443856262 stage=T8 side=C res=1 tail=173492
RLTRACE t_ns=859213467955628 stage=T7 side=C res=2 off=55048 len=1
RLTRACE t_ns=859213468038824 stage=T7 side=C res=2 off=55052 len=1
RLTRACE t_ns=859213468576494 stage=T8 side=C res=1 tail=173528
RLTRACE t_ns=859213475328733 stage=T8 side=C res=1 tail=174536
RLTRACE t_ns=859213491437737 stage=T7 side=C res=2 off=55056 len=1
RLTRACE t_ns=859213491681800 stage=T8 side=C res=1 tail=174596
[wp-proxy] forward obj 3 opcode 1 (3 args)
[wp-proxy] forward obj 3 opcode 9 (4 args)
[wp-proxy] objects+ app_obj=22 wl_callback
[wp-proxy] forward obj 3 opcode 3 (1 args)
[wp-proxy] forward obj 3 opcode 6 (0 args)
[wp-proxy] objects- app_obj=22 wl_callback (was_known=false)
[wp-event][C] delivered app_obj=19 wl_buffer.release args=0
[wp-event][C] delivered app_obj=22 wl_callback.done args=1
RLTRACE t_ns=859213506644528 stage=T7 side=C res=2 off=55064 len=1
RLTRACE t_ns=859213506664747 stage=T7 side=C res=2 off=55072 len=1
RLTRACE t_ns=859213507217615 stage=T8 side=C res=1 tail=174752
RLTRACE t_ns=859213527865652 stage=T7 side=C res=2 off=55080 len=1
RLTRACE t_ns=859213527908572 stage=T7 side=C res=2 off=55084 len=1
RLTRACE t_ns=859213528489807 stage=T8 side=C res=1 tail=175796
RLTRACE t_ns=859213546088968 stage=T7 side=C res=2 off=55088 len=1
RLTRACE t_ns=859213546485397 stage=T8 side=C res=1 tail=175856
[wp-proxy] forward obj 3 opcode 1 (3 args)
[wp-proxy] forward obj 3 opcode 9 (4 args)
[wp-proxy] objects+ app_obj=22 wl_callback
[wp-proxy] forward obj 3 opcode 3 (1 args)
[wp-proxy] forward obj 3 opcode 6 (0 args)
[wp-proxy] objects- app_obj=22 wl_callback (was_known=false)
[wp-event][C] delivered app_obj=21 wl_buffer.release args=0
[wp-event][C] delivered app_obj=22 wl_callback.done args=1
RLTRACE t_ns=859213565988341 stage=T7 side=C res=2 off=55096 len=1
RLTRACE t_ns=859213566016367 stage=T7 side=C res=2 off=55104 len=1
RLTRACE t_ns=859213566381073 stage=T8 side=C res=1 tail=176012
RLTRACE t_ns=859213586196369 stage=T7 side=C res=2 off=55112 len=1
RLTRACE t_ns=859213586214230 stage=T7 side=C res=2 off=55116 len=1
RLTRACE t_ns=859213586536363 stage=T8 side=C res=1 tail=176464
RLTRACE t_ns=859213591740760 stage=T8 side=C res=1 tail=177056
RLTRACE t_ns=859213601847424 stage=T7 side=C res=2 off=55120 len=1
RLTRACE t_ns=859213601917772 stage=T8 side=C res=1 tail=177116
[wp-proxy] forward obj 3 opcode 1 (3 args)
[wp-proxy] forward obj 3 opcode 9 (4 args)
[wp-proxy] objects+ app_obj=22 wl_callback
[wp-proxy] forward obj 3 opcode 3 (1 args)
[wp-proxy] forward obj 3 opcode 6 (0 args)
[wp-proxy] objects- app_obj=22 wl_callback (was_known=false)
[wp-event][C] delivered app_obj=23 wl_buffer.release args=0
[wp-event][C] delivered app_obj=22 wl_callback.done args=1
RLTRACE t_ns=859213619949412 stage=T7 side=C res=2 off=55128 len=1
RLTRACE t_ns=859213619991821 stage=T7 side=C res=2 off=55136 len=1
RLTRACE t_ns=859213620111376 stage=T8 side=C res=1 tail=177272
RLTRACE t_ns=859213646184199 stage=T8 side=C res=1 tail=177308
RLTRACE t_ns=859213662020643 stage=T7 side=C res=2 off=55144 len=1
RLTRACE t_ns=859213662088779 stage=T7 side=C res=2 off=55148 len=1
RLTRACE t_ns=859213662695556 stage=T8 side=C res=1 tail=177576
RLTRACE t_ns=859213669314293 stage=T8 side=C res=1 tail=178316
RLTRACE t_ns=859213682613615 stage=T7 side=C res=2 off=55152 len=1
RLTRACE t_ns=859213683030578 stage=T8 side=C res=1 tail=178376
[wp-proxy] forward obj 3 opcode 1 (3 args)
[wp-proxy] forward obj 3 opcode 9 (4 args)
[wp-proxy] objects+ app_obj=22 wl_callback
[wp-proxy] forward obj 3 opcode 3 (1 args)
[wp-proxy] forward obj 3 opcode 6 (0 args)
[wp-proxy] objects- app_obj=22 wl_callback (was_known=false)
[wp-event][C] delivered app_obj=17 wl_buffer.release args=0
[wp-event][C] delivered app_obj=22 wl_callback.done args=1
RLTRACE t_ns=859213717187466 stage=T7 side=C res=2 off=55160 len=1
RLTRACE t_ns=859213717273415 stage=T7 side=C res=2 off=55168 len=1
RLTRACE t_ns=859213717577892 stage=T8 side=C res=1 tail=178532
RLTRACE t_ns=859213742642341 stage=T8 side=C res=1 tail=178568
RLTRACE t_ns=859213752432571 stage=T7 side=C res=2 off=55176 len=1
RLTRACE t_ns=859213752481952 stage=T7 side=C res=2 off=55180 len=1
RLTRACE t_ns=859213752614922 stage=T8 side=C res=1 tail=179576
RLTRACE t_ns=859213777532734 stage=T7 side=C res=2 off=55184 len=1
RLTRACE t_ns=859213778168135 stage=T8 side=C res=1 tail=179636
[wp-proxy] forward obj 3 opcode 1 (3 args)
[wp-proxy] forward obj 3 opcode 9 (4 args)
[wp-proxy] objects+ app_obj=22 wl_callback
[wp-proxy] forward obj 3 opcode 3 (1 args)
[wp-proxy] forward obj 3 opcode 6 (0 args)
[wp-proxy] objects- app_obj=22 wl_callback (was_known=false)
[wp-event][C] delivered app_obj=19 wl_buffer.release args=0
[wp-event][C] delivered app_obj=22 wl_callback.done args=1
RLTRACE t_ns=859213805074876 stage=T7 side=C res=2 off=55192 len=1
RLTRACE t_ns=859213805138848 stage=T7 side=C res=2 off=55200 len=1
RLTRACE t_ns=859213805435992 stage=T8 side=C res=1 tail=179792
RLTRACE t_ns=859213825049538 stage=T8 side=C res=1 tail=179828
RLTRACE t_ns=859213833516732 stage=T7 side=C res=2 off=55208 len=1
RLTRACE t_ns=859213833573009 stage=T7 side=C res=2 off=55212 len=1
RLTRACE t_ns=859213833828705 stage=T8 side=C res=1 tail=180836
RLTRACE t_ns=859213853371312 stage=T7 side=C res=2 off=55216 len=1
RLTRACE t_ns=859213853726146 stage=T8 side=C res=1 tail=180896
[wp-proxy] forward obj 3 opcode 1 (3 args)
[wp-proxy] forward obj 3 opcode 9 (4 args)
[wp-proxy] objects+ app_obj=22 wl_callback
[wp-proxy] forward obj 3 opcode 3 (1 args)
[wp-proxy] forward obj 3 opcode 6 (0 args)
[wp-proxy] objects- app_obj=22 wl_callback (was_known=false)
[wp-event][C] delivered app_obj=21 wl_buffer.release args=0
[wp-event][C] delivered app_obj=22 wl_callback.done args=1
RLTRACE t_ns=859213877114614 stage=T7 side=C res=2 off=55224 len=1
RLTRACE t_ns=859213877190339 stage=T7 side=C res=2 off=55232 len=1
RLTRACE t_ns=859213877325085 stage=T8 side=C res=1 tail=181052
RLTRACE t_ns=859213909515510 stage=T7 side=C res=2 off=55240 len=1
RLTRACE t_ns=859213909575866 stage=T7 side=C res=2 off=55244 len=1
RLTRACE t_ns=859213910032752 stage=T8 side=C res=1 tail=181976
RLTRACE t_ns=859213918588249 stage=T8 side=C res=1 tail=182096
RLTRACE t_ns=859213929035311 stage=T7 side=C res=2 off=55248 len=1
RLTRACE t_ns=859213929266975 stage=T8 side=C res=1 tail=182156
[wp-proxy] forward obj 3 opcode 1 (3 args)
[wp-proxy] forward obj 3 opcode 9 (4 args)
[wp-proxy] objects+ app_obj=22 wl_callback
[wp-proxy] forward obj 3 opcode 3 (1 args)
[wp-proxy] forward obj 3 opcode 6 (0 args)
[wp-proxy] objects- app_obj=22 wl_callback (was_known=false)
[wp-event][C] delivered app_obj=23 wl_buffer.release args=0
[wp-event][C] delivered app_obj=22 wl_callback.done args=1
RLTRACE t_ns=859213950890981 stage=T7 side=C res=2 off=55256 len=1
RLTRACE t_ns=859213950958419 stage=T7 side=C res=2 off=55264 len=1
RLTRACE t_ns=859213951547876 stage=T8 side=C res=1 tail=182312
RLTRACE t_ns=859213999708837 stage=T7 side=C res=2 off=55272 len=1
RLTRACE t_ns=859213999773754 stage=T7 side=C res=2 off=55276 len=1
RLTRACE t_ns=859214000027591 stage=T8 side=C res=1 tail=182616
RLTRACE t_ns=859214008754566 stage=T8 side=C res=1 tail=183356
RLTRACE t_ns=859214017129881 stage=T7 side=C res=2 off=55280 len=1
RLTRACE t_ns=859214017233182 stage=T8 side=C res=1 tail=183416
[wp-proxy] forward obj 3 opcode 1 (3 args)
[wp-proxy] forward obj 3 opcode 9 (4 args)
[wp-proxy] objects+ app_obj=22 wl_callback
[wp-proxy] forward obj 3 opcode 3 (1 args)
[wp-proxy] forward obj 3 opcode 6 (0 args)
[wp-proxy] objects- app_obj=22 wl_callback (was_known=false)
[wp-event][C] delivered app_obj=17 wl_buffer.release args=0
[wp-event][C] delivered app_obj=22 wl_callback.done args=1
RLTRACE t_ns=859214031733872 stage=T7 side=C res=2 off=55288 len=1
RLTRACE t_ns=859214031775184 stage=T7 side=C res=2 off=55296 len=1
RLTRACE t_ns=859214032088012 stage=T8 side=C res=1 tail=183572
RLTRACE t_ns=859214060865651 stage=T7 side=C res=2 off=55304 len=1
RLTRACE t_ns=859214061377217 stage=T7 side=C res=2 off=55308 len=1
RLTRACE t_ns=859214061856196 stage=T8 side=C res=1 tail=184220
RLTRACE t_ns=859214081881668 stage=T8 side=C res=1 tail=184616
RLTRACE t_ns=859214096039223 stage=T7 side=C res=2 off=55312 len=1
RLTRACE t_ns=859214096233550 stage=T8 side=C res=1 tail=184676
[wp-proxy] forward obj 3 opcode 1 (3 args)
[wp-proxy] forward obj 3 opcode 9 (4 args)
[wp-proxy] objects+ app_obj=22 wl_callback
[wp-proxy] forward obj 3 opcode 3 (1 args)
[wp-proxy] forward obj 3 opcode 6 (0 args)
[wp-proxy] objects- app_obj=22 wl_callback (was_known=false)
[wp-event][C] delivered app_obj=19 wl_buffer.release args=0
[wp-event][C] delivered app_obj=22 wl_callback.done args=1
RLTRACE t_ns=859214115785570 stage=T7 side=C res=2 off=55320 len=1
RLTRACE t_ns=859214115839079 stage=T7 side=C res=2 off=55328 len=1
RLTRACE t_ns=859214116580784 stage=T8 side=C res=1 tail=184832
RLTRACE t_ns=859214138174252 stage=T7 side=C res=2 off=55336 len=1
RLTRACE t_ns=859214138196867 stage=T7 side=C res=2 off=55340 len=1
RLTRACE t_ns=859214138873274 stage=T8 side=C res=1 tail=185136
RLTRACE t_ns=859214145692557 stage=T8 side=C res=1 tail=185876
RLTRACE t_ns=859214155486419 stage=T7 side=C res=2 off=55344 len=1
RLTRACE t_ns=859214155992092 stage=T8 side=C res=1 tail=185912
RLTRACE t_ns=859214160711201 stage=T8 side=C res=1 tail=185936
[wp-proxy] forward obj 3 opcode 1 (3 args)
[wp-proxy] forward obj 3 opcode 9 (4 args)
[wp-proxy] objects+ app_obj=22 wl_callback
[wp-proxy] forward obj 3 opcode 3 (1 args)
[wp-proxy] forward obj 3 opcode 6 (0 args)
[wp-proxy] objects- app_obj=22 wl_callback (was_known=false)
[wp-event][C] delivered app_obj=21 wl_buffer.release args=0
[wp-event][C] delivered app_obj=22 wl_callback.done args=1
RLTRACE t_ns=859214180334272 stage=T7 side=C res=2 off=55352 len=1
RLTRACE t_ns=859214180346363 stage=T7 side=C res=2 off=55360 len=1
RLTRACE t_ns=859214180380418 stage=T8 side=C res=1 tail=186092
RLTRACE t_ns=859214216326269 stage=T7 side=C res=2 off=55368 len=1
RLTRACE t_ns=859214216344874 stage=T7 side=C res=2 off=55372 len=1
RLTRACE t_ns=859214216826787 stage=T8 side=C res=1 tail=186128
RLTRACE t_ns=859214220821727 stage=T8 side=C res=1 tail=187136
RLTRACE t_ns=859214236754377 stage=T7 side=C res=2 off=55376 len=1
RLTRACE t_ns=859214236840367 stage=T8 side=C res=1 tail=187196
[wp-proxy] forward obj 3 opcode 1 (3 args)
[wp-proxy] forward obj 3 opcode 9 (4 args)
[wp-proxy] objects+ app_obj=22 wl_callback
[wp-proxy] forward obj 3 opcode 3 (1 args)
[wp-proxy] forward obj 3 opcode 6 (0 args)
[wp-proxy] objects- app_obj=22 wl_callback (was_known=false)
[wp-event][C] delivered app_obj=23 wl_buffer.release args=0
[wp-event][C] delivered app_obj=22 wl_callback.done args=1
RLTRACE t_ns=859214263362528 stage=T7 side=C res=2 off=55384 len=1
RLTRACE t_ns=859214263391856 stage=T7 side=C res=2 off=55392 len=1
RLTRACE t_ns=859214264060950 stage=T8 side=C res=1 tail=187352
RLTRACE t_ns=859214296918771 stage=T7 side=C res=2 off=55400 len=1
RLTRACE t_ns=859214296942422 stage=T7 side=C res=2 off=55404 len=1
RLTRACE t_ns=859214297112134 stage=T8 side=C res=1 tail=188396
RLTRACE t_ns=859214318793715 stage=T7 side=C res=2 off=55408 len=1
RLTRACE t_ns=859214319252427 stage=T8 side=C res=1 tail=188456
[wp-proxy] forward obj 3 opcode 1 (3 args)
[wp-proxy] forward obj 3 opcode 9 (4 args)
[wp-proxy] objects+ app_obj=22 wl_callback
[wp-proxy] forward obj 3 opcode 3 (1 args)
[wp-proxy] forward obj 3 opcode 6 (0 args)
[wp-proxy] objects- app_obj=22 wl_callback (was_known=false)
[wp-event][C] delivered app_obj=17 wl_buffer.release args=0
[wp-event][C] delivered app_obj=22 wl_callback.done args=1
RLTRACE t_ns=859214337380190 stage=T7 side=C res=2 off=55416 len=1
RLTRACE t_ns=859214337421524 stage=T7 side=C res=2 off=55424 len=1
RLTRACE t_ns=859214337835804 stage=T8 side=C res=1 tail=188612
RLTRACE t_ns=859214360707256 stage=T8 side=C res=1 tail=188648
RLTRACE t_ns=859214369077876 stage=T7 side=C res=2 off=55432 len=1
RLTRACE t_ns=859214369123825 stage=T7 side=C res=2 off=55436 len=1
RLTRACE t_ns=859214369730249 stage=T8 side=C res=1 tail=189656
RLTRACE t_ns=859214388306064 stage=T7 side=C res=2 off=55440 len=1
RLTRACE t_ns=859214388948033 stage=T8 side=C res=1 tail=189716
[wp-proxy] forward obj 3 opcode 1 (3 args)
[wp-proxy] forward obj 3 opcode 9 (4 args)
[wp-proxy] objects+ app_obj=22 wl_callback
[wp-proxy] forward obj 3 opcode 3 (1 args)
[wp-proxy] forward obj 3 opcode 6 (0 args)
[wp-proxy] objects- app_obj=22 wl_callback (was_known=false)
[wp-event][C] delivered app_obj=19 wl_buffer.release args=0
[wp-event][C] delivered app_obj=22 wl_callback.done args=1
RLTRACE t_ns=859214408180689 stage=T7 side=C res=2 off=55448 len=1
RLTRACE t_ns=859214408225945 stage=T7 side=C res=2 off=55456 len=1
RLTRACE t_ns=859214408466414 stage=T8 side=C res=1 tail=189872
RLTRACE t_ns=859214423465871 stage=T7 side=C res=2 off=55464 len=1
RLTRACE t_ns=859214423512549 stage=T7 side=C res=2 off=55468 len=1
RLTRACE t_ns=859214423791141 stage=T8 side=C res=1 tail=190128
RLTRACE t_ns=859214430235975 stage=T8 side=C res=1 tail=190916
RLTRACE t_ns=859214440873352 stage=T7 side=C res=2 off=55472 len=1
RLTRACE t_ns=859214441080873 stage=T8 side=C res=1 tail=190976
[wp-proxy] forward obj 3 opcode 1 (3 args)
[wp-proxy] forward obj 3 opcode 9 (4 args)
[wp-proxy] objects+ app_obj=22 wl_callback
[wp-proxy] forward obj 3 opcode 3 (1 args)
[wp-proxy] forward obj 3 opcode 6 (0 args)
[wp-proxy] objects- app_obj=22 wl_callback (was_known=false)
[wp-event][C] delivered app_obj=21 wl_buffer.release args=0
[wp-event][C] delivered app_obj=22 wl_callback.done args=1
RLTRACE t_ns=859214461576311 stage=T7 side=C res=2 off=55480 len=1
RLTRACE t_ns=859214461654920 stage=T7 side=C res=2 off=55488 len=1
RLTRACE t_ns=859214461812166 stage=T8 side=C res=1 tail=191132
RLTRACE t_ns=859214488029161 stage=T7 side=C res=2 off=55496 len=1
RLTRACE t_ns=859214488075506 stage=T7 side=C res=2 off=55500 len=1
RLTRACE t_ns=859214488446185 stage=T8 side=C res=1 tail=192056
RLTRACE t_ns=859214498236605 stage=T8 side=C res=1 tail=192176
RLTRACE t_ns=859214508036407 stage=T7 side=C res=2 off=55504 len=1
RLTRACE t_ns=859214508546203 stage=T8 side=C res=1 tail=192236
[wp-proxy] forward obj 3 opcode 1 (3 args)
[wp-proxy] forward obj 3 opcode 9 (4 args)
[wp-proxy] objects+ app_obj=22 wl_callback
[wp-proxy] forward obj 3 opcode 3 (1 args)
[wp-proxy] forward obj 3 opcode 6 (0 args)
[wp-proxy] objects- app_obj=22 wl_callback (was_known=false)
[wp-event][C] delivered app_obj=23 wl_buffer.release args=0
[wp-event][C] delivered app_obj=22 wl_callback.done args=1
RLTRACE t_ns=859214537836005 stage=T7 side=C res=2 off=55512 len=1
RLTRACE t_ns=859214537897263 stage=T7 side=C res=2 off=55520 len=1
RLTRACE t_ns=859214538305818 stage=T8 side=C res=1 tail=192392
RLTRACE t_ns=859214557329560 stage=T7 side=C res=2 off=55528 len=1
RLTRACE t_ns=859214557371683 stage=T7 side=C res=2 off=55532 len=1
RLTRACE t_ns=859214557916358 stage=T8 side=C res=1 tail=193040
RLTRACE t_ns=859214564264322 stage=T8 side=C res=1 tail=193436
RLTRACE t_ns=859214573573287 stage=T7 side=C res=2 off=55536 len=1
RLTRACE t_ns=859214574065592 stage=T8 side=C res=1 tail=193496
[wp-proxy] forward obj 3 opcode 1 (3 args)
[wp-proxy] forward obj 3 opcode 9 (4 args)
[wp-proxy] objects+ app_obj=22 wl_callback
[wp-proxy] forward obj 3 opcode 3 (1 args)
[wp-proxy] forward obj 3 opcode 6 (0 args)
[wp-proxy] objects- app_obj=22 wl_callback (was_known=false)
[wp-event][C] delivered app_obj=17 wl_buffer.release args=0
[wp-event][C] delivered app_obj=22 wl_callback.done args=1
RLTRACE t_ns=859214589580147 stage=T8 side=C res=1 tail=193532
RLTRACE t_ns=859214597168309 stage=T7 side=C res=2 off=55544 len=1
RLTRACE t_ns=859214597220136 stage=T7 side=C res=2 off=55552 len=1
RLTRACE t_ns=859214597639802 stage=T8 side=C res=1 tail=193652
RLTRACE t_ns=859214619445334 stage=T7 side=C res=2 off=55560 len=1
RLTRACE t_ns=859214619526022 stage=T7 side=C res=2 off=55564 len=1
RLTRACE t_ns=859214620055163 stage=T8 side=C res=1 tail=194300
RLTRACE t_ns=859214627332246 stage=T8 side=C res=1 tail=194696
RLTRACE t_ns=859214640265790 stage=T7 side=C res=2 off=55568 len=1
RLTRACE t_ns=859214640886391 stage=T8 side=C res=1 tail=194756
[wp-proxy] forward obj 3 opcode 1 (3 args)
[wp-proxy] forward obj 3 opcode 9 (4 args)
[wp-proxy] objects+ app_obj=22 wl_callback
[wp-proxy] forward obj 3 opcode 3 (1 args)
[wp-proxy] forward obj 3 opcode 6 (0 args)
[wp-proxy] objects- app_obj=22 wl_callback (was_known=false)
[wp-event][C] delivered app_obj=19 wl_buffer.release args=0
[wp-event][C] delivered app_obj=22 wl_callback.done args=1
RLTRACE t_ns=859214664444169 stage=T7 side=C res=2 off=55576 len=1
RLTRACE t_ns=859214664508775 stage=T7 side=C res=2 off=55584 len=1
RLTRACE t_ns=859214664912184 stage=T8 side=C res=1 tail=194912
RLTRACE t_ns=859214693397153 stage=T7 side=C res=2 off=55592 len=1
RLTRACE t_ns=859214693452374 stage=T7 side=C res=2 off=55596 len=1
RLTRACE t_ns=859214693688987 stage=T8 side=C res=1 tail=195608
RLTRACE t_ns=859214700469833 stage=T8 side=C res=1 tail=195956
RLTRACE t_ns=859214709747194 stage=T7 side=C res=2 off=55600 len=1
RLTRACE t_ns=859214709818545 stage=T8 side=C res=1 tail=196016
[wp-proxy] forward obj 3 opcode 1 (3 args)
[wp-proxy] forward obj 3 opcode 9 (4 args)
[wp-proxy] objects+ app_obj=22 wl_callback
[wp-proxy] forward obj 3 opcode 3 (1 args)
[wp-proxy] forward obj 3 opcode 6 (0 args)
[wp-proxy] objects- app_obj=22 wl_callback (was_known=false)
[wp-event][C] delivered app_obj=21 wl_buffer.release args=0
[wp-event][C] delivered app_obj=22 wl_callback.done args=1
RLTRACE t_ns=859214726659583 stage=T7 side=C res=2 off=55608 len=1
RLTRACE t_ns=859214726706400 stage=T7 side=C res=2 off=55616 len=1
RLTRACE t_ns=859214727127341 stage=T8 side=C res=1 tail=196172
RLTRACE t_ns=859214770987472 stage=T7 side=C res=2 off=55624 len=1
RLTRACE t_ns=859214771104614 stage=T7 side=C res=2 off=55628 len=1
RLTRACE t_ns=859214771523347 stage=T8 side=C res=1 tail=197096
RLTRACE t_ns=859214792876511 stage=T8 side=C res=1 tail=197216
RLTRACE t_ns=859214794581941 stage=T8 side=C res=1 tail=197252
RLTRACE t_ns=859214805048803 stage=T7 side=C res=2 off=55632 len=1
RLTRACE t_ns=859214805643797 stage=T8 side=C res=1 tail=197276
[wp-proxy] forward obj 3 opcode 1 (3 args)
[wp-proxy] forward obj 3 opcode 9 (4 args)
[wp-proxy] objects+ app_obj=22 wl_callback
[wp-proxy] forward obj 3 opcode 3 (1 args)
[wp-proxy] forward obj 3 opcode 6 (0 args)
[wp-proxy] objects- app_obj=22 wl_callback (was_known=false)
[wp-event][C] delivered app_obj=23 wl_buffer.release args=0
[wp-event][C] delivered app_obj=22 wl_callback.done args=1
RLTRACE t_ns=859214828292727 stage=T7 side=C res=2 off=55640 len=1
RLTRACE t_ns=859214828352995 stage=T7 side=C res=2 off=55648 len=1
RLTRACE t_ns=859214828456114 stage=T8 side=C res=1 tail=197432
RLTRACE t_ns=859214877277840 stage=T7 side=C res=2 off=55656 len=1
RLTRACE t_ns=859214877347571 stage=T7 side=C res=2 off=55660 len=1
RLTRACE t_ns=859214877630630 stage=T8 side=C res=1 tail=198272
RLTRACE t_ns=859214884164208 stage=T8 side=C res=1 tail=198476
RLTRACE t_ns=859214894365747 stage=T7 side=C res=2 off=55664 len=1
RLTRACE t_ns=859214894921475 stage=T8 side=C res=1 tail=198536
[wp-proxy] forward obj 3 opcode 1 (3 args)
[wp-proxy] forward obj 3 opcode 9 (4 args)
[wp-proxy] objects+ app_obj=22 wl_callback
[wp-proxy] forward obj 3 opcode 3 (1 args)
[wp-proxy] forward obj 3 opcode 6 (0 args)
[wp-proxy] objects- app_obj=22 wl_callback (was_known=false)
[wp-event][C] delivered app_obj=17 wl_buffer.release args=0
[wp-event][C] delivered app_obj=22 wl_callback.done args=1
RLTRACE t_ns=859214909585327 stage=T7 side=C res=2 off=55672 len=1
RLTRACE t_ns=859214909627114 stage=T7 side=C res=2 off=55680 len=1
RLTRACE t_ns=859214910234672 stage=T8 side=C res=1 tail=198692
RLTRACE t_ns=859214929192828 stage=T7 side=C res=2 off=55688 len=1
RLTRACE t_ns=859214929239950 stage=T7 side=C res=2 off=55692 len=1
RLTRACE t_ns=859214929393748 stage=T8 side=C res=1 tail=198728
RLTRACE t_ns=859214933335855 stage=T8 side=C res=1 tail=199736
RLTRACE t_ns=859214948027445 stage=T7 side=C res=2 off=55696 len=1
RLTRACE t_ns=859214948267145 stage=T8 side=C res=1 tail=199796
[wp-proxy] forward obj 3 opcode 1 (3 args)
[wp-proxy] forward obj 3 opcode 9 (4 args)
[wp-proxy] objects+ app_obj=22 wl_callback
[wp-proxy] forward obj 3 opcode 3 (1 args)
[wp-proxy] forward obj 3 opcode 6 (0 args)
[wp-proxy] objects- app_obj=22 wl_callback (was_known=false)
[wp-event][C] delivered app_obj=19 wl_buffer.release args=0
[wp-event][C] delivered app_obj=22 wl_callback.done args=1
RLTRACE t_ns=859214966687416 stage=T7 side=C res=2 off=55704 len=1
RLTRACE t_ns=859214966740086 stage=T7 side=C res=2 off=55712 len=1
RLTRACE t_ns=859214967313494 stage=T8 side=C res=1 tail=199952
RLTRACE t_ns=859214993555248 stage=T7 side=C res=2 off=55720 len=1
RLTRACE t_ns=859214993632487 stage=T7 side=C res=2 off=55724 len=1
RLTRACE t_ns=859214994051988 stage=T8 side=C res=1 tail=200996
RLTRACE t_ns=859215014918105 stage=T7 side=C res=2 off=55728 len=1
RLTRACE t_ns=859215014980506 stage=T8 side=C res=1 tail=201056
[wp-proxy] forward obj 3 opcode 1 (3 args)
[wp-proxy] forward obj 3 opcode 9 (4 args)
[wp-proxy] objects+ app_obj=22 wl_callback
[wp-proxy] forward obj 3 opcode 3 (1 args)
[wp-proxy] forward obj 3 opcode 6 (0 args)
[wp-proxy] objects- app_obj=22 wl_callback (was_known=false)
[wp-event][C] delivered app_obj=21 wl_buffer.release args=0
[wp-event][C] delivered app_obj=22 wl_callback.done args=1
RLTRACE t_ns=859215038016533 stage=T7 side=C res=2 off=55736 len=1
RLTRACE t_ns=859215038097069 stage=T7 side=C res=2 off=55744 len=1
RLTRACE t_ns=859215038360602 stage=T8 side=C res=1 tail=201212
RLTRACE t_ns=859215085539769 stage=T7 side=C res=2 off=55752 len=1
RLTRACE t_ns=859215085583614 stage=T7 side=C res=2 off=55756 len=1
RLTRACE t_ns=859215086064746 stage=T8 side=C res=1 tail=201448
RLTRACE t_ns=859215093978036 stage=T8 side=C res=1 tail=202256
RLTRACE t_ns=859215105710825 stage=T7 side=C res=2 off=55760 len=1
RLTRACE t_ns=859215106303269 stage=T8 side=C res=1 tail=202316
[wp-proxy] forward obj 3 opcode 1 (3 args)
[wp-proxy] forward obj 3 opcode 9 (4 args)
[wp-proxy] objects+ app_obj=22 wl_callback
[wp-proxy] forward obj 3 opcode 3 (1 args)
[wp-proxy] forward obj 3 opcode 6 (0 args)
[wp-proxy] objects- app_obj=22 wl_callback (was_known=false)
[wp-event][C] delivered app_obj=23 wl_buffer.release args=0
[wp-event][C] delivered app_obj=22 wl_callback.done args=1
RLTRACE t_ns=859215126132783 stage=T7 side=C res=2 off=55768 len=1
RLTRACE t_ns=859215126231162 stage=T7 side=C res=2 off=55776 len=1
RLTRACE t_ns=859215126385864 stage=T8 side=C res=1 tail=202472
RLTRACE t_ns=859215155118598 stage=T7 side=C res=2 off=55784 len=1
RLTRACE t_ns=859215155176063 stage=T7 side=C res=2 off=55788 len=1
RLTRACE t_ns=859215155302830 stage=T8 side=C res=1 tail=203516
RLTRACE t_ns=859215173491707 stage=T7 side=C res=2 off=55792 len=1
RLTRACE t_ns=859215173664907 stage=T8 side=C res=1 tail=203576
[wp-proxy] forward obj 3 opcode 1 (3 args)
[wp-proxy] forward obj 3 opcode 9 (4 args)
[wp-proxy] objects+ app_obj=22 wl_callback
[wp-proxy] forward obj 3 opcode 3 (1 args)
[wp-proxy] forward obj 3 opcode 6 (0 args)
[wp-proxy] objects- app_obj=22 wl_callback (was_known=false)
[wp-event][C] delivered app_obj=17 wl_buffer.release args=0
[wp-event][C] delivered app_obj=22 wl_callback.done args=1
RLTRACE t_ns=859215193233296 stage=T7 side=C res=2 off=55800 len=1
RLTRACE t_ns=859215193284454 stage=T7 side=C res=2 off=55808 len=1
RLTRACE t_ns=859215193688903 stage=T8 side=C res=1 tail=203732
RLTRACE t_ns=859215217172431 stage=T7 side=C res=2 off=55816 len=1
RLTRACE t_ns=859215217222506 stage=T7 side=C res=2 off=55820 len=1
RLTRACE t_ns=859215217674583 stage=T8 side=C res=1 tail=204656
RLTRACE t_ns=859215226262546 stage=T8 side=C res=1 tail=204776
RLTRACE t_ns=859215235540124 stage=T7 side=C res=2 off=55824 len=1
RLTRACE t_ns=859215236016465 stage=T8 side=C res=1 tail=204836
[wp-proxy] forward obj 3 opcode 1 (3 args)
[wp-proxy] forward obj 3 opcode 9 (4 args)
[wp-proxy] objects+ app_obj=22 wl_callback
[wp-proxy] forward obj 3 opcode 3 (1 args)
[wp-proxy] forward obj 3 opcode 6 (0 args)
[wp-proxy] objects- app_obj=22 wl_callback (was_known=false)
[wp-event][C] delivered app_obj=19 wl_buffer.release args=0
[wp-event][C] delivered app_obj=22 wl_callback.done args=1
RLTRACE t_ns=859215255622099 stage=T7 side=C res=2 off=55832 len=1
RLTRACE t_ns=859215255668673 stage=T7 side=C res=2 off=55840 len=1
RLTRACE t_ns=859215256154974 stage=T8 side=C res=1 tail=204992
RLTRACE t_ns=859215279782047 stage=T7 side=C res=2 off=55848 len=1
RLTRACE t_ns=859215279828357 stage=T7 side=C res=2 off=55852 len=1
RLTRACE t_ns=859215279896776 stage=T8 side=C res=1 tail=206036
RLTRACE t_ns=859215295181999 stage=T7 side=C res=2 off=55856 len=1
RLTRACE t_ns=859215295438698 stage=T8 side=C res=1 tail=206072
RLTRACE t_ns=859215299393773 stage=T8 side=C res=1 tail=206096
[wp-proxy] forward obj 3 opcode 1 (3 args)
[wp-proxy] forward obj 3 opcode 9 (4 args)
[wp-proxy] objects+ app_obj=22 wl_callback
[wp-proxy] forward obj 3 opcode 3 (1 args)
[wp-proxy] forward obj 3 opcode 6 (0 args)
[wp-proxy] objects- app_obj=22 wl_callback (was_known=false)
[wp-event][C] delivered app_obj=21 wl_buffer.release args=0
[wp-event][C] delivered app_obj=22 wl_callback.done args=1
RLTRACE t_ns=859215315547862 stage=T7 side=C res=2 off=55864 len=1
RLTRACE t_ns=859215315596805 stage=T7 side=C res=2 off=55872 len=1
RLTRACE t_ns=859215316219917 stage=T8 side=C res=1 tail=206252
RLTRACE t_ns=859215347110007 stage=T7 side=C res=2 off=55880 len=1
RLTRACE t_ns=859215347167559 stage=T7 side=C res=2 off=55884 len=1
RLTRACE t_ns=859215347505978 stage=T8 side=C res=1 tail=207296
RLTRACE t_ns=859215362885945 stage=T7 side=C res=2 off=55888 len=1
RLTRACE t_ns=859215362961945 stage=T8 side=C res=1 tail=207356
[wp-proxy] forward obj 3 opcode 1 (3 args)
[wp-proxy] forward obj 3 opcode 9 (4 args)
[wp-proxy] objects+ app_obj=22 wl_callback
[wp-proxy] forward obj 3 opcode 3 (1 args)
[wp-proxy] forward obj 3 opcode 6 (0 args)
[wp-proxy] objects- app_obj=22 wl_callback (was_known=false)
[wp-event][C] delivered app_obj=23 wl_buffer.release args=0
[wp-event][C] delivered app_obj=22 wl_callback.done args=1
RLTRACE t_ns=859215377841183 stage=T7 side=C res=2 off=55896 len=1
RLTRACE t_ns=859215377889680 stage=T7 side=C res=2 off=55904 len=1
RLTRACE t_ns=859215378248600 stage=T8 side=C res=1 tail=207512
RLTRACE t_ns=859215402642725 stage=T7 side=C res=2 off=55912 len=1
RLTRACE t_ns=859215402688263 stage=T7 side=C res=2 off=55916 len=1
RLTRACE t_ns=859215402872569 stage=T8 side=C res=1 tail=208556
RLTRACE t_ns=859215422525906 stage=T7 side=C res=2 off=55920 len=1
RLTRACE t_ns=859215422634250 stage=T8 side=C res=1 tail=208616
[wp-proxy] forward obj 3 opcode 1 (3 args)
[wp-proxy] forward obj 3 opcode 9 (4 args)
[wp-proxy] objects+ app_obj=22 wl_callback
[wp-proxy] forward obj 3 opcode 3 (1 args)
[wp-proxy] forward obj 3 opcode 6 (0 args)
[wp-proxy] objects- app_obj=22 wl_callback (was_known=false)
[wp-event][C] delivered app_obj=17 wl_buffer.release args=0
[wp-event][C] delivered app_obj=22 wl_callback.done args=1
RLTRACE t_ns=859215441335972 stage=T7 side=C res=2 off=55928 len=1
RLTRACE t_ns=859215441396182 stage=T7 side=C res=2 off=55936 len=1
RLTRACE t_ns=859215441466846 stage=T8 side=C res=1 tail=208772
RLTRACE t_ns=859215473747652 stage=T7 side=C res=2 off=55944 len=1
RLTRACE t_ns=859215473787186 stage=T7 side=C res=2 off=55948 len=1
RLTRACE t_ns=859215474021608 stage=T8 side=C res=1 tail=209816
RLTRACE t_ns=859215495557259 stage=T7 side=C res=2 off=55952 len=1
RLTRACE t_ns=859215496018624 stage=T8 side=C res=1 tail=209876
[wp-proxy] forward obj 3 opcode 1 (3 args)
[wp-proxy] forward obj 3 opcode 9 (4 args)
[wp-proxy] objects+ app_obj=22 wl_callback
[wp-proxy] forward obj 3 opcode 3 (1 args)
[wp-proxy] forward obj 3 opcode 6 (0 args)
[wp-proxy] objects- app_obj=22 wl_callback (was_known=false)
[wp-event][C] delivered app_obj=19 wl_buffer.release args=0
[wp-event][C] delivered app_obj=22 wl_callback.done args=1
RLTRACE t_ns=859215515631155 stage=T7 side=C res=2 off=55960 len=1
RLTRACE t_ns=859215515683688 stage=T7 side=C res=2 off=55968 len=1
RLTRACE t_ns=859215515959491 stage=T8 side=C res=1 tail=210032
RLTRACE t_ns=859215545217630 stage=T7 side=C res=2 off=55976 len=1
RLTRACE t_ns=859215545288065 stage=T7 side=C res=2 off=55980 len=1
RLTRACE t_ns=859215545365956 stage=T8 side=C res=1 tail=210068
RLTRACE t_ns=859215553940769 stage=T8 side=C res=1 tail=211076
RLTRACE t_ns=859215573347181 stage=T7 side=C res=2 off=55984 len=1
RLTRACE t_ns=859215573696448 stage=T8 side=C res=1 tail=211136
[wp-proxy] forward obj 3 opcode 1 (3 args)
[wp-proxy] forward obj 3 opcode 9 (4 args)
[wp-proxy] objects+ app_obj=22 wl_callback
[wp-proxy] forward obj 3 opcode 3 (1 args)
[wp-proxy] forward obj 3 opcode 6 (0 args)
[wp-proxy] objects- app_obj=22 wl_callback (was_known=false)
[wp-event][C] delivered app_obj=21 wl_buffer.release args=0
[wp-event][C] delivered app_obj=22 wl_callback.done args=1
RLTRACE t_ns=859215595768678 stage=T7 side=C res=2 off=55992 len=1
RLTRACE t_ns=859215595816124 stage=T7 side=C res=2 off=56000 len=1
RLTRACE t_ns=859215596100211 stage=T8 side=C res=1 tail=211292
RLTRACE t_ns=859215617114987 stage=T7 side=C res=2 off=56008 len=1
RLTRACE t_ns=859215617164775 stage=T7 side=C res=2 off=56012 len=1
RLTRACE t_ns=859215617349741 stage=T8 side=C res=1 tail=212336
RLTRACE t_ns=859215649185265 stage=T7 side=C res=2 off=56016 len=1
RLTRACE t_ns=859215649624331 stage=T8 side=C res=1 tail=212396
[wp-proxy] forward obj 3 opcode 1 (3 args)
[wp-proxy] forward obj 3 opcode 9 (4 args)
[wp-proxy] objects+ app_obj=22 wl_callback
[wp-proxy] forward obj 3 opcode 3 (1 args)
[wp-proxy] forward obj 3 opcode 6 (0 args)
[wp-proxy] objects- app_obj=22 wl_callback (was_known=false)
[wp-event][C] delivered app_obj=23 wl_buffer.release args=0
[wp-event][C] delivered app_obj=22 wl_callback.done args=1
RLTRACE t_ns=859215680365442 stage=T7 side=C res=2 off=56024 len=1
RLTRACE t_ns=859215680413713 stage=T7 side=C res=2 off=56032 len=1
RLTRACE t_ns=859215680811086 stage=T8 side=C res=1 tail=212552
RLTRACE t_ns=859215718818551 stage=T7 side=C res=2 off=56040 len=1
RLTRACE t_ns=859215718918638 stage=T7 side=C res=2 off=56044 len=1
RLTRACE t_ns=859215719477852 stage=T8 side=C res=1 tail=212588
RLTRACE t_ns=859215734037593 stage=T8 side=C res=1 tail=213596
RLTRACE t_ns=859215765755373 stage=T7 side=C res=2 off=56048 len=1
RLTRACE t_ns=859215766334780 stage=T8 side=C res=1 tail=213656
[wp-proxy] forward obj 3 opcode 1 (3 args)
[wp-proxy] forward obj 3 opcode 9 (4 args)
[wp-proxy] objects+ app_obj=22 wl_callback
[wp-proxy] forward obj 3 opcode 3 (1 args)
[wp-proxy] forward obj 3 opcode 6 (0 args)
[wp-proxy] objects- app_obj=22 wl_callback (was_known=false)
[wp-event][C] delivered app_obj=17 wl_buffer.release args=0
[wp-event][C] delivered app_obj=22 wl_callback.done args=1
RLTRACE t_ns=859215800636583 stage=T7 side=C res=2 off=56056 len=1
RLTRACE t_ns=859215800695356 stage=T7 side=C res=2 off=56064 len=1
RLTRACE t_ns=859215801364468 stage=T8 side=C res=1 tail=213812
RLTRACE t_ns=859215845519175 stage=T7 side=C res=2 off=56072 len=1
RLTRACE t_ns=859215845583474 stage=T7 side=C res=2 off=56076 len=1
RLTRACE t_ns=859215846181132 stage=T8 side=C res=1 tail=213848
RLTRACE t_ns=859215850779967 stage=T8 side=C res=1 tail=214856
RLTRACE t_ns=859215867704390 stage=T7 side=C res=2 off=56080 len=1
RLTRACE t_ns=859215867922809 stage=T8 side=C res=1 tail=214916
[wp-proxy] forward obj 3 opcode 1 (3 args)
[wp-proxy] forward obj 3 opcode 9 (4 args)
[wp-proxy] objects+ app_obj=22 wl_callback
[wp-proxy] forward obj 3 opcode 3 (1 args)
[wp-proxy] forward obj 3 opcode 6 (0 args)
[wp-proxy] objects- app_obj=22 wl_callback (was_known=false)
[wp-event][C] delivered app_obj=19 wl_buffer.release args=0
[wp-event][C] delivered app_obj=22 wl_callback.done args=1
RLTRACE t_ns=859215883307362 stage=T7 side=C res=2 off=56088 len=1
RLTRACE t_ns=859215883320652 stage=T7 side=C res=2 off=56096 len=1
RLTRACE t_ns=859215883630917 stage=T8 side=C res=1 tail=215072
RLTRACE t_ns=859215900146507 stage=T7 side=C res=2 off=56104 len=1
RLTRACE t_ns=859215900168118 stage=T7 side=C res=2 off=56108 len=1
RLTRACE t_ns=859215900604264 stage=T8 side=C res=1 tail=215552
RLTRACE t_ns=859215905816174 stage=T8 side=C res=1 tail=216116
RLTRACE t_ns=859215914895540 stage=T7 side=C res=2 off=56112 len=1
RLTRACE t_ns=859215914936045 stage=T8 side=C res=1 tail=216176
[wp-proxy] forward obj 3 opcode 1 (3 args)
[wp-proxy] forward obj 3 opcode 9 (4 args)
[wp-proxy] objects+ app_obj=22 wl_callback
[wp-proxy] forward obj 3 opcode 3 (1 args)
[wp-proxy] forward obj 3 opcode 6 (0 args)
[wp-proxy] objects- app_obj=22 wl_callback (was_known=false)
[wp-event][C] delivered app_obj=21 wl_buffer.release args=0
[wp-event][C] delivered app_obj=22 wl_callback.done args=1
RLTRACE t_ns=859215932456581 stage=T7 side=C res=2 off=56120 len=1
RLTRACE t_ns=859215932480998 stage=T7 side=C res=2 off=56128 len=1
RLTRACE t_ns=859215932521462 stage=T8 side=C res=1 tail=216332
RLTRACE t_ns=859215967487775 stage=T7 side=C res=2 off=56136 len=1
RLTRACE t_ns=859215967535894 stage=T7 side=C res=2 off=56140 len=1
RLTRACE t_ns=859215967661582 stage=T8 side=C res=1 tail=216636
RLTRACE t_ns=859215982539627 stage=T8 side=C res=1 tail=217376
RLTRACE t_ns=859215998461243 stage=T7 side=C res=2 off=56144 len=1
RLTRACE t_ns=859215998500045 stage=T8 side=C res=1 tail=217436
[wp-proxy] forward obj 3 opcode 1 (3 args)
[wp-proxy] forward obj 3 opcode 9 (4 args)
[wp-proxy] objects+ app_obj=22 wl_callback
[wp-proxy] forward obj 3 opcode 3 (1 args)
[wp-proxy] forward obj 3 opcode 6 (0 args)
[wp-proxy] objects- app_obj=22 wl_callback (was_known=false)
[wp-event][C] delivered app_obj=23 wl_buffer.release args=0
[wp-event][C] delivered app_obj=22 wl_callback.done args=1
RLTRACE t_ns=859216031751329 stage=T7 side=C res=2 off=56152 len=1
RLTRACE t_ns=859216031780086 stage=T7 side=C res=2 off=56160 len=1
RLTRACE t_ns=859216031861773 stage=T8 side=C res=1 tail=217592
RLTRACE t_ns=859216054491475 stage=T8 side=C res=1 tail=217628
RLTRACE t_ns=859216073529310 stage=T7 side=C res=2 off=56168 len=1
RLTRACE t_ns=859216074085660 stage=T7 side=C res=2 off=56172 len=1
RLTRACE t_ns=859216074322902 stage=T8 side=C res=1 tail=218516
RLTRACE t_ns=859216087830134 stage=T8 side=C res=1 tail=218636
RLTRACE t_ns=859216092977313 stage=T8 side=C res=1 tail=218672
RLTRACE t_ns=859216101096002 stage=T7 side=C res=2 off=56176 len=1
RLTRACE t_ns=859216101263145 stage=T8 side=C res=1 tail=218696
[wp-proxy] forward obj 3 opcode 1 (3 args)
[wp-proxy] forward obj 3 opcode 9 (4 args)
[wp-proxy] objects+ app_obj=22 wl_callback
[wp-proxy] forward obj 3 opcode 3 (1 args)
[wp-proxy] forward obj 3 opcode 6 (0 args)
[wp-proxy] objects- app_obj=22 wl_callback (was_known=false)
[wp-event][C] delivered app_obj=17 wl_buffer.release args=0
[wp-event][C] delivered app_obj=22 wl_callback.done args=1
RLTRACE t_ns=859216119353104 stage=T7 side=C res=2 off=56184 len=1
RLTRACE t_ns=859216119367417 stage=T7 side=C res=2 off=56192 len=1
RLTRACE t_ns=859216119620351 stage=T8 side=C res=1 tail=218852
RLTRACE t_ns=859216140254525 stage=T7 side=C res=2 off=56200 len=1
RLTRACE t_ns=859216140270096 stage=T7 side=C res=2 off=56204 len=1
RLTRACE t_ns=859216140752941 stage=T8 side=C res=1 tail=219500
RLTRACE t_ns=859216146417553 stage=T8 side=C res=1 tail=219896
RLTRACE t_ns=859216156731319 stage=T7 side=C res=2 off=56208 len=1
RLTRACE t_ns=859216156820310 stage=T8 side=C res=1 tail=219956
[wp-proxy] forward obj 3 opcode 1 (3 args)
[wp-proxy] forward obj 3 opcode 9 (4 args)
[wp-proxy] objects+ app_obj=22 wl_callback
[wp-proxy] forward obj 3 opcode 3 (1 args)
[wp-proxy] forward obj 3 opcode 6 (0 args)
[wp-proxy] objects- app_obj=22 wl_callback (was_known=false)
[wp-event][C] delivered app_obj=19 wl_buffer.release args=0
[wp-event][C] delivered app_obj=22 wl_callback.done args=1
RLTRACE t_ns=859216179202306 stage=T7 side=C res=2 off=56216 len=1
RLTRACE t_ns=859216179221183 stage=T7 side=C res=2 off=56224 len=1
RLTRACE t_ns=859216179730517 stage=T8 side=C res=1 tail=220112
RLTRACE t_ns=859216216380166 stage=T7 side=C res=2 off=56232 len=1
RLTRACE t_ns=859216216445479 stage=T7 side=C res=2 off=56236 len=1
RLTRACE t_ns=859216217164518 stage=T8 side=C res=1 tail=220148
RLTRACE t_ns=859216222237103 stage=T8 side=C res=1 tail=221156
RLTRACE t_ns=859216240500072 stage=T7 side=C res=2 off=56240 len=1
RLTRACE t_ns=859216240594680 stage=T8 side=C res=1 tail=221216
[wp-proxy] forward obj 3 opcode 1 (3 args)
[wp-proxy] forward obj 3 opcode 9 (4 args)
[wp-proxy] objects+ app_obj=22 wl_callback
[wp-proxy] forward obj 3 opcode 3 (1 args)
[wp-proxy] forward obj 3 opcode 6 (0 args)
[wp-proxy] objects- app_obj=22 wl_callback (was_known=false)
[wp-event][C] delivered app_obj=21 wl_buffer.release args=0
[wp-event][C] delivered app_obj=22 wl_callback.done args=1
RLTRACE t_ns=859216265222018 stage=T8 side=C res=1 tail=221252
RLTRACE t_ns=859216274597712 stage=T7 side=C res=2 off=56248 len=1
RLTRACE t_ns=859216274661229 stage=T7 side=C res=2 off=56256 len=1
RLTRACE t_ns=859216274881641 stage=T8 side=C res=1 tail=221372
RLTRACE t_ns=859216304385177 stage=T8 side=C res=1 tail=221408
RLTRACE t_ns=859216311969987 stage=T7 side=C res=2 off=56264 len=1
RLTRACE t_ns=859216312030503 stage=T7 side=C res=2 off=56268 len=1
RLTRACE t_ns=859216312257496 stage=T8 side=C res=1 tail=222416
RLTRACE t_ns=859216330154632 stage=T7 side=C res=2 off=56272 len=1
RLTRACE t_ns=859216330339727 stage=T8 side=C res=1 tail=222452
RLTRACE t_ns=859216336019783 stage=T8 side=C res=1 tail=222476
[wp-proxy] forward obj 3 opcode 1 (3 args)
[wp-proxy] forward obj 3 opcode 9 (4 args)
[wp-proxy] objects+ app_obj=22 wl_callback
[wp-proxy] forward obj 3 opcode 3 (1 args)
[wp-proxy] forward obj 3 opcode 6 (0 args)
[wp-proxy] objects- app_obj=22 wl_callback (was_known=false)
[wp-event][C] delivered app_obj=23 wl_buffer.release args=0
[wp-event][C] delivered app_obj=22 wl_callback.done args=1
RLTRACE t_ns=859216355333833 stage=T7 side=C res=2 off=56280 len=1
RLTRACE t_ns=859216355377203 stage=T7 side=C res=2 off=56288 len=1
RLTRACE t_ns=859216355516209 stage=T8 side=C res=1 tail=222548
RLTRACE t_ns=859216362864274 stage=T8 side=C res=1 tail=222632
RLTRACE t_ns=859216380452088 stage=T7 side=C res=2 off=56296 len=1
RLTRACE t_ns=859216380500738 stage=T7 side=C res=2 off=56300 len=1
RLTRACE t_ns=859216381169334 stage=T8 side=C res=1 tail=223508
RLTRACE t_ns=859216386837900 stage=T8 side=C res=1 tail=223676
RLTRACE t_ns=859216396896475 stage=T7 side=C res=2 off=56304 len=1
RLTRACE t_ns=859216397511486 stage=T8 side=C res=1 tail=223736
[wp-proxy] forward obj 3 opcode 1 (3 args)
[wp-proxy] forward obj 3 opcode 9 (4 args)
[wp-proxy] objects+ app_obj=22 wl_callback
[wp-proxy] forward obj 3 opcode 3 (1 args)
[wp-proxy] forward obj 3 opcode 6 (0 args)
[wp-proxy] objects- app_obj=22 wl_callback (was_known=false)
[wp-event][C] delivered app_obj=17 wl_buffer.release args=0
[wp-event][C] delivered app_obj=22 wl_callback.done args=1
RLTRACE t_ns=859216413126718 stage=T7 side=C res=2 off=56312 len=1
RLTRACE t_ns=859216413146826 stage=T7 side=C res=2 off=56320 len=1
RLTRACE t_ns=859216413380317 stage=T8 side=C res=1 tail=223892
RLTRACE t_ns=859216431133765 stage=T7 side=C res=2 off=56328 len=1
RLTRACE t_ns=859216431150585 stage=T7 side=C res=2 off=56332 len=1
RLTRACE t_ns=859216431634422 stage=T8 side=C res=1 tail=224936
RLTRACE t_ns=859216446258596 stage=T7 side=C res=2 off=56336 len=1
RLTRACE t_ns=859216446630260 stage=T8 side=C res=1 tail=224996
[wp-proxy] forward obj 3 opcode 1 (3 args)
[wp-proxy] forward obj 3 opcode 9 (4 args)
[wp-proxy] objects+ app_obj=22 wl_callback
[wp-proxy] forward obj 3 opcode 3 (1 args)
[wp-proxy] forward obj 3 opcode 6 (0 args)
[wp-proxy] objects- app_obj=22 wl_callback (was_known=false)
[wp-event][C] delivered app_obj=19 wl_buffer.release args=0
[wp-event][C] delivered app_obj=22 wl_callback.done args=1
RLTRACE t_ns=859216461773193 stage=T7 side=C res=2 off=56344 len=1
RLTRACE t_ns=859216461794205 stage=T7 side=C res=2 off=56352 len=1
RLTRACE t_ns=859216462095602 stage=T8 side=C res=1 tail=225152
RLTRACE t_ns=859216479708702 stage=T7 side=C res=2 off=56360 len=1
RLTRACE t_ns=859216479757546 stage=T7 side=C res=2 off=56364 len=1
RLTRACE t_ns=859216480014895 stage=T8 side=C res=1 tail=225604
RLTRACE t_ns=859216487509149 stage=T8 side=C res=1 tail=226196
RLTRACE t_ns=859216496225956 stage=T7 side=C res=2 off=56368 len=1
RLTRACE t_ns=859216496559382 stage=T8 side=C res=1 tail=226256
[wp-proxy] forward obj 3 opcode 1 (3 args)
[wp-proxy] forward obj 3 opcode 9 (4 args)
[wp-proxy] objects+ app_obj=22 wl_callback
[wp-proxy] forward obj 3 opcode 3 (1 args)
[wp-proxy] forward obj 3 opcode 6 (0 args)
[wp-proxy] objects- app_obj=22 wl_callback (was_known=false)
[wp-event][C] delivered app_obj=21 wl_buffer.release args=0
[wp-event][C] delivered app_obj=22 wl_callback.done args=1
RLTRACE t_ns=859216511060103 stage=T7 side=C res=2 off=56376 len=1
RLTRACE t_ns=859216511078216 stage=T7 side=C res=2 off=56384 len=1
RLTRACE t_ns=859216511662186 stage=T8 side=C res=1 tail=226412
RLTRACE t_ns=859216533676443 stage=T7 side=C res=2 off=56392 len=1
RLTRACE t_ns=859216533695812 stage=T7 side=C res=2 off=56396 len=1
RLTRACE t_ns=859216534099964 stage=T8 side=C res=1 tail=227336
RLTRACE t_ns=859216540473398 stage=T8 side=C res=1 tail=227456
RLTRACE t_ns=859216548453174 stage=T7 side=C res=2 off=56400 len=1
RLTRACE t_ns=859216548936610 stage=T8 side=C res=1 tail=227516
[wp-proxy] forward obj 3 opcode 1 (3 args)
[wp-proxy] forward obj 3 opcode 9 (4 args)
[wp-proxy] objects+ app_obj=22 wl_callback
[wp-proxy] forward obj 3 opcode 3 (1 args)
[wp-proxy] forward obj 3 opcode 6 (0 args)
[wp-proxy] objects- app_obj=22 wl_callback (was_known=false)
[wp-event][C] delivered app_obj=23 wl_buffer.release args=0
[wp-event][C] delivered app_obj=22 wl_callback.done args=1
RLTRACE t_ns=859216564145454 stage=T7 side=C res=2 off=56408 len=1
RLTRACE t_ns=859216564165117 stage=T7 side=C res=2 off=56416 len=1
RLTRACE t_ns=859216564674925 stage=T8 side=C res=1 tail=227672
RLTRACE t_ns=859216586095301 stage=T7 side=C res=2 off=56424 len=1
RLTRACE t_ns=859216586111532 stage=T7 side=C res=2 off=56428 len=1
RLTRACE t_ns=859216586442940 stage=T8 side=C res=1 tail=228596
RLTRACE t_ns=859216596214263 stage=T8 side=C res=1 tail=228716
RLTRACE t_ns=859216600195537 stage=T8 side=C res=1 tail=228752
RLTRACE t_ns=859216608049722 stage=T7 side=C res=2 off=56432 len=1
RLTRACE t_ns=859216608299401 stage=T8 side=C res=1 tail=228776
[wp-proxy] forward obj 3 opcode 1 (3 args)
[wp-proxy] forward obj 3 opcode 9 (4 args)
[wp-proxy] objects+ app_obj=22 wl_callback
[wp-proxy] forward obj 3 opcode 3 (1 args)
[wp-proxy] forward obj 3 opcode 6 (0 args)
[wp-proxy] objects- app_obj=22 wl_callback (was_known=false)
[wp-event][C] delivered app_obj=17 wl_buffer.release args=0
[wp-event][C] delivered app_obj=22 wl_callback.done args=1
RLTRACE t_ns=859216624124887 stage=T8 side=C res=1 tail=228812
RLTRACE t_ns=859216631006282 stage=T7 side=C res=2 off=56440 len=1
RLTRACE t_ns=859216631024330 stage=T7 side=C res=2 off=56448 len=1
RLTRACE t_ns=859216631113685 stage=T8 side=C res=1 tail=228932
RLTRACE t_ns=859216652160782 stage=T7 side=C res=2 off=56456 len=1
RLTRACE t_ns=859216652179937 stage=T7 side=C res=2 off=56460 len=1
RLTRACE t_ns=859216652393153 stage=T8 side=C res=1 tail=228968
RLTRACE t_ns=859216656999616 stage=T8 side=C res=1 tail=229976
RLTRACE t_ns=859216671267245 stage=T7 side=C res=2 off=56464 len=1
RLTRACE t_ns=859216671540518 stage=T8 side=C res=1 tail=230036
[wp-proxy] forward obj 3 opcode 1 (3 args)
[wp-proxy] forward obj 3 opcode 9 (4 args)
[wp-proxy] objects+ app_obj=22 wl_callback
[wp-proxy] forward obj 3 opcode 3 (1 args)
[wp-proxy] forward obj 3 opcode 6 (0 args)
[wp-proxy] objects- app_obj=22 wl_callback (was_known=false)
[wp-event][C] delivered app_obj=19 wl_buffer.release args=0
[wp-event][C] delivered app_obj=22 wl_callback.done args=1
RLTRACE t_ns=859216685981375 stage=T7 side=C res=2 off=56472 len=1
RLTRACE t_ns=859216685997643 stage=T7 side=C res=2 off=56480 len=1
RLTRACE t_ns=859216686235009 stage=T8 side=C res=1 tail=230192
RLTRACE t_ns=859216707050806 stage=T7 side=C res=2 off=56488 len=1
RLTRACE t_ns=859216707068982 stage=T7 side=C res=2 off=56492 len=1
RLTRACE t_ns=859216707205926 stage=T8 side=C res=1 tail=230228
RLTRACE t_ns=859216711746378 stage=T8 side=C res=1 tail=231236
RLTRACE t_ns=859216726180234 stage=T7 side=C res=2 off=56496 len=1
RLTRACE t_ns=859216726547267 stage=T8 side=C res=1 tail=231296
[wp-proxy] forward obj 3 opcode 1 (3 args)
[wp-proxy] forward obj 3 opcode 9 (4 args)
[wp-proxy] objects+ app_obj=22 wl_callback
[wp-proxy] forward obj 3 opcode 3 (1 args)
[wp-proxy] forward obj 3 opcode 6 (0 args)
[wp-proxy] objects- app_obj=22 wl_callback (was_known=false)
[wp-event][C] delivered app_obj=21 wl_buffer.release args=0
[wp-event][C] delivered app_obj=22 wl_callback.done args=1
RLTRACE t_ns=859216740026050 stage=T7 side=C res=2 off=56504 len=1
RLTRACE t_ns=859216740042604 stage=T7 side=C res=2 off=56512 len=1
RLTRACE t_ns=859216740246266 stage=T8 side=C res=1 tail=231368
RLTRACE t_ns=859216744810675 stage=T8 side=C res=1 tail=231452
RLTRACE t_ns=859216763962094 stage=T7 side=C res=2 off=56520 len=1
RLTRACE t_ns=859216763981273 stage=T7 side=C res=2 off=56524 len=1
RLTRACE t_ns=859216764104748 stage=T8 side=C res=1 tail=231688
RLTRACE t_ns=859216769916527 stage=T8 side=C res=1 tail=232496
RLTRACE t_ns=859216778787088 stage=T7 side=C res=2 off=56528 len=1
RLTRACE t_ns=859216779013066 stage=T8 side=C res=1 tail=232556
[wp-proxy] forward obj 3 opcode 1 (3 args)
[wp-proxy] forward obj 3 opcode 9 (4 args)
[wp-proxy] objects+ app_obj=22 wl_callback
[wp-proxy] forward obj 3 opcode 3 (1 args)
[wp-proxy] forward obj 3 opcode 6 (0 args)
[wp-proxy] objects- app_obj=22 wl_callback (was_known=false)
[wp-event][C] delivered app_obj=23 wl_buffer.release args=0
[wp-event][C] delivered app_obj=22 wl_callback.done args=1
RLTRACE t_ns=859216793984430 stage=T7 side=C res=2 off=56536 len=1
RLTRACE t_ns=859216794045648 stage=T7 side=C res=2 off=56544 len=1
RLTRACE t_ns=859216794612964 stage=T8 side=C res=1 tail=232628
RLTRACE t_ns=859216798562437 stage=T8 side=C res=1 tail=232712
RLTRACE t_ns=859216817764160 stage=T7 side=C res=2 off=56552 len=1
RLTRACE t_ns=859216817780791 stage=T7 side=C res=2 off=56556 len=1
RLTRACE t_ns=859216818313973 stage=T8 side=C res=1 tail=233756
RLTRACE t_ns=859216832619458 stage=T7 side=C res=2 off=56560 len=1
RLTRACE t_ns=859216832903093 stage=T8 side=C res=1 tail=233816
[wp-proxy] forward obj 3 opcode 1 (3 args)
[wp-proxy] forward obj 3 opcode 9 (4 args)
[wp-proxy] objects+ app_obj=22 wl_callback
[wp-proxy] forward obj 3 opcode 3 (1 args)
[wp-proxy] forward obj 3 opcode 6 (0 args)
[wp-proxy] objects- app_obj=22 wl_callback (was_known=false)
[wp-event][C] delivered app_obj=17 wl_buffer.release args=0
[wp-event][C] delivered app_obj=22 wl_callback.done args=1
RLTRACE t_ns=859216849780034 stage=T7 side=C res=2 off=56568 len=1
RLTRACE t_ns=859216849808986 stage=T7 side=C res=2 off=56576 len=1
RLTRACE t_ns=859216850083365 stage=T8 side=C res=1 tail=233972
RLTRACE t_ns=859216872948092 stage=T7 side=C res=2 off=56584 len=1
RLTRACE t_ns=859216872967134 stage=T7 side=C res=2 off=56588 len=1
RLTRACE t_ns=859216873207931 stage=T8 side=C res=1 tail=234896
RLTRACE t_ns=859216879351941 stage=T8 side=C res=1 tail=235016
RLTRACE t_ns=859216887748215 stage=T7 side=C res=2 off=56592 len=1
RLTRACE t_ns=859216887816215 stage=T8 side=C res=1 tail=235076
[wp-proxy] forward obj 3 opcode 1 (3 args)
[wp-proxy] forward obj 3 opcode 9 (4 args)
[wp-proxy] objects+ app_obj=22 wl_callback
[wp-proxy] forward obj 3 opcode 3 (1 args)
[wp-proxy] forward obj 3 opcode 6 (0 args)
[wp-proxy] objects- app_obj=22 wl_callback (was_known=false)
[wp-event][C] delivered app_obj=19 wl_buffer.release args=0
[wp-event][C] delivered app_obj=22 wl_callback.done args=1
RLTRACE t_ns=859216903842704 stage=T7 side=C res=2 off=56600 len=1
RLTRACE t_ns=859216903868144 stage=T7 side=C res=2 off=56608 len=1
RLTRACE t_ns=859216904123962 stage=T8 side=C res=1 tail=235148
RLTRACE t_ns=859216908732960 stage=T8 side=C res=1 tail=235232
RLTRACE t_ns=859216929180075 stage=T7 side=C res=2 off=56616 len=1
RLTRACE t_ns=859216929198648 stage=T7 side=C res=2 off=56620 len=1
RLTRACE t_ns=859216929700963 stage=T8 side=C res=1 tail=236056
RLTRACE t_ns=859216935344112 stage=T8 side=C res=1 tail=236276
RLTRACE t_ns=859216944234371 stage=T7 side=C res=2 off=56624 len=1
RLTRACE t_ns=859216944495475 stage=T8 side=C res=1 tail=236336
[wp-proxy] forward obj 3 opcode 1 (3 args)
[wp-proxy] forward obj 3 opcode 9 (4 args)
[wp-proxy] objects+ app_obj=22 wl_callback
[wp-proxy] forward obj 3 opcode 3 (1 args)
[wp-proxy] forward obj 3 opcode 6 (0 args)
[wp-proxy] objects- app_obj=22 wl_callback (was_known=false)
[wp-event][C] delivered app_obj=21 wl_buffer.release args=0
[wp-event][C] delivered app_obj=22 wl_callback.done args=1
RLTRACE t_ns=859216958333578 stage=T7 side=C res=2 off=56632 len=1
RLTRACE t_ns=859216958372619 stage=T7 side=C res=2 off=56640 len=1
RLTRACE t_ns=859216958819798 stage=T8 side=C res=1 tail=236492
RLTRACE t_ns=859216978558094 stage=T7 side=C res=2 off=56648 len=1
RLTRACE t_ns=859216978611334 stage=T7 side=C res=2 off=56652 len=1
RLTRACE t_ns=859216978996008 stage=T8 side=C res=1 tail=237536
RLTRACE t_ns=859216999278918 stage=T7 side=C res=2 off=56656 len=1
RLTRACE t_ns=859216999388603 stage=T8 side=C res=1 tail=237572
RLTRACE t_ns=859217005708970 stage=T8 side=C res=1 tail=237596
[wp-proxy] forward obj 3 opcode 1 (3 args)
[wp-proxy] forward obj 3 opcode 9 (4 args)
[wp-proxy] objects+ app_obj=22 wl_callback
[wp-proxy] forward obj 3 opcode 3 (1 args)
[wp-proxy] forward obj 3 opcode 6 (0 args)
[wp-proxy] objects- app_obj=22 wl_callback (was_known=false)
[wp-event][C] delivered app_obj=23 wl_buffer.release args=0
[wp-event][C] delivered app_obj=22 wl_callback.done args=1
RLTRACE t_ns=859217023165171 stage=T7 side=C res=2 off=56664 len=1
RLTRACE t_ns=859217023229622 stage=T7 side=C res=2 off=56672 len=1
RLTRACE t_ns=859217023319789 stage=T8 side=C res=1 tail=237668
RLTRACE t_ns=859217028585064 stage=T8 side=C res=1 tail=237752
RLTRACE t_ns=859217055796297 stage=T8 side=C res=1 tail=237788
RLTRACE t_ns=859217074574942 stage=T7 side=C res=2 off=56680 len=1
RLTRACE t_ns=859217074694228 stage=T7 side=C res=2 off=56684 len=1
RLTRACE t_ns=859217074854257 stage=T8 side=C res=1 tail=238400
RLTRACE t_ns=859217088855689 stage=T8 side=C res=1 tail=238796
RLTRACE t_ns=859217093479123 stage=T8 side=C res=1 tail=238832
RLTRACE t_ns=859217101135705 stage=T7 side=C res=2 off=56688 len=1
RLTRACE t_ns=859217101415165 stage=T8 side=C res=1 tail=238856
[wp-proxy] forward obj 3 opcode 1 (3 args)
[wp-proxy] forward obj 3 opcode 9 (4 args)
[wp-proxy] objects+ app_obj=22 wl_callback
[wp-proxy] forward obj 3 opcode 3 (1 args)
[wp-proxy] forward obj 3 opcode 6 (0 args)
[wp-proxy] objects- app_obj=22 wl_callback (was_known=false)
[wp-event][C] delivered app_obj=17 wl_buffer.release args=0
[wp-event][C] delivered app_obj=22 wl_callback.done args=1
RLTRACE t_ns=859217117764339 stage=T7 side=C res=2 off=56696 len=1
RLTRACE t_ns=859217117811780 stage=T7 side=C res=2 off=56704 len=1
RLTRACE t_ns=859217118097708 stage=T8 side=C res=1 tail=239012
RLTRACE t_ns=859217137825722 stage=T7 side=C res=2 off=56712 len=1
RLTRACE t_ns=859217137870987 stage=T7 side=C res=2 off=56716 len=1
RLTRACE t_ns=859217138020509 stage=T8 side=C res=1 tail=239048
RLTRACE t_ns=859217142558492 stage=T8 side=C res=1 tail=240056
RLTRACE t_ns=859217158336213 stage=T7 side=C res=2 off=56720 len=1
RLTRACE t_ns=859217158746167 stage=T8 side=C res=1 tail=240116
[wp-proxy] forward obj 3 opcode 1 (3 args)
[wp-proxy] forward obj 3 opcode 9 (4 args)
[wp-proxy] objects+ app_obj=22 wl_callback
[wp-proxy] forward obj 3 opcode 3 (1 args)
[wp-proxy] forward obj 3 opcode 6 (0 args)
[wp-proxy] objects- app_obj=22 wl_callback (was_known=false)
[wp-event][C] delivered app_obj=19 wl_buffer.release args=0
[wp-event][C] delivered app_obj=22 wl_callback.done args=1
RLTRACE t_ns=859217175126709 stage=T7 side=C res=2 off=56728 len=1
RLTRACE t_ns=859217175154284 stage=T7 side=C res=2 off=56736 len=1
RLTRACE t_ns=859217175741108 stage=T8 side=C res=1 tail=240272
RLTRACE t_ns=859217201938501 stage=T7 side=C res=2 off=56744 len=1
RLTRACE t_ns=859217201966616 stage=T7 side=C res=2 off=56748 len=1
RLTRACE t_ns=859217202113070 stage=T8 side=C res=1 tail=241148
RLTRACE t_ns=859217208556130 stage=T8 side=C res=1 tail=241316
RLTRACE t_ns=859217218672040 stage=T7 side=C res=2 off=56752 len=1
RLTRACE t_ns=859217218769514 stage=T8 side=C res=1 tail=241376
[wp-proxy] forward obj 3 opcode 1 (3 args)
[wp-proxy] forward obj 3 opcode 9 (4 args)
[wp-proxy] objects+ app_obj=22 wl_callback
[wp-proxy] forward obj 3 opcode 3 (1 args)
[wp-proxy] forward obj 3 opcode 6 (0 args)
[wp-proxy] objects- app_obj=22 wl_callback (was_known=false)
[wp-event][C] delivered app_obj=21 wl_buffer.release args=0
[wp-event][C] delivered app_obj=22 wl_callback.done args=1
RLTRACE t_ns=859217234126947 stage=T7 side=C res=2 off=56760 len=1
RLTRACE t_ns=859217234174487 stage=T7 side=C res=2 off=56768 len=1
RLTRACE t_ns=859217234329344 stage=T8 side=C res=1 tail=241412
RLTRACE t_ns=859217240009358 stage=T8 side=C res=1 tail=241532
RLTRACE t_ns=859217265364616 stage=T8 side=C res=1 tail=241568
RLTRACE t_ns=859217274165610 stage=T7 side=C res=2 off=56776 len=1
RLTRACE t_ns=859217274220702 stage=T7 side=C res=2 off=56780 len=1
RLTRACE t_ns=859217274381586 stage=T8 side=C res=1 tail=242576
RLTRACE t_ns=859217292822963 stage=T7 side=C res=2 off=56784 len=1
RLTRACE t_ns=859217293184065 stage=T8 side=C res=1 tail=242612
RLTRACE t_ns=859217297833866 stage=T8 side=C res=1 tail=242636
[wp-proxy] forward obj 3 opcode 1 (3 args)
[wp-proxy] forward obj 3 opcode 9 (4 args)
[wp-proxy] objects+ app_obj=22 wl_callback
[wp-proxy] forward obj 3 opcode 3 (1 args)
[wp-proxy] forward obj 3 opcode 6 (0 args)
[wp-proxy] objects- app_obj=22 wl_callback (was_known=false)
[wp-event][C] delivered app_obj=23 wl_buffer.release args=0
[wp-event][C] delivered app_obj=22 wl_callback.done args=1
RLTRACE t_ns=859217315678161 stage=T7 side=C res=2 off=56792 len=1
RLTRACE t_ns=859217315727856 stage=T7 side=C res=2 off=56800 len=1
RLTRACE t_ns=859217315789948 stage=T8 side=C res=1 tail=242672
RLTRACE t_ns=859217323575922 stage=T8 side=C res=1 tail=242792
RLTRACE t_ns=859217346773871 stage=T8 side=C res=1 tail=242828
RLTRACE t_ns=859217357361108 stage=T7 side=C res=2 off=56808 len=1
RLTRACE t_ns=859217357404972 stage=T7 side=C res=2 off=56812 len=1
RLTRACE t_ns=859217357577752 stage=T8 side=C res=1 tail=243004
RLTRACE t_ns=859217364302317 stage=T8 side=C res=1 tail=243836
RLTRACE t_ns=859217384880100 stage=T7 side=C res=2 off=56816 len=1
RLTRACE t_ns=859217385437102 stage=T8 side=C res=1 tail=243896
[wp-proxy] forward obj 3 opcode 1 (3 args)
[wp-proxy] forward obj 3 opcode 9 (4 args)
[wp-proxy] objects+ app_obj=22 wl_callback
[wp-proxy] forward obj 3 opcode 3 (1 args)
[wp-proxy] forward obj 3 opcode 6 (0 args)
[wp-proxy] objects- app_obj=22 wl_callback (was_known=false)
[wp-event][C] delivered app_obj=17 wl_buffer.release args=0
[wp-event][C] delivered app_obj=22 wl_callback.done args=1
RLTRACE t_ns=859217403161008 stage=T8 side=C res=1 tail=243932
RLTRACE t_ns=859217413365822 stage=T7 side=C res=2 off=56824 len=1
RLTRACE t_ns=859217413416420 stage=T7 side=C res=2 off=56832 len=1
RLTRACE t_ns=859217413964449 stage=T8 side=C res=1 tail=244052
RLTRACE t_ns=859217439577556 stage=T7 side=C res=2 off=56840 len=1
RLTRACE t_ns=859217439618754 stage=T7 side=C res=2 off=56844 len=1
RLTRACE t_ns=859217439894621 stage=T8 side=C res=1 tail=244976
RLTRACE t_ns=859217447079926 stage=T8 side=C res=1 tail=245096
RLTRACE t_ns=859217457291049 stage=T7 side=C res=2 off=56848 len=1
RLTRACE t_ns=859217457345459 stage=T8 side=C res=1 tail=245156
[wp-proxy] forward obj 3 opcode 1 (3 args)
[wp-proxy] forward obj 3 opcode 9 (4 args)
[wp-proxy] objects+ app_obj=22 wl_callback
[wp-proxy] forward obj 3 opcode 3 (1 args)
[wp-proxy] forward obj 3 opcode 6 (0 args)
[wp-proxy] objects- app_obj=22 wl_callback (was_known=false)
[wp-event][C] delivered app_obj=19 wl_buffer.release args=0
[wp-event][C] delivered app_obj=22 wl_callback.done args=1
RLTRACE t_ns=859217475740313 stage=T7 side=C res=2 off=56856 len=1
RLTRACE t_ns=859217475801172 stage=T7 side=C res=2 off=56864 len=1
RLTRACE t_ns=859217476027786 stage=T8 side=C res=1 tail=245312
RLTRACE t_ns=859217506714125 stage=T7 side=C res=2 off=56872 len=1
RLTRACE t_ns=859217506757360 stage=T7 side=C res=2 off=56876 len=1
RLTRACE t_ns=859217507162692 stage=T8 side=C res=1 tail=246008
RLTRACE t_ns=859217512812813 stage=T8 side=C res=1 tail=246356
RLTRACE t_ns=859217521962162 stage=T7 side=C res=2 off=56880 len=1
RLTRACE t_ns=859217522378500 stage=T8 side=C res=1 tail=246416
[wp-proxy] forward obj 3 opcode 1 (3 args)
[wp-proxy] forward obj 3 opcode 9 (4 args)
[wp-proxy] objects+ app_obj=22 wl_callback
[wp-proxy] forward obj 3 opcode 3 (1 args)
[wp-proxy] forward obj 3 opcode 6 (0 args)
[wp-proxy] objects- app_obj=22 wl_callback (was_known=false)
[wp-event][C] delivered app_obj=21 wl_buffer.release args=0
[wp-event][C] delivered app_obj=22 wl_callback.done args=1
RLTRACE t_ns=859217537513113 stage=T7 side=C res=2 off=56888 len=1
RLTRACE t_ns=859217537557339 stage=T7 side=C res=2 off=56896 len=1
RLTRACE t_ns=859217537864539 stage=T8 side=C res=1 tail=246572
RLTRACE t_ns=859217560128899 stage=T7 side=C res=2 off=56904 len=1
RLTRACE t_ns=859217560187359 stage=T7 side=C res=2 off=56908 len=1
RLTRACE t_ns=859217560395425 stage=T8 side=C res=1 tail=247496
RLTRACE t_ns=859217566608988 stage=T8 side=C res=1 tail=247616
RLTRACE t_ns=859217575141862 stage=T7 side=C res=2 off=56912 len=1
RLTRACE t_ns=859217575275623 stage=T8 side=C res=1 tail=247676
[wp-proxy] forward obj 3 opcode 1 (3 args)
[wp-proxy] forward obj 3 opcode 9 (4 args)
[wp-proxy] objects+ app_obj=22 wl_callback
[wp-proxy] forward obj 3 opcode 3 (1 args)
[wp-proxy] forward obj 3 opcode 6 (0 args)
[wp-proxy] objects- app_obj=22 wl_callback (was_known=false)
[wp-event][C] delivered app_obj=23 wl_buffer.release args=0
[wp-event][C] delivered app_obj=22 wl_callback.done args=1
RLTRACE t_ns=859217591034701 stage=T7 side=C res=2 off=56920 len=1
RLTRACE t_ns=859217591077727 stage=T7 side=C res=2 off=56928 len=1
RLTRACE t_ns=859217591386455 stage=T8 side=C res=1 tail=247832
RLTRACE t_ns=859217614752791 stage=T7 side=C res=2 off=56936 len=1
RLTRACE t_ns=859217614804597 stage=T7 side=C res=2 off=56940 len=1
RLTRACE t_ns=859217615353007 stage=T8 side=C res=1 tail=247868
RLTRACE t_ns=859217620948790 stage=T8 side=C res=1 tail=248876
RLTRACE t_ns=859217639316764 stage=T7 side=C res=2 off=56944 len=1
RLTRACE t_ns=859217639492929 stage=T8 side=C res=1 tail=248936
[wp-proxy] forward obj 3 opcode 1 (3 args)
[wp-proxy] forward obj 3 opcode 9 (4 args)
[wp-proxy] objects+ app_obj=22 wl_callback
[wp-proxy] forward obj 3 opcode 3 (1 args)
[wp-proxy] forward obj 3 opcode 6 (0 args)
[wp-proxy] objects- app_obj=22 wl_callback (was_known=false)
[wp-event][C] delivered app_obj=17 wl_buffer.release args=0
[wp-event][C] delivered app_obj=22 wl_callback.done args=1
RLTRACE t_ns=859217655994582 stage=T7 side=C res=2 off=56952 len=1
RLTRACE t_ns=859217656066449 stage=T7 side=C res=2 off=56960 len=1
RLTRACE t_ns=859217656617172 stage=T8 side=C res=1 tail=249092
RLTRACE t_ns=859217682967893 stage=T7 side=C res=2 off=56968 len=1
RLTRACE t_ns=859217683039694 stage=T7 side=C res=2 off=56972 len=1
RLTRACE t_ns=859217683647657 stage=T8 side=C res=1 tail=250136
RLTRACE t_ns=859217702879237 stage=T7 side=C res=2 off=56976 len=1
RLTRACE t_ns=859217703327171 stage=T8 side=C res=1 tail=250172
RLTRACE t_ns=859217709791843 stage=T8 side=C res=1 tail=250196
[wp-proxy] forward obj 3 opcode 1 (3 args)
[wp-proxy] forward obj 3 opcode 9 (4 args)
[wp-proxy] objects+ app_obj=22 wl_callback
[wp-proxy] forward obj 3 opcode 3 (1 args)
[wp-proxy] forward obj 3 opcode 6 (0 args)
[wp-proxy] objects- app_obj=22 wl_callback (was_known=false)
[wp-event][C] delivered app_obj=19 wl_buffer.release args=0
[wp-event][C] delivered app_obj=22 wl_callback.done args=1
RLTRACE t_ns=859217725097855 stage=T7 side=C res=2 off=56984 len=1
RLTRACE t_ns=859217725148112 stage=T7 side=C res=2 off=56992 len=1
RLTRACE t_ns=859217725578352 stage=T8 side=C res=1 tail=250352
RLTRACE t_ns=859217743049210 stage=T7 side=C res=2 off=57000 len=1
RLTRACE t_ns=859217743091542 stage=T7 side=C res=2 off=57004 len=1
RLTRACE t_ns=859217743547338 stage=T8 side=C res=1 tail=250656
RLTRACE t_ns=859217749115404 stage=T8 side=C res=1 tail=251396
RLTRACE t_ns=859217760525365 stage=T7 side=C res=2 off=57008 len=1
RLTRACE t_ns=859217760997534 stage=T8 side=C res=1 tail=251432
RLTRACE t_ns=859217764981741 stage=T8 side=C res=1 tail=251456
[wp-proxy] forward obj 3 opcode 1 (3 args)
[wp-proxy] forward obj 3 opcode 9 (4 args)
[wp-proxy] objects+ app_obj=22 wl_callback
[wp-proxy] forward obj 3 opcode 3 (1 args)
[wp-proxy] forward obj 3 opcode 6 (0 args)
[wp-proxy] objects- app_obj=22 wl_callback (was_known=false)
[wp-event][C] delivered app_obj=21 wl_buffer.release args=0
[wp-event][C] delivered app_obj=22 wl_callback.done args=1
RLTRACE t_ns=859217783358540 stage=T7 side=C res=2 off=57016 len=1
RLTRACE t_ns=859217783408520 stage=T7 side=C res=2 off=57024 len=1
RLTRACE t_ns=859217783772978 stage=T8 side=C res=1 tail=251612
RLTRACE t_ns=859217810121101 stage=T7 side=C res=2 off=57032 len=1
RLTRACE t_ns=859217810172891 stage=T7 side=C res=2 off=57036 len=1
RLTRACE t_ns=859217810827403 stage=T8 side=C res=1 tail=252656
RLTRACE t_ns=859217827374682 stage=T7 side=C res=2 off=57040 len=1
RLTRACE t_ns=859217827493206 stage=T8 side=C res=1 tail=252716
[wp-proxy] forward obj 3 opcode 1 (3 args)
[wp-proxy] forward obj 3 opcode 9 (4 args)
[wp-proxy] objects+ app_obj=22 wl_callback
[wp-proxy] forward obj 3 opcode 3 (1 args)
[wp-proxy] forward obj 3 opcode 6 (0 args)
[wp-proxy] objects- app_obj=22 wl_callback (was_known=false)
[wp-event][C] delivered app_obj=23 wl_buffer.release args=0
[wp-event][C] delivered app_obj=22 wl_callback.done args=1
RLTRACE t_ns=859217848435698 stage=T7 side=C res=2 off=57048 len=1
RLTRACE t_ns=859217848515844 stage=T7 side=C res=2 off=57056 len=1
RLTRACE t_ns=859217848707702 stage=T8 side=C res=1 tail=252788
RLTRACE t_ns=859217855034696 stage=T8 side=C res=1 tail=252872
RLTRACE t_ns=859217898419775 stage=T7 side=C res=2 off=57064 len=1
RLTRACE t_ns=859217898966701 stage=T7 side=C res=2 off=57068 len=1
RLTRACE t_ns=859217899606306 stage=T8 side=C res=1 tail=253012
RLTRACE t_ns=859217908235708 stage=T8 side=C res=1 tail=253916
RLTRACE t_ns=859217933925929 stage=T7 side=C res=2 off=57072 len=1
RLTRACE t_ns=859217934133097 stage=T8 side=C res=1 tail=253952
RLTRACE t_ns=859217941740992 stage=T8 side=C res=1 tail=253976
[wp-proxy] forward obj 3 opcode 1 (3 args)
[wp-proxy] forward obj 3 opcode 9 (4 args)
[wp-proxy] objects+ app_obj=22 wl_callback
[wp-proxy] forward obj 3 opcode 3 (1 args)
[wp-proxy] forward obj 3 opcode 6 (0 args)
[wp-proxy] objects- app_obj=22 wl_callback (was_known=false)
[wp-event][C] delivered app_obj=17 wl_buffer.release args=0
[wp-event][C] delivered app_obj=22 wl_callback.done args=1
RLTRACE t_ns=859217972383862 stage=T7 side=C res=2 off=57080 len=1
RLTRACE t_ns=859217972462145 stage=T7 side=C res=2 off=57088 len=1
RLTRACE t_ns=859217973036004 stage=T8 side=C res=1 tail=254132
RLTRACE t_ns=859218009564286 stage=T7 side=C res=2 off=57096 len=1
RLTRACE t_ns=859218009635592 stage=T7 side=C res=2 off=57100 len=1
RLTRACE t_ns=859218009937945 stage=T8 side=C res=1 tail=254168
RLTRACE t_ns=859218019060957 stage=T8 side=C res=1 tail=255176
RLTRACE t_ns=859218040246238 stage=T7 side=C res=2 off=57104 len=1
RLTRACE t_ns=859218040666199 stage=T8 side=C res=1 tail=255236
[wp-proxy] forward obj 3 opcode 1 (3 args)
[wp-proxy] forward obj 3 opcode 9 (4 args)
[wp-proxy] objects+ app_obj=22 wl_callback
[wp-proxy] forward obj 3 opcode 3 (1 args)
[wp-proxy] forward obj 3 opcode 6 (0 args)
[wp-proxy] objects- app_obj=22 wl_callback (was_known=false)
[wp-event][C] delivered app_obj=19 wl_buffer.release args=0
[wp-event][C] delivered app_obj=22 wl_callback.done args=1
RLTRACE t_ns=859218074228801 stage=T7 side=C res=2 off=57112 len=1
RLTRACE t_ns=859218074282984 stage=T7 side=C res=2 off=57120 len=1
RLTRACE t_ns=859218076496536 stage=T8 side=C res=1 tail=255392
RLTRACE t_ns=859218112208434 stage=T7 side=C res=2 off=57128 len=1
RLTRACE t_ns=859218112231663 stage=T7 side=C res=2 off=57132 len=1
RLTRACE t_ns=859218112631978 stage=T8 side=C res=1 tail=256316
RLTRACE t_ns=859218120548049 stage=T8 side=C res=1 tail=256436
RLTRACE t_ns=859218133719944 stage=T7 side=C res=2 off=57136 len=1
RLTRACE t_ns=859218134125529 stage=T8 side=C res=1 tail=256496
[wp-proxy] forward obj 3 opcode 1 (3 args)
[wp-proxy] forward obj 3 opcode 9 (4 args)
[wp-proxy] objects+ app_obj=22 wl_callback
[wp-proxy] forward obj 3 opcode 3 (1 args)
[wp-proxy] forward obj 3 opcode 6 (0 args)
[wp-proxy] objects- app_obj=22 wl_callback (was_known=false)
[wp-event][C] delivered app_obj=21 wl_buffer.release args=0
[wp-event][C] delivered app_obj=22 wl_callback.done args=1
RLTRACE t_ns=859218156016313 stage=T7 side=C res=2 off=57144 len=1
RLTRACE t_ns=859218156040937 stage=T7 side=C res=2 off=57152 len=1
RLTRACE t_ns=859218156111685 stage=T8 side=C res=1 tail=256652
RLTRACE t_ns=859218186481251 stage=T7 side=C res=2 off=57160 len=1
RLTRACE t_ns=859218186509511 stage=T7 side=C res=2 off=57164 len=1
RLTRACE t_ns=859218186821401 stage=T8 side=C res=1 tail=257528
RLTRACE t_ns=859218196039126 stage=T8 side=C res=1 tail=257696
RLTRACE t_ns=859218212240556 stage=T7 side=C res=2 off=57168 len=1
RLTRACE t_ns=859218212738771 stage=T8 side=C res=1 tail=257756
[wp-proxy] forward obj 3 opcode 1 (3 args)
[wp-proxy] forward obj 3 opcode 9 (4 args)
[wp-proxy] objects+ app_obj=22 wl_callback
[wp-proxy] forward obj 3 opcode 3 (1 args)
[wp-proxy] forward obj 3 opcode 6 (0 args)
[wp-proxy] objects- app_obj=22 wl_callback (was_known=false)
[wp-event][C] delivered app_obj=23 wl_buffer.release args=0
[wp-event][C] delivered app_obj=22 wl_callback.done args=1
RLTRACE t_ns=859218234826825 stage=T7 side=C res=2 off=57176 len=1
RLTRACE t_ns=859218234871344 stage=T7 side=C res=2 off=57184 len=1
RLTRACE t_ns=859218235027566 stage=T8 side=C res=1 tail=257912
RLTRACE t_ns=859218271927190 stage=T7 side=C res=2 off=57192 len=1
RLTRACE t_ns=859218271997672 stage=T7 side=C res=2 off=57196 len=1
RLTRACE t_ns=859218272254164 stage=T8 side=C res=1 tail=257948
RLTRACE t_ns=859218279871530 stage=T8 side=C res=1 tail=258956
RLTRACE t_ns=859218304691164 stage=T7 side=C res=2 off=57200 len=1
RLTRACE t_ns=859218304801922 stage=T8 side=C res=1 tail=259016
[wp-proxy] forward obj 3 opcode 1 (3 args)
[wp-proxy] forward obj 3 opcode 9 (4 args)
[wp-proxy] objects+ app_obj=22 wl_callback
[wp-proxy] forward obj 3 opcode 3 (1 args)
[wp-proxy] forward obj 3 opcode 6 (0 args)
[wp-proxy] objects- app_obj=22 wl_callback (was_known=false)
[wp-event][C] delivered app_obj=17 wl_buffer.release args=0
[wp-event][C] delivered app_obj=22 wl_callback.done args=1
RLTRACE t_ns=859218326935123 stage=T7 side=C res=2 off=57208 len=1
RLTRACE t_ns=859218327018492 stage=T7 side=C res=2 off=57216 len=1
RLTRACE t_ns=859218327482562 stage=T8 side=C res=1 tail=259172
RLTRACE t_ns=859218368787122 stage=T8 side=C res=1 tail=259208
RLTRACE t_ns=859218379663259 stage=T7 side=C res=2 off=57224 len=1
RLTRACE t_ns=859218379684876 stage=T7 side=C res=2 off=57228 len=1
RLTRACE t_ns=859218379716757 stage=T8 side=C res=1 tail=260216
RLTRACE t_ns=859218401942847 stage=T7 side=C res=2 off=57232 len=1
RLTRACE t_ns=859218402550140 stage=T8 side=C res=1 tail=260276
[wp-proxy] forward obj 3 opcode 1 (3 args)
[wp-proxy] forward obj 3 opcode 9 (4 args)
[wp-proxy] objects+ app_obj=22 wl_callback
[wp-proxy] forward obj 3 opcode 3 (1 args)
[wp-proxy] forward obj 3 opcode 6 (0 args)
[wp-proxy] objects- app_obj=22 wl_callback (was_known=false)
[wp-event][C] delivered app_obj=19 wl_buffer.release args=0
[wp-event][C] delivered app_obj=22 wl_callback.done args=1
RLTRACE t_ns=859218426390938 stage=T7 side=C res=2 off=57240 len=1
RLTRACE t_ns=859218426412357 stage=T7 side=C res=2 off=57248 len=1
RLTRACE t_ns=859218426719205 stage=T8 side=C res=1 tail=260432
RLTRACE t_ns=859218455415428 stage=T8 side=C res=1 tail=260468
RLTRACE t_ns=859218467953859 stage=T7 side=C res=2 off=57256 len=1
RLTRACE t_ns=859218467981498 stage=T7 side=C res=2 off=57260 len=1
RLTRACE t_ns=859218468638901 stage=T8 side=C res=1 tail=261476
RLTRACE t_ns=859218492834182 stage=T8 side=C res=1 tail=261512
RLTRACE t_ns=859218503228637 stage=T7 side=C res=2 off=57264 len=1
RLTRACE t_ns=859218503876097 stage=T8 side=C res=1 tail=261536
[wp-proxy] forward obj 3 opcode 1 (3 args)
[wp-proxy] forward obj 3 opcode 9 (4 args)
[wp-proxy] objects+ app_obj=22 wl_callback
[wp-proxy] forward obj 3 opcode 3 (1 args)
[wp-proxy] forward obj 3 opcode 6 (0 args)
[wp-proxy] objects- app_obj=22 wl_callback (was_known=false)
[wp-event][C] delivered app_obj=21 wl_buffer.release args=0
[wp-event][C] delivered app_obj=22 wl_callback.done args=1
RLTRACE t_ns=859218525706388 stage=T8 side=C res=1 tail=261572
RLTRACE t_ns=859218537956646 stage=T7 side=C res=2 off=57272 len=1
RLTRACE t_ns=859218537980735 stage=T7 side=C res=2 off=57280 len=1
RLTRACE t_ns=859218538039111 stage=T8 side=C res=1 tail=261692
RLTRACE t_ns=859218569603794 stage=T7 side=C res=2 off=57288 len=1
RLTRACE t_ns=859218569644944 stage=T7 side=C res=2 off=57292 len=1
RLTRACE t_ns=859218570122097 stage=T8 side=C res=1 tail=262532
RLTRACE t_ns=859218585868194 stage=T8 side=C res=1 tail=262736
RLTRACE t_ns=859218604312093 stage=T7 side=C res=2 off=57296 len=1
RLTRACE t_ns=859218604853166 stage=T8 side=C res=1 tail=262796
[wp-proxy] forward obj 3 opcode 1 (3 args)
[wp-proxy] forward obj 3 opcode 9 (4 args)
[wp-proxy] objects+ app_obj=22 wl_callback
[wp-proxy] forward obj 3 opcode 3 (1 args)
[wp-proxy] forward obj 3 opcode 6 (0 args)
[wp-proxy] objects- app_obj=22 wl_callback (was_known=false)
[wp-event][C] delivered app_obj=23 wl_buffer.release args=0
[wp-event][C] delivered app_obj=22 wl_callback.done args=1
RLTRACE t_ns=859218640403503 stage=T7 side=C res=2 off=57304 len=1
RLTRACE t_ns=859218640483557 stage=T7 side=C res=2 off=57312 len=1
RLTRACE t_ns=859218641151141 stage=T8 side=C res=1 tail=262952
RLTRACE t_ns=859218691550393 stage=T7 side=C res=2 off=57320 len=1
RLTRACE t_ns=859218691620411 stage=T7 side=C res=2 off=57324 len=1
RLTRACE t_ns=859218692232297 stage=T8 side=C res=1 tail=263256
RLTRACE t_ns=859218699227673 stage=T8 side=C res=1 tail=263996
RLTRACE t_ns=859218711254787 stage=T7 side=C res=2 off=57328 len=1
RLTRACE t_ns=859218711619123 stage=T8 side=C res=1 tail=264032
RLTRACE t_ns=859218723485065 stage=T8 side=C res=1 tail=264056
[wp-proxy] forward obj 3 opcode 1 (3 args)
[wp-proxy] forward obj 3 opcode 9 (4 args)
[wp-proxy] objects+ app_obj=22 wl_callback
[wp-proxy] forward obj 3 opcode 3 (1 args)
[wp-proxy] forward obj 3 opcode 6 (0 args)
[wp-proxy] objects- app_obj=22 wl_callback (was_known=false)
[wp-event][C] delivered app_obj=17 wl_buffer.release args=0
[wp-event][C] delivered app_obj=22 wl_callback.done args=1
RLTRACE t_ns=859218755735986 stage=T7 side=C res=2 off=57336 len=1
RLTRACE t_ns=859218755824209 stage=T7 side=C res=2 off=57344 len=1
RLTRACE t_ns=859218756256316 stage=T8 side=C res=1 tail=264212
RLTRACE t_ns=859218793185444 stage=T7 side=C res=2 off=57352 len=1
RLTRACE t_ns=859218793283104 stage=T7 side=C res=2 off=57356 len=1
RLTRACE t_ns=859218793808381 stage=T8 side=C res=1 tail=265052
RLTRACE t_ns=859218801870873 stage=T8 side=C res=1 tail=265256
RLTRACE t_ns=859218812395106 stage=T7 side=C res=2 off=57360 len=1
RLTRACE t_ns=859218812683172 stage=T8 side=C res=1 tail=265316
[wp-proxy] forward obj 3 opcode 1 (3 args)
[wp-proxy] forward obj 3 opcode 9 (4 args)
[wp-proxy] objects+ app_obj=22 wl_callback
[wp-proxy] forward obj 3 opcode 3 (1 args)
[wp-proxy] forward obj 3 opcode 6 (0 args)
[wp-proxy] objects- app_obj=22 wl_callback (was_known=false)
[wp-event][C] delivered app_obj=19 wl_buffer.release args=0
[wp-event][C] delivered app_obj=22 wl_callback.done args=1
RLTRACE t_ns=859218840403500 stage=T7 side=C res=2 off=57368 len=1
RLTRACE t_ns=859218840459929 stage=T7 side=C res=2 off=57376 len=1
RLTRACE t_ns=859218840916641 stage=T8 side=C res=1 tail=265472
RLTRACE t_ns=859218894665195 stage=T7 side=C res=2 off=57384 len=1
RLTRACE t_ns=859218894764944 stage=T7 side=C res=2 off=57388 len=1
RLTRACE t_ns=859218895089500 stage=T8 side=C res=1 tail=265776
RLTRACE t_ns=859218909442849 stage=T8 side=C res=1 tail=266516
RLTRACE t_ns=859218923948672 stage=T7 side=C res=2 off=57392 len=1
RLTRACE t_ns=859218924118896 stage=T8 side=C res=1 tail=266576
[wp-proxy] forward obj 3 opcode 1 (3 args)
[wp-proxy] forward obj 3 opcode 9 (4 args)
[wp-proxy] objects+ app_obj=22 wl_callback
[wp-proxy] forward obj 3 opcode 3 (1 args)
[wp-proxy] forward obj 3 opcode 6 (0 args)
[wp-proxy] objects- app_obj=22 wl_callback (was_known=false)
[wp-event][C] delivered app_obj=21 wl_buffer.release args=0
[wp-event][C] delivered app_obj=22 wl_callback.done args=1
RLTRACE t_ns=859218953459150 stage=T7 side=C res=2 off=57400 len=1
RLTRACE t_ns=859218953527811 stage=T7 side=C res=2 off=57408 len=1
RLTRACE t_ns=859218953633997 stage=T8 side=C res=1 tail=266732
RLTRACE t_ns=859219012555360 stage=T7 side=C res=2 off=57416 len=1
RLTRACE t_ns=859219012645634 stage=T7 side=C res=2 off=57420 len=1
RLTRACE t_ns=859219013048952 stage=T8 side=C res=1 tail=266768
RLTRACE t_ns=859219019453094 stage=T8 side=C res=1 tail=267776
RLTRACE t_ns=859219049236306 stage=T7 side=C res=2 off=57424 len=1
RLTRACE t_ns=859219049485811 stage=T8 side=C res=1 tail=267836
[wp-proxy] forward obj 3 opcode 1 (3 args)
[wp-proxy] forward obj 3 opcode 9 (4 args)
[wp-proxy] objects+ app_obj=22 wl_callback
[wp-proxy] forward obj 3 opcode 3 (1 args)
[wp-proxy] forward obj 3 opcode 6 (0 args)
[wp-proxy] objects- app_obj=22 wl_callback (was_known=false)
[wp-event][C] delivered app_obj=23 wl_buffer.release args=0
[wp-event][C] delivered app_obj=22 wl_callback.done args=1
RLTRACE t_ns=859219086925058 stage=T7 side=C res=2 off=57432 len=1
RLTRACE t_ns=859219086992941 stage=T7 side=C res=2 off=57440 len=1
RLTRACE t_ns=859219087604439 stage=T8 side=C res=1 tail=267992
RLTRACE t_ns=859219132112418 stage=T7 side=C res=2 off=57448 len=1
RLTRACE t_ns=859219132165335 stage=T7 side=C res=2 off=57452 len=1
RLTRACE t_ns=859219132770507 stage=T8 side=C res=1 tail=268444
RLTRACE t_ns=859219141029667 stage=T8 side=C res=1 tail=269036
RLTRACE t_ns=859219161727608 stage=T7 side=C res=2 off=57456 len=1
RLTRACE t_ns=859219162392012 stage=T8 side=C res=1 tail=269096
[wp-proxy] forward obj 3 opcode 1 (3 args)
[wp-proxy] forward obj 3 opcode 9 (4 args)
[wp-proxy] objects+ app_obj=22 wl_callback
[wp-proxy] forward obj 3 opcode 3 (1 args)
[wp-proxy] forward obj 3 opcode 6 (0 args)
[wp-proxy] objects- app_obj=22 wl_callback (was_known=false)
[wp-event][C] delivered app_obj=17 wl_buffer.release args=0
[wp-event][C] delivered app_obj=22 wl_callback.done args=1
RLTRACE t_ns=859219193504655 stage=T7 side=C res=2 off=57464 len=1
RLTRACE t_ns=859219193560041 stage=T7 side=C res=2 off=57472 len=1
RLTRACE t_ns=859219193922278 stage=T8 side=C res=1 tail=269228
RLTRACE t_ns=859219201548630 stage=T8 side=C res=1 tail=269252
RLTRACE t_ns=859219210553590 stage=T7 side=C res=2 off=57480 len=1
RLTRACE t_ns=859219210595676 stage=T7 side=C res=2 off=57484 len=1
RLTRACE t_ns=859219211140159 stage=T8 side=C res=1 tail=269488
RLTRACE t_ns=859219221017176 stage=T8 side=C res=1 tail=269556
RLTRACE t_ns=859219225021243 stage=T8 side=C res=1 tail=270296
RLTRACE t_ns=859219232480887 stage=T7 side=C res=2 off=57488 len=1
RLTRACE t_ns=859219233086661 stage=T8 side=C res=1 tail=270356
[wp-proxy] forward obj 3 opcode 1 (3 args)
[wp-proxy] forward obj 3 opcode 9 (4 args)
[wp-proxy] objects+ app_obj=22 wl_callback
[wp-proxy] forward obj 3 opcode 3 (1 args)
[wp-proxy] forward obj 3 opcode 6 (0 args)
[wp-proxy] objects- app_obj=22 wl_callback (was_known=false)
[wp-event][C] delivered app_obj=19 wl_buffer.release args=0
[wp-event][C] delivered app_obj=22 wl_callback.done args=1
RLTRACE t_ns=859219255653068 stage=T7 side=C res=2 off=57496 len=1
RLTRACE t_ns=859219255696300 stage=T7 side=C res=2 off=57504 len=1
RLTRACE t_ns=859219255948080 stage=T8 side=C res=1 tail=270512
RLTRACE t_ns=859219286826740 stage=T7 side=C res=2 off=57512 len=1
RLTRACE t_ns=859219286886944 stage=T7 side=C res=2 off=57516 len=1
RLTRACE t_ns=859219287121361 stage=T8 side=C res=1 tail=270816
RLTRACE t_ns=859219294224014 stage=T8 side=C res=1 tail=271556
RLTRACE t_ns=859219303158809 stage=T7 side=C res=2 off=57520 len=1
RLTRACE t_ns=859219303307981 stage=T8 side=C res=1 tail=271616
[wp-proxy] forward obj 3 opcode 1 (3 args)
[wp-proxy] forward obj 3 opcode 9 (4 args)
[wp-proxy] objects+ app_obj=22 wl_callback
[wp-proxy] forward obj 3 opcode 3 (1 args)
[wp-proxy] forward obj 3 opcode 6 (0 args)
[wp-proxy] objects- app_obj=22 wl_callback (was_known=false)
[wp-event][C] delivered app_obj=21 wl_buffer.release args=0
[wp-event][C] delivered app_obj=22 wl_callback.done args=1
RLTRACE t_ns=859219322172971 stage=T7 side=C res=2 off=57528 len=1
RLTRACE t_ns=859219322217054 stage=T7 side=C res=2 off=57536 len=1
RLTRACE t_ns=859219322734908 stage=T8 side=C res=1 tail=271772
RLTRACE t_ns=859219343599356 stage=T7 side=C res=2 off=57544 len=1
RLTRACE t_ns=859219343650267 stage=T7 side=C res=2 off=57548 len=1
RLTRACE t_ns=859219343791946 stage=T8 side=C res=1 tail=272816
RLTRACE t_ns=859219358879194 stage=T7 side=C res=2 off=57552 len=1
RLTRACE t_ns=859219359504314 stage=T8 side=C res=1 tail=272876
[wp-proxy] forward obj 3 opcode 1 (3 args)
[wp-proxy] forward obj 3 opcode 9 (4 args)
[wp-proxy] objects+ app_obj=22 wl_callback
[wp-proxy] forward obj 3 opcode 3 (1 args)
[wp-proxy] forward obj 3 opcode 6 (0 args)
[wp-proxy] objects- app_obj=22 wl_callback (was_known=false)
[wp-event][C] delivered app_obj=23 wl_buffer.release args=0
[wp-event][C] delivered app_obj=22 wl_callback.done args=1
RLTRACE t_ns=859219380084170 stage=T7 side=C res=2 off=57560 len=1
RLTRACE t_ns=859219380154293 stage=T7 side=C res=2 off=57568 len=1
RLTRACE t_ns=859219380508784 stage=T8 side=C res=1 tail=273032
RLTRACE t_ns=859219424124481 stage=T7 side=C res=2 off=57576 len=1
RLTRACE t_ns=859219424204845 stage=T7 side=C res=2 off=57580 len=1
RLTRACE t_ns=859219424560670 stage=T8 side=C res=1 tail=273068
RLTRACE t_ns=859219436332619 stage=T8 side=C res=1 tail=274076
RLTRACE t_ns=859219466751582 stage=T7 side=C res=2 off=57584 len=1
RLTRACE t_ns=859219467036147 stage=T8 side=C res=1 tail=274136
[wp-proxy] forward obj 3 opcode 1 (3 args)
[wp-proxy] forward obj 3 opcode 9 (4 args)
[wp-proxy] objects+ app_obj=22 wl_callback
[wp-proxy] forward obj 3 opcode 3 (1 args)
[wp-proxy] forward obj 3 opcode 6 (0 args)
[wp-proxy] objects- app_obj=22 wl_callback (was_known=false)
[wp-event][C] delivered app_obj=17 wl_buffer.release args=0
[wp-event][C] delivered app_obj=22 wl_callback.done args=1
RLTRACE t_ns=859219500963465 stage=T7 side=C res=2 off=57592 len=1
RLTRACE t_ns=859219500992615 stage=T7 side=C res=2 off=57600 len=1
RLTRACE t_ns=859219501428920 stage=T8 side=C res=1 tail=274292
RLTRACE t_ns=859219549222904 stage=T7 side=C res=2 off=57608 len=1
RLTRACE t_ns=859219549251187 stage=T7 side=C res=2 off=57612 len=1
RLTRACE t_ns=859219549293706 stage=T8 side=C res=1 tail=274596
RLTRACE t_ns=859219556307452 stage=T8 side=C res=1 tail=275336
RLTRACE t_ns=859219576184325 stage=T7 side=C res=2 off=57616 len=1
RLTRACE t_ns=859219576365252 stage=T8 side=C res=1 tail=275396
[wp-proxy] forward obj 3 opcode 1 (3 args)
[wp-proxy] forward obj 3 opcode 9 (4 args)
[wp-proxy] objects+ app_obj=22 wl_callback
[wp-proxy] forward obj 3 opcode 3 (1 args)
[wp-proxy] forward obj 3 opcode 6 (0 args)
[wp-proxy] objects- app_obj=22 wl_callback (was_known=false)
[wp-event][C] delivered app_obj=19 wl_buffer.release args=0
[wp-event][C] delivered app_obj=22 wl_callback.done args=1
RLTRACE t_ns=859219606966437 stage=T7 side=C res=2 off=57624 len=1
RLTRACE t_ns=859219606991883 stage=T7 side=C res=2 off=57632 len=1
RLTRACE t_ns=859219607353150 stage=T8 side=C res=1 tail=275552
RLTRACE t_ns=859219625141833 stage=T7 side=C res=2 off=57640 len=1
RLTRACE t_ns=859219625169308 stage=T7 side=C res=2 off=57644 len=1
RLTRACE t_ns=859219625606126 stage=T8 side=C res=1 tail=276376
RLTRACE t_ns=859219631967919 stage=T8 side=C res=1 tail=276596
RLTRACE t_ns=859219645144839 stage=T7 side=C res=2 off=57648 len=1
RLTRACE t_ns=859219645222423 stage=T8 side=C res=1 tail=276656
[wp-proxy] forward obj 3 opcode 1 (3 args)
[wp-proxy] forward obj 3 opcode 9 (4 args)
[wp-proxy] objects+ app_obj=22 wl_callback
[wp-proxy] forward obj 3 opcode 3 (1 args)
[wp-proxy] forward obj 3 opcode 6 (0 args)
[wp-proxy] objects- app_obj=22 wl_callback (was_known=false)
[wp-event][C] delivered app_obj=21 wl_buffer.release args=0
[wp-event][C] delivered app_obj=22 wl_callback.done args=1
RLTRACE t_ns=859219671066758 stage=T7 side=C res=2 off=57656 len=1
RLTRACE t_ns=859219671087329 stage=T7 side=C res=2 off=57664 len=1
RLTRACE t_ns=859219671142352 stage=T8 side=C res=1 tail=276812
RLTRACE t_ns=859219700493919 stage=T8 side=C res=1 tail=276848
RLTRACE t_ns=859219715042285 stage=T7 side=C res=2 off=57672 len=1
RLTRACE t_ns=859219715063124 stage=T7 side=C res=2 off=57676 len=1
RLTRACE t_ns=859219715212929 stage=T8 side=C res=1 tail=277024
RLTRACE t_ns=859219720454934 stage=T8 side=C res=1 tail=277856
RLTRACE t_ns=859219746296049 stage=T7 side=C res=2 off=57680 len=1
RLTRACE t_ns=859219746887342 stage=T8 side=C res=1 tail=277892
RLTRACE t_ns=859219752035650 stage=T8 side=C res=1 tail=277916
[wp-proxy] forward obj 3 opcode 1 (3 args)
[wp-proxy] forward obj 3 opcode 9 (4 args)
[wp-proxy] objects+ app_obj=22 wl_callback
[wp-proxy] forward obj 3 opcode 3 (1 args)
[wp-proxy] forward obj 3 opcode 6 (0 args)
[wp-proxy] objects- app_obj=22 wl_callback (was_known=false)
[wp-event][C] delivered app_obj=23 wl_buffer.release args=0
[wp-event][C] delivered app_obj=22 wl_callback.done args=1
RLTRACE t_ns=859219772470794 stage=T7 side=C res=2 off=57688 len=1
RLTRACE t_ns=859219772490947 stage=T7 side=C res=2 off=57696 len=1
RLTRACE t_ns=859219772934931 stage=T8 side=C res=1 tail=278072
RLTRACE t_ns=859219796250051 stage=T7 side=C res=2 off=57704 len=1
RLTRACE t_ns=859219796277803 stage=T7 side=C res=2 off=57708 len=1
RLTRACE t_ns=859219796682785 stage=T8 side=C res=1 tail=279116
RLTRACE t_ns=859219832935141 stage=T8 side=C res=1 tail=279152
RLTRACE t_ns=859219853208363 stage=T7 side=C res=2 off=57712 len=1
RLTRACE t_ns=859219853384896 stage=T8 side=C res=1 tail=279176
[wp-proxy] forward obj 3 opcode 1 (3 args)
[wp-proxy] forward obj 3 opcode 9 (4 args)
[wp-proxy] objects+ app_obj=22 wl_callback
[wp-proxy] forward obj 3 opcode 3 (1 args)
[wp-proxy] forward obj 3 opcode 6 (0 args)
[wp-proxy] objects- app_obj=22 wl_callback (was_known=false)
[wp-event][C] delivered app_obj=17 wl_buffer.release args=0
[wp-event][C] delivered app_obj=22 wl_callback.done args=1
RLTRACE t_ns=859219899632821 stage=T7 side=C res=2 off=57720 len=1
RLTRACE t_ns=859219899663051 stage=T7 side=C res=2 off=57728 len=1
RLTRACE t_ns=859219899794534 stage=T8 side=C res=1 tail=279332
RLTRACE t_ns=859219942667966 stage=T7 side=C res=2 off=57736 len=1
RLTRACE t_ns=859219942746142 stage=T7 side=C res=2 off=57740 len=1
RLTRACE t_ns=859219942847748 stage=T8 side=C res=1 tail=279636
RLTRACE t_ns=859219952090310 stage=T8 side=C res=1 tail=280376
RLTRACE t_ns=859219966697426 stage=T7 side=C res=2 off=57744 len=1
RLTRACE t_ns=859219966773502 stage=T8 side=C res=1 tail=280412
RLTRACE t_ns=859219971318074 stage=T8 side=C res=1 tail=280436
[wp-proxy] forward obj 3 opcode 1 (3 args)
[wp-proxy] forward obj 3 opcode 9 (4 args)
[wp-proxy] objects+ app_obj=22 wl_callback
[wp-proxy] forward obj 3 opcode 3 (1 args)
[wp-proxy] forward obj 3 opcode 6 (0 args)
[wp-proxy] objects- app_obj=22 wl_callback (was_known=false)
[wp-event][C] delivered app_obj=19 wl_buffer.release args=0
[wp-event][C] delivered app_obj=22 wl_callback.done args=1
RLTRACE t_ns=859219993279701 stage=T7 side=C res=2 off=57752 len=1
RLTRACE t_ns=859219993334785 stage=T7 side=C res=2 off=57760 len=1
RLTRACE t_ns=859219993897857 stage=T8 side=C res=1 tail=280592
RLTRACE t_ns=859220023256102 stage=T7 side=C res=2 off=57768 len=1
RLTRACE t_ns=859220023335391 stage=T7 side=C res=2 off=57772 len=1
RLTRACE t_ns=859220023665842 stage=T8 side=C res=1 tail=280628
RLTRACE t_ns=859220032421257 stage=T8 side=C res=1 tail=281636
RLTRACE t_ns=859220060127441 stage=T7 side=C res=2 off=57776 len=1
RLTRACE t_ns=859220060484888 stage=T8 side=C res=1 tail=281696
[wp-proxy] forward obj 3 opcode 1 (3 args)
[wp-proxy] forward obj 3 opcode 9 (4 args)
[wp-proxy] objects+ app_obj=22 wl_callback
[wp-proxy] forward obj 3 opcode 3 (1 args)
[wp-proxy] forward obj 3 opcode 6 (0 args)
[wp-proxy] objects- app_obj=22 wl_callback (was_known=false)
[wp-event][C] delivered app_obj=21 wl_buffer.release args=0
[wp-event][C] delivered app_obj=22 wl_callback.done args=1
RLTRACE t_ns=859220095777147 stage=T7 side=C res=2 off=57784 len=1
RLTRACE t_ns=859220095805249 stage=T7 side=C res=2 off=57792 len=1
RLTRACE t_ns=859220095855992 stage=T8 side=C res=1 tail=281852
RLTRACE t_ns=859220132920596 stage=T7 side=C res=2 off=57800 len=1
RLTRACE t_ns=859220132964802 stage=T7 side=C res=2 off=57804 len=1
RLTRACE t_ns=859220133376631 stage=T8 side=C res=1 tail=282776
RLTRACE t_ns=859220145299450 stage=T8 side=C res=1 tail=282896
RLTRACE t_ns=859220161487685 stage=T7 side=C res=2 off=57808 len=1
RLTRACE t_ns=859220162081289 stage=T8 side=C res=1 tail=282956
[wp-proxy] forward obj 3 opcode 1 (3 args)
[wp-proxy] forward obj 3 opcode 9 (4 args)
[wp-proxy] objects+ app_obj=22 wl_callback
[wp-proxy] forward obj 3 opcode 3 (1 args)
[wp-proxy] forward obj 3 opcode 6 (0 args)
[wp-proxy] objects- app_obj=22 wl_callback (was_known=false)
[wp-event][C] delivered app_obj=23 wl_buffer.release args=0
[wp-event][C] delivered app_obj=22 wl_callback.done args=1
RLTRACE t_ns=859220185136312 stage=T7 side=C res=2 off=57816 len=1
RLTRACE t_ns=859220185192713 stage=T7 side=C res=2 off=57824 len=1
RLTRACE t_ns=859220185462839 stage=T8 side=C res=1 tail=283112
RLTRACE t_ns=859220206147210 stage=T7 side=C res=2 off=57832 len=1
RLTRACE t_ns=859220206199971 stage=T7 side=C res=2 off=57836 len=1
RLTRACE t_ns=859220206735001 stage=T8 side=C res=1 tail=284036
RLTRACE t_ns=859220212218741 stage=T8 side=C res=1 tail=284156
RLTRACE t_ns=859220219852130 stage=T7 side=C res=2 off=57840 len=1
RLTRACE t_ns=859220220143142 stage=T8 side=C res=1 tail=284216
[wp-proxy] forward obj 3 opcode 1 (3 args)
[wp-proxy] forward obj 3 opcode 9 (4 args)
[wp-proxy] objects+ app_obj=22 wl_callback
[wp-proxy] forward obj 3 opcode 3 (1 args)
[wp-proxy] forward obj 3 opcode 6 (0 args)
[wp-proxy] objects- app_obj=22 wl_callback (was_known=false)
[wp-event][C] delivered app_obj=17 wl_buffer.release args=0
[wp-event][C] delivered app_obj=22 wl_callback.done args=1
RLTRACE t_ns=859220232758978 stage=T7 side=C res=2 off=57848 len=1
RLTRACE t_ns=859220232789721 stage=T7 side=C res=2 off=57856 len=1
RLTRACE t_ns=859220232955116 stage=T8 side=C res=1 tail=284372
RLTRACE t_ns=859220264550045 stage=T7 side=C res=2 off=57864 len=1
RLTRACE t_ns=859220264659556 stage=T7 side=C res=2 off=57868 len=1
RLTRACE t_ns=859220265508692 stage=T8 side=C res=1 tail=284408
RLTRACE t_ns=859220276874833 stage=T8 side=C res=1 tail=285416
RLTRACE t_ns=859220307781147 stage=T7 side=C res=2 off=57872 len=1
RLTRACE t_ns=859220308140547 stage=T8 side=C res=1 tail=285476
[wp-proxy] forward obj 3 opcode 1 (3 args)
[wp-proxy] forward obj 3 opcode 9 (4 args)
[wp-proxy] objects+ app_obj=22 wl_callback
[wp-proxy] forward obj 3 opcode 3 (1 args)
[wp-proxy] forward obj 3 opcode 6 (0 args)
[wp-proxy] objects- app_obj=22 wl_callback (was_known=false)
[wp-event][C] delivered app_obj=19 wl_buffer.release args=0
[wp-event][C] delivered app_obj=22 wl_callback.done args=1
RLTRACE t_ns=859220324690292 stage=T7 side=C res=2 off=57880 len=1
RLTRACE t_ns=859220324730747 stage=T7 side=C res=2 off=57888 len=1
RLTRACE t_ns=859220325247284 stage=T8 side=C res=1 tail=285632
RLTRACE t_ns=859220339969866 stage=T7 side=C res=2 off=57896 len=1
RLTRACE t_ns=859220339997296 stage=T7 side=C res=2 off=57900 len=1
RLTRACE t_ns=859220340183878 stage=T8 side=C res=1 tail=286556
RLTRACE t_ns=859220347860379 stage=T8 side=C res=1 tail=286676
RLTRACE t_ns=859220359297265 stage=T7 side=C res=2 off=57904 len=1
RLTRACE t_ns=859220359743736 stage=T8 side=C res=1 tail=286736
[wp-proxy] forward obj 3 opcode 1 (3 args)
[wp-proxy] forward obj 3 opcode 9 (4 args)
[wp-proxy] objects+ app_obj=22 wl_callback
[wp-proxy] forward obj 3 opcode 3 (1 args)
[wp-proxy] forward obj 3 opcode 6 (0 args)
[wp-proxy] objects- app_obj=22 wl_callback (was_known=false)
[wp-event][C] delivered app_obj=21 wl_buffer.release args=0
[wp-event][C] delivered app_obj=22 wl_callback.done args=1
RLTRACE t_ns=859220378515417 stage=T7 side=C res=2 off=57912 len=1
RLTRACE t_ns=859220378656903 stage=T7 side=C res=2 off=57920 len=1
RLTRACE t_ns=859220378912292 stage=T8 side=C res=1 tail=286868
RLTRACE t_ns=859220385994718 stage=T8 side=C res=1 tail=286892
RLTRACE t_ns=859220394214338 stage=T7 side=C res=2 off=57928 len=1
RLTRACE t_ns=859220394486696 stage=T7 side=C res=2 off=57932 len=1
RLTRACE t_ns=859220399074191 stage=T8 side=C res=1 tail=287128
RLTRACE t_ns=859220408588121 stage=T8 side=C res=1 tail=287936
RLTRACE t_ns=859220419056457 stage=T7 side=C res=2 off=57936 len=1
RLTRACE t_ns=859220419479514 stage=T8 side=C res=1 tail=287996
[wp-proxy] forward obj 3 opcode 1 (3 args)
[wp-proxy] forward obj 3 opcode 9 (4 args)
[wp-proxy] objects+ app_obj=22 wl_callback
[wp-proxy] forward obj 3 opcode 3 (1 args)
[wp-proxy] forward obj 3 opcode 6 (0 args)
[wp-proxy] objects- app_obj=22 wl_callback (was_known=false)
[wp-event][C] delivered app_obj=23 wl_buffer.release args=0
[wp-event][C] delivered app_obj=22 wl_callback.done args=1
RLTRACE t_ns=859220443543923 stage=T7 side=C res=2 off=57944 len=1
RLTRACE t_ns=859220443566692 stage=T7 side=C res=2 off=57952 len=1
RLTRACE t_ns=859220443742191 stage=T8 side=C res=1 tail=288068
RLTRACE t_ns=859220453476565 stage=T8 side=C res=1 tail=288152
RLTRACE t_ns=859220477723652 stage=T7 side=C res=2 off=57960 len=1
RLTRACE t_ns=859220477785820 stage=T7 side=C res=2 off=57964 len=1
RLTRACE t_ns=859220478119390 stage=T8 side=C res=1 tail=289076
RLTRACE t_ns=859220485638219 stage=T8 side=C res=1 tail=289196
RLTRACE t_ns=859220494700392 stage=T7 side=C res=2 off=57968 len=1
RLTRACE t_ns=859220495259655 stage=T8 side=C res=1 tail=289256
[wp-proxy] forward obj 3 opcode 1 (3 args)
[wp-proxy] forward obj 3 opcode 9 (4 args)
[wp-proxy] objects+ app_obj=22 wl_callback
[wp-proxy] forward obj 3 opcode 3 (1 args)
[wp-proxy] forward obj 3 opcode 6 (0 args)
[wp-proxy] objects- app_obj=22 wl_callback (was_known=false)
[wp-event][C] delivered app_obj=17 wl_buffer.release args=0
[wp-event][C] delivered app_obj=22 wl_callback.done args=1
RLTRACE t_ns=859220513878593 stage=T7 side=C res=2 off=57976 len=1
RLTRACE t_ns=859220514283289 stage=T7 side=C res=2 off=57984 len=1
RLTRACE t_ns=859220514737894 stage=T8 side=C res=1 tail=289292
RLTRACE t_ns=859220521587673 stage=T8 side=C res=1 tail=289412
RLTRACE t_ns=859220538272330 stage=T7 side=C res=2 off=57992 len=1
RLTRACE t_ns=859220538312406 stage=T7 side=C res=2 off=57996 len=1
RLTRACE t_ns=859220538663021 stage=T8 side=C res=1 tail=290336
RLTRACE t_ns=859220548193407 stage=T8 side=C res=1 tail=290456
RLTRACE t_ns=859220559050535 stage=T7 side=C res=2 off=58000 len=1
RLTRACE t_ns=859220559127722 stage=T8 side=C res=1 tail=290492
RLTRACE t_ns=859220565983289 stage=T8 side=C res=1 tail=290516
[wp-proxy] forward obj 3 opcode 1 (3 args)
[wp-proxy] forward obj 3 opcode 9 (4 args)
[wp-proxy] objects+ app_obj=22 wl_callback
[wp-proxy] forward obj 3 opcode 3 (1 args)
[wp-proxy] forward obj 3 opcode 6 (0 args)
[wp-proxy] objects- app_obj=22 wl_callback (was_known=false)
[wp-event][C] delivered app_obj=19 wl_buffer.release args=0
[wp-event][C] delivered app_obj=22 wl_callback.done args=1
RLTRACE t_ns=859220579282683 stage=T7 side=C res=2 off=58008 len=1
RLTRACE t_ns=859220579319875 stage=T7 side=C res=2 off=58016 len=1
RLTRACE t_ns=859220579678774 stage=T8 side=C res=1 tail=290672
RLTRACE t_ns=859220601352654 stage=T7 side=C res=2 off=58024 len=1
RLTRACE t_ns=859220601615688 stage=T7 side=C res=2 off=58028 len=1
RLTRACE t_ns=859220601743742 stage=T8 side=C res=1 tail=290708
RLTRACE t_ns=859220607968401 stage=T8 side=C res=1 tail=291716
RLTRACE t_ns=859220623714448 stage=T7 side=C res=2 off=58032 len=1
RLTRACE t_ns=859220624267780 stage=T8 side=C res=1 tail=291776
[wp-proxy] forward obj 3 opcode 1 (3 args)
[wp-proxy] forward obj 3 opcode 9 (4 args)
[wp-proxy] objects+ app_obj=22 wl_callback
[wp-proxy] forward obj 3 opcode 3 (1 args)
[wp-proxy] forward obj 3 opcode 6 (0 args)
[wp-proxy] objects- app_obj=22 wl_callback (was_known=false)
[wp-event][C] delivered app_obj=21 wl_buffer.release args=0
[wp-event][C] delivered app_obj=22 wl_callback.done args=1
RLTRACE t_ns=859220640737365 stage=T7 side=C res=2 off=58040 len=1
RLTRACE t_ns=859220640770880 stage=T7 side=C res=2 off=58048 len=1
RLTRACE t_ns=859220641101904 stage=T8 side=C res=1 tail=291932
RLTRACE t_ns=859220661260505 stage=T7 side=C res=2 off=58056 len=1
RLTRACE t_ns=859220661300395 stage=T7 side=C res=2 off=58060 len=1
RLTRACE t_ns=859220661839805 stage=T8 side=C res=1 tail=292976
RLTRACE t_ns=859220681457011 stage=T7 side=C res=2 off=58064 len=1
RLTRACE t_ns=859220681793272 stage=T8 side=C res=1 tail=293036
[wp-proxy] forward obj 3 opcode 1 (3 args)
[wp-proxy] forward obj 3 opcode 9 (4 args)
[wp-proxy] objects+ app_obj=22 wl_callback
[wp-proxy] forward obj 3 opcode 3 (1 args)
[wp-proxy] forward obj 3 opcode 6 (0 args)
[wp-proxy] objects- app_obj=22 wl_callback (was_known=false)
[wp-event][C] delivered app_obj=23 wl_buffer.release args=0
[wp-event][C] delivered app_obj=22 wl_callback.done args=1
RLTRACE t_ns=859220702179455 stage=T7 side=C res=2 off=58072 len=1
RLTRACE t_ns=859220702215631 stage=T7 side=C res=2 off=58080 len=1
RLTRACE t_ns=859220702491025 stage=T8 side=C res=1 tail=293192
RLTRACE t_ns=859220718645099 stage=T7 side=C res=2 off=58088 len=1
RLTRACE t_ns=859220718684949 stage=T7 side=C res=2 off=58092 len=1
RLTRACE t_ns=859220718901038 stage=T8 side=C res=1 tail=294236
RLTRACE t_ns=859220734795519 stage=T7 side=C res=2 off=58096 len=1
RLTRACE t_ns=859220734853097 stage=T8 side=C res=1 tail=294296
[wp-proxy] forward obj 3 opcode 1 (3 args)
[wp-proxy] forward obj 3 opcode 9 (4 args)
[wp-proxy] objects+ app_obj=22 wl_callback
[wp-proxy] forward obj 3 opcode 3 (1 args)
[wp-proxy] forward obj 3 opcode 6 (0 args)
[wp-proxy] objects- app_obj=22 wl_callback (was_known=false)
[wp-event][C] delivered app_obj=17 wl_buffer.release args=0
RLTRACE t_ns=859220746741343 stage=T7 side=C res=2 off=58104 len=1
[wp-event][C] delivered app_obj=22 wl_callback.done args=1
RLTRACE t_ns=859220746774094 stage=T7 side=C res=2 off=58112 len=1
RLTRACE t_ns=859220747364906 stage=T8 side=C res=1 tail=294452
RLTRACE t_ns=859220763021724 stage=T8 side=C res=1 tail=294488
RLTRACE t_ns=859220769960580 stage=T7 side=C res=2 off=58120 len=1
RLTRACE t_ns=859220770006713 stage=T7 side=C res=2 off=58124 len=1
RLTRACE t_ns=859220770496448 stage=T8 side=C res=1 tail=295376
RLTRACE t_ns=859220774165433 stage=T8 side=C res=1 tail=295496
RLTRACE t_ns=859220781273212 stage=T7 side=C res=2 off=58128 len=1
RLTRACE t_ns=859220781569584 stage=T8 side=C res=1 tail=295532
RLTRACE t_ns=859220785574719 stage=T8 side=C res=1 tail=295556
[wp-proxy] forward obj 3 opcode 1 (3 args)
[wp-proxy] forward obj 3 opcode 9 (4 args)
[wp-proxy] objects+ app_obj=22 wl_callback
[wp-proxy] forward obj 3 opcode 3 (1 args)
[wp-proxy] forward obj 3 opcode 6 (0 args)
[wp-proxy] objects- app_obj=22 wl_callback (was_known=false)
[wp-event][C] delivered app_obj=19 wl_buffer.release args=0
[wp-event][C] delivered app_obj=22 wl_callback.done args=1
RLTRACE t_ns=859220797536116 stage=T7 side=C res=2 off=58136 len=1
RLTRACE t_ns=859220797610798 stage=T7 side=C res=2 off=58144 len=1
RLTRACE t_ns=859220798153096 stage=T8 side=C res=1 tail=295712
RLTRACE t_ns=859220812748369 stage=T7 side=C res=2 off=58152 len=1
RLTRACE t_ns=859220812783975 stage=T7 side=C res=2 off=58156 len=1
RLTRACE t_ns=859220813284342 stage=T8 side=C res=1 tail=295748
RLTRACE t_ns=859220816161258 stage=T8 side=C res=1 tail=296756
RLTRACE t_ns=859220829210577 stage=T7 side=C res=2 off=58160 len=1
RLTRACE t_ns=859220829321165 stage=T8 side=C res=1 tail=296816
[wp-proxy] forward obj 3 opcode 1 (3 args)
[wp-proxy] forward obj 3 opcode 9 (4 args)
[wp-proxy] objects+ app_obj=22 wl_callback
[wp-proxy] forward obj 3 opcode 3 (1 args)
[wp-proxy] forward obj 3 opcode 6 (0 args)
[wp-proxy] objects- app_obj=22 wl_callback (was_known=false)
[wp-event][C] delivered app_obj=21 wl_buffer.release args=0
[wp-event][C] delivered app_obj=22 wl_callback.done args=1
RLTRACE t_ns=859220841449669 stage=T7 side=C res=2 off=58168 len=1
RLTRACE t_ns=859220841647192 stage=T7 side=C res=2 off=58176 len=1
RLTRACE t_ns=859220842182000 stage=T8 side=C res=1 tail=296972
RLTRACE t_ns=859220861764035 stage=T7 side=C res=2 off=58184 len=1
RLTRACE t_ns=859220861797383 stage=T7 side=C res=2 off=58188 len=1
RLTRACE t_ns=859220862094453 stage=T8 side=C res=1 tail=298016
RLTRACE t_ns=859220874979389 stage=T7 side=C res=2 off=58192 len=1
RLTRACE t_ns=859220875490816 stage=T8 side=C res=1 tail=298052
RLTRACE t_ns=859220878393011 stage=T8 side=C res=1 tail=298076
[wp-proxy] forward obj 3 opcode 1 (3 args)
[wp-proxy] forward obj 3 opcode 9 (4 args)
[wp-proxy] objects+ app_obj=22 wl_callback
[wp-proxy] forward obj 3 opcode 3 (1 args)
[wp-proxy] forward obj 3 opcode 6 (0 args)
[wp-proxy] objects- app_obj=22 wl_callback (was_known=false)
[wp-event][C] delivered app_obj=23 wl_buffer.release args=0
[wp-event][C] delivered app_obj=22 wl_callback.done args=1
RLTRACE t_ns=859220891316946 stage=T7 side=C res=2 off=58200 len=1
RLTRACE t_ns=859220891337524 stage=T7 side=C res=2 off=58208 len=1
RLTRACE t_ns=859220891896553 stage=T8 side=C res=1 tail=298232
RLTRACE t_ns=859220911964964 stage=T7 side=C res=2 off=58216 len=1
RLTRACE t_ns=859220911984754 stage=T7 side=C res=2 off=58220 len=1
RLTRACE t_ns=859220912252829 stage=T8 side=C res=1 tail=299156
RLTRACE t_ns=859220920210378 stage=T8 side=C res=1 tail=299276
RLTRACE t_ns=859220931845923 stage=T7 side=C res=2 off=58224 len=1
RLTRACE t_ns=859220932190968 stage=T8 side=C res=1 tail=299336
[wp-proxy] forward obj 3 opcode 1 (3 args)
[wp-proxy] forward obj 3 opcode 9 (4 args)
[wp-proxy] objects+ app_obj=22 wl_callback
[wp-proxy] forward obj 3 opcode 3 (1 args)
[wp-proxy] forward obj 3 opcode 6 (0 args)
[wp-proxy] objects- app_obj=22 wl_callback (was_known=false)
[wp-event][C] delivered app_obj=17 wl_buffer.release args=0
[wp-event][C] delivered app_obj=22 wl_callback.done args=1
RLTRACE t_ns=859220956421515 stage=T7 side=C res=2 off=58232 len=1
RLTRACE t_ns=859220956500008 stage=T7 side=C res=2 off=58240 len=1
RLTRACE t_ns=859220957058731 stage=T8 side=C res=1 tail=299492
RLTRACE t_ns=859220983133570 stage=T7 side=C res=2 off=58248 len=1
RLTRACE t_ns=859220983160769 stage=T7 side=C res=2 off=58252 len=1
RLTRACE t_ns=859220983534791 stage=T8 side=C res=1 tail=299796
RLTRACE t_ns=859220988414748 stage=T8 side=C res=1 tail=300536
RLTRACE t_ns=859220994421084 stage=T7 side=C res=2 off=58256 len=1
RLTRACE t_ns=859220994932864 stage=T8 side=C res=1 tail=300596
[wp-proxy] forward obj 3 opcode 1 (3 args)
[wp-proxy] forward obj 3 opcode 9 (4 args)
[wp-proxy] objects+ app_obj=22 wl_callback
[wp-proxy] forward obj 3 opcode 3 (1 args)
[wp-proxy] forward obj 3 opcode 6 (0 args)
[wp-proxy] objects- app_obj=22 wl_callback (was_known=false)
[wp-event][C] delivered app_obj=19 wl_buffer.release args=0
[wp-event][C] delivered app_obj=22 wl_callback.done args=1
RLTRACE t_ns=859221007548133 stage=T7 side=C res=2 off=58264 len=1
RLTRACE t_ns=859221007580616 stage=T7 side=C res=2 off=58272 len=1
RLTRACE t_ns=859221007697788 stage=T8 side=C res=1 tail=300752
RLTRACE t_ns=859221023343701 stage=T7 side=C res=2 off=58280 len=1
RLTRACE t_ns=859221023378180 stage=T7 side=C res=2 off=58284 len=1
RLTRACE t_ns=859221023808430 stage=T8 side=C res=1 tail=300788
RLTRACE t_ns=859221027189807 stage=T8 side=C res=1 tail=301796
RLTRACE t_ns=859221040395191 stage=T7 side=C res=2 off=58288 len=1
RLTRACE t_ns=859221040648522 stage=T8 side=C res=1 tail=301856
[wp-proxy] forward obj 3 opcode 1 (3 args)
[wp-proxy] forward obj 3 opcode 9 (4 args)
[wp-proxy] objects+ app_obj=22 wl_callback
[wp-proxy] forward obj 3 opcode 3 (1 args)
[wp-proxy] forward obj 3 opcode 6 (0 args)
[wp-proxy] objects- app_obj=22 wl_callback (was_known=false)
[wp-event][C] delivered app_obj=21 wl_buffer.release args=0
[wp-event][C] delivered app_obj=22 wl_callback.done args=1
RLTRACE t_ns=859221055645888 stage=T7 side=C res=2 off=58296 len=1
RLTRACE t_ns=859221055682085 stage=T7 side=C res=2 off=58304 len=1
RLTRACE t_ns=859221056082999 stage=T8 side=C res=1 tail=302012
RLTRACE t_ns=859221090378967 stage=T7 side=C res=2 off=58312 len=1
RLTRACE t_ns=859221090423758 stage=T7 side=C res=2 off=58316 len=1
RLTRACE t_ns=859221090897966 stage=T8 side=C res=1 tail=302936
RLTRACE t_ns=859221096632277 stage=T8 side=C res=1 tail=303056
RLTRACE t_ns=859221103957190 stage=T7 side=C res=2 off=58320 len=1
RLTRACE t_ns=859221104106234 stage=T8 side=C res=1 tail=303116
[wp-proxy] forward obj 3 opcode 1 (3 args)
[wp-proxy] forward obj 3 opcode 9 (4 args)
[wp-proxy] objects+ app_obj=22 wl_callback
[wp-proxy] forward obj 3 opcode 3 (1 args)
[wp-proxy] forward obj 3 opcode 6 (0 args)
[wp-proxy] objects- app_obj=22 wl_callback (was_known=false)
[wp-event][C] delivered app_obj=23 wl_buffer.release args=0
[wp-event][C] delivered app_obj=22 wl_callback.done args=1
RLTRACE t_ns=859221116068098 stage=T7 side=C res=2 off=58328 len=1
RLTRACE t_ns=859221116082411 stage=T7 side=C res=2 off=58336 len=1
RLTRACE t_ns=859221116367348 stage=T8 side=C res=1 tail=303272
RLTRACE t_ns=859221133313990 stage=T7 side=C res=2 off=58344 len=1
RLTRACE t_ns=859221133363925 stage=T7 side=C res=2 off=58348 len=1
RLTRACE t_ns=859221133972706 stage=T8 side=C res=1 tail=304316
RLTRACE t_ns=859221155957404 stage=T7 side=C res=2 off=58352 len=1
RLTRACE t_ns=859221156223976 stage=T8 side=C res=1 tail=304352
RLTRACE t_ns=859221165616165 stage=T8 side=C res=1 tail=304376
[wp-proxy] forward obj 3 opcode 1 (3 args)
[wp-proxy] forward obj 3 opcode 9 (4 args)
[wp-proxy] objects+ app_obj=22 wl_callback
[wp-proxy] forward obj 3 opcode 3 (1 args)
[wp-proxy] forward obj 3 opcode 6 (0 args)
[wp-proxy] objects- app_obj=22 wl_callback (was_known=false)
[wp-event][C] delivered app_obj=17 wl_buffer.release args=0
[wp-event][C] delivered app_obj=22 wl_callback.done args=1
RLTRACE t_ns=859221180552060 stage=T7 side=C res=2 off=58360 len=1
RLTRACE t_ns=859221180600614 stage=T7 side=C res=2 off=58368 len=1
RLTRACE t_ns=859221180815009 stage=T8 side=C res=1 tail=304532
RLTRACE t_ns=859221204240385 stage=T7 side=C res=2 off=58376 len=1
RLTRACE t_ns=859221204303483 stage=T7 side=C res=2 off=58380 len=1
RLTRACE t_ns=859221204859517 stage=T8 side=C res=1 tail=305576
RLTRACE t_ns=859221226142695 stage=T7 side=C res=2 off=58384 len=1
RLTRACE t_ns=859221226781353 stage=T8 side=C res=1 tail=305636
[wp-proxy] forward obj 3 opcode 1 (3 args)
[wp-proxy] forward obj 3 opcode 9 (4 args)
[wp-proxy] objects+ app_obj=22 wl_callback
[wp-proxy] forward obj 3 opcode 3 (1 args)
[wp-proxy] forward obj 3 opcode 6 (0 args)
[wp-proxy] objects- app_obj=22 wl_callback (was_known=false)
[wp-event][C] delivered app_obj=19 wl_buffer.release args=0
[wp-event][C] delivered app_obj=22 wl_callback.done args=1
RLTRACE t_ns=859221249032156 stage=T7 side=C res=2 off=58392 len=1
RLTRACE t_ns=859221249063933 stage=T7 side=C res=2 off=58400 len=1
RLTRACE t_ns=859221249274045 stage=T8 side=C res=1 tail=305792
RLTRACE t_ns=859221270069258 stage=T7 side=C res=2 off=58408 len=1
RLTRACE t_ns=859221270110356 stage=T7 side=C res=2 off=58412 len=1
RLTRACE t_ns=859221270351689 stage=T8 side=C res=1 tail=305828
RLTRACE t_ns=859221274316413 stage=T8 side=C res=1 tail=306836
RLTRACE t_ns=859221288143343 stage=T7 side=C res=2 off=58416 len=1
RLTRACE t_ns=859221288302742 stage=T8 side=C res=1 tail=306896
[wp-proxy] forward obj 3 opcode 1 (3 args)
[wp-proxy] forward obj 3 opcode 9 (4 args)
[wp-proxy] objects+ app_obj=22 wl_callback
[wp-proxy] forward obj 3 opcode 3 (1 args)
[wp-proxy] forward obj 3 opcode 6 (0 args)
[wp-proxy] objects- app_obj=22 wl_callback (was_known=false)
[wp-event][C] delivered app_obj=21 wl_buffer.release args=0
[wp-event][C] delivered app_obj=22 wl_callback.done args=1
RLTRACE t_ns=859221310126682 stage=T7 side=C res=2 off=58424 len=1
RLTRACE t_ns=859221310271516 stage=T7 side=C res=2 off=58432 len=1
RLTRACE t_ns=859221310738758 stage=T8 side=C res=1 tail=307052
RLTRACE t_ns=859221330496107 stage=T7 side=C res=2 off=58440 len=1
RLTRACE t_ns=859221330529733 stage=T7 side=C res=2 off=58444 len=1
RLTRACE t_ns=859221330679094 stage=T8 side=C res=1 tail=308096
RLTRACE t_ns=859221341509941 stage=T7 side=C res=2 off=58448 len=1
RLTRACE t_ns=859221341852912 stage=T8 side=C res=1 tail=308156
[wp-proxy] forward obj 3 opcode 1 (3 args)
[wp-proxy] forward obj 3 opcode 9 (4 args)
[wp-proxy] objects+ app_obj=22 wl_callback
[wp-proxy] forward obj 3 opcode 3 (1 args)
[wp-proxy] forward obj 3 opcode 6 (0 args)
[wp-proxy] objects- app_obj=22 wl_callback (was_known=false)
[wp-event][C] delivered app_obj=23 wl_buffer.release args=0
[wp-event][C] delivered app_obj=22 wl_callback.done args=1
RLTRACE t_ns=859221357556085 stage=T7 side=C res=2 off=58456 len=1
RLTRACE t_ns=859221357692596 stage=T7 side=C res=2 off=58464 len=1
RLTRACE t_ns=859221358012119 stage=T8 side=C res=1 tail=308312
RLTRACE t_ns=859221386417626 stage=T7 side=C res=2 off=58472 len=1
RLTRACE t_ns=859221386432645 stage=T7 side=C res=2 off=58476 len=1
RLTRACE t_ns=859221386897193 stage=T8 side=C res=1 tail=309356
RLTRACE t_ns=859221403446021 stage=T7 side=C res=2 off=58480 len=1
RLTRACE t_ns=859221403986121 stage=T8 side=C res=1 tail=309416
[wp-proxy] forward obj 3 opcode 1 (3 args)
[wp-proxy] forward obj 3 opcode 9 (4 args)
[wp-proxy] objects+ app_obj=22 wl_callback
[wp-proxy] forward obj 3 opcode 3 (1 args)
[wp-proxy] forward obj 3 opcode 6 (0 args)
[wp-proxy] objects- app_obj=22 wl_callback (was_known=false)
[wp-event][C] delivered app_obj=17 wl_buffer.release args=0
[wp-event][C] delivered app_obj=22 wl_callback.done args=1
RLTRACE t_ns=859221416155633 stage=T8 side=C res=1 tail=309452
RLTRACE t_ns=859221423145801 stage=T7 side=C res=2 off=58488 len=1
RLTRACE t_ns=859221423152792 stage=T7 side=C res=2 off=58496 len=1
RLTRACE t_ns=859221423556932 stage=T8 side=C res=1 tail=309572
RLTRACE t_ns=859221440321225 stage=T7 side=C res=2 off=58504 len=1
RLTRACE t_ns=859221440339646 stage=T7 side=C res=2 off=58508 len=1
RLTRACE t_ns=859221440753437 stage=T8 side=C res=1 tail=310616
RLTRACE t_ns=859221459489895 stage=T7 side=C res=2 off=58512 len=1
RLTRACE t_ns=859221459798413 stage=T8 side=C res=1 tail=310652
RLTRACE t_ns=859221464381742 stage=T8 side=C res=1 tail=310676
[wp-proxy] forward obj 3 opcode 1 (3 args)
[wp-proxy] forward obj 3 opcode 9 (4 args)
[wp-proxy] objects+ app_obj=22 wl_callback
[wp-proxy] forward obj 3 opcode 3 (1 args)
[wp-proxy] forward obj 3 opcode 6 (0 args)
[wp-proxy] objects- app_obj=22 wl_callback (was_known=false)
[wp-event][C] delivered app_obj=19 wl_buffer.release args=0
[wp-event][C] delivered app_obj=22 wl_callback.done args=1
RLTRACE t_ns=859221477497995 stage=T8 side=C res=1 tail=310712
RLTRACE t_ns=859221484339056 stage=T7 side=C res=2 off=58520 len=1
RLTRACE t_ns=859221484353260 stage=T7 side=C res=2 off=58528 len=1
RLTRACE t_ns=859221484904606 stage=T8 side=C res=1 tail=310832
RLTRACE t_ns=859221498330222 stage=T7 side=C res=2 off=58536 len=1
RLTRACE t_ns=859221498349335 stage=T7 side=C res=2 off=58540 len=1
RLTRACE t_ns=859221498515308 stage=T8 side=C res=1 tail=311756
RLTRACE t_ns=859221502630935 stage=T8 side=C res=1 tail=311876
RLTRACE t_ns=859221508599230 stage=T7 side=C res=2 off=58544 len=1
RLTRACE t_ns=859221508896642 stage=T8 side=C res=1 tail=311936
[wp-proxy] forward obj 3 opcode 1 (3 args)
[wp-proxy] forward obj 3 opcode 9 (4 args)
[wp-proxy] objects+ app_obj=22 wl_callback
[wp-proxy] forward obj 3 opcode 3 (1 args)
[wp-proxy] forward obj 3 opcode 6 (0 args)
[wp-proxy] objects- app_obj=22 wl_callback (was_known=false)
[wp-event][C] delivered app_obj=21 wl_buffer.release args=0
[wp-event][C] delivered app_obj=22 wl_callback.done args=1
RLTRACE t_ns=859221522586815 stage=T7 side=C res=2 off=58552 len=1
RLTRACE t_ns=859221522722520 stage=T7 side=C res=2 off=58560 len=1
RLTRACE t_ns=859221523407652 stage=T8 side=C res=1 tail=312008
RLTRACE t_ns=859221528031796 stage=T8 side=C res=1 tail=312092
RLTRACE t_ns=859221559831360 stage=T7 side=C res=2 off=58568 len=1
RLTRACE t_ns=859221559890000 stage=T7 side=C res=2 off=58572 len=1
RLTRACE t_ns=859221560182242 stage=T8 side=C res=1 tail=312128
RLTRACE t_ns=859221568176444 stage=T8 side=C res=1 tail=313136
RLTRACE t_ns=859221594126391 stage=T7 side=C res=2 off=58576 len=1
RLTRACE t_ns=859221594463687 stage=T8 side=C res=1 tail=313196
[wp-proxy] forward obj 3 opcode 1 (3 args)
[wp-proxy] forward obj 3 opcode 9 (4 args)
[wp-proxy] objects+ app_obj=22 wl_callback
[wp-proxy] forward obj 3 opcode 3 (1 args)
[wp-proxy] forward obj 3 opcode 6 (0 args)
[wp-proxy] objects- app_obj=22 wl_callback (was_known=false)
[wp-event][C] delivered app_obj=23 wl_buffer.release args=0
[wp-event][C] delivered app_obj=22 wl_callback.done args=1
RLTRACE t_ns=859221625989032 stage=T7 side=C res=2 off=58584 len=1
RLTRACE t_ns=859221626073998 stage=T7 side=C res=2 off=58592 len=1
RLTRACE t_ns=859221626374092 stage=T8 side=C res=1 tail=313352
RLTRACE t_ns=859221670409704 stage=T8 side=C res=1 tail=313388
RLTRACE t_ns=859221682526141 stage=T7 side=C res=2 off=58600 len=1
RLTRACE t_ns=859221682572516 stage=T7 side=C res=2 off=58604 len=1
RLTRACE t_ns=859221682881701 stage=T8 side=C res=1 tail=313492
RLTRACE t_ns=859221688029952 stage=T8 side=C res=1 tail=314396
RLTRACE t_ns=859221707674138 stage=T7 side=C res=2 off=58608 len=1
RLTRACE t_ns=859221707835005 stage=T8 side=C res=1 tail=314456
[wp-proxy] forward obj 3 opcode 1 (3 args)
[wp-proxy] forward obj 3 opcode 9 (4 args)
[wp-proxy] objects+ app_obj=22 wl_callback
[wp-proxy] forward obj 3 opcode 3 (1 args)
[wp-proxy] forward obj 3 opcode 6 (0 args)
[wp-proxy] objects- app_obj=22 wl_callback (was_known=false)
[wp-event][C] delivered app_obj=17 wl_buffer.release args=0
[wp-event][C] delivered app_obj=22 wl_callback.done args=1
RLTRACE t_ns=859221726527772 stage=T7 side=C res=2 off=58616 len=1
RLTRACE t_ns=859221726581759 stage=T7 side=C res=2 off=58624 len=1
RLTRACE t_ns=859221727032225 stage=T8 side=C res=1 tail=314612
RLTRACE t_ns=859221751319841 stage=T7 side=C res=2 off=58632 len=1
RLTRACE t_ns=859221751409826 stage=T7 side=C res=2 off=58636 len=1
RLTRACE t_ns=859221752075152 stage=T8 side=C res=1 tail=314648
RLTRACE t_ns=859221759660773 stage=T8 side=C res=1 tail=315656
RLTRACE t_ns=859221780227770 stage=T7 side=C res=2 off=58640 len=1
RLTRACE t_ns=859221780440007 stage=T8 side=C res=1 tail=315716
[wp-proxy] forward obj 3 opcode 1 (3 args)
[wp-proxy] forward obj 3 opcode 9 (4 args)
[wp-proxy] objects+ app_obj=22 wl_callback
[wp-proxy] forward obj 3 opcode 3 (1 args)
[wp-proxy] forward obj 3 opcode 6 (0 args)
[wp-proxy] objects- app_obj=22 wl_callback (was_known=false)
[wp-event][C] delivered app_obj=19 wl_buffer.release args=0
[wp-event][C] delivered app_obj=22 wl_callback.done args=1
RLTRACE t_ns=859221801457300 stage=T7 side=C res=2 off=58648 len=1
RLTRACE t_ns=859221801533100 stage=T7 side=C res=2 off=58656 len=1
RLTRACE t_ns=859221801657699 stage=T8 side=C res=1 tail=315848
RLTRACE t_ns=859221809665989 stage=T8 side=C res=1 tail=315872
RLTRACE t_ns=859221820890543 stage=T7 side=C res=2 off=58664 len=1
RLTRACE t_ns=859221820941391 stage=T7 side=C res=2 off=58668 len=1
RLTRACE t_ns=859221821228701 stage=T8 side=C res=1 tail=316012
RLTRACE t_ns=859221825874746 stage=T8 side=C res=1 tail=316108
RLTRACE t_ns=859221833204788 stage=T8 side=C res=1 tail=316796
RLTRACE t_ns=859221838958900 stage=T7 side=C res=2 off=58672 len=1
RLTRACE t_ns=859221839175439 stage=T8 side=C res=1 tail=316976
[wp-proxy] forward obj 3 opcode 1 (3 args)
[wp-proxy] forward obj 3 opcode 9 (4 args)
[wp-proxy] objects+ app_obj=22 wl_callback
[wp-proxy] forward obj 3 opcode 3 (1 args)
[wp-proxy] forward obj 3 opcode 6 (0 args)
[wp-proxy] objects- app_obj=22 wl_callback (was_known=false)
[wp-event][C] delivered app_obj=21 wl_buffer.release args=0
[wp-event][C] delivered app_obj=22 wl_callback.done args=1
RLTRACE t_ns=859221858587499 stage=T7 side=C res=2 off=58680 len=1
RLTRACE t_ns=859221858633887 stage=T7 side=C res=2 off=58688 len=1
RLTRACE t_ns=859221858957359 stage=T8 side=C res=1 tail=317132
RLTRACE t_ns=859221893423044 stage=T7 side=C res=2 off=58696 len=1
RLTRACE t_ns=859221893541901 stage=T7 side=C res=2 off=58700 len=1
RLTRACE t_ns=859221893669613 stage=T8 side=C res=1 tail=317812
RLTRACE t_ns=859221900413891 stage=T8 side=C res=1 tail=318176
RLTRACE t_ns=859221910836836 stage=T7 side=C res=2 off=58704 len=1
RLTRACE t_ns=859221911436669 stage=T8 side=C res=1 tail=318236
[wp-proxy] forward obj 3 opcode 1 (3 args)
[wp-proxy] forward obj 3 opcode 9 (4 args)
[wp-proxy] objects+ app_obj=22 wl_callback
[wp-proxy] forward obj 3 opcode 3 (1 args)
[wp-proxy] forward obj 3 opcode 6 (0 args)
[wp-proxy] objects- app_obj=22 wl_callback (was_known=false)
[wp-event][C] delivered app_obj=23 wl_buffer.release args=0
[wp-event][C] delivered app_obj=22 wl_callback.done args=1
RLTRACE t_ns=859221930431461 stage=T7 side=C res=2 off=58712 len=1
RLTRACE t_ns=859221930483361 stage=T7 side=C res=2 off=58720 len=1
RLTRACE t_ns=859221930589300 stage=T8 side=C res=1 tail=318392
RLTRACE t_ns=859221968986504 stage=T7 side=C res=2 off=58728 len=1
RLTRACE t_ns=859221969052052 stage=T7 side=C res=2 off=58732 len=1
RLTRACE t_ns=859221969546551 stage=T8 side=C res=1 tail=319040
RLTRACE t_ns=859221974536750 stage=T8 side=C res=1 tail=319436
RLTRACE t_ns=859221981841816 stage=T7 side=C res=2 off=58736 len=1
RLTRACE t_ns=859221981927843 stage=T8 side=C res=1 tail=319496
[wp-proxy] forward obj 3 opcode 1 (3 args)
[wp-proxy] forward obj 3 opcode 9 (4 args)
[wp-proxy] objects+ app_obj=22 wl_callback
[wp-proxy] forward obj 3 opcode 3 (1 args)
[wp-proxy] forward obj 3 opcode 6 (0 args)
[wp-proxy] objects- app_obj=22 wl_callback (was_known=false)
[wp-event][C] delivered app_obj=17 wl_buffer.release args=0
[wp-event][C] delivered app_obj=22 wl_callback.done args=1
RLTRACE t_ns=859221997561576 stage=T7 side=C res=2 off=58744 len=1
RLTRACE t_ns=859221997602316 stage=T7 side=C res=2 off=58752 len=1
RLTRACE t_ns=859221997656552 stage=T8 side=C res=1 tail=319652
RLTRACE t_ns=859222026488741 stage=T7 side=C res=2 off=58760 len=1
RLTRACE t_ns=859222026555718 stage=T7 side=C res=2 off=58764 len=1
RLTRACE t_ns=859222027012264 stage=T8 side=C res=1 tail=320528
RLTRACE t_ns=859222032542588 stage=T8 side=C res=1 tail=320696
RLTRACE t_ns=859222043679317 stage=T7 side=C res=2 off=58768 len=1
RLTRACE t_ns=859222044025874 stage=T8 side=C res=1 tail=320756
[wp-proxy] forward obj 3 opcode 1 (3 args)
[wp-proxy] forward obj 3 opcode 9 (4 args)
[wp-proxy] objects+ app_obj=22 wl_callback
[wp-proxy] forward obj 3 opcode 3 (1 args)
[wp-proxy] forward obj 3 opcode 6 (0 args)
[wp-proxy] objects- app_obj=22 wl_callback (was_known=false)
[wp-event][C] delivered app_obj=19 wl_buffer.release args=0
[wp-event][C] delivered app_obj=22 wl_callback.done args=1
RLTRACE t_ns=859222057727651 stage=T7 side=C res=2 off=58776 len=1
RLTRACE t_ns=859222057742324 stage=T7 side=C res=2 off=58784 len=1
RLTRACE t_ns=859222058408163 stage=T8 side=C res=1 tail=320888
RLTRACE t_ns=859222078471731 stage=T8 side=C res=1 tail=320912
RLTRACE t_ns=859222088862420 stage=T8 side=C res=1 tail=320948
RLTRACE t_ns=859222089828551 stage=T7 side=C res=2 off=58792 len=1
RLTRACE t_ns=859222089960459 stage=T7 side=C res=2 off=58796 len=1
RLTRACE t_ns=859222090585980 stage=T8 side=C res=1 tail=321148
RLTRACE t_ns=859222097288434 stage=T8 side=C res=1 tail=321956
RLTRACE t_ns=859222104722064 stage=T7 side=C res=2 off=58800 len=1
RLTRACE t_ns=859222105269131 stage=T8 side=C res=1 tail=322016
[wp-proxy] forward obj 3 opcode 1 (3 args)
[wp-proxy] forward obj 3 opcode 9 (4 args)
[wp-proxy] objects+ app_obj=22 wl_callback
[wp-proxy] forward obj 3 opcode 3 (1 args)
[wp-proxy] forward obj 3 opcode 6 (0 args)
[wp-proxy] objects- app_obj=22 wl_callback (was_known=false)
[wp-event][C] delivered app_obj=21 wl_buffer.release args=0
[wp-event][C] delivered app_obj=22 wl_callback.done args=1
RLTRACE t_ns=859222118189405 stage=T7 side=C res=2 off=58808 len=1
RLTRACE t_ns=859222118206108 stage=T7 side=C res=2 off=58816 len=1
RLTRACE t_ns=859222118494805 stage=T8 side=C res=1 tail=322088
RLTRACE t_ns=859222121903234 stage=T8 side=C res=1 tail=322172
RLTRACE t_ns=859222140032649 stage=T7 side=C res=2 off=58824 len=1
RLTRACE t_ns=859222140052793 stage=T7 side=C res=2 off=58828 len=1
RLTRACE t_ns=859222140437960 stage=T8 side=C res=1 tail=323216
RLTRACE t_ns=859222166389592 stage=T7 side=C res=2 off=58832 len=1
RLTRACE t_ns=859222166595507 stage=T8 side=C res=1 tail=323276
[wp-proxy] forward obj 3 opcode 1 (3 args)
[wp-proxy] forward obj 3 opcode 9 (4 args)
[wp-proxy] objects+ app_obj=22 wl_callback
[wp-proxy] forward obj 3 opcode 3 (1 args)
[wp-proxy] forward obj 3 opcode 6 (0 args)
[wp-proxy] objects- app_obj=22 wl_callback (was_known=false)
[wp-event][C] delivered app_obj=23 wl_buffer.release args=0
[wp-event][C] delivered app_obj=22 wl_callback.done args=1
RLTRACE t_ns=859222185510221 stage=T7 side=C res=2 off=58840 len=1
RLTRACE t_ns=859222185526137 stage=T7 side=C res=2 off=58848 len=1
RLTRACE t_ns=859222185659157 stage=T8 side=C res=1 tail=323432
RLTRACE t_ns=859222203416332 stage=T7 side=C res=2 off=58856 len=1
RLTRACE t_ns=859222203431562 stage=T7 side=C res=2 off=58860 len=1
RLTRACE t_ns=859222203618868 stage=T8 side=C res=1 tail=324476
RLTRACE t_ns=859222228474258 stage=T7 side=C res=2 off=58864 len=1
RLTRACE t_ns=859222229057919 stage=T8 side=C res=1 tail=324536
[wp-proxy] forward obj 3 opcode 1 (3 args)
[wp-proxy] forward obj 3 opcode 9 (4 args)
[wp-proxy] objects+ app_obj=22 wl_callback
[wp-proxy] forward obj 3 opcode 3 (1 args)
[wp-proxy] forward obj 3 opcode 6 (0 args)
[wp-proxy] objects- app_obj=22 wl_callback (was_known=false)
[wp-event][C] delivered app_obj=17 wl_buffer.release args=0
[wp-event][C] delivered app_obj=22 wl_callback.done args=1
RLTRACE t_ns=859222262467235 stage=T7 side=C res=2 off=58872 len=1
RLTRACE t_ns=859222262493209 stage=T7 side=C res=2 off=58880 len=1
RLTRACE t_ns=859222262592906 stage=T8 side=C res=1 tail=324692
RLTRACE t_ns=859222299018267 stage=T7 side=C res=2 off=58888 len=1
RLTRACE t_ns=859222299057262 stage=T7 side=C res=2 off=58892 len=1
RLTRACE t_ns=859222299404022 stage=T8 side=C res=1 tail=324728
RLTRACE t_ns=859222308293066 stage=T8 side=C res=1 tail=325736
RLTRACE t_ns=859222322828115 stage=T7 side=C res=2 off=58896 len=1
RLTRACE t_ns=859222323193813 stage=T8 side=C res=1 tail=325796
[wp-proxy] forward obj 3 opcode 1 (3 args)
[wp-proxy] forward obj 3 opcode 9 (4 args)
[wp-proxy] objects+ app_obj=22 wl_callback
[wp-proxy] forward obj 3 opcode 3 (1 args)
[wp-proxy] forward obj 3 opcode 6 (0 args)
[wp-proxy] objects- app_obj=22 wl_callback (was_known=false)
[wp-event][C] delivered app_obj=19 wl_buffer.release args=0
[wp-event][C] delivered app_obj=22 wl_callback.done args=1
RLTRACE t_ns=859222335544661 stage=T7 side=C res=2 off=58904 len=1
RLTRACE t_ns=859222335581074 stage=T7 side=C res=2 off=58912 len=1
RLTRACE t_ns=859222336062106 stage=T8 side=C res=1 tail=325952
RLTRACE t_ns=859222350146993 stage=T7 side=C res=2 off=58920 len=1
RLTRACE t_ns=859222350160859 stage=T7 side=C res=2 off=58924 len=1
RLTRACE t_ns=859222350297036 stage=T8 side=C res=1 tail=326996
RLTRACE t_ns=859222362609887 stage=T7 side=C res=2 off=58928 len=1
RLTRACE t_ns=859222362925176 stage=T8 side=C res=1 tail=327056
[wp-proxy] forward obj 3 opcode 1 (3 args)
[wp-proxy] forward obj 3 opcode 9 (4 args)
[wp-proxy] objects+ app_obj=22 wl_callback
[wp-proxy] forward obj 3 opcode 3 (1 args)
[wp-proxy] forward obj 3 opcode 6 (0 args)
[wp-proxy] objects- app_obj=22 wl_callback (was_known=false)
[wp-event][C] delivered app_obj=21 wl_buffer.release args=0
[wp-event][C] delivered app_obj=22 wl_callback.done args=1
RLTRACE t_ns=859222374564023 stage=T7 side=C res=2 off=58936 len=1
RLTRACE t_ns=859222374605098 stage=T7 side=C res=2 off=58944 len=1
RLTRACE t_ns=859222374899381 stage=T8 side=C res=1 tail=327212
RLTRACE t_ns=859222389073571 stage=T7 side=C res=2 off=58952 len=1
RLTRACE t_ns=859222389089337 stage=T7 side=C res=2 off=58956 len=1
RLTRACE t_ns=859222389514887 stage=T8 side=C res=1 tail=328136
RLTRACE t_ns=859222394532923 stage=T8 side=C res=1 tail=328256
RLTRACE t_ns=859222402394527 stage=T7 side=C res=2 off=58960 len=1
RLTRACE t_ns=859222402512370 stage=T8 side=C res=1 tail=328292
RLTRACE t_ns=859222405970138 stage=T8 side=C res=1 tail=328316
[wp-proxy] forward obj 3 opcode 1 (3 args)
[wp-proxy] forward obj 3 opcode 9 (4 args)
[wp-proxy] objects+ app_obj=22 wl_callback
[wp-proxy] forward obj 3 opcode 3 (1 args)
[wp-proxy] forward obj 3 opcode 6 (0 args)
[wp-proxy] objects- app_obj=22 wl_callback (was_known=false)
[wp-event][C] delivered app_obj=23 wl_buffer.release args=0
[wp-event][C] delivered app_obj=22 wl_callback.done args=1
RLTRACE t_ns=859222419454718 stage=T7 side=C res=2 off=58968 len=1
RLTRACE t_ns=859222419475265 stage=T7 side=C res=2 off=58976 len=1
RLTRACE t_ns=859222419510812 stage=T8 side=C res=1 tail=328472
RLTRACE t_ns=859222437623082 stage=T7 side=C res=2 off=58984 len=1
RLTRACE t_ns=859222437636579 stage=T7 side=C res=2 off=58988 len=1
RLTRACE t_ns=859222438210043 stage=T8 side=C res=1 tail=329516
RLTRACE t_ns=859222457161569 stage=T7 side=C res=2 off=58992 len=1
RLTRACE t_ns=859222457579266 stage=T8 side=C res=1 tail=329576
[wp-proxy] forward obj 3 opcode 1 (3 args)
[wp-proxy] forward obj 3 opcode 9 (4 args)
[wp-proxy] objects+ app_obj=22 wl_callback
[wp-proxy] forward obj 3 opcode 3 (1 args)
[wp-proxy] forward obj 3 opcode 6 (0 args)
[wp-proxy] objects- app_obj=22 wl_callback (was_known=false)
[wp-event][C] delivered app_obj=17 wl_buffer.release args=0
[wp-event][C] delivered app_obj=22 wl_callback.done args=1
RLTRACE t_ns=859222470965131 stage=T7 side=C res=2 off=59000 len=1
RLTRACE t_ns=859222470984808 stage=T7 side=C res=2 off=59008 len=1
RLTRACE t_ns=859222471343008 stage=T8 side=C res=1 tail=329732
RLTRACE t_ns=859222489511942 stage=T7 side=C res=2 off=59016 len=1
RLTRACE t_ns=859222489526259 stage=T7 side=C res=2 off=59020 len=1
RLTRACE t_ns=859222489633654 stage=T8 side=C res=1 tail=330776
RLTRACE t_ns=859222501934835 stage=T7 side=C res=2 off=59024 len=1
RLTRACE t_ns=859222502253478 stage=T8 side=C res=1 tail=330836
[wp-proxy] forward obj 3 opcode 1 (3 args)
[wp-proxy] forward obj 3 opcode 9 (4 args)
[wp-proxy] objects+ app_obj=22 wl_callback
[wp-proxy] forward obj 3 opcode 3 (1 args)
[wp-proxy] forward obj 3 opcode 6 (0 args)
[wp-proxy] objects- app_obj=22 wl_callback (was_known=false)
[wp-event][C] delivered app_obj=19 wl_buffer.release args=0
[wp-event][C] delivered app_obj=22 wl_callback.done args=1
RLTRACE t_ns=859222514209682 stage=T7 side=C res=2 off=59032 len=1
RLTRACE t_ns=859222514222653 stage=T7 side=C res=2 off=59040 len=1
RLTRACE t_ns=859222514272963 stage=T8 side=C res=1 tail=330992
RLTRACE t_ns=859222533573626 stage=T7 side=C res=2 off=59048 len=1
RLTRACE t_ns=859222533592248 stage=T7 side=C res=2 off=59052 len=1
RLTRACE t_ns=859222533909525 stage=T8 side=C res=1 tail=332036
RLTRACE t_ns=859222548924291 stage=T7 side=C res=2 off=59056 len=1
RLTRACE t_ns=859222549481208 stage=T8 side=C res=1 tail=332096
[wp-proxy] forward obj 3 opcode 1 (3 args)
[wp-proxy] forward obj 3 opcode 9 (4 args)
[wp-proxy] objects+ app_obj=22 wl_callback
[wp-proxy] forward obj 3 opcode 3 (1 args)
[wp-proxy] forward obj 3 opcode 6 (0 args)
[wp-proxy] objects- app_obj=22 wl_callback (was_known=false)
[wp-event][C] delivered app_obj=21 wl_buffer.release args=0
[wp-event][C] delivered app_obj=22 wl_callback.done args=1
RLTRACE t_ns=859222563797556 stage=T7 side=C res=2 off=59064 len=1
RLTRACE t_ns=859222563810735 stage=T7 side=C res=2 off=59072 len=1
RLTRACE t_ns=859222564245624 stage=T8 side=C res=1 tail=332252
RLTRACE t_ns=859222585686667 stage=T7 side=C res=2 off=59080 len=1
RLTRACE t_ns=859222585710086 stage=T7 side=C res=2 off=59084 len=1
RLTRACE t_ns=859222586297141 stage=T8 side=C res=1 tail=332288
RLTRACE t_ns=859222592546355 stage=T8 side=C res=1 tail=333296
RLTRACE t_ns=859222611762876 stage=T7 side=C res=2 off=59088 len=1
RLTRACE t_ns=859222612134992 stage=T8 side=C res=1 tail=333356
[wp-proxy] forward obj 3 opcode 1 (3 args)
[wp-proxy] forward obj 3 opcode 9 (4 args)
[wp-proxy] objects+ app_obj=22 wl_callback
[wp-proxy] forward obj 3 opcode 3 (1 args)
[wp-proxy] forward obj 3 opcode 6 (0 args)
[wp-proxy] objects- app_obj=22 wl_callback (was_known=false)
[wp-event][C] delivered app_obj=23 wl_buffer.release args=0
[wp-event][C] delivered app_obj=22 wl_callback.done args=1
RLTRACE t_ns=859222631955804 stage=T7 side=C res=2 off=59096 len=1
RLTRACE t_ns=859222631968349 stage=T7 side=C res=2 off=59104 len=1
RLTRACE t_ns=859222632155161 stage=T8 side=C res=1 tail=333512
RLTRACE t_ns=859222649361118 stage=T7 side=C res=2 off=59112 len=1
RLTRACE t_ns=859222649443069 stage=T7 side=C res=2 off=59116 len=1
RLTRACE t_ns=859222649579868 stage=T8 side=C res=1 tail=333548
RLTRACE t_ns=859222654965556 stage=T8 side=C res=1 tail=334556
RLTRACE t_ns=859222667263740 stage=T7 side=C res=2 off=59120 len=1
RLTRACE t_ns=859222667310936 stage=T8 side=C res=1 tail=334616
[wp-proxy] forward obj 3 opcode 1 (3 args)
[wp-proxy] forward obj 3 opcode 9 (4 args)
[wp-proxy] objects+ app_obj=22 wl_callback
[wp-proxy] forward obj 3 opcode 3 (1 args)
[wp-proxy] forward obj 3 opcode 6 (0 args)
[wp-proxy] objects- app_obj=22 wl_callback (was_known=false)
[wp-event][C] delivered app_obj=17 wl_buffer.release args=0
[wp-event][C] delivered app_obj=22 wl_callback.done args=1
RLTRACE t_ns=859222679559061 stage=T7 side=C res=2 off=59128 len=1
RLTRACE t_ns=859222679574804 stage=T7 side=C res=2 off=59136 len=1
RLTRACE t_ns=859222679852447 stage=T8 side=C res=1 tail=334772
RLTRACE t_ns=859222699499872 stage=T7 side=C res=2 off=59144 len=1
RLTRACE t_ns=859222699518655 stage=T7 side=C res=2 off=59148 len=1
RLTRACE t_ns=859222699905246 stage=T8 side=C res=1 tail=335452
RLTRACE t_ns=859222704714739 stage=T8 side=C res=1 tail=335816
RLTRACE t_ns=859222711740078 stage=T7 side=C res=2 off=59152 len=1
RLTRACE t_ns=859222712149470 stage=T8 side=C res=1 tail=335876
[wp-proxy] forward obj 3 opcode 1 (3 args)
[wp-proxy] forward obj 3 opcode 9 (4 args)
[wp-proxy] objects+ app_obj=22 wl_callback
[wp-proxy] forward obj 3 opcode 3 (1 args)
[wp-proxy] forward obj 3 opcode 6 (0 args)
[wp-proxy] objects- app_obj=22 wl_callback (was_known=false)
[wp-event][C] delivered app_obj=19 wl_buffer.release args=0
[wp-event][C] delivered app_obj=22 wl_callback.done args=1
RLTRACE t_ns=859222728156301 stage=T7 side=C res=2 off=59160 len=1
RLTRACE t_ns=859222728168662 stage=T7 side=C res=2 off=59168 len=1
RLTRACE t_ns=859222728757232 stage=T8 side=C res=1 tail=336032
RLTRACE t_ns=859222741484667 stage=T7 side=C res=2 off=59176 len=1
RLTRACE t_ns=859222741493246 stage=T7 side=C res=2 off=59180 len=1
RLTRACE t_ns=859222741872624 stage=T8 side=C res=1 tail=337076
RLTRACE t_ns=859222754170933 stage=T7 side=C res=2 off=59184 len=1
RLTRACE t_ns=859222754415653 stage=T8 side=C res=1 tail=337136
[wp-proxy] forward obj 3 opcode 1 (3 args)
[wp-proxy] forward obj 3 opcode 9 (4 args)
[wp-proxy] objects+ app_obj=22 wl_callback
[wp-proxy] forward obj 3 opcode 3 (1 args)
[wp-proxy] forward obj 3 opcode 6 (0 args)
[wp-proxy] objects- app_obj=22 wl_callback (was_known=false)
RLTRACE t_ns=859222765291791 stage=T7 side=C res=2 off=59192 len=1
RLTRACE t_ns=859222765305774 stage=T7 side=C res=2 off=59200 len=1
[wp-event][C] delivered app_obj=21 wl_buffer.release args=0
[wp-event][C] delivered app_obj=22 wl_callback.done args=1
RLTRACE t_ns=859222765894833 stage=T8 side=C res=1 tail=337292
RLTRACE t_ns=859222778069869 stage=T7 side=C res=2 off=59208 len=1
RLTRACE t_ns=859222778089165 stage=T7 side=C res=2 off=59212 len=1
RLTRACE t_ns=859222778251799 stage=T8 side=C res=1 tail=337328
RLTRACE t_ns=859222781444812 stage=T8 side=C res=1 tail=338336
RLTRACE t_ns=859222792596630 stage=T7 side=C res=2 off=59216 len=1
RLTRACE t_ns=859222792637374 stage=T8 side=C res=1 tail=338396
[wp-proxy] forward obj 3 opcode 1 (3 args)
[wp-proxy] forward obj 3 opcode 9 (4 args)
[wp-proxy] objects+ app_obj=22 wl_callback
[wp-proxy] forward obj 3 opcode 3 (1 args)
[wp-proxy] forward obj 3 opcode 6 (0 args)
[wp-proxy] objects- app_obj=22 wl_callback (was_known=false)
[wp-event][C] delivered app_obj=23 wl_buffer.release args=0
[wp-event][C] delivered app_obj=22 wl_callback.done args=1
RLTRACE t_ns=859222804765706 stage=T7 side=C res=2 off=59224 len=1
RLTRACE t_ns=859222804774895 stage=T7 side=C res=2 off=59232 len=1
RLTRACE t_ns=859222805275364 stage=T8 side=C res=1 tail=338552
RLTRACE t_ns=859222820981611 stage=T7 side=C res=2 off=59240 len=1
RLTRACE t_ns=859222820992396 stage=T7 side=C res=2 off=59244 len=1
RLTRACE t_ns=859222821518672 stage=T8 side=C res=1 tail=339476
RLTRACE t_ns=859222826167093 stage=T8 side=C res=1 tail=339596
RLTRACE t_ns=859222833622691 stage=T7 side=C res=2 off=59248 len=1
RLTRACE t_ns=859222834115050 stage=T8 side=C res=1 tail=339656
[wp-proxy] forward obj 3 opcode 1 (3 args)
[wp-proxy] forward obj 3 opcode 9 (4 args)
[wp-proxy] objects+ app_obj=22 wl_callback
[wp-proxy] forward obj 3 opcode 3 (1 args)
[wp-proxy] forward obj 3 opcode 6 (0 args)
[wp-proxy] objects- app_obj=22 wl_callback (was_known=false)
RLTRACE t_ns=859222845962045 stage=T7 side=C res=2 off=59256 len=1
[wp-event][C] delivered app_obj=17 wl_buffer.release args=0
RLTRACE t_ns=859222845993314 stage=T7 side=C res=2 off=59264 len=1
RLTRACE t_ns=859222846139979 stage=T8 side=C res=1 tail=339812
[wp-event][C] delivered app_obj=22 wl_callback.done args=1
RLTRACE t_ns=859222858513860 stage=T7 side=C res=2 off=59272 len=1
RLTRACE t_ns=859222858562013 stage=T7 side=C res=2 off=59276 len=1
RLTRACE t_ns=859222859119523 stage=T8 side=C res=1 tail=340856
RLTRACE t_ns=859222871962336 stage=T7 side=C res=2 off=59280 len=1
RLTRACE t_ns=859222872415117 stage=T8 side=C res=1 tail=340916
[wp-proxy] forward obj 3 opcode 1 (3 args)
[wp-proxy] forward obj 3 opcode 9 (4 args)
[wp-proxy] objects+ app_obj=22 wl_callback
[wp-proxy] forward obj 3 opcode 3 (1 args)
[wp-proxy] forward obj 3 opcode 6 (0 args)
[wp-proxy] objects- app_obj=22 wl_callback (was_known=false)
[wp-event][C] delivered app_obj=19 wl_buffer.release args=0
[wp-event][C] delivered app_obj=22 wl_callback.done args=1
RLTRACE t_ns=859222888519906 stage=T7 side=C res=2 off=59288 len=1
RLTRACE t_ns=859222888549397 stage=T7 side=C res=2 off=59296 len=1
RLTRACE t_ns=859222888833830 stage=T8 side=C res=1 tail=341072
RLTRACE t_ns=859222912897116 stage=T7 side=C res=2 off=59304 len=1
RLTRACE t_ns=859222912934777 stage=T7 side=C res=2 off=59308 len=1
RLTRACE t_ns=859222913397931 stage=T8 side=C res=1 tail=341996
RLTRACE t_ns=859222920908424 stage=T8 side=C res=1 tail=342116
RLTRACE t_ns=859222929146403 stage=T7 side=C res=2 off=59312 len=1
RLTRACE t_ns=859222929343257 stage=T8 side=C res=1 tail=342176
[wp-proxy] forward obj 3 opcode 1 (3 args)
[wp-proxy] forward obj 3 opcode 9 (4 args)
[wp-proxy] objects+ app_obj=22 wl_callback
[wp-proxy] forward obj 3 opcode 3 (1 args)
[wp-proxy] forward obj 3 opcode 6 (0 args)
[wp-proxy] objects- app_obj=22 wl_callback (was_known=false)
[wp-event][C] delivered app_obj=21 wl_buffer.release args=0
[wp-event][C] delivered app_obj=22 wl_callback.done args=1
RLTRACE t_ns=859222945237348 stage=T7 side=C res=2 off=59320 len=1
RLTRACE t_ns=859222945294727 stage=T7 side=C res=2 off=59328 len=1
RLTRACE t_ns=859222945598154 stage=T8 side=C res=1 tail=342332
RLTRACE t_ns=859222972583146 stage=T7 side=C res=2 off=59336 len=1
RLTRACE t_ns=859222972623904 stage=T7 side=C res=2 off=59340 len=1
RLTRACE t_ns=859222972737537 stage=T8 side=C res=1 tail=343256
RLTRACE t_ns=859222982421385 stage=T8 side=C res=1 tail=343376
RLTRACE t_ns=859222991491510 stage=T7 side=C res=2 off=59344 len=1
RLTRACE t_ns=859222991670453 stage=T8 side=C res=1 tail=343412
RLTRACE t_ns=859222996229712 stage=T8 side=C res=1 tail=343436
[wp-proxy] forward obj 3 opcode 1 (3 args)
[wp-proxy] forward obj 3 opcode 9 (4 args)
[wp-proxy] objects+ app_obj=22 wl_callback
[wp-proxy] forward obj 3 opcode 3 (1 args)
[wp-proxy] forward obj 3 opcode 6 (0 args)
[wp-proxy] objects- app_obj=22 wl_callback (was_known=false)
[wp-event][C] delivered app_obj=23 wl_buffer.release args=0
[wp-event][C] delivered app_obj=22 wl_callback.done args=1
RLTRACE t_ns=859223010521388 stage=T7 side=C res=2 off=59352 len=1
RLTRACE t_ns=859223010558212 stage=T7 side=C res=2 off=59360 len=1
RLTRACE t_ns=859223011018024 stage=T8 side=C res=1 tail=343592
RLTRACE t_ns=859223029077165 stage=T7 side=C res=2 off=59368 len=1
RLTRACE t_ns=859223029117980 stage=T7 side=C res=2 off=59372 len=1
RLTRACE t_ns=859223029171402 stage=T8 side=C res=1 tail=344432
RLTRACE t_ns=859223036779295 stage=T8 side=C res=1 tail=344636
RLTRACE t_ns=859223044879326 stage=T7 side=C res=2 off=59376 len=1
RLTRACE t_ns=859223045135357 stage=T8 side=C res=1 tail=344696
[wp-proxy] forward obj 3 opcode 1 (3 args)
[wp-proxy] forward obj 3 opcode 9 (4 args)
[wp-proxy] objects+ app_obj=22 wl_callback
[wp-proxy] forward obj 3 opcode 3 (1 args)
[wp-proxy] forward obj 3 opcode 6 (0 args)
[wp-proxy] objects- app_obj=22 wl_callback (was_known=false)
[wp-event][C] delivered app_obj=17 wl_buffer.release args=0
[wp-event][C] delivered app_obj=22 wl_callback.done args=1
RLTRACE t_ns=859223063677214 stage=T7 side=C res=2 off=59384 len=1
RLTRACE t_ns=859223063709095 stage=T7 side=C res=2 off=59392 len=1
RLTRACE t_ns=859223064187533 stage=T8 side=C res=1 tail=344768
RLTRACE t_ns=859223071104605 stage=T8 side=C res=1 tail=344852
RLTRACE t_ns=859223091824926 stage=T7 side=C res=2 off=59400 len=1
RLTRACE t_ns=859223091854354 stage=T7 side=C res=2 off=59404 len=1
RLTRACE t_ns=859223092246471 stage=T8 side=C res=1 tail=345896
RLTRACE t_ns=859223105561651 stage=T7 side=C res=2 off=59408 len=1
RLTRACE t_ns=859223105648609 stage=T8 side=C res=1 tail=345956
[wp-proxy] forward obj 3 opcode 1 (3 args)
[wp-proxy] forward obj 3 opcode 9 (4 args)
[wp-proxy] objects+ app_obj=22 wl_callback
[wp-proxy] forward obj 3 opcode 3 (1 args)
[wp-proxy] forward obj 3 opcode 6 (0 args)
[wp-proxy] objects- app_obj=22 wl_callback (was_known=false)
[wp-event][C] delivered app_obj=19 wl_buffer.release args=0
[wp-event][C] delivered app_obj=22 wl_callback.done args=1
RLTRACE t_ns=859223122015036 stage=T8 side=C res=1 tail=345992
RLTRACE t_ns=859223127482741 stage=T7 side=C res=2 off=59416 len=1
RLTRACE t_ns=859223127499469 stage=T7 side=C res=2 off=59424 len=1
RLTRACE t_ns=859223127971373 stage=T8 side=C res=1 tail=346112
RLTRACE t_ns=859223148656086 stage=T7 side=C res=2 off=59432 len=1
RLTRACE t_ns=859223148676152 stage=T7 side=C res=2 off=59436 len=1
RLTRACE t_ns=859223148918801 stage=T8 side=C res=1 tail=347156
RLTRACE t_ns=859223163472602 stage=T7 side=C res=2 off=59440 len=1
RLTRACE t_ns=859223163658382 stage=T8 side=C res=1 tail=347216
[wp-proxy] forward obj 3 opcode 1 (3 args)
[wp-proxy] forward obj 3 opcode 9 (4 args)
[wp-proxy] objects+ app_obj=22 wl_callback
[wp-proxy] forward obj 3 opcode 3 (1 args)
[wp-proxy] forward obj 3 opcode 6 (0 args)
[wp-proxy] objects- app_obj=22 wl_callback (was_known=false)
[wp-event][C] delivered app_obj=21 wl_buffer.release args=0
[wp-event][C] delivered app_obj=22 wl_callback.done args=1
RLTRACE t_ns=859223176957462 stage=T7 side=C res=2 off=59448 len=1
RLTRACE t_ns=859223176969131 stage=T7 side=C res=2 off=59456 len=1
RLTRACE t_ns=859223176991567 stage=T8 side=C res=1 tail=347372
RLTRACE t_ns=859223191966946 stage=T7 side=C res=2 off=59464 len=1
RLTRACE t_ns=859223191987994 stage=T7 side=C res=2 off=59468 len=1
RLTRACE t_ns=859223192021164 stage=T8 side=C res=1 tail=348416
RLTRACE t_ns=859223206441436 stage=T7 side=C res=2 off=59472 len=1
RLTRACE t_ns=859223206522447 stage=T8 side=C res=1 tail=348476
[wp-proxy] forward obj 3 opcode 1 (3 args)
[wp-proxy] forward obj 3 opcode 9 (4 args)
[wp-proxy] objects+ app_obj=22 wl_callback
[wp-proxy] forward obj 3 opcode 3 (1 args)
[wp-proxy] forward obj 3 opcode 6 (0 args)
[wp-proxy] objects- app_obj=22 wl_callback (was_known=false)
[wp-event][C] delivered app_obj=23 wl_buffer.release args=0
[wp-event][C] delivered app_obj=22 wl_callback.done args=1
RLTRACE t_ns=859223221324490 stage=T7 side=C res=2 off=59480 len=1
RLTRACE t_ns=859223221335659 stage=T7 side=C res=2 off=59488 len=1
RLTRACE t_ns=859223221699154 stage=T8 side=C res=1 tail=348632
RLTRACE t_ns=859223239792231 stage=T7 side=C res=2 off=59496 len=1
RLTRACE t_ns=859223239806345 stage=T7 side=C res=2 off=59500 len=1
RLTRACE t_ns=859223240254954 stage=T8 side=C res=1 tail=349084
RLTRACE t_ns=859223246767254 stage=T8 side=C res=1 tail=349676
RLTRACE t_ns=859223254318103 stage=T7 side=C res=2 off=59504 len=1
RLTRACE t_ns=859223254591334 stage=T8 side=C res=1 tail=349736
[wp-proxy] forward obj 3 opcode 1 (3 args)
[wp-proxy] forward obj 3 opcode 9 (4 args)
[wp-proxy] objects+ app_obj=22 wl_callback
[wp-proxy] forward obj 3 opcode 3 (1 args)
[wp-proxy] forward obj 3 opcode 6 (0 args)
[wp-proxy] objects- app_obj=22 wl_callback (was_known=false)
[wp-event][C] delivered app_obj=17 wl_buffer.release args=0
[wp-event][C] delivered app_obj=22 wl_callback.done args=1
RLTRACE t_ns=859223268921480 stage=T7 side=C res=2 off=59512 len=1
RLTRACE t_ns=859223268965781 stage=T7 side=C res=2 off=59520 len=1
RLTRACE t_ns=859223269371851 stage=T8 side=C res=1 tail=349808
RLTRACE t_ns=859223274055015 stage=T8 side=C res=1 tail=349892
RLTRACE t_ns=859223295025282 stage=T7 side=C res=2 off=59528 len=1
RLTRACE t_ns=859223295457986 stage=T7 side=C res=2 off=59532 len=1
RLTRACE t_ns=859223296022848 stage=T8 side=C res=1 tail=349928
RLTRACE t_ns=859223302891637 stage=T8 side=C res=1 tail=350936
RLTRACE t_ns=859223322199656 stage=T7 side=C res=2 off=59536 len=1
RLTRACE t_ns=859223322761555 stage=T8 side=C res=1 tail=350996
[wp-proxy] forward obj 3 opcode 1 (3 args)
[wp-proxy] forward obj 3 opcode 9 (4 args)
[wp-proxy] objects+ app_obj=22 wl_callback
[wp-proxy] forward obj 3 opcode 3 (1 args)
[wp-proxy] forward obj 3 opcode 6 (0 args)
[wp-proxy] objects- app_obj=22 wl_callback (was_known=false)
[wp-event][C] delivered app_obj=19 wl_buffer.release args=0
[wp-event][C] delivered app_obj=22 wl_callback.done args=1
RLTRACE t_ns=859223339042273 stage=T7 side=C res=2 off=59544 len=1
RLTRACE t_ns=859223339063030 stage=T7 side=C res=2 off=59552 len=1
RLTRACE t_ns=859223339436334 stage=T8 side=C res=1 tail=351152
RLTRACE t_ns=859223359044016 stage=T7 side=C res=2 off=59560 len=1
RLTRACE t_ns=859223359067161 stage=T7 side=C res=2 off=59564 len=1
RLTRACE t_ns=859223359370471 stage=T8 side=C res=1 tail=351188
RLTRACE t_ns=859223366648328 stage=T8 side=C res=1 tail=352196
RLTRACE t_ns=859223390207427 stage=T7 side=C res=2 off=59568 len=1
RLTRACE t_ns=859223390724402 stage=T8 side=C res=1 tail=352232
RLTRACE t_ns=859223398725090 stage=T8 side=C res=1 tail=352256
[wp-proxy] forward obj 3 opcode 1 (3 args)
[wp-proxy] forward obj 3 opcode 9 (4 args)
[wp-proxy] objects+ app_obj=22 wl_callback
[wp-proxy] forward obj 3 opcode 3 (1 args)
[wp-proxy] forward obj 3 opcode 6 (0 args)
[wp-proxy] objects- app_obj=22 wl_callback (was_known=false)
[wp-event][C] delivered app_obj=21 wl_buffer.release args=0
[wp-event][C] delivered app_obj=22 wl_callback.done args=1
RLTRACE t_ns=859223428315200 stage=T7 side=C res=2 off=59576 len=1
RLTRACE t_ns=859223428436047 stage=T7 side=C res=2 off=59584 len=1
RLTRACE t_ns=859223428919327 stage=T8 side=C res=1 tail=352412
RLTRACE t_ns=859223473278843 stage=T7 side=C res=2 off=59592 len=1
RLTRACE t_ns=859223473308529 stage=T7 side=C res=2 off=59596 len=1
RLTRACE t_ns=859223473490914 stage=T8 side=C res=1 tail=353336
RLTRACE t_ns=859223480743870 stage=T8 side=C res=1 tail=353456
RLTRACE t_ns=859223489190032 stage=T7 side=C res=2 off=59600 len=1
RLTRACE t_ns=859223489334870 stage=T8 side=C res=1 tail=353516
[wp-proxy] forward obj 3 opcode 1 (3 args)
[wp-proxy] forward obj 3 opcode 9 (4 args)
[wp-proxy] objects+ app_obj=22 wl_callback
[wp-proxy] forward obj 3 opcode 3 (1 args)
[wp-proxy] forward obj 3 opcode 6 (0 args)
[wp-proxy] objects- app_obj=22 wl_callback (was_known=false)
[wp-event][C] delivered app_obj=23 wl_buffer.release args=0
[wp-event][C] delivered app_obj=22 wl_callback.done args=1
RLTRACE t_ns=859223503447396 stage=T7 side=C res=2 off=59608 len=1
RLTRACE t_ns=859223503654659 stage=T7 side=C res=2 off=59616 len=1
RLTRACE t_ns=859223503958454 stage=T8 side=C res=1 tail=353672
RLTRACE t_ns=859223526916610 stage=T7 side=C res=2 off=59624 len=1
RLTRACE t_ns=859223526972364 stage=T7 side=C res=2 off=59628 len=1
RLTRACE t_ns=859223527534616 stage=T8 side=C res=1 tail=354596
RLTRACE t_ns=859223536565970 stage=T8 side=C res=1 tail=354716
RLTRACE t_ns=859223549248874 stage=T7 side=C res=2 off=59632 len=1
RLTRACE t_ns=859223549587556 stage=T8 side=C res=1 tail=354776
[wp-proxy] forward obj 3 opcode 1 (3 args)
[wp-proxy] forward obj 3 opcode 9 (4 args)
[wp-proxy] objects+ app_obj=22 wl_callback
[wp-proxy] forward obj 3 opcode 3 (1 args)
[wp-proxy] forward obj 3 opcode 6 (0 args)
[wp-proxy] objects- app_obj=22 wl_callback (was_known=false)
[wp-event][C] delivered app_obj=17 wl_buffer.release args=0
[wp-event][C] delivered app_obj=22 wl_callback.done args=1
RLTRACE t_ns=859223577665903 stage=T7 side=C res=2 off=59640 len=1
RLTRACE t_ns=859223577730867 stage=T7 side=C res=2 off=59648 len=1
RLTRACE t_ns=859223578103901 stage=T8 side=C res=1 tail=354932
RLTRACE t_ns=859223611233562 stage=T7 side=C res=2 off=59656 len=1
RLTRACE t_ns=859223611275849 stage=T7 side=C res=2 off=59660 len=1
RLTRACE t_ns=859223611735807 stage=T8 side=C res=1 tail=355168
RLTRACE t_ns=859223616559912 stage=T8 side=C res=1 tail=355976
RLTRACE t_ns=859223623194546 stage=T7 side=C res=2 off=59664 len=1
RLTRACE t_ns=859223623463493 stage=T8 side=C res=1 tail=356036
[wp-proxy] forward obj 3 opcode 1 (3 args)
[wp-proxy] forward obj 3 opcode 9 (4 args)
[wp-proxy] objects+ app_obj=22 wl_callback
[wp-proxy] forward obj 3 opcode 3 (1 args)
[wp-proxy] forward obj 3 opcode 6 (0 args)
[wp-proxy] objects- app_obj=22 wl_callback (was_known=false)
[wp-event][C] delivered app_obj=19 wl_buffer.release args=0
[wp-event][C] delivered app_obj=22 wl_callback.done args=1
RLTRACE t_ns=859223635935541 stage=T7 side=C res=2 off=59672 len=1
RLTRACE t_ns=859223635969761 stage=T7 side=C res=2 off=59680 len=1
RLTRACE t_ns=859223636285506 stage=T8 side=C res=1 tail=356192
RLTRACE t_ns=859223649825437 stage=T7 side=C res=2 off=59688 len=1
RLTRACE t_ns=859223649871201 stage=T7 side=C res=2 off=59692 len=1
RLTRACE t_ns=859223650090285 stage=T8 side=C res=1 tail=357236
RLTRACE t_ns=859223662860182 stage=T7 side=C res=2 off=59696 len=1
RLTRACE t_ns=859223663174710 stage=T8 side=C res=1 tail=357296
[wp-proxy] forward obj 3 opcode 1 (3 args)
[wp-proxy] forward obj 3 opcode 9 (4 args)
[wp-proxy] objects+ app_obj=22 wl_callback
[wp-proxy] forward obj 3 opcode 3 (1 args)
[wp-proxy] forward obj 3 opcode 6 (0 args)
[wp-proxy] objects- app_obj=22 wl_callback (was_known=false)
[wp-event][C] delivered app_obj=21 wl_buffer.release args=0
[wp-event][C] delivered app_obj=22 wl_callback.done args=1
RLTRACE t_ns=859223676489071 stage=T7 side=C res=2 off=59704 len=1
RLTRACE t_ns=859223676541600 stage=T7 side=C res=2 off=59712 len=1
RLTRACE t_ns=859223676789871 stage=T8 side=C res=1 tail=357452
RLTRACE t_ns=859223712617706 stage=T7 side=C res=2 off=59720 len=1
RLTRACE t_ns=859223712683627 stage=T7 side=C res=2 off=59724 len=1
RLTRACE t_ns=859223712845355 stage=T8 side=C res=1 tail=358376
RLTRACE t_ns=859223721884954 stage=T8 side=C res=1 tail=358496
RLTRACE t_ns=859223736425283 stage=T7 side=C res=2 off=59728 len=1
RLTRACE t_ns=859223736743975 stage=T8 side=C res=1 tail=358556
[wp-proxy] forward obj 3 opcode 1 (3 args)
[wp-proxy] forward obj 3 opcode 9 (4 args)
[wp-proxy] objects+ app_obj=22 wl_callback
[wp-proxy] forward obj 3 opcode 3 (1 args)
[wp-proxy] forward obj 3 opcode 6 (0 args)
[wp-proxy] objects- app_obj=22 wl_callback (was_known=false)
[wp-event][C] delivered app_obj=23 wl_buffer.release args=0
[wp-event][C] delivered app_obj=22 wl_callback.done args=1
RLTRACE t_ns=859223759275968 stage=T7 side=C res=2 off=59736 len=1
RLTRACE t_ns=859223759329350 stage=T7 side=C res=2 off=59744 len=1
RLTRACE t_ns=859223759527957 stage=T8 side=C res=1 tail=358712
RLTRACE t_ns=859223785407912 stage=T7 side=C res=2 off=59752 len=1
RLTRACE t_ns=859223785486311 stage=T7 side=C res=2 off=59756 len=1
RLTRACE t_ns=859223786081261 stage=T8 side=C res=1 tail=359636
RLTRACE t_ns=859223795512739 stage=T8 side=C res=1 tail=359756
RLTRACE t_ns=859223809448938 stage=T7 side=C res=2 off=59760 len=1
RLTRACE t_ns=859223809865387 stage=T8 side=C res=1 tail=359816
[wp-proxy] forward obj 3 opcode 1 (3 args)
[wp-proxy] forward obj 3 opcode 9 (4 args)
[wp-proxy] objects+ app_obj=22 wl_callback
[wp-proxy] forward obj 3 opcode 3 (1 args)
[wp-proxy] forward obj 3 opcode 6 (0 args)
[wp-proxy] objects- app_obj=22 wl_callback (was_known=false)
[wp-event][C] delivered app_obj=17 wl_buffer.release args=0
[wp-event][C] delivered app_obj=22 wl_callback.done args=1
RLTRACE t_ns=859223838478091 stage=T7 side=C res=2 off=59768 len=1
RLTRACE t_ns=859223838547843 stage=T7 side=C res=2 off=59776 len=1
RLTRACE t_ns=859223838960847 stage=T8 side=C res=1 tail=359972
RLTRACE t_ns=859223874913704 stage=T7 side=C res=2 off=59784 len=1
RLTRACE t_ns=859223874969372 stage=T7 side=C res=2 off=59788 len=1
RLTRACE t_ns=859223875078340 stage=T8 side=C res=1 tail=360896
RLTRACE t_ns=859223883187121 stage=T8 side=C res=1 tail=361016
RLTRACE t_ns=859223897621791 stage=T7 side=C res=2 off=59792 len=1
RLTRACE t_ns=859223898222007 stage=T8 side=C res=1 tail=361076
[wp-proxy] forward obj 3 opcode 1 (3 args)
[wp-proxy] forward obj 3 opcode 9 (4 args)
[wp-proxy] objects+ app_obj=22 wl_callback
[wp-proxy] forward obj 3 opcode 3 (1 args)
[wp-proxy] forward obj 3 opcode 6 (0 args)
[wp-proxy] objects- app_obj=22 wl_callback (was_known=false)
[wp-event][C] delivered app_obj=19 wl_buffer.release args=0
[wp-event][C] delivered app_obj=22 wl_callback.done args=1
RLTRACE t_ns=859223914387815 stage=T7 side=C res=2 off=59800 len=1
RLTRACE t_ns=859223914423021 stage=T7 side=C res=2 off=59808 len=1
RLTRACE t_ns=859223914625678 stage=T8 side=C res=1 tail=361232
RLTRACE t_ns=859223934974601 stage=T7 side=C res=2 off=59816 len=1
RLTRACE t_ns=859223935034813 stage=T7 side=C res=2 off=59820 len=1
RLTRACE t_ns=859223935460148 stage=T8 side=C res=1 tail=361536
RLTRACE t_ns=859223939121697 stage=T8 side=C res=1 tail=362276
RLTRACE t_ns=859223947083107 stage=T7 side=C res=2 off=59824 len=1
RLTRACE t_ns=859223947446196 stage=T8 side=C res=1 tail=362336
[wp-proxy] forward obj 3 opcode 1 (3 args)
[wp-proxy] forward obj 3 opcode 9 (4 args)
[wp-proxy] objects+ app_obj=22 wl_callback
[wp-proxy] forward obj 3 opcode 3 (1 args)
[wp-proxy] forward obj 3 opcode 6 (0 args)
[wp-proxy] objects- app_obj=22 wl_callback (was_known=false)
[wp-event][C] delivered app_obj=21 wl_buffer.release args=0
[wp-event][C] delivered app_obj=22 wl_callback.done args=1
RLTRACE t_ns=859223962037392 stage=T7 side=C res=2 off=59832 len=1
RLTRACE t_ns=859223962073659 stage=T7 side=C res=2 off=59840 len=1
RLTRACE t_ns=859223962681545 stage=T8 side=C res=1 tail=362492
RLTRACE t_ns=859223981687590 stage=T7 side=C res=2 off=59848 len=1
RLTRACE t_ns=859223981762012 stage=T7 side=C res=2 off=59852 len=1
RLTRACE t_ns=859223982303534 stage=T8 side=C res=1 tail=363536
RLTRACE t_ns=859224009320588 stage=T7 side=C res=2 off=59856 len=1
RLTRACE t_ns=859224009829249 stage=T8 side=C res=1 tail=363596
[wp-proxy] forward obj 3 opcode 1 (3 args)
[wp-proxy] forward obj 3 opcode 9 (4 args)
[wp-proxy] objects+ app_obj=22 wl_callback
[wp-proxy] forward obj 3 opcode 3 (1 args)
[wp-proxy] forward obj 3 opcode 6 (0 args)
[wp-proxy] objects- app_obj=22 wl_callback (was_known=false)
[wp-event][C] delivered app_obj=23 wl_buffer.release args=0
[wp-event][C] delivered app_obj=22 wl_callback.done args=1
RLTRACE t_ns=859224041399113 stage=T7 side=C res=2 off=59864 len=1
RLTRACE t_ns=859224041454178 stage=T7 side=C res=2 off=59872 len=1
RLTRACE t_ns=859224041789083 stage=T8 side=C res=1 tail=363752
RLTRACE t_ns=859224084083901 stage=T7 side=C res=2 off=59880 len=1
RLTRACE t_ns=859224084156830 stage=T7 side=C res=2 off=59884 len=1
RLTRACE t_ns=859224084256267 stage=T8 side=C res=1 tail=363788
RLTRACE t_ns=859224090190861 stage=T8 side=C res=1 tail=364796
RLTRACE t_ns=859224110465626 stage=T7 side=C res=2 off=59888 len=1
RLTRACE t_ns=859224110703562 stage=T8 side=C res=1 tail=364832
RLTRACE t_ns=859224115297865 stage=T8 side=C res=1 tail=364856
[wp-proxy] forward obj 3 opcode 1 (3 args)
[wp-proxy] forward obj 3 opcode 9 (4 args)
[wp-proxy] objects+ app_obj=22 wl_callback
[wp-proxy] forward obj 3 opcode 3 (1 args)
[wp-proxy] forward obj 3 opcode 6 (0 args)
[wp-proxy] objects- app_obj=22 wl_callback (was_known=false)
[wp-event][C] delivered app_obj=17 wl_buffer.release args=0
[wp-event][C] delivered app_obj=22 wl_callback.done args=1
RLTRACE t_ns=859224130814357 stage=T7 side=C res=2 off=59896 len=1
RLTRACE t_ns=859224130860847 stage=T7 side=C res=2 off=59904 len=1
RLTRACE t_ns=859224130934493 stage=T8 side=C res=1 tail=365012
RLTRACE t_ns=859224147584908 stage=T7 side=C res=2 off=59912 len=1
RLTRACE t_ns=859224147622574 stage=T7 side=C res=2 off=59916 len=1
RLTRACE t_ns=859224147962403 stage=T8 side=C res=1 tail=365936
RLTRACE t_ns=859224153445047 stage=T8 side=C res=1 tail=366056
RLTRACE t_ns=859224163504613 stage=T7 side=C res=2 off=59920 len=1
RLTRACE t_ns=859224163644924 stage=T8 side=C res=1 tail=366116
[wp-proxy] forward obj 3 opcode 1 (3 args)
[wp-proxy] forward obj 3 opcode 9 (4 args)
[wp-proxy] objects+ app_obj=22 wl_callback
[wp-proxy] forward obj 3 opcode 3 (1 args)
[wp-proxy] forward obj 3 opcode 6 (0 args)
[wp-proxy] objects- app_obj=22 wl_callback (was_known=false)
[wp-event][C] delivered app_obj=19 wl_buffer.release args=0
[wp-event][C] delivered app_obj=22 wl_callback.done args=1
RLTRACE t_ns=859224174823250 stage=T7 side=C res=2 off=59928 len=1
RLTRACE t_ns=859224174848582 stage=T7 side=C res=2 off=59936 len=1
RLTRACE t_ns=859224174974053 stage=T8 side=C res=1 tail=366272
RLTRACE t_ns=859224187656955 stage=T7 side=C res=2 off=59944 len=1
RLTRACE t_ns=859224187690148 stage=T7 side=C res=2 off=59948 len=1
RLTRACE t_ns=859224188202736 stage=T8 side=C res=1 tail=366308
RLTRACE t_ns=859224191011691 stage=T8 side=C res=1 tail=367316
RLTRACE t_ns=859224206515365 stage=T7 side=C res=2 off=59952 len=1
RLTRACE t_ns=859224206838944 stage=T8 side=C res=1 tail=367376
[wp-proxy] forward obj 3 opcode 1 (3 args)
[wp-proxy] forward obj 3 opcode 9 (4 args)
[wp-proxy] objects+ app_obj=22 wl_callback
[wp-proxy] forward obj 3 opcode 3 (1 args)
[wp-proxy] forward obj 3 opcode 6 (0 args)
[wp-proxy] objects- app_obj=22 wl_callback (was_known=false)
[wp-event][C] delivered app_obj=21 wl_buffer.release args=0
[wp-event][C] delivered app_obj=22 wl_callback.done args=1
RLTRACE t_ns=859224225194906 stage=T7 side=C res=2 off=59960 len=1
RLTRACE t_ns=859224225219706 stage=T7 side=C res=2 off=59968 len=1
RLTRACE t_ns=859224225703357 stage=T8 side=C res=1 tail=367532
RLTRACE t_ns=859224255730245 stage=T7 side=C res=2 off=59976 len=1
RLTRACE t_ns=859224255743492 stage=T7 side=C res=2 off=59980 len=1
RLTRACE t_ns=859224255898084 stage=T8 side=C res=1 tail=368456
RLTRACE t_ns=859224259652607 stage=T8 side=C res=1 tail=368576
RLTRACE t_ns=859224268720362 stage=T7 side=C res=2 off=59984 len=1
RLTRACE t_ns=859224269330804 stage=T8 side=C res=1 tail=368636
[wp-proxy] forward obj 3 opcode 1 (3 args)
[wp-proxy] forward obj 3 opcode 9 (4 args)
[wp-proxy] objects+ app_obj=22 wl_callback
[wp-proxy] forward obj 3 opcode 3 (1 args)
[wp-proxy] forward obj 3 opcode 6 (0 args)
[wp-proxy] objects- app_obj=22 wl_callback (was_known=false)
[wp-event][C] delivered app_obj=23 wl_buffer.release args=0
[wp-event][C] delivered app_obj=22 wl_callback.done args=1
RLTRACE t_ns=859224290570008 stage=T7 side=C res=2 off=59992 len=1
RLTRACE t_ns=859224290639706 stage=T7 side=C res=2 off=60000 len=1
RLTRACE t_ns=859224291282878 stage=T8 side=C res=1 tail=368792
RLTRACE t_ns=859224328718443 stage=T7 side=C res=2 off=60008 len=1
RLTRACE t_ns=859224328738043 stage=T7 side=C res=2 off=60012 len=1
RLTRACE t_ns=859224329061318 stage=T8 side=C res=1 tail=369096
RLTRACE t_ns=859224333871464 stage=T8 side=C res=1 tail=369836
RLTRACE t_ns=859224340798746 stage=T7 side=C res=2 off=60016 len=1
RLTRACE t_ns=859224341086892 stage=T8 side=C res=1 tail=369896
[wp-proxy] forward obj 3 opcode 1 (3 args)
[wp-proxy] forward obj 3 opcode 9 (4 args)
[wp-proxy] objects+ app_obj=22 wl_callback
[wp-proxy] forward obj 3 opcode 3 (1 args)
[wp-proxy] forward obj 3 opcode 6 (0 args)
[wp-proxy] objects- app_obj=22 wl_callback (was_known=false)
[wp-event][C] delivered app_obj=17 wl_buffer.release args=0
[wp-event][C] delivered app_obj=22 wl_callback.done args=1
RLTRACE t_ns=859224354111790 stage=T7 side=C res=2 off=60024 len=1
RLTRACE t_ns=859224354122449 stage=T7 side=C res=2 off=60032 len=1
RLTRACE t_ns=859224354311170 stage=T8 side=C res=1 tail=369968
RLTRACE t_ns=859224356989413 stage=T8 side=C res=1 tail=370052
RLTRACE t_ns=859224373487179 stage=T7 side=C res=2 off=60040 len=1
RLTRACE t_ns=859224373504421 stage=T7 side=C res=2 off=60044 len=1
RLTRACE t_ns=859224374030553 stage=T8 side=C res=1 tail=370928
RLTRACE t_ns=859224379732186 stage=T8 side=C res=1 tail=371096
RLTRACE t_ns=859224387763907 stage=T7 side=C res=2 off=60048 len=1
RLTRACE t_ns=859224388007799 stage=T8 side=C res=1 tail=371156
[wp-proxy] forward obj 3 opcode 1 (3 args)
[wp-proxy] forward obj 3 opcode 9 (4 args)
[wp-proxy] objects+ app_obj=22 wl_callback
[wp-proxy] forward obj 3 opcode 3 (1 args)
[wp-proxy] forward obj 3 opcode 6 (0 args)
[wp-proxy] objects- app_obj=22 wl_callback (was_known=false)
[wp-event][C] delivered app_obj=19 wl_buffer.release args=0
[wp-event][C] delivered app_obj=22 wl_callback.done args=1
RLTRACE t_ns=859224401168686 stage=T7 side=C res=2 off=60056 len=1
RLTRACE t_ns=859224401188109 stage=T7 side=C res=2 off=60064 len=1
RLTRACE t_ns=859224401737051 stage=T8 side=C res=1 tail=371312
RLTRACE t_ns=859224414675050 stage=T7 side=C res=2 off=60072 len=1
RLTRACE t_ns=859224414699083 stage=T7 side=C res=2 off=60076 len=1
RLTRACE t_ns=859224415182159 stage=T8 side=C res=1 tail=372236
RLTRACE t_ns=859224421672786 stage=T8 side=C res=1 tail=372356
RLTRACE t_ns=859224428788362 stage=T7 side=C res=2 off=60080 len=1
RLTRACE t_ns=859224429019458 stage=T8 side=C res=1 tail=372416
[wp-proxy] forward obj 3 opcode 1 (3 args)
[wp-proxy] forward obj 3 opcode 9 (4 args)
[wp-proxy] objects+ app_obj=22 wl_callback
[wp-proxy] forward obj 3 opcode 3 (1 args)
[wp-proxy] forward obj 3 opcode 6 (0 args)
[wp-proxy] objects- app_obj=22 wl_callback (was_known=false)
[wp-event][C] delivered app_obj=21 wl_buffer.release args=0
[wp-event][C] delivered app_obj=22 wl_callback.done args=1
RLTRACE t_ns=859224451283831 stage=T7 side=C res=2 off=60088 len=1
RLTRACE t_ns=859224451327867 stage=T7 side=C res=2 off=60096 len=1
RLTRACE t_ns=859224451824613 stage=T8 side=C res=1 tail=372572
RLTRACE t_ns=859224477208886 stage=T7 side=C res=2 off=60104 len=1
RLTRACE t_ns=859224477244360 stage=T7 side=C res=2 off=60108 len=1
RLTRACE t_ns=859224477848220 stage=T8 side=C res=1 tail=373448
RLTRACE t_ns=859224487929714 stage=T8 side=C res=1 tail=373616
RLTRACE t_ns=859224497050873 stage=T7 side=C res=2 off=60112 len=1
RLTRACE t_ns=859224497297604 stage=T8 side=C res=1 tail=373676
[wp-proxy] forward obj 3 opcode 1 (3 args)
[wp-proxy] forward obj 3 opcode 9 (4 args)
[wp-proxy] objects+ app_obj=22 wl_callback
[wp-proxy] forward obj 3 opcode 3 (1 args)
[wp-proxy] forward obj 3 opcode 6 (0 args)
[wp-proxy] objects- app_obj=22 wl_callback (was_known=false)
[wp-event][C] delivered app_obj=23 wl_buffer.release args=0
[wp-event][C] delivered app_obj=22 wl_callback.done args=1
RLTRACE t_ns=859224513132542 stage=T7 side=C res=2 off=60120 len=1
RLTRACE t_ns=859224513196265 stage=T7 side=C res=2 off=60128 len=1
RLTRACE t_ns=859224513650936 stage=T8 side=C res=1 tail=373832
RLTRACE t_ns=859224540937705 stage=T7 side=C res=2 off=60136 len=1
RLTRACE t_ns=859224541334210 stage=T7 side=C res=2 off=60140 len=1
RLTRACE t_ns=859224541719848 stage=T8 side=C res=1 tail=373868
RLTRACE t_ns=859224548479398 stage=T8 side=C res=1 tail=374876
RLTRACE t_ns=859224577244405 stage=T7 side=C res=2 off=60144 len=1
RLTRACE t_ns=859224577858049 stage=T8 side=C res=1 tail=374936
[wp-proxy] forward obj 3 opcode 1 (3 args)
[wp-proxy] forward obj 3 opcode 9 (4 args)
[wp-proxy] objects+ app_obj=22 wl_callback
[wp-proxy] forward obj 3 opcode 3 (1 args)
[wp-proxy] forward obj 3 opcode 6 (0 args)
[wp-proxy] objects- app_obj=22 wl_callback (was_known=false)
[wp-event][C] delivered app_obj=17 wl_buffer.release args=0
[wp-event][C] delivered app_obj=22 wl_callback.done args=1
RLTRACE t_ns=859224610263872 stage=T7 side=C res=2 off=60152 len=1
RLTRACE t_ns=859224610316550 stage=T7 side=C res=2 off=60160 len=1
RLTRACE t_ns=859224610912455 stage=T8 side=C res=1 tail=375092
RLTRACE t_ns=859224638278204 stage=T7 side=C res=2 off=60168 len=1
RLTRACE t_ns=859224638357648 stage=T7 side=C res=2 off=60172 len=1
RLTRACE t_ns=859224638528502 stage=T8 side=C res=1 tail=376136
RLTRACE t_ns=859224658582654 stage=T7 side=C res=2 off=60176 len=1
RLTRACE t_ns=859224658884168 stage=T8 side=C res=1 tail=376172
RLTRACE t_ns=859224664796749 stage=T8 side=C res=1 tail=376196
[wp-proxy] forward obj 3 opcode 1 (3 args)
[wp-proxy] forward obj 3 opcode 9 (4 args)
[wp-proxy] objects+ app_obj=22 wl_callback
[wp-proxy] forward obj 3 opcode 3 (1 args)
[wp-proxy] forward obj 3 opcode 6 (0 args)
[wp-proxy] objects- app_obj=22 wl_callback (was_known=false)
[wp-event][C] delivered app_obj=19 wl_buffer.release args=0
[wp-event][C] delivered app_obj=22 wl_callback.done args=1
RLTRACE t_ns=859224688852868 stage=T7 side=C res=2 off=60184 len=1
RLTRACE t_ns=859224688909861 stage=T7 side=C res=2 off=60192 len=1
RLTRACE t_ns=859224689162783 stage=T8 side=C res=1 tail=376352
RLTRACE t_ns=859224724040960 stage=T7 side=C res=2 off=60200 len=1
RLTRACE t_ns=859224724135351 stage=T7 side=C res=2 off=60204 len=1
RLTRACE t_ns=859224724687588 stage=T8 side=C res=1 tail=377396
RLTRACE t_ns=859224750195564 stage=T7 side=C res=2 off=60208 len=1
RLTRACE t_ns=859224750411289 stage=T8 side=C res=1 tail=377456
[wp-proxy] forward obj 3 opcode 1 (3 args)
[wp-proxy] forward obj 3 opcode 9 (4 args)
[wp-proxy] objects+ app_obj=22 wl_callback
[wp-proxy] forward obj 3 opcode 3 (1 args)
[wp-proxy] forward obj 3 opcode 6 (0 args)
[wp-proxy] objects- app_obj=22 wl_callback (was_known=false)
[wp-event][C] delivered app_obj=21 wl_buffer.release args=0
[wp-event][C] delivered app_obj=22 wl_callback.done args=1
RLTRACE t_ns=859224784902659 stage=T7 side=C res=2 off=60216 len=1
RLTRACE t_ns=859224784978957 stage=T7 side=C res=2 off=60224 len=1
RLTRACE t_ns=859224785236953 stage=T8 side=C res=1 tail=377612
RLTRACE t_ns=859224814188141 stage=T8 side=C res=1 tail=377648
RLTRACE t_ns=859224829483395 stage=T7 side=C res=2 off=60232 len=1
RLTRACE t_ns=859224829535661 stage=T7 side=C res=2 off=60236 len=1
RLTRACE t_ns=859224829600875 stage=T8 side=C res=1 tail=378536
RLTRACE t_ns=859224835047649 stage=T8 side=C res=1 tail=378656
RLTRACE t_ns=859224846085449 stage=T7 side=C res=2 off=60240 len=1
RLTRACE t_ns=859224846723234 stage=T8 side=C res=1 tail=378716
[wp-proxy] forward obj 3 opcode 1 (3 args)
[wp-proxy] forward obj 3 opcode 9 (4 args)
[wp-proxy] objects+ app_obj=22 wl_callback
[wp-proxy] forward obj 3 opcode 3 (1 args)
[wp-proxy] forward obj 3 opcode 6 (0 args)
[wp-proxy] objects- app_obj=22 wl_callback (was_known=false)
[wp-event][C] delivered app_obj=23 wl_buffer.release args=0
[wp-event][C] delivered app_obj=22 wl_callback.done args=1
RLTRACE t_ns=859224871447317 stage=T7 side=C res=2 off=60248 len=1
RLTRACE t_ns=859224871480668 stage=T7 side=C res=2 off=60256 len=1
RLTRACE t_ns=859224872021784 stage=T8 side=C res=1 tail=378872
RLTRACE t_ns=859224898197780 stage=T7 side=C res=2 off=60264 len=1
RLTRACE t_ns=859224898235027 stage=T7 side=C res=2 off=60268 len=1
RLTRACE t_ns=859224898504043 stage=T8 side=C res=1 tail=379796
RLTRACE t_ns=859224909969136 stage=T8 side=C res=1 tail=379916
RLTRACE t_ns=859224921463158 stage=T7 side=C res=2 off=60272 len=1
RLTRACE t_ns=859224922129689 stage=T8 side=C res=1 tail=379976
[wp-proxy] forward obj 3 opcode 1 (3 args)
[wp-proxy] forward obj 3 opcode 9 (4 args)
[wp-proxy] objects+ app_obj=22 wl_callback
[wp-proxy] forward obj 3 opcode 3 (1 args)
[wp-proxy] forward obj 3 opcode 6 (0 args)
[wp-proxy] objects- app_obj=22 wl_callback (was_known=false)
[wp-event][C] delivered app_obj=17 wl_buffer.release args=0
[wp-event][C] delivered app_obj=22 wl_callback.done args=1
RLTRACE t_ns=859224950774286 stage=T7 side=C res=2 off=60280 len=1
RLTRACE t_ns=859224950863524 stage=T7 side=C res=2 off=60288 len=1
RLTRACE t_ns=859224951434894 stage=T8 side=C res=1 tail=380132
RLTRACE t_ns=859224985840801 stage=T7 side=C res=2 off=60296 len=1
RLTRACE t_ns=859224985951886 stage=T7 side=C res=2 off=60300 len=1
RLTRACE t_ns=859224986476053 stage=T8 side=C res=1 tail=381008
RLTRACE t_ns=859224994401823 stage=T8 side=C res=1 tail=381176
RLTRACE t_ns=859225006871819 stage=T7 side=C res=2 off=60304 len=1
RLTRACE t_ns=859225006993866 stage=T8 side=C res=1 tail=381212
RLTRACE t_ns=859225011005180 stage=T8 side=C res=1 tail=381236
[wp-proxy] forward obj 3 opcode 1 (3 args)
[wp-proxy] forward obj 3 opcode 9 (4 args)
[wp-proxy] objects+ app_obj=22 wl_callback
[wp-proxy] forward obj 3 opcode 3 (1 args)
[wp-proxy] forward obj 3 opcode 6 (0 args)
[wp-proxy] objects- app_obj=22 wl_callback (was_known=false)
[wp-event][C] delivered app_obj=19 wl_buffer.release args=0
[wp-event][C] delivered app_obj=22 wl_callback.done args=1
RLTRACE t_ns=859225027932934 stage=T7 side=C res=2 off=60312 len=1
RLTRACE t_ns=859225027991853 stage=T7 side=C res=2 off=60320 len=1
RLTRACE t_ns=859225028607072 stage=T8 side=C res=1 tail=381392
RLTRACE t_ns=859225055133901 stage=T7 side=C res=2 off=60328 len=1
RLTRACE t_ns=859225055184399 stage=T7 side=C res=2 off=60332 len=1
RLTRACE t_ns=859225055734532 stage=T8 side=C res=1 tail=382316
RLTRACE t_ns=859225066610892 stage=T8 side=C res=1 tail=382436
RLTRACE t_ns=859225080356189 stage=T7 side=C res=2 off=60336 len=1
RLTRACE t_ns=859225080959172 stage=T8 side=C res=1 tail=382472
RLTRACE t_ns=859225087232991 stage=T8 side=C res=1 tail=382496
[wp-proxy] forward obj 3 opcode 1 (3 args)
[wp-proxy] forward obj 3 opcode 9 (4 args)
[wp-proxy] objects+ app_obj=22 wl_callback
[wp-proxy] forward obj 3 opcode 3 (1 args)
[wp-proxy] forward obj 3 opcode 6 (0 args)
[wp-proxy] objects- app_obj=22 wl_callback (was_known=false)
[wp-event][C] delivered app_obj=21 wl_buffer.release args=0
[wp-event][C] delivered app_obj=22 wl_callback.done args=1
RLTRACE t_ns=859225101817719 stage=T7 side=C res=2 off=60344 len=1
RLTRACE t_ns=859225101889677 stage=T7 side=C res=2 off=60352 len=1
RLTRACE t_ns=859225102116359 stage=T8 side=C res=1 tail=382652
RLTRACE t_ns=859225128109214 stage=T7 side=C res=2 off=60360 len=1
RLTRACE t_ns=859225128172534 stage=T7 side=C res=2 off=60364 len=1
RLTRACE t_ns=859225128292831 stage=T8 side=C res=1 tail=383696
RLTRACE t_ns=859225146174300 stage=T7 side=C res=2 off=60368 len=1
RLTRACE t_ns=859225146302542 stage=T8 side=C res=1 tail=383756
[wp-proxy] forward obj 3 opcode 1 (3 args)
[wp-proxy] forward obj 3 opcode 9 (4 args)
[wp-proxy] objects+ app_obj=22 wl_callback
[wp-proxy] forward obj 3 opcode 3 (1 args)
[wp-proxy] forward obj 3 opcode 6 (0 args)
[wp-proxy] objects- app_obj=22 wl_callback (was_known=false)
[wp-event][C] delivered app_obj=23 wl_buffer.release args=0
[wp-event][C] delivered app_obj=22 wl_callback.done args=1
RLTRACE t_ns=859225177947357 stage=T7 side=C res=2 off=60376 len=1
RLTRACE t_ns=859225178040935 stage=T7 side=C res=2 off=60384 len=1
RLTRACE t_ns=859225178183280 stage=T8 side=C res=1 tail=383912
RLTRACE t_ns=859225205184649 stage=T7 side=C res=2 off=60392 len=1
RLTRACE t_ns=859225205224262 stage=T7 side=C res=2 off=60396 len=1
RLTRACE t_ns=859225205647418 stage=T8 side=C res=1 tail=384956
RLTRACE t_ns=859225222189317 stage=T7 side=C res=2 off=60400 len=1
RLTRACE t_ns=859225222764383 stage=T8 side=C res=1 tail=384992
RLTRACE t_ns=859225228072336 stage=T8 side=C res=1 tail=385016
[wp-proxy] forward obj 3 opcode 1 (3 args)
[wp-proxy] forward obj 3 opcode 9 (4 args)
[wp-proxy] objects+ app_obj=22 wl_callback
[wp-proxy] forward obj 3 opcode 3 (1 args)
[wp-proxy] forward obj 3 opcode 6 (0 args)
[wp-proxy] objects- app_obj=22 wl_callback (was_known=false)
[wp-event][C] delivered app_obj=17 wl_buffer.release args=0
[wp-event][C] delivered app_obj=22 wl_callback.done args=1
RLTRACE t_ns=859225242298711 stage=T7 side=C res=2 off=60408 len=1
RLTRACE t_ns=859225242345884 stage=T7 side=C res=2 off=60416 len=1
RLTRACE t_ns=859225242565046 stage=T8 side=C res=1 tail=385172
RLTRACE t_ns=859225279704593 stage=T7 side=C res=2 off=60424 len=1
RLTRACE t_ns=859225279768048 stage=T7 side=C res=2 off=60428 len=1
RLTRACE t_ns=859225280434457 stage=T8 side=C res=1 tail=385208
RLTRACE t_ns=859225287608988 stage=T8 side=C res=1 tail=386216
RLTRACE t_ns=859225305699238 stage=T7 side=C res=2 off=60432 len=1
RLTRACE t_ns=859225306012663 stage=T8 side=C res=1 tail=386276
[wp-proxy] forward obj 3 opcode 1 (3 args)
[wp-proxy] forward obj 3 opcode 9 (4 args)
[wp-proxy] objects+ app_obj=22 wl_callback
[wp-proxy] forward obj 3 opcode 3 (1 args)
[wp-proxy] forward obj 3 opcode 6 (0 args)
[wp-proxy] objects- app_obj=22 wl_callback (was_known=false)
[wp-event][C] delivered app_obj=19 wl_buffer.release args=0
[wp-event][C] delivered app_obj=22 wl_callback.done args=1
RLTRACE t_ns=859225326587537 stage=T7 side=C res=2 off=60440 len=1
RLTRACE t_ns=859225326780660 stage=T7 side=C res=2 off=60448 len=1
RLTRACE t_ns=859225326953350 stage=T8 side=C res=1 tail=386408
RLTRACE t_ns=859225334628818 stage=T8 side=C res=1 tail=386432
[wp-proxy] objects- app_obj=22 wl_callback (was_known=true)
[wp-proxy] objects- app_obj=3 wl_surface (was_known=true)
[wp-proxy] objects- app_obj=4 wl_compositor (was_known=true)
[wp-proxy] objects- app_obj=5 xdg_wm_base (was_known=true)
[wp-proxy] objects- app_obj=6 wl_seat (was_known=true)
[wp-proxy] objects- app_obj=7 xdg_surface (was_known=true)
[wp-proxy] objects- app_obj=8 xdg_toplevel (was_known=true)
[wp-proxy] objects- app_obj=11 zwp_linux_dmabuf_v1 (was_known=true)
[wp-proxy] objects- app_obj=17 wl_buffer (was_known=true)
[wp-proxy] objects- app_obj=19 wl_buffer (was_known=true)
[wp-proxy] objects- app_obj=21 wl_buffer (was_known=true)
[wp-proxy] objects- app_obj=23 wl_buffer (was_known=true)
