rayland-c: Wayland proxy listening at /tmp/rl-soak-wayland.sock; point the app at it with WAYLAND_DISPLAY
rayland-c: listening at /tmp/rl-soak.sock, relaying to S at 192.168.1.150:9407
rayland-c: point Mesa at it with:
  VN_DEBUG=vtest VTEST_SOCKET_NAME=/tmp/rl-soak.sock VK_ICD_FILENAMES=<...>/virtio_icd.x86_64.json <app>
[wp-proxy] proxy listening at /tmp/rl-soak-wayland.sock
C1METRICS elapsed_us=100831 app_connected_us=0 first_frame_us=0 first_frame_after_connect_us=0 round_trips=0 round_trip_wait_us=0 c2s_ring_msgs=0 c2s_ring_bytes=0 s2c_ring_msgs=0 s2c_ring_bytes=0 c2s_inline_msgs=0 c2s_inline_bytes=0 s2c_inline_msgs=0 s2c_inline_bytes=0 c2s_blob_sync_msgs=0 c2s_blob_sync_bytes=0 s2c_blob_sync_msgs=0 s2c_blob_sync_bytes=0 c2s_replies_msgs=0 c2s_replies_bytes=0 s2c_replies_msgs=0 s2c_replies_bytes=0 c2s_control_msgs=1 c2s_control_bytes=6 s2c_control_msgs=0 s2c_control_bytes=0 c2s_total_bytes=6 s2c_total_bytes=0
C1METRICS elapsed_us=201004 app_connected_us=0 first_frame_us=0 first_frame_after_connect_us=0 round_trips=0 round_trip_wait_us=0 c2s_ring_msgs=0 c2s_ring_bytes=0 s2c_ring_msgs=0 s2c_ring_bytes=0 c2s_inline_msgs=0 c2s_inline_bytes=0 s2c_inline_msgs=0 s2c_inline_bytes=0 c2s_blob_sync_msgs=0 c2s_blob_sync_bytes=0 s2c_blob_sync_msgs=0 s2c_blob_sync_bytes=0 c2s_replies_msgs=0 c2s_replies_bytes=0 s2c_replies_msgs=0 s2c_replies_bytes=0 c2s_control_msgs=1 c2s_control_bytes=6 s2c_control_msgs=0 s2c_control_bytes=0 c2s_total_bytes=6 s2c_total_bytes=0
C1METRICS elapsed_us=301499 app_connected_us=0 first_frame_us=0 first_frame_after_connect_us=0 round_trips=0 round_trip_wait_us=0 c2s_ring_msgs=0 c2s_ring_bytes=0 s2c_ring_msgs=0 s2c_ring_bytes=0 c2s_inline_msgs=0 c2s_inline_bytes=0 s2c_inline_msgs=0 s2c_inline_bytes=0 c2s_blob_sync_msgs=0 c2s_blob_sync_bytes=0 s2c_blob_sync_msgs=0 s2c_blob_sync_bytes=0 c2s_replies_msgs=0 c2s_replies_bytes=0 s2c_replies_msgs=0 s2c_replies_bytes=0 c2s_control_msgs=1 c2s_control_bytes=6 s2c_control_msgs=0 s2c_control_bytes=0 c2s_total_bytes=6 s2c_total_bytes=0
C1METRICS elapsed_us=401777 app_connected_us=0 first_frame_us=0 first_frame_after_connect_us=0 round_trips=0 round_trip_wait_us=0 c2s_ring_msgs=0 c2s_ring_bytes=0 s2c_ring_msgs=0 s2c_ring_bytes=0 c2s_inline_msgs=0 c2s_inline_bytes=0 s2c_inline_msgs=0 s2c_inline_bytes=0 c2s_blob_sync_msgs=0 c2s_blob_sync_bytes=0 s2c_blob_sync_msgs=0 s2c_blob_sync_bytes=0 c2s_replies_msgs=0 c2s_replies_bytes=0 s2c_replies_msgs=0 s2c_replies_bytes=0 c2s_control_msgs=1 c2s_control_bytes=6 s2c_control_msgs=0 s2c_control_bytes=0 c2s_total_bytes=6 s2c_total_bytes=0
C1METRICS elapsed_us=501935 app_connected_us=0 first_frame_us=0 first_frame_after_connect_us=0 round_trips=0 round_trip_wait_us=0 c2s_ring_msgs=0 c2s_ring_bytes=0 s2c_ring_msgs=0 s2c_ring_bytes=0 c2s_inline_msgs=0 c2s_inline_bytes=0 s2c_inline_msgs=0 s2c_inline_bytes=0 c2s_blob_sync_msgs=0 c2s_blob_sync_bytes=0 s2c_blob_sync_msgs=0 s2c_blob_sync_bytes=0 c2s_replies_msgs=0 c2s_replies_bytes=0 s2c_replies_msgs=0 s2c_replies_bytes=0 c2s_control_msgs=1 c2s_control_bytes=6 s2c_control_msgs=0 s2c_control_bytes=0 c2s_total_bytes=6 s2c_total_bytes=0
C1METRICS elapsed_us=602120 app_connected_us=0 first_frame_us=0 first_frame_after_connect_us=0 round_trips=0 round_trip_wait_us=0 c2s_ring_msgs=0 c2s_ring_bytes=0 s2c_ring_msgs=0 s2c_ring_bytes=0 c2s_inline_msgs=0 c2s_inline_bytes=0 s2c_inline_msgs=0 s2c_inline_bytes=0 c2s_blob_sync_msgs=0 c2s_blob_sync_bytes=0 s2c_blob_sync_msgs=0 s2c_blob_sync_bytes=0 c2s_replies_msgs=0 c2s_replies_bytes=0 s2c_replies_msgs=0 s2c_replies_bytes=0 c2s_control_msgs=1 c2s_control_bytes=6 s2c_control_msgs=0 s2c_control_bytes=0 c2s_total_bytes=6 s2c_total_bytes=0
C1METRICS elapsed_us=702234 app_connected_us=0 first_frame_us=0 first_frame_after_connect_us=0 round_trips=0 round_trip_wait_us=0 c2s_ring_msgs=0 c2s_ring_bytes=0 s2c_ring_msgs=0 s2c_ring_bytes=0 c2s_inline_msgs=0 c2s_inline_bytes=0 s2c_inline_msgs=0 s2c_inline_bytes=0 c2s_blob_sync_msgs=0 c2s_blob_sync_bytes=0 s2c_blob_sync_msgs=0 s2c_blob_sync_bytes=0 c2s_replies_msgs=0 c2s_replies_bytes=0 s2c_replies_msgs=0 s2c_replies_bytes=0 c2s_control_msgs=1 c2s_control_bytes=6 s2c_control_msgs=0 s2c_control_bytes=0 c2s_total_bytes=6 s2c_total_bytes=0
C1METRICS elapsed_us=802368 app_connected_us=0 first_frame_us=0 first_frame_after_connect_us=0 round_trips=0 round_trip_wait_us=0 c2s_ring_msgs=0 c2s_ring_bytes=0 s2c_ring_msgs=0 s2c_ring_bytes=0 c2s_inline_msgs=0 c2s_inline_bytes=0 s2c_inline_msgs=0 s2c_inline_bytes=0 c2s_blob_sync_msgs=0 c2s_blob_sync_bytes=0 s2c_blob_sync_msgs=0 s2c_blob_sync_bytes=0 c2s_replies_msgs=0 c2s_replies_bytes=0 s2c_replies_msgs=0 s2c_replies_bytes=0 c2s_control_msgs=1 c2s_control_bytes=6 s2c_control_msgs=0 s2c_control_bytes=0 c2s_total_bytes=6 s2c_total_bytes=0
C1METRICS elapsed_us=902520 app_connected_us=0 first_frame_us=0 first_frame_after_connect_us=0 round_trips=0 round_trip_wait_us=0 c2s_ring_msgs=0 c2s_ring_bytes=0 s2c_ring_msgs=0 s2c_ring_bytes=0 c2s_inline_msgs=0 c2s_inline_bytes=0 s2c_inline_msgs=0 s2c_inline_bytes=0 c2s_blob_sync_msgs=0 c2s_blob_sync_bytes=0 s2c_blob_sync_msgs=0 s2c_blob_sync_bytes=0 c2s_replies_msgs=0 c2s_replies_bytes=0 s2c_replies_msgs=0 s2c_replies_bytes=0 c2s_control_msgs=1 c2s_control_bytes=6 s2c_control_msgs=0 s2c_control_bytes=0 c2s_total_bytes=6 s2c_total_bytes=0
C1METRICS elapsed_us=1002651 app_connected_us=0 first_frame_us=0 first_frame_after_connect_us=0 round_trips=0 round_trip_wait_us=0 c2s_ring_msgs=0 c2s_ring_bytes=0 s2c_ring_msgs=0 s2c_ring_bytes=0 c2s_inline_msgs=0 c2s_inline_bytes=0 s2c_inline_msgs=0 s2c_inline_bytes=0 c2s_blob_sync_msgs=0 c2s_blob_sync_bytes=0 s2c_blob_sync_msgs=0 s2c_blob_sync_bytes=0 c2s_replies_msgs=0 c2s_replies_bytes=0 s2c_replies_msgs=0 s2c_replies_bytes=0 c2s_control_msgs=1 c2s_control_bytes=6 s2c_control_msgs=0 s2c_control_bytes=0 c2s_total_bytes=6 s2c_total_bytes=0
C1METRICS elapsed_us=1102828 app_connected_us=0 first_frame_us=0 first_frame_after_connect_us=0 round_trips=0 round_trip_wait_us=0 c2s_ring_msgs=0 c2s_ring_bytes=0 s2c_ring_msgs=0 s2c_ring_bytes=0 c2s_inline_msgs=0 c2s_inline_bytes=0 s2c_inline_msgs=0 s2c_inline_bytes=0 c2s_blob_sync_msgs=0 c2s_blob_sync_bytes=0 s2c_blob_sync_msgs=0 s2c_blob_sync_bytes=0 c2s_replies_msgs=0 c2s_replies_bytes=0 s2c_replies_msgs=0 s2c_replies_bytes=0 c2s_control_msgs=1 c2s_control_bytes=6 s2c_control_msgs=0 s2c_control_bytes=0 c2s_total_bytes=6 s2c_total_bytes=0
C1METRICS elapsed_us=1202957 app_connected_us=0 first_frame_us=0 first_frame_after_connect_us=0 round_trips=0 round_trip_wait_us=0 c2s_ring_msgs=0 c2s_ring_bytes=0 s2c_ring_msgs=0 s2c_ring_bytes=0 c2s_inline_msgs=0 c2s_inline_bytes=0 s2c_inline_msgs=0 s2c_inline_bytes=0 c2s_blob_sync_msgs=0 c2s_blob_sync_bytes=0 s2c_blob_sync_msgs=0 s2c_blob_sync_bytes=0 c2s_replies_msgs=0 c2s_replies_bytes=0 s2c_replies_msgs=0 s2c_replies_bytes=0 c2s_control_msgs=1 c2s_control_bytes=6 s2c_control_msgs=0 s2c_control_bytes=0 c2s_total_bytes=6 s2c_total_bytes=0
C1METRICS elapsed_us=1303054 app_connected_us=0 first_frame_us=0 first_frame_after_connect_us=0 round_trips=0 round_trip_wait_us=0 c2s_ring_msgs=0 c2s_ring_bytes=0 s2c_ring_msgs=0 s2c_ring_bytes=0 c2s_inline_msgs=0 c2s_inline_bytes=0 s2c_inline_msgs=0 s2c_inline_bytes=0 c2s_blob_sync_msgs=0 c2s_blob_sync_bytes=0 s2c_blob_sync_msgs=0 s2c_blob_sync_bytes=0 c2s_replies_msgs=0 c2s_replies_bytes=0 s2c_replies_msgs=0 s2c_replies_bytes=0 c2s_control_msgs=1 c2s_control_bytes=6 s2c_control_msgs=0 s2c_control_bytes=0 c2s_total_bytes=6 s2c_total_bytes=0
C1METRICS elapsed_us=1403141 app_connected_us=0 first_frame_us=0 first_frame_after_connect_us=0 round_trips=0 round_trip_wait_us=0 c2s_ring_msgs=0 c2s_ring_bytes=0 s2c_ring_msgs=0 s2c_ring_bytes=0 c2s_inline_msgs=0 c2s_inline_bytes=0 s2c_inline_msgs=0 s2c_inline_bytes=0 c2s_blob_sync_msgs=0 c2s_blob_sync_bytes=0 s2c_blob_sync_msgs=0 s2c_blob_sync_bytes=0 c2s_replies_msgs=0 c2s_replies_bytes=0 s2c_replies_msgs=0 s2c_replies_bytes=0 c2s_control_msgs=1 c2s_control_bytes=6 s2c_control_msgs=0 s2c_control_bytes=0 c2s_total_bytes=6 s2c_total_bytes=0
C1METRICS elapsed_us=1503256 app_connected_us=0 first_frame_us=0 first_frame_after_connect_us=0 round_trips=0 round_trip_wait_us=0 c2s_ring_msgs=0 c2s_ring_bytes=0 s2c_ring_msgs=0 s2c_ring_bytes=0 c2s_inline_msgs=0 c2s_inline_bytes=0 s2c_inline_msgs=0 s2c_inline_bytes=0 c2s_blob_sync_msgs=0 c2s_blob_sync_bytes=0 s2c_blob_sync_msgs=0 s2c_blob_sync_bytes=0 c2s_replies_msgs=0 c2s_replies_bytes=0 s2c_replies_msgs=0 s2c_replies_bytes=0 c2s_control_msgs=1 c2s_control_bytes=6 s2c_control_msgs=0 s2c_control_bytes=0 c2s_total_bytes=6 s2c_total_bytes=0
C1METRICS elapsed_us=1603579 app_connected_us=0 first_frame_us=0 first_frame_after_connect_us=0 round_trips=0 round_trip_wait_us=0 c2s_ring_msgs=0 c2s_ring_bytes=0 s2c_ring_msgs=0 s2c_ring_bytes=0 c2s_inline_msgs=0 c2s_inline_bytes=0 s2c_inline_msgs=0 s2c_inline_bytes=0 c2s_blob_sync_msgs=0 c2s_blob_sync_bytes=0 s2c_blob_sync_msgs=0 s2c_blob_sync_bytes=0 c2s_replies_msgs=0 c2s_replies_bytes=0 s2c_replies_msgs=0 s2c_replies_bytes=0 c2s_control_msgs=1 c2s_control_bytes=6 s2c_control_msgs=0 s2c_control_bytes=0 c2s_total_bytes=6 s2c_total_bytes=0
C1METRICS elapsed_us=1703698 app_connected_us=0 first_frame_us=0 first_frame_after_connect_us=0 round_trips=0 round_trip_wait_us=0 c2s_ring_msgs=0 c2s_ring_bytes=0 s2c_ring_msgs=0 s2c_ring_bytes=0 c2s_inline_msgs=0 c2s_inline_bytes=0 s2c_inline_msgs=0 s2c_inline_bytes=0 c2s_blob_sync_msgs=0 c2s_blob_sync_bytes=0 s2c_blob_sync_msgs=0 s2c_blob_sync_bytes=0 c2s_replies_msgs=0 c2s_replies_bytes=0 s2c_replies_msgs=0 s2c_replies_bytes=0 c2s_control_msgs=1 c2s_control_bytes=6 s2c_control_msgs=0 s2c_control_bytes=0 c2s_total_bytes=6 s2c_total_bytes=0
C1METRICS elapsed_us=1803808 app_connected_us=0 first_frame_us=0 first_frame_after_connect_us=0 round_trips=0 round_trip_wait_us=0 c2s_ring_msgs=0 c2s_ring_bytes=0 s2c_ring_msgs=0 s2c_ring_bytes=0 c2s_inline_msgs=0 c2s_inline_bytes=0 s2c_inline_msgs=0 s2c_inline_bytes=0 c2s_blob_sync_msgs=0 c2s_blob_sync_bytes=0 s2c_blob_sync_msgs=0 s2c_blob_sync_bytes=0 c2s_replies_msgs=0 c2s_replies_bytes=0 s2c_replies_msgs=0 s2c_replies_bytes=0 c2s_control_msgs=1 c2s_control_bytes=6 s2c_control_msgs=0 s2c_control_bytes=0 c2s_total_bytes=6 s2c_total_bytes=0
C1METRICS elapsed_us=1904257 app_connected_us=0 first_frame_us=0 first_frame_after_connect_us=0 round_trips=0 round_trip_wait_us=0 c2s_ring_msgs=0 c2s_ring_bytes=0 s2c_ring_msgs=0 s2c_ring_bytes=0 c2s_inline_msgs=0 c2s_inline_bytes=0 s2c_inline_msgs=0 s2c_inline_bytes=0 c2s_blob_sync_msgs=0 c2s_blob_sync_bytes=0 s2c_blob_sync_msgs=0 s2c_blob_sync_bytes=0 c2s_replies_msgs=0 c2s_replies_bytes=0 s2c_replies_msgs=0 s2c_replies_bytes=0 c2s_control_msgs=1 c2s_control_bytes=6 s2c_control_msgs=0 s2c_control_bytes=0 c2s_total_bytes=6 s2c_total_bytes=0
C1METRICS elapsed_us=2004379 app_connected_us=0 first_frame_us=0 first_frame_after_connect_us=0 round_trips=0 round_trip_wait_us=0 c2s_ring_msgs=0 c2s_ring_bytes=0 s2c_ring_msgs=0 s2c_ring_bytes=0 c2s_inline_msgs=0 c2s_inline_bytes=0 s2c_inline_msgs=0 s2c_inline_bytes=0 c2s_blob_sync_msgs=0 c2s_blob_sync_bytes=0 s2c_blob_sync_msgs=0 s2c_blob_sync_bytes=0 c2s_replies_msgs=0 c2s_replies_bytes=0 s2c_replies_msgs=0 s2c_replies_bytes=0 c2s_control_msgs=1 c2s_control_bytes=6 s2c_control_msgs=0 s2c_control_bytes=0 c2s_total_bytes=6 s2c_total_bytes=0
C1METRICS elapsed_us=2104508 app_connected_us=0 first_frame_us=0 first_frame_after_connect_us=0 round_trips=0 round_trip_wait_us=0 c2s_ring_msgs=0 c2s_ring_bytes=0 s2c_ring_msgs=0 s2c_ring_bytes=0 c2s_inline_msgs=0 c2s_inline_bytes=0 s2c_inline_msgs=0 s2c_inline_bytes=0 c2s_blob_sync_msgs=0 c2s_blob_sync_bytes=0 s2c_blob_sync_msgs=0 s2c_blob_sync_bytes=0 c2s_replies_msgs=0 c2s_replies_bytes=0 s2c_replies_msgs=0 s2c_replies_bytes=0 c2s_control_msgs=1 c2s_control_bytes=6 s2c_control_msgs=0 s2c_control_bytes=0 c2s_total_bytes=6 s2c_total_bytes=0
C1METRICS elapsed_us=2204818 app_connected_us=0 first_frame_us=0 first_frame_after_connect_us=0 round_trips=0 round_trip_wait_us=0 c2s_ring_msgs=0 c2s_ring_bytes=0 s2c_ring_msgs=0 s2c_ring_bytes=0 c2s_inline_msgs=0 c2s_inline_bytes=0 s2c_inline_msgs=0 s2c_inline_bytes=0 c2s_blob_sync_msgs=0 c2s_blob_sync_bytes=0 s2c_blob_sync_msgs=0 s2c_blob_sync_bytes=0 c2s_replies_msgs=0 c2s_replies_bytes=0 s2c_replies_msgs=0 s2c_replies_bytes=0 c2s_control_msgs=1 c2s_control_bytes=6 s2c_control_msgs=0 s2c_control_bytes=0 c2s_total_bytes=6 s2c_total_bytes=0
C1METRICS elapsed_us=2305319 app_connected_us=0 first_frame_us=0 first_frame_after_connect_us=0 round_trips=0 round_trip_wait_us=0 c2s_ring_msgs=0 c2s_ring_bytes=0 s2c_ring_msgs=0 s2c_ring_bytes=0 c2s_inline_msgs=0 c2s_inline_bytes=0 s2c_inline_msgs=0 s2c_inline_bytes=0 c2s_blob_sync_msgs=0 c2s_blob_sync_bytes=0 s2c_blob_sync_msgs=0 s2c_blob_sync_bytes=0 c2s_replies_msgs=0 c2s_replies_bytes=0 s2c_replies_msgs=0 s2c_replies_bytes=0 c2s_control_msgs=1 c2s_control_bytes=6 s2c_control_msgs=0 s2c_control_bytes=0 c2s_total_bytes=6 s2c_total_bytes=0
C1METRICS elapsed_us=2405451 app_connected_us=0 first_frame_us=0 first_frame_after_connect_us=0 round_trips=0 round_trip_wait_us=0 c2s_ring_msgs=0 c2s_ring_bytes=0 s2c_ring_msgs=0 s2c_ring_bytes=0 c2s_inline_msgs=0 c2s_inline_bytes=0 s2c_inline_msgs=0 s2c_inline_bytes=0 c2s_blob_sync_msgs=0 c2s_blob_sync_bytes=0 s2c_blob_sync_msgs=0 s2c_blob_sync_bytes=0 c2s_replies_msgs=0 c2s_replies_bytes=0 s2c_replies_msgs=0 s2c_replies_bytes=0 c2s_control_msgs=1 c2s_control_bytes=6 s2c_control_msgs=0 s2c_control_bytes=0 c2s_total_bytes=6 s2c_total_bytes=0
C1METRICS elapsed_us=2505585 app_connected_us=0 first_frame_us=0 first_frame_after_connect_us=0 round_trips=0 round_trip_wait_us=0 c2s_ring_msgs=0 c2s_ring_bytes=0 s2c_ring_msgs=0 s2c_ring_bytes=0 c2s_inline_msgs=0 c2s_inline_bytes=0 s2c_inline_msgs=0 s2c_inline_bytes=0 c2s_blob_sync_msgs=0 c2s_blob_sync_bytes=0 s2c_blob_sync_msgs=0 s2c_blob_sync_bytes=0 c2s_replies_msgs=0 c2s_replies_bytes=0 s2c_replies_msgs=0 s2c_replies_bytes=0 c2s_control_msgs=1 c2s_control_bytes=6 s2c_control_msgs=0 s2c_control_bytes=0 c2s_total_bytes=6 s2c_total_bytes=0
C1METRICS elapsed_us=2605743 app_connected_us=0 first_frame_us=0 first_frame_after_connect_us=0 round_trips=0 round_trip_wait_us=0 c2s_ring_msgs=0 c2s_ring_bytes=0 s2c_ring_msgs=0 s2c_ring_bytes=0 c2s_inline_msgs=0 c2s_inline_bytes=0 s2c_inline_msgs=0 s2c_inline_bytes=0 c2s_blob_sync_msgs=0 c2s_blob_sync_bytes=0 s2c_blob_sync_msgs=0 s2c_blob_sync_bytes=0 c2s_replies_msgs=0 c2s_replies_bytes=0 s2c_replies_msgs=0 s2c_replies_bytes=0 c2s_control_msgs=1 c2s_control_bytes=6 s2c_control_msgs=0 s2c_control_bytes=0 c2s_total_bytes=6 s2c_total_bytes=0
C1METRICS elapsed_us=2705907 app_connected_us=0 first_frame_us=0 first_frame_after_connect_us=0 round_trips=0 round_trip_wait_us=0 c2s_ring_msgs=0 c2s_ring_bytes=0 s2c_ring_msgs=0 s2c_ring_bytes=0 c2s_inline_msgs=0 c2s_inline_bytes=0 s2c_inline_msgs=0 s2c_inline_bytes=0 c2s_blob_sync_msgs=0 c2s_blob_sync_bytes=0 s2c_blob_sync_msgs=0 s2c_blob_sync_bytes=0 c2s_replies_msgs=0 c2s_replies_bytes=0 s2c_replies_msgs=0 s2c_replies_bytes=0 c2s_control_msgs=1 c2s_control_bytes=6 s2c_control_msgs=0 s2c_control_bytes=0 c2s_total_bytes=6 s2c_total_bytes=0
C1METRICS elapsed_us=2806266 app_connected_us=0 first_frame_us=0 first_frame_after_connect_us=0 round_trips=0 round_trip_wait_us=0 c2s_ring_msgs=0 c2s_ring_bytes=0 s2c_ring_msgs=0 s2c_ring_bytes=0 c2s_inline_msgs=0 c2s_inline_bytes=0 s2c_inline_msgs=0 s2c_inline_bytes=0 c2s_blob_sync_msgs=0 c2s_blob_sync_bytes=0 s2c_blob_sync_msgs=0 s2c_blob_sync_bytes=0 c2s_replies_msgs=0 c2s_replies_bytes=0 s2c_replies_msgs=0 s2c_replies_bytes=0 c2s_control_msgs=1 c2s_control_bytes=6 s2c_control_msgs=0 s2c_control_bytes=0 c2s_total_bytes=6 s2c_total_bytes=0
C1METRICS elapsed_us=2906424 app_connected_us=0 first_frame_us=0 first_frame_after_connect_us=0 round_trips=0 round_trip_wait_us=0 c2s_ring_msgs=0 c2s_ring_bytes=0 s2c_ring_msgs=0 s2c_ring_bytes=0 c2s_inline_msgs=0 c2s_inline_bytes=0 s2c_inline_msgs=0 s2c_inline_bytes=0 c2s_blob_sync_msgs=0 c2s_blob_sync_bytes=0 s2c_blob_sync_msgs=0 s2c_blob_sync_bytes=0 c2s_replies_msgs=0 c2s_replies_bytes=0 s2c_replies_msgs=0 s2c_replies_bytes=0 c2s_control_msgs=1 c2s_control_bytes=6 s2c_control_msgs=0 s2c_control_bytes=0 c2s_total_bytes=6 s2c_total_bytes=0
C1METRICS elapsed_us=3006947 app_connected_us=0 first_frame_us=0 first_frame_after_connect_us=0 round_trips=0 round_trip_wait_us=0 c2s_ring_msgs=0 c2s_ring_bytes=0 s2c_ring_msgs=0 s2c_ring_bytes=0 c2s_inline_msgs=0 c2s_inline_bytes=0 s2c_inline_msgs=0 s2c_inline_bytes=0 c2s_blob_sync_msgs=0 c2s_blob_sync_bytes=0 s2c_blob_sync_msgs=0 s2c_blob_sync_bytes=0 c2s_replies_msgs=0 c2s_replies_bytes=0 s2c_replies_msgs=0 s2c_replies_bytes=0 c2s_control_msgs=1 c2s_control_bytes=6 s2c_control_msgs=0 s2c_control_bytes=0 c2s_total_bytes=6 s2c_total_bytes=0
C1METRICS elapsed_us=3107085 app_connected_us=0 first_frame_us=0 first_frame_after_connect_us=0 round_trips=0 round_trip_wait_us=0 c2s_ring_msgs=0 c2s_ring_bytes=0 s2c_ring_msgs=0 s2c_ring_bytes=0 c2s_inline_msgs=0 c2s_inline_bytes=0 s2c_inline_msgs=0 s2c_inline_bytes=0 c2s_blob_sync_msgs=0 c2s_blob_sync_bytes=0 s2c_blob_sync_msgs=0 s2c_blob_sync_bytes=0 c2s_replies_msgs=0 c2s_replies_bytes=0 s2c_replies_msgs=0 s2c_replies_bytes=0 c2s_control_msgs=1 c2s_control_bytes=6 s2c_control_msgs=0 s2c_control_bytes=0 c2s_total_bytes=6 s2c_total_bytes=0
[wp-proxy] application connected: client InnerClientId { id: 0, serial: 1 }
rayland-c: Mesa connected
rayland-c: watching command ring res_id=1 buffer_size=131072
C1METRICS elapsed_us=3207186 app_connected_us=3168539 first_frame_us=3195535 first_frame_after_connect_us=26995 round_trips=3 round_trip_wait_us=6600 c2s_ring_msgs=2 c2s_ring_bytes=250 s2c_ring_msgs=0 s2c_ring_bytes=0 c2s_inline_msgs=3 c2s_inline_bytes=210 s2c_inline_msgs=0 s2c_inline_bytes=0 c2s_blob_sync_msgs=0 c2s_blob_sync_bytes=0 s2c_blob_sync_msgs=3 s2c_blob_sync_bytes=29 c2s_replies_msgs=0 c2s_replies_bytes=0 s2c_replies_msgs=5 s2c_replies_bytes=195 c2s_control_msgs=5 c2s_control_bytes=40 s2c_control_msgs=0 s2c_control_bytes=0 c2s_total_bytes=500 s2c_total_bytes=224
C1METRICS elapsed_us=3307279 app_connected_us=3168539 first_frame_us=3195535 first_frame_after_connect_us=26995 round_trips=3 round_trip_wait_us=6600 c2s_ring_msgs=7 c2s_ring_bytes=667 s2c_ring_msgs=0 s2c_ring_bytes=0 c2s_inline_msgs=8 c2s_inline_bytes=365 s2c_inline_msgs=0 s2c_inline_bytes=0 c2s_blob_sync_msgs=0 c2s_blob_sync_bytes=0 s2c_blob_sync_msgs=458 s2c_blob_sync_bytes=7606 c2s_replies_msgs=0 c2s_replies_bytes=0 s2c_replies_msgs=12 s2c_replies_bytes=250 c2s_control_msgs=5 c2s_control_bytes=40 s2c_control_msgs=0 s2c_control_bytes=0 c2s_total_bytes=1072 s2c_total_bytes=7856
C1METRICS elapsed_us=3407391 app_connected_us=3168539 first_frame_us=3195535 first_frame_after_connect_us=26995 round_trips=3 round_trip_wait_us=6600 c2s_ring_msgs=12 c2s_ring_bytes=2742 s2c_ring_msgs=0 s2c_ring_bytes=0 c2s_inline_msgs=13 c2s_inline_bytes=520 s2c_inline_msgs=0 s2c_inline_bytes=0 c2s_blob_sync_msgs=0 c2s_blob_sync_bytes=0 s2c_blob_sync_msgs=1249 s2c_blob_sync_bytes=18408 c2s_replies_msgs=0 c2s_replies_bytes=0 s2c_replies_msgs=17 s2c_replies_bytes=290 c2s_control_msgs=5 c2s_control_bytes=40 s2c_control_msgs=0 s2c_control_bytes=0 c2s_total_bytes=3302 s2c_total_bytes=18698
[wp-proxy] application connected: client InnerClientId { id: 1, serial: 2 }
[wp-proxy] application connected: client InnerClientId { id: 1, serial: 3 }
[wp-proxy] bound global wl_compositor v4 -> object 4; forwarding bind to S
[wp-proxy] bound global xdg_wm_base v1 -> object 5; forwarding bind to S
[wp-proxy] bound global wl_seat v1 -> object 6; forwarding bind to S
[wp-proxy] objects+ app_obj=3 wl_surface
[wp-proxy] forward obj 4 opcode 0 (1 args)
[wp-proxy] objects+ app_obj=7 xdg_surface
[wp-proxy] forward obj 5 opcode 2 (2 args)
[wp-proxy] objects+ app_obj=8 xdg_toplevel
[wp-proxy] forward obj 7 opcode 1 (1 args)
[wp-proxy] forward obj 8 opcode 2 (1 args)
[wp-proxy] forward obj 3 opcode 6 (0 args)
[wp-proxy] bound global zwp_linux_dmabuf_v1 v3 -> object 11; forwarding bind to S
[wp-proxy] advertised 2 LINEAR dmabuf format(s) to the app on object 11
C1METRICS elapsed_us=3507512 app_connected_us=3168539 first_frame_us=3195535 first_frame_after_connect_us=26995 round_trips=3 round_trip_wait_us=6600 c2s_ring_msgs=19 c2s_ring_bytes=4031 s2c_ring_msgs=0 s2c_ring_bytes=0 c2s_inline_msgs=19 c2s_inline_bytes=706 s2c_inline_msgs=0 s2c_inline_bytes=0 c2s_blob_sync_msgs=0 c2s_blob_sync_bytes=0 s2c_blob_sync_msgs=1298 s2c_blob_sync_bytes=18963 c2s_replies_msgs=0 c2s_replies_bytes=0 s2c_replies_msgs=24 s2c_replies_bytes=346 c2s_control_msgs=14 c2s_control_bytes=218 s2c_control_msgs=0 s2c_control_bytes=0 c2s_total_bytes=4955 s2c_total_bytes=19309
[wp-event][C] delivered app_obj=8 xdg_toplevel.configure args=3
[wp-event][C] delivered app_obj=7 xdg_surface.configure args=1
[wp-proxy] forward obj 11 opcode 0 (0 args)
[wp-proxy] objects- app_obj=11 zwp_linux_dmabuf_v1 (was_known=true)
[wp-proxy] bound global zwp_linux_dmabuf_v1 v3 -> object 11; forwarding bind to S
[wp-proxy] advertised 2 LINEAR dmabuf format(s) to the app on object 11
C1METRICS elapsed_us=3607637 app_connected_us=3168539 first_frame_us=3195535 first_frame_after_connect_us=26995 round_trips=3 round_trip_wait_us=6600 c2s_ring_msgs=23 c2s_ring_bytes=4432 s2c_ring_msgs=0 s2c_ring_bytes=0 c2s_inline_msgs=24 c2s_inline_bytes=861 s2c_inline_msgs=0 s2c_inline_bytes=0 c2s_blob_sync_msgs=0 c2s_blob_sync_bytes=0 s2c_blob_sync_msgs=1316 s2c_blob_sync_bytes=19181 c2s_replies_msgs=0 c2s_replies_bytes=0 s2c_replies_msgs=31 s2c_replies_bytes=402 c2s_control_msgs=17 c2s_control_bytes=265 s2c_control_msgs=2 s2c_control_bytes=24 c2s_total_bytes=5558 s2c_total_bytes=19607
C1METRICS elapsed_us=3707747 app_connected_us=3168539 first_frame_us=3195535 first_frame_after_connect_us=26995 round_trips=5 round_trip_wait_us=42575 c2s_ring_msgs=27 c2s_ring_bytes=5042 s2c_ring_msgs=0 s2c_ring_bytes=0 c2s_inline_msgs=28 c2s_inline_bytes=985 s2c_inline_msgs=0 s2c_inline_bytes=0 c2s_blob_sync_msgs=62 c2s_blob_sync_bytes=147676 s2c_blob_sync_msgs=1338 s2c_blob_sync_bytes=19437 c2s_replies_msgs=0 c2s_replies_bytes=0 s2c_replies_msgs=37 s2c_replies_bytes=448 c2s_control_msgs=18 c2s_control_bytes=276 s2c_control_msgs=2 s2c_control_bytes=24 c2s_total_bytes=153979 s2c_total_bytes=19909
C1METRICS elapsed_us=3807843 app_connected_us=3168539 first_frame_us=3195535 first_frame_after_connect_us=26995 round_trips=7 round_trip_wait_us=45877 c2s_ring_msgs=32 c2s_ring_bytes=13166 s2c_ring_msgs=0 s2c_ring_bytes=0 c2s_inline_msgs=35 c2s_inline_bytes=1202 s2c_inline_msgs=0 s2c_inline_bytes=0 c2s_blob_sync_msgs=474 c2s_blob_sync_bytes=267266 s2c_blob_sync_msgs=1348 s2c_blob_sync_bytes=19555 c2s_replies_msgs=0 c2s_replies_bytes=0 s2c_replies_msgs=44 s2c_replies_bytes=502 c2s_control_msgs=20 c2s_control_bytes=296 s2c_control_msgs=2 s2c_control_bytes=24 c2s_total_bytes=281930 s2c_total_bytes=20081
[wp-proxy] forward obj 11 opcode 0 (0 args)
[wp-proxy] objects- app_obj=11 zwp_linux_dmabuf_v1 (was_known=true)
[wp-proxy] forward obj 7 opcode 4 (1 args)
[wp-proxy] bound global zwp_linux_dmabuf_v1 v3 -> object 11; forwarding bind to S
[wp-proxy] advertised 2 LINEAR dmabuf format(s) to the app on object 11
[wp-proxy] forward obj 11 opcode 0 (0 args)
[wp-proxy] objects- app_obj=11 zwp_linux_dmabuf_v1 (was_known=true)
[wp-proxy] bound global zwp_linux_dmabuf_v1 v3 -> object 11; forwarding bind to S
[wp-proxy] advertised 2 LINEAR dmabuf format(s) to the app on object 11
[wp-proxy] forward obj 11 opcode 0 (0 args)
[wp-proxy] objects- app_obj=11 zwp_linux_dmabuf_v1 (was_known=true)
[wp-proxy] bound global zwp_linux_dmabuf_v1 v3 -> object 11; forwarding bind to S
[wp-proxy] advertised 2 LINEAR dmabuf format(s) to the app on object 11
[wp-proxy] forward obj 11 opcode 0 (0 args)
[wp-proxy] objects- app_obj=11 zwp_linux_dmabuf_v1 (was_known=true)
[wp-proxy] bound global zwp_linux_dmabuf_v1 v3 -> object 11; forwarding bind to S
[wp-proxy] advertised 2 LINEAR dmabuf format(s) to the app on object 11
C1METRICS elapsed_us=3907952 app_connected_us=3168539 first_frame_us=3195535 first_frame_after_connect_us=26995 round_trips=7 round_trip_wait_us=45877 c2s_ring_msgs=43 c2s_ring_bytes=14448 s2c_ring_msgs=0 s2c_ring_bytes=0 c2s_inline_msgs=45 c2s_inline_bytes=1512 s2c_inline_msgs=0 s2c_inline_bytes=0 c2s_blob_sync_msgs=474 c2s_blob_sync_bytes=267266 s2c_blob_sync_msgs=1474 s2c_blob_sync_bytes=21058 c2s_replies_msgs=0 c2s_replies_bytes=0 s2c_replies_msgs=57 s2c_replies_bytes=606 c2s_control_msgs=29 c2s_control_bytes=446 s2c_control_msgs=2 s2c_control_bytes=24 c2s_total_bytes=283672 s2c_total_bytes=21688
C1METRICS elapsed_us=4008038 app_connected_us=3168539 first_frame_us=3195535 first_frame_after_connect_us=26995 round_trips=8 round_trip_wait_us=49239 c2s_ring_msgs=53 c2s_ring_bytes=15816 s2c_ring_msgs=0 s2c_ring_bytes=0 c2s_inline_msgs=57 c2s_inline_bytes=1884 s2c_inline_msgs=0 s2c_inline_bytes=0 c2s_blob_sync_msgs=474 c2s_blob_sync_bytes=267266 s2c_blob_sync_msgs=1558 s2c_blob_sync_bytes=22073 c2s_replies_msgs=0 c2s_replies_bytes=0 s2c_replies_msgs=68 s2c_replies_bytes=693 c2s_control_msgs=30 c2s_control_bytes=457 s2c_control_msgs=2 s2c_control_bytes=24 c2s_total_bytes=285423 s2c_total_bytes=22790
C1METRICS elapsed_us=4108137 app_connected_us=3168539 first_frame_us=3195535 first_frame_after_connect_us=26995 round_trips=10 round_trip_wait_us=55237 c2s_ring_msgs=63 c2s_ring_bytes=17246 s2c_ring_msgs=0 s2c_ring_bytes=0 c2s_inline_msgs=71 c2s_inline_bytes=2318 s2c_inline_msgs=0 s2c_inline_bytes=0 c2s_blob_sync_msgs=474 c2s_blob_sync_bytes=267266 s2c_blob_sync_msgs=1593 s2c_blob_sync_bytes=22496 c2s_replies_msgs=0 c2s_replies_bytes=0 s2c_replies_msgs=79 s2c_replies_bytes=780 c2s_control_msgs=32 c2s_control_bytes=479 s2c_control_msgs=2 s2c_control_bytes=24 c2s_total_bytes=287309 s2c_total_bytes=23300
[wp-proxy] objects+ app_obj=16 zwp_linux_buffer_params_v1
[wp-proxy] intercept create_params -> params 16
[wp-proxy] intercept params 16.add -> resource Some(7), modifier 0x0, offset 0, stride 2000 (fd dropped)
[wp-proxy] objects+ app_obj=17 wl_buffer
[wp-proxy] intercept params 16.create_immed -> buffer 17 = resource 7 (500x500 fmt 0x34325258 offset 0 stride 2000)
[wp-proxy] forward obj 16 opcode 0 (0 args)
[wp-proxy] objects- app_obj=16 zwp_linux_buffer_params_v1 (was_known=true)
[wp-proxy] objects+ app_obj=18 zwp_linux_buffer_params_v1
[wp-proxy] intercept create_params -> params 18
[wp-proxy] intercept params 18.add -> resource Some(8), modifier 0x0, offset 0, stride 2000 (fd dropped)
[wp-proxy] objects+ app_obj=19 wl_buffer
[wp-proxy] intercept params 18.create_immed -> buffer 19 = resource 8 (500x500 fmt 0x34325258 offset 0 stride 2000)
[wp-proxy] forward obj 18 opcode 0 (0 args)
[wp-proxy] objects- app_obj=18 zwp_linux_buffer_params_v1 (was_known=true)
[wp-proxy] objects+ app_obj=20 zwp_linux_buffer_params_v1
[wp-proxy] intercept create_params -> params 20
[wp-proxy] intercept params 20.add -> resource Some(9), modifier 0x0, offset 0, stride 2000 (fd dropped)
[wp-proxy] objects+ app_obj=21 wl_buffer
[wp-proxy] intercept params 20.create_immed -> buffer 21 = resource 9 (500x500 fmt 0x34325258 offset 0 stride 2000)
[wp-proxy] forward obj 20 opcode 0 (0 args)
[wp-proxy] objects- app_obj=20 zwp_linux_buffer_params_v1 (was_known=true)
[wp-proxy] objects+ app_obj=22 zwp_linux_buffer_params_v1
[wp-proxy] intercept create_params -> params 22
[wp-proxy] intercept params 22.add -> resource Some(10), modifier 0x0, offset 0, stride 2000 (fd dropped)
[wp-proxy] objects+ app_obj=23 wl_buffer
[wp-proxy] intercept params 22.create_immed -> buffer 23 = resource 10 (500x500 fmt 0x34325258 offset 0 stride 2000)
[wp-proxy] forward obj 22 opcode 0 (0 args)
[wp-proxy] objects- app_obj=22 zwp_linux_buffer_params_v1 (was_known=true)
C1METRICS elapsed_us=4208248 app_connected_us=3168539 first_frame_us=3195535 first_frame_after_connect_us=26995 round_trips=11 round_trip_wait_us=57621 c2s_ring_msgs=71 c2s_ring_bytes=20737 s2c_ring_msgs=0 s2c_ring_bytes=0 c2s_inline_msgs=81 c2s_inline_bytes=2628 s2c_inline_msgs=0 s2c_inline_bytes=0 c2s_blob_sync_msgs=543 c2s_blob_sync_bytes=268063 s2c_blob_sync_msgs=1623 s2c_blob_sync_bytes=22853 c2s_replies_msgs=0 c2s_replies_bytes=0 s2c_replies_msgs=90 s2c_replies_bytes=877 c2s_control_msgs=41 c2s_control_bytes=666 s2c_control_msgs=2 s2c_control_bytes=24 c2s_total_bytes=292094 s2c_total_bytes=23754
[wp-proxy] forward obj 3 opcode 1 (3 args)
[wp-proxy] forward obj 3 opcode 9 (4 args)
[wp-proxy] objects+ app_obj=22 wl_callback
[wp-proxy] forward obj 3 opcode 3 (1 args)
[wp-proxy] forward obj 3 opcode 6 (0 args)
[wp-event][C] delivered app_obj=22 wl_callback.done args=1
[wp-proxy] forward obj 3 opcode 1 (3 args)
[wp-proxy] forward obj 3 opcode 9 (4 args)
[wp-proxy] objects+ app_obj=22 wl_callback
[wp-proxy] forward obj 3 opcode 3 (1 args)
[wp-proxy] forward obj 3 opcode 6 (0 args)
[wp-proxy] objects- app_obj=22 wl_callback (was_known=false)
[wp-event][C] delivered app_obj=17 wl_buffer.release args=0
[wp-event][C] delivered app_obj=22 wl_callback.done args=1
[wp-proxy] forward obj 3 opcode 1 (3 args)
[wp-proxy] forward obj 3 opcode 9 (4 args)
[wp-proxy] objects+ app_obj=22 wl_callback
[wp-proxy] forward obj 3 opcode 3 (1 args)
[wp-proxy] forward obj 3 opcode 6 (0 args)
[wp-proxy] objects- app_obj=22 wl_callback (was_known=false)
[wp-event][C] delivered app_obj=19 wl_buffer.release args=0
[wp-event][C] delivered app_obj=22 wl_callback.done args=1
C1METRICS elapsed_us=4308324 app_connected_us=3168539 first_frame_us=3195535 first_frame_after_connect_us=26995 round_trips=11 round_trip_wait_us=57621 c2s_ring_msgs=77 c2s_ring_bytes=24487 s2c_ring_msgs=0 s2c_ring_bytes=0 c2s_inline_msgs=87 c2s_inline_bytes=2814 s2c_inline_msgs=0 s2c_inline_bytes=0 c2s_blob_sync_msgs=752 c2s_blob_sync_bytes=270477 s2c_blob_sync_msgs=1638 s2c_blob_sync_bytes=23018 c2s_replies_msgs=0 c2s_replies_bytes=0 s2c_replies_msgs=100 s2c_replies_bytes=967 c2s_control_msgs=53 c2s_control_bytes=873 s2c_control_msgs=7 s2c_control_bytes=82 c2s_total_bytes=298651 s2c_total_bytes=24067
[wp-proxy] forward obj 3 opcode 1 (3 args)
[wp-proxy] forward obj 3 opcode 9 (4 args)
[wp-proxy] objects+ app_obj=22 wl_callback
[wp-proxy] forward obj 3 opcode 3 (1 args)
[wp-proxy] forward obj 3 opcode 6 (0 args)
[wp-proxy] objects- app_obj=22 wl_callback (was_known=false)
[wp-event][C] delivered app_obj=21 wl_buffer.release args=0
[wp-event][C] delivered app_obj=22 wl_callback.done args=1
[wp-proxy] forward obj 3 opcode 1 (3 args)
[wp-proxy] forward obj 3 opcode 9 (4 args)
[wp-proxy] objects+ app_obj=22 wl_callback
[wp-proxy] forward obj 3 opcode 3 (1 args)
[wp-proxy] forward obj 3 opcode 6 (0 args)
[wp-proxy] objects- app_obj=22 wl_callback (was_known=false)
[wp-event][C] delivered app_obj=23 wl_buffer.release args=0
[wp-event][C] delivered app_obj=22 wl_callback.done args=1
[wp-proxy] forward obj 3 opcode 1 (3 args)
[wp-proxy] forward obj 3 opcode 9 (4 args)
[wp-proxy] objects+ app_obj=22 wl_callback
[wp-proxy] forward obj 3 opcode 3 (1 args)
[wp-proxy] forward obj 3 opcode 6 (0 args)
[wp-proxy] objects- app_obj=22 wl_callback (was_known=false)
C1METRICS elapsed_us=4408411 app_connected_us=3168539 first_frame_us=3195535 first_frame_after_connect_us=26995 round_trips=11 round_trip_wait_us=57621 c2s_ring_msgs=85 c2s_ring_bytes=28117 s2c_ring_msgs=0 s2c_ring_bytes=0 c2s_inline_msgs=95 c2s_inline_bytes=3062 s2c_inline_msgs=0 s2c_inline_bytes=0 c2s_blob_sync_msgs=966 c2s_blob_sync_bytes=272923 s2c_blob_sync_msgs=1649 s2c_blob_sync_bytes=23139 c2s_replies_msgs=0 c2s_replies_bytes=0 s2c_replies_msgs=109 s2c_replies_bytes=1048 c2s_control_msgs=65 c2s_control_bytes=1080 s2c_control_msgs=11 s2c_control_bytes=126 c2s_total_bytes=305182 s2c_total_bytes=24313
[wp-event][C] delivered app_obj=17 wl_buffer.release args=0
[wp-event][C] delivered app_obj=22 wl_callback.done args=1
[wp-proxy] forward obj 3 opcode 1 (3 args)
[wp-proxy] forward obj 3 opcode 9 (4 args)
[wp-proxy] objects+ app_obj=22 wl_callback
[wp-proxy] forward obj 3 opcode 3 (1 args)
[wp-proxy] forward obj 3 opcode 6 (0 args)
[wp-proxy] objects- app_obj=22 wl_callback (was_known=false)
[wp-event][C] delivered app_obj=19 wl_buffer.release args=0
[wp-event][C] delivered app_obj=22 wl_callback.done args=1
[wp-proxy] forward obj 3 opcode 1 (3 args)
[wp-proxy] forward obj 3 opcode 9 (4 args)
[wp-proxy] objects+ app_obj=22 wl_callback
[wp-proxy] forward obj 3 opcode 3 (1 args)
[wp-proxy] forward obj 3 opcode 6 (0 args)
[wp-proxy] objects- app_obj=22 wl_callback (was_known=false)
[wp-event][C] delivered app_obj=21 wl_buffer.release args=0
[wp-event][C] delivered app_obj=22 wl_callback.done args=1
C1METRICS elapsed_us=4508508 app_connected_us=3168539 first_frame_us=3195535 first_frame_after_connect_us=26995 round_trips=11 round_trip_wait_us=57621 c2s_ring_msgs=92 c2s_ring_bytes=31756 s2c_ring_msgs=0 s2c_ring_bytes=0 c2s_inline_msgs=102 c2s_inline_bytes=3279 s2c_inline_msgs=0 s2c_inline_bytes=0 c2s_blob_sync_msgs=1179 c2s_blob_sync_bytes=275364 s2c_blob_sync_msgs=1661 s2c_blob_sync_bytes=23271 c2s_replies_msgs=0 c2s_replies_bytes=0 s2c_replies_msgs=118 s2c_replies_bytes=1129 c2s_control_msgs=73 c2s_control_bytes=1218 s2c_control_msgs=17 s2c_control_bytes=192 c2s_total_bytes=311617 s2c_total_bytes=24592
[wp-proxy] forward obj 3 opcode 1 (3 args)
[wp-proxy] forward obj 3 opcode 9 (4 args)
[wp-proxy] objects+ app_obj=22 wl_callback
[wp-proxy] forward obj 3 opcode 3 (1 args)
[wp-proxy] forward obj 3 opcode 6 (0 args)
[wp-proxy] objects- app_obj=22 wl_callback (was_known=false)
[wp-event][C] delivered app_obj=23 wl_buffer.release args=0
[wp-event][C] delivered app_obj=22 wl_callback.done args=1
[wp-proxy] forward obj 3 opcode 1 (3 args)
[wp-proxy] forward obj 3 opcode 9 (4 args)
[wp-proxy] objects+ app_obj=22 wl_callback
[wp-proxy] forward obj 3 opcode 3 (1 args)
[wp-proxy] forward obj 3 opcode 6 (0 args)
[wp-proxy] objects- app_obj=22 wl_callback (was_known=false)
[wp-event][C] delivered app_obj=17 wl_buffer.release args=0
[wp-event][C] delivered app_obj=22 wl_callback.done args=1
[wp-proxy] forward obj 3 opcode 1 (3 args)
[wp-proxy] forward obj 3 opcode 9 (4 args)
[wp-proxy] objects+ app_obj=22 wl_callback
[wp-proxy] forward obj 3 opcode 3 (1 args)
[wp-proxy] forward obj 3 opcode 6 (0 args)
[wp-proxy] objects- app_obj=22 wl_callback (was_known=false)
C1METRICS elapsed_us=4608651 app_connected_us=3168539 first_frame_us=3195535 first_frame_after_connect_us=26995 round_trips=11 round_trip_wait_us=57621 c2s_ring_msgs=99 c2s_ring_bytes=34410 s2c_ring_msgs=0 s2c_ring_bytes=0 c2s_inline_msgs=109 c2s_inline_bytes=3496 s2c_inline_msgs=0 s2c_inline_bytes=0 c2s_blob_sync_msgs=1323 c2s_blob_sync_bytes=277004 s2c_blob_sync_msgs=1674 s2c_blob_sync_bytes=23414 c2s_replies_msgs=0 c2s_replies_bytes=0 s2c_replies_msgs=130 s2c_replies_bytes=1237 c2s_control_msgs=85 c2s_control_bytes=1425 s2c_control_msgs=21 s2c_control_bytes=236 c2s_total_bytes=316335 s2c_total_bytes=24887
[wp-event][C] delivered app_obj=19 wl_buffer.release args=0
[wp-event][C] delivered app_obj=22 wl_callback.done args=1
[wp-proxy] forward obj 3 opcode 1 (3 args)
[wp-proxy] forward obj 3 opcode 9 (4 args)
[wp-proxy] objects+ app_obj=22 wl_callback
[wp-proxy] forward obj 3 opcode 3 (1 args)
[wp-proxy] forward obj 3 opcode 6 (0 args)
[wp-proxy] objects- app_obj=22 wl_callback (was_known=false)
[wp-event][C] delivered app_obj=21 wl_buffer.release args=0
[wp-event][C] delivered app_obj=22 wl_callback.done args=1
[wp-proxy] forward obj 3 opcode 1 (3 args)
[wp-proxy] forward obj 3 opcode 9 (4 args)
[wp-proxy] objects+ app_obj=22 wl_callback
[wp-proxy] forward obj 3 opcode 3 (1 args)
[wp-proxy] forward obj 3 opcode 6 (0 args)
[wp-proxy] objects- app_obj=22 wl_callback (was_known=false)
[wp-event][C] delivered app_obj=23 wl_buffer.release args=0
[wp-event][C] delivered app_obj=22 wl_callback.done args=1
C1METRICS elapsed_us=4708762 app_connected_us=3168539 first_frame_us=3195535 first_frame_after_connect_us=26995 round_trips=11 round_trip_wait_us=57621 c2s_ring_msgs=107 c2s_ring_bytes=38216 s2c_ring_msgs=0 s2c_ring_bytes=0 c2s_inline_msgs=117 c2s_inline_bytes=3744 s2c_inline_msgs=0 s2c_inline_bytes=0 c2s_blob_sync_msgs=1535 c2s_blob_sync_bytes=279438 s2c_blob_sync_msgs=1688 s2c_blob_sync_bytes=23568 c2s_replies_msgs=0 c2s_replies_bytes=0 s2c_replies_msgs=140 s2c_replies_bytes=1327 c2s_control_msgs=93 c2s_control_bytes=1563 s2c_control_msgs=27 s2c_control_bytes=302 c2s_total_bytes=322961 s2c_total_bytes=25197
[wp-proxy] forward obj 3 opcode 1 (3 args)
[wp-proxy] forward obj 3 opcode 9 (4 args)
[wp-proxy] objects+ app_obj=22 wl_callback
[wp-proxy] forward obj 3 opcode 3 (1 args)
[wp-proxy] forward obj 3 opcode 6 (0 args)
[wp-proxy] objects- app_obj=22 wl_callback (was_known=false)
[wp-event][C] delivered app_obj=17 wl_buffer.release args=0
[wp-event][C] delivered app_obj=22 wl_callback.done args=1
[wp-proxy] forward obj 3 opcode 1 (3 args)
[wp-proxy] forward obj 3 opcode 9 (4 args)
[wp-proxy] objects+ app_obj=22 wl_callback
[wp-proxy] forward obj 3 opcode 3 (1 args)
[wp-proxy] forward obj 3 opcode 6 (0 args)
[wp-proxy] objects- app_obj=22 wl_callback (was_known=false)
[wp-event][C] delivered app_obj=19 wl_buffer.release args=0
[wp-event][C] delivered app_obj=22 wl_callback.done args=1
[wp-proxy] forward obj 3 opcode 1 (3 args)
[wp-proxy] forward obj 3 opcode 9 (4 args)
[wp-proxy] objects+ app_obj=22 wl_callback
[wp-proxy] forward obj 3 opcode 3 (1 args)
[wp-proxy] forward obj 3 opcode 6 (0 args)
[wp-proxy] objects- app_obj=22 wl_callback (was_known=false)
[wp-event][C] delivered app_obj=21 wl_buffer.release args=0
[wp-event][C] delivered app_obj=22 wl_callback.done args=1
C1METRICS elapsed_us=4808883 app_connected_us=3168539 first_frame_us=3195535 first_frame_after_connect_us=26995 round_trips=11 round_trip_wait_us=57621 c2s_ring_msgs=115 c2s_ring_bytes=41037 s2c_ring_msgs=0 s2c_ring_bytes=0 c2s_inline_msgs=125 c2s_inline_bytes=3992 s2c_inline_msgs=0 s2c_inline_bytes=0 c2s_blob_sync_msgs=1678 c2s_blob_sync_bytes=281071 s2c_blob_sync_msgs=1701 s2c_blob_sync_bytes=23711 c2s_replies_msgs=0 c2s_replies_bytes=0 s2c_replies_msgs=151 s2c_replies_bytes=1426 c2s_control_msgs=105 c2s_control_bytes=1770 s2c_control_msgs=33 s2c_control_bytes=368 c2s_total_bytes=327870 s2c_total_bytes=25505
[wp-proxy] forward obj 3 opcode 1 (3 args)
[wp-proxy] forward obj 3 opcode 9 (4 args)
[wp-proxy] objects+ app_obj=22 wl_callback
[wp-proxy] forward obj 3 opcode 3 (1 args)
[wp-proxy] forward obj 3 opcode 6 (0 args)
[wp-proxy] objects- app_obj=22 wl_callback (was_known=false)
[wp-event][C] delivered app_obj=23 wl_buffer.release args=0
[wp-event][C] delivered app_obj=22 wl_callback.done args=1
[wp-proxy] forward obj 3 opcode 1 (3 args)
[wp-proxy] forward obj 3 opcode 9 (4 args)
[wp-proxy] objects+ app_obj=22 wl_callback
[wp-proxy] forward obj 3 opcode 3 (1 args)
[wp-proxy] forward obj 3 opcode 6 (0 args)
[wp-proxy] objects- app_obj=22 wl_callback (was_known=false)
[wp-event][C] delivered app_obj=17 wl_buffer.release args=0
[wp-event][C] delivered app_obj=22 wl_callback.done args=1
C1METRICS elapsed_us=4908967 app_connected_us=3168539 first_frame_us=3195535 first_frame_after_connect_us=26995 round_trips=11 round_trip_wait_us=57621 c2s_ring_msgs=122 c2s_ring_bytes=44676 s2c_ring_msgs=0 s2c_ring_bytes=0 c2s_inline_msgs=132 c2s_inline_bytes=4209 s2c_inline_msgs=0 s2c_inline_bytes=0 c2s_blob_sync_msgs=1892 c2s_blob_sync_bytes=283517 s2c_blob_sync_msgs=1711 s2c_blob_sync_bytes=23821 c2s_replies_msgs=0 c2s_replies_bytes=0 s2c_replies_msgs=158 s2c_replies_bytes=1489 c2s_control_msgs=113 c2s_control_bytes=1908 s2c_control_msgs=37 s2c_control_bytes=412 c2s_total_bytes=334310 s2c_total_bytes=25722
[wp-proxy] forward obj 3 opcode 1 (3 args)
[wp-proxy] forward obj 3 opcode 9 (4 args)
[wp-proxy] objects+ app_obj=22 wl_callback
[wp-proxy] forward obj 3 opcode 3 (1 args)
[wp-proxy] forward obj 3 opcode 6 (0 args)
[wp-proxy] objects- app_obj=22 wl_callback (was_known=false)
[wp-event][C] delivered app_obj=19 wl_buffer.release args=0
[wp-event][C] delivered app_obj=22 wl_callback.done args=1
[wp-proxy] forward obj 3 opcode 1 (3 args)
[wp-proxy] forward obj 3 opcode 9 (4 args)
[wp-proxy] objects+ app_obj=22 wl_callback
[wp-proxy] forward obj 3 opcode 3 (1 args)
[wp-proxy] forward obj 3 opcode 6 (0 args)
[wp-proxy] objects- app_obj=22 wl_callback (was_known=false)
[wp-event][C] delivered app_obj=21 wl_buffer.release args=0
[wp-event][C] delivered app_obj=22 wl_callback.done args=1
[wp-proxy] forward obj 3 opcode 1 (3 args)
[wp-proxy] forward obj 3 opcode 9 (4 args)
[wp-proxy] objects+ app_obj=22 wl_callback
[wp-proxy] forward obj 3 opcode 3 (1 args)
[wp-proxy] forward obj 3 opcode 6 (0 args)
[wp-proxy] objects- app_obj=22 wl_callback (was_known=false)
C1METRICS elapsed_us=5009075 app_connected_us=3168539 first_frame_us=3195535 first_frame_after_connect_us=26995 round_trips=11 round_trip_wait_us=57621 c2s_ring_msgs=130 c2s_ring_bytes=47497 s2c_ring_msgs=0 s2c_ring_bytes=0 c2s_inline_msgs=140 c2s_inline_bytes=4457 s2c_inline_msgs=0 s2c_inline_bytes=0 c2s_blob_sync_msgs=2031 c2s_blob_sync_bytes=285124 s2c_blob_sync_msgs=1724 s2c_blob_sync_bytes=23964 c2s_replies_msgs=0 c2s_replies_bytes=0 s2c_replies_msgs=169 s2c_replies_bytes=1588 c2s_control_msgs=125 c2s_control_bytes=2115 s2c_control_msgs=41 s2c_control_bytes=456 c2s_total_bytes=339193 s2c_total_bytes=26008
[wp-event][C] delivered app_obj=23 wl_buffer.release args=0
[wp-event][C] delivered app_obj=22 wl_callback.done args=1
[wp-proxy] forward obj 3 opcode 1 (3 args)
[wp-proxy] forward obj 3 opcode 9 (4 args)
[wp-proxy] objects+ app_obj=22 wl_callback
[wp-proxy] forward obj 3 opcode 3 (1 args)
[wp-proxy] forward obj 3 opcode 6 (0 args)
[wp-proxy] objects- app_obj=22 wl_callback (was_known=false)
[wp-event][C] delivered app_obj=17 wl_buffer.release args=0
[wp-event][C] delivered app_obj=22 wl_callback.done args=1
[wp-proxy] forward obj 3 opcode 1 (3 args)
[wp-proxy] forward obj 3 opcode 9 (4 args)
[wp-proxy] objects+ app_obj=22 wl_callback
[wp-proxy] forward obj 3 opcode 3 (1 args)
[wp-proxy] forward obj 3 opcode 6 (0 args)
[wp-proxy] objects- app_obj=22 wl_callback (was_known=false)
[wp-event][C] delivered app_obj=19 wl_buffer.release args=0
[wp-event][C] delivered app_obj=22 wl_callback.done args=1
C1METRICS elapsed_us=5109190 app_connected_us=3168539 first_frame_us=3195535 first_frame_after_connect_us=26995 round_trips=11 round_trip_wait_us=57621 c2s_ring_msgs=138 c2s_ring_bytes=51206 s2c_ring_msgs=0 s2c_ring_bytes=0 c2s_inline_msgs=148 c2s_inline_bytes=4705 s2c_inline_msgs=0 s2c_inline_bytes=0 c2s_blob_sync_msgs=2238 c2s_blob_sync_bytes=287522 s2c_blob_sync_msgs=1738 s2c_blob_sync_bytes=24118 c2s_replies_msgs=0 c2s_replies_bytes=0 s2c_replies_msgs=178 s2c_replies_bytes=1669 c2s_control_msgs=133 c2s_control_bytes=2253 s2c_control_msgs=47 s2c_control_bytes=522 c2s_total_bytes=345686 s2c_total_bytes=26309
[wp-proxy] forward obj 3 opcode 1 (3 args)
[wp-proxy] forward obj 3 opcode 9 (4 args)
[wp-proxy] objects+ app_obj=22 wl_callback
[wp-proxy] forward obj 3 opcode 3 (1 args)
[wp-proxy] forward obj 3 opcode 6 (0 args)
[wp-proxy] objects- app_obj=22 wl_callback (was_known=false)
[wp-event][C] delivered app_obj=21 wl_buffer.release args=0
[wp-event][C] delivered app_obj=22 wl_callback.done args=1
[wp-proxy] forward obj 3 opcode 1 (3 args)
[wp-proxy] forward obj 3 opcode 9 (4 args)
[wp-proxy] objects+ app_obj=22 wl_callback
[wp-proxy] forward obj 3 opcode 3 (1 args)
[wp-proxy] forward obj 3 opcode 6 (0 args)
[wp-proxy] objects- app_obj=22 wl_callback (was_known=false)
[wp-event][C] delivered app_obj=23 wl_buffer.release args=0
[wp-event][C] delivered app_obj=22 wl_callback.done args=1
[wp-proxy] forward obj 3 opcode 1 (3 args)
[wp-proxy] forward obj 3 opcode 9 (4 args)
[wp-proxy] objects+ app_obj=22 wl_callback
[wp-proxy] forward obj 3 opcode 3 (1 args)
[wp-proxy] forward obj 3 opcode 6 (0 args)
[wp-proxy] objects- app_obj=22 wl_callback (was_known=false)
[wp-event][C] delivered app_obj=17 wl_buffer.release args=0
[wp-event][C] delivered app_obj=22 wl_callback.done args=1
C1METRICS elapsed_us=5209300 app_connected_us=3168539 first_frame_us=3195535 first_frame_after_connect_us=26995 round_trips=11 round_trip_wait_us=57621 c2s_ring_msgs=145 c2s_ring_bytes=53957 s2c_ring_msgs=0 s2c_ring_bytes=0 c2s_inline_msgs=155 c2s_inline_bytes=4922 s2c_inline_msgs=0 s2c_inline_bytes=0 c2s_blob_sync_msgs=2379 c2s_blob_sync_bytes=289142 s2c_blob_sync_msgs=1751 s2c_blob_sync_bytes=24261 c2s_replies_msgs=0 c2s_replies_bytes=0 s2c_replies_msgs=187 s2c_replies_bytes=1750 c2s_control_msgs=145 c2s_control_bytes=2460 s2c_control_msgs=53 s2c_control_bytes=588 c2s_total_bytes=350481 s2c_total_bytes=26599
[wp-proxy] forward obj 3 opcode 1 (3 args)
[wp-proxy] forward obj 3 opcode 9 (4 args)
[wp-proxy] objects+ app_obj=22 wl_callback
[wp-proxy] forward obj 3 opcode 3 (1 args)
[wp-proxy] forward obj 3 opcode 6 (0 args)
[wp-proxy] objects- app_obj=22 wl_callback (was_known=false)
[wp-event][C] delivered app_obj=19 wl_buffer.release args=0
[wp-event][C] delivered app_obj=22 wl_callback.done args=1
[wp-proxy] forward obj 3 opcode 1 (3 args)
[wp-proxy] forward obj 3 opcode 9 (4 args)
[wp-proxy] objects+ app_obj=22 wl_callback
[wp-proxy] forward obj 3 opcode 3 (1 args)
[wp-proxy] forward obj 3 opcode 6 (0 args)
[wp-proxy] objects- app_obj=22 wl_callback (was_known=false)
[wp-event][C] delivered app_obj=21 wl_buffer.release args=0
[wp-event][C] delivered app_obj=22 wl_callback.done args=1
C1METRICS elapsed_us=5309405 app_connected_us=3168539 first_frame_us=3195535 first_frame_after_connect_us=26995 round_trips=11 round_trip_wait_us=57621 c2s_ring_msgs=152 c2s_ring_bytes=57596 s2c_ring_msgs=0 s2c_ring_bytes=0 c2s_inline_msgs=162 c2s_inline_bytes=5139 s2c_inline_msgs=0 s2c_inline_bytes=0 c2s_blob_sync_msgs=2593 c2s_blob_sync_bytes=291588 s2c_blob_sync_msgs=1763 s2c_blob_sync_bytes=24393 c2s_replies_msgs=0 c2s_replies_bytes=0 s2c_replies_msgs=197 s2c_replies_bytes=1840 c2s_control_msgs=153 c2s_control_bytes=2598 s2c_control_msgs=57 s2c_control_bytes=632 c2s_total_bytes=356921 s2c_total_bytes=26865
[wp-proxy] forward obj 3 opcode 1 (3 args)
[wp-proxy] forward obj 3 opcode 9 (4 args)
[wp-proxy] objects+ app_obj=22 wl_callback
[wp-proxy] forward obj 3 opcode 3 (1 args)
[wp-proxy] forward obj 3 opcode 6 (0 args)
[wp-proxy] objects- app_obj=22 wl_callback (was_known=false)
[wp-event][C] delivered app_obj=23 wl_buffer.release args=0
[wp-event][C] delivered app_obj=22 wl_callback.done args=1
[wp-proxy] forward obj 3 opcode 1 (3 args)
[wp-proxy] forward obj 3 opcode 9 (4 args)
[wp-proxy] objects+ app_obj=22 wl_callback
[wp-proxy] forward obj 3 opcode 3 (1 args)
[wp-proxy] forward obj 3 opcode 6 (0 args)
[wp-proxy] objects- app_obj=22 wl_callback (was_known=false)
[wp-event][C] delivered app_obj=17 wl_buffer.release args=0
[wp-event][C] delivered app_obj=22 wl_callback.done args=1
C1METRICS elapsed_us=5409516 app_connected_us=3168539 first_frame_us=3195535 first_frame_after_connect_us=26995 round_trips=11 round_trip_wait_us=57621 c2s_ring_msgs=158 c2s_ring_bytes=60180 s2c_ring_msgs=0 s2c_ring_bytes=0 c2s_inline_msgs=168 c2s_inline_bytes=5325 s2c_inline_msgs=0 s2c_inline_bytes=0 c2s_blob_sync_msgs=2735 c2s_blob_sync_bytes=293215 s2c_blob_sync_msgs=1773 s2c_blob_sync_bytes=24503 c2s_replies_msgs=0 c2s_replies_bytes=0 s2c_replies_msgs=206 s2c_replies_bytes=1921 c2s_control_msgs=161 c2s_control_bytes=2736 s2c_control_msgs=61 s2c_control_bytes=676 c2s_total_bytes=361456 s2c_total_bytes=27100
[wp-proxy] forward obj 3 opcode 1 (3 args)
[wp-proxy] forward obj 3 opcode 9 (4 args)
[wp-proxy] objects+ app_obj=22 wl_callback
[wp-proxy] forward obj 3 opcode 3 (1 args)
[wp-proxy] forward obj 3 opcode 6 (0 args)
[wp-proxy] objects- app_obj=22 wl_callback (was_known=false)
[wp-event][C] delivered app_obj=19 wl_buffer.release args=0
[wp-event][C] delivered app_obj=22 wl_callback.done args=1
[wp-proxy] forward obj 3 opcode 1 (3 args)
[wp-proxy] forward obj 3 opcode 9 (4 args)
[wp-proxy] objects+ app_obj=22 wl_callback
[wp-proxy] forward obj 3 opcode 3 (1 args)
[wp-proxy] forward obj 3 opcode 6 (0 args)
[wp-proxy] objects- app_obj=22 wl_callback (was_known=false)
[wp-event][C] delivered app_obj=21 wl_buffer.release args=0
[wp-event][C] delivered app_obj=22 wl_callback.done args=1
[wp-proxy] forward obj 3 opcode 1 (3 args)
[wp-proxy] forward obj 3 opcode 9 (4 args)
[wp-proxy] objects+ app_obj=22 wl_callback
[wp-proxy] forward obj 3 opcode 3 (1 args)
[wp-proxy] forward obj 3 opcode 6 (0 args)
[wp-proxy] objects- app_obj=22 wl_callback (was_known=false)
C1METRICS elapsed_us=5509636 app_connected_us=3168539 first_frame_us=3195535 first_frame_after_connect_us=26995 round_trips=11 round_trip_wait_us=57621 c2s_ring_msgs=166 c2s_ring_bytes=63001 s2c_ring_msgs=0 s2c_ring_bytes=0 c2s_inline_msgs=176 c2s_inline_bytes=5573 s2c_inline_msgs=0 s2c_inline_bytes=0 c2s_blob_sync_msgs=2877 c2s_blob_sync_bytes=294842 s2c_blob_sync_msgs=1784 s2c_blob_sync_bytes=24624 c2s_replies_msgs=0 c2s_replies_bytes=0 s2c_replies_msgs=216 s2c_replies_bytes=2011 c2s_control_msgs=173 c2s_control_bytes=2943 s2c_control_msgs=65 s2c_control_bytes=720 c2s_total_bytes=366359 s2c_total_bytes=27355
[wp-event][C] delivered app_obj=23 wl_buffer.release args=0
[wp-event][C] delivered app_obj=22 wl_callback.done args=1
[wp-proxy] forward obj 3 opcode 1 (3 args)
[wp-proxy] forward obj 3 opcode 9 (4 args)
[wp-proxy] objects+ app_obj=22 wl_callback
[wp-proxy] forward obj 3 opcode 3 (1 args)
[wp-proxy] forward obj 3 opcode 6 (0 args)
[wp-proxy] objects- app_obj=22 wl_callback (was_known=false)
[wp-event][C] delivered app_obj=17 wl_buffer.release args=0
[wp-event][C] delivered app_obj=22 wl_callback.done args=1
[wp-proxy] forward obj 3 opcode 1 (3 args)
[wp-proxy] forward obj 3 opcode 9 (4 args)
[wp-proxy] objects+ app_obj=22 wl_callback
[wp-proxy] forward obj 3 opcode 3 (1 args)
[wp-proxy] forward obj 3 opcode 6 (0 args)
[wp-proxy] objects- app_obj=22 wl_callback (was_known=false)
[wp-event][C] delivered app_obj=19 wl_buffer.release args=0
[wp-event][C] delivered app_obj=22 wl_callback.done args=1
C1METRICS elapsed_us=5609813 app_connected_us=3168539 first_frame_us=3195535 first_frame_after_connect_us=26995 round_trips=11 round_trip_wait_us=57621 c2s_ring_msgs=173 c2s_ring_bytes=66640 s2c_ring_msgs=0 s2c_ring_bytes=0 c2s_inline_msgs=183 c2s_inline_bytes=5790 s2c_inline_msgs=0 s2c_inline_bytes=0 c2s_blob_sync_msgs=3092 c2s_blob_sync_bytes=297296 s2c_blob_sync_msgs=1796 s2c_blob_sync_bytes=24756 c2s_replies_msgs=0 c2s_replies_bytes=0 s2c_replies_msgs=225 s2c_replies_bytes=2092 c2s_control_msgs=181 c2s_control_bytes=3081 s2c_control_msgs=71 s2c_control_bytes=786 c2s_total_bytes=372807 s2c_total_bytes=27634
[wp-proxy] forward obj 3 opcode 1 (3 args)
[wp-proxy] forward obj 3 opcode 9 (4 args)
[wp-proxy] objects+ app_obj=22 wl_callback
[wp-proxy] forward obj 3 opcode 3 (1 args)
[wp-proxy] forward obj 3 opcode 6 (0 args)
[wp-proxy] objects- app_obj=22 wl_callback (was_known=false)
[wp-event][C] delivered app_obj=21 wl_buffer.release args=0
[wp-event][C] delivered app_obj=22 wl_callback.done args=1
[wp-proxy] forward obj 3 opcode 1 (3 args)
[wp-proxy] forward obj 3 opcode 9 (4 args)
[wp-proxy] objects+ app_obj=22 wl_callback
[wp-proxy] forward obj 3 opcode 3 (1 args)
[wp-proxy] forward obj 3 opcode 6 (0 args)
[wp-proxy] objects- app_obj=22 wl_callback (was_known=false)
[wp-event][C] delivered app_obj=23 wl_buffer.release args=0
[wp-event][C] delivered app_obj=22 wl_callback.done args=1
[wp-proxy] forward obj 3 opcode 1 (3 args)
[wp-proxy] forward obj 3 opcode 9 (4 args)
[wp-proxy] objects+ app_obj=22 wl_callback
[wp-proxy] forward obj 3 opcode 3 (1 args)
[wp-proxy] forward obj 3 opcode 6 (0 args)
[wp-proxy] objects- app_obj=22 wl_callback (was_known=false)
C1METRICS elapsed_us=5709913 app_connected_us=3168539 first_frame_us=3195535 first_frame_after_connect_us=26995 round_trips=11 round_trip_wait_us=57621 c2s_ring_msgs=181 c2s_ring_bytes=69461 s2c_ring_msgs=0 s2c_ring_bytes=0 c2s_inline_msgs=191 c2s_inline_bytes=6038 s2c_inline_msgs=0 s2c_inline_bytes=0 c2s_blob_sync_msgs=3234 c2s_blob_sync_bytes=298923 s2c_blob_sync_msgs=1809 s2c_blob_sync_bytes=24899 c2s_replies_msgs=0 c2s_replies_bytes=0 s2c_replies_msgs=236 s2c_replies_bytes=2191 c2s_control_msgs=193 c2s_control_bytes=3288 s2c_control_msgs=75 s2c_control_bytes=830 c2s_total_bytes=377710 s2c_total_bytes=27920
[wp-event][C] delivered app_obj=17 wl_buffer.release args=0
[wp-event][C] delivered app_obj=22 wl_callback.done args=1
[wp-proxy] forward obj 3 opcode 1 (3 args)
[wp-proxy] forward obj 3 opcode 9 (4 args)
[wp-proxy] objects+ app_obj=22 wl_callback
[wp-proxy] forward obj 3 opcode 3 (1 args)
[wp-proxy] forward obj 3 opcode 6 (0 args)
[wp-proxy] objects- app_obj=22 wl_callback (was_known=false)
[wp-event][C] delivered app_obj=19 wl_buffer.release args=0
[wp-event][C] delivered app_obj=22 wl_callback.done args=1
[wp-proxy] forward obj 3 opcode 1 (3 args)
[wp-proxy] forward obj 3 opcode 9 (4 args)
[wp-proxy] objects+ app_obj=22 wl_callback
[wp-proxy] forward obj 3 opcode 3 (1 args)
[wp-proxy] forward obj 3 opcode 6 (0 args)
[wp-proxy] objects- app_obj=22 wl_callback (was_known=false)
[wp-event][C] delivered app_obj=21 wl_buffer.release args=0
[wp-event][C] delivered app_obj=22 wl_callback.done args=1
[wp-proxy] forward obj 3 opcode 1 (3 args)
[wp-proxy] forward obj 3 opcode 9 (4 args)
[wp-proxy] objects+ app_obj=22 wl_callback
[wp-proxy] forward obj 3 opcode 3 (1 args)
[wp-proxy] forward obj 3 opcode 6 (0 args)
[wp-proxy] objects- app_obj=22 wl_callback (was_known=false)
[wp-event][C] delivered app_obj=23 wl_buffer.release args=0
[wp-event][C] delivered app_obj=22 wl_callback.done args=1
C1METRICS elapsed_us=5809996 app_connected_us=3168539 first_frame_us=3195535 first_frame_after_connect_us=26995 round_trips=11 round_trip_wait_us=57621 c2s_ring_msgs=189 c2s_ring_bytes=73170 s2c_ring_msgs=0 s2c_ring_bytes=0 c2s_inline_msgs=199 c2s_inline_bytes=6286 s2c_inline_msgs=0 s2c_inline_bytes=0 c2s_blob_sync_msgs=3448 c2s_blob_sync_bytes=301369 s2c_blob_sync_msgs=1824 s2c_blob_sync_bytes=25064 c2s_replies_msgs=0 c2s_replies_bytes=0 s2c_replies_msgs=246 s2c_replies_bytes=2281 c2s_control_msgs=205 c2s_control_bytes=3495 s2c_control_msgs=83 s2c_control_bytes=918 c2s_total_bytes=384320 s2c_total_bytes=28263
[wp-proxy] forward obj 3 opcode 1 (3 args)
[wp-proxy] forward obj 3 opcode 9 (4 args)
[wp-proxy] objects+ app_obj=22 wl_callback
[wp-proxy] forward obj 3 opcode 3 (1 args)
[wp-proxy] forward obj 3 opcode 6 (0 args)
[wp-proxy] objects- app_obj=22 wl_callback (was_known=false)
[wp-event][C] delivered app_obj=17 wl_buffer.release args=0
[wp-event][C] delivered app_obj=22 wl_callback.done args=1
[wp-proxy] forward obj 3 opcode 1 (3 args)
[wp-proxy] forward obj 3 opcode 9 (4 args)
[wp-proxy] objects+ app_obj=22 wl_callback
[wp-proxy] forward obj 3 opcode 3 (1 args)
[wp-proxy] forward obj 3 opcode 6 (0 args)
[wp-proxy] objects- app_obj=22 wl_callback (was_known=false)
[wp-event][C] delivered app_obj=19 wl_buffer.release args=0
[wp-event][C] delivered app_obj=22 wl_callback.done args=1
C1METRICS elapsed_us=5910070 app_connected_us=3168539 first_frame_us=3195535 first_frame_after_connect_us=26995 round_trips=11 round_trip_wait_us=57621 c2s_ring_msgs=196 c2s_ring_bytes=75921 s2c_ring_msgs=0 s2c_ring_bytes=0 c2s_inline_msgs=206 c2s_inline_bytes=6503 s2c_inline_msgs=0 s2c_inline_bytes=0 c2s_blob_sync_msgs=3651 c2s_blob_sync_bytes=303713 s2c_blob_sync_msgs=1836 s2c_blob_sync_bytes=25196 c2s_replies_msgs=0 c2s_replies_bytes=0 s2c_replies_msgs=255 s2c_replies_bytes=2362 c2s_control_msgs=213 c2s_control_bytes=3633 s2c_control_msgs=87 s2c_control_bytes=962 c2s_total_bytes=389770 s2c_total_bytes=28520
[wp-proxy] forward obj 3 opcode 1 (3 args)
[wp-proxy] forward obj 3 opcode 9 (4 args)
[wp-proxy] objects+ app_obj=22 wl_callback
[wp-proxy] forward obj 3 opcode 3 (1 args)
[wp-proxy] forward obj 3 opcode 6 (0 args)
[wp-proxy] objects- app_obj=22 wl_callback (was_known=false)
[wp-event][C] delivered app_obj=21 wl_buffer.release args=0
[wp-event][C] delivered app_obj=22 wl_callback.done args=1
[wp-proxy] forward obj 3 opcode 1 (3 args)
[wp-proxy] forward obj 3 opcode 9 (4 args)
[wp-proxy] objects+ app_obj=22 wl_callback
[wp-proxy] forward obj 3 opcode 3 (1 args)
[wp-proxy] forward obj 3 opcode 6 (0 args)
[wp-proxy] objects- app_obj=22 wl_callback (was_known=false)
[wp-event][C] delivered app_obj=23 wl_buffer.release args=0
[wp-event][C] delivered app_obj=22 wl_callback.done args=1
[wp-proxy] forward obj 3 opcode 1 (3 args)
[wp-proxy] forward obj 3 opcode 9 (4 args)
[wp-proxy] objects+ app_obj=22 wl_callback
[wp-proxy] forward obj 3 opcode 3 (1 args)
[wp-proxy] forward obj 3 opcode 6 (0 args)
[wp-proxy] objects- app_obj=22 wl_callback (was_known=false)
[wp-event][C] delivered app_obj=17 wl_buffer.release args=0
[wp-event][C] delivered app_obj=22 wl_callback.done args=1
C1METRICS elapsed_us=6010183 app_connected_us=3168539 first_frame_us=3195535 first_frame_after_connect_us=26995 round_trips=11 round_trip_wait_us=57621 c2s_ring_msgs=205 c2s_ring_bytes=79797 s2c_ring_msgs=0 s2c_ring_bytes=0 c2s_inline_msgs=215 c2s_inline_bytes=6782 s2c_inline_msgs=0 s2c_inline_bytes=0 c2s_blob_sync_msgs=3799 c2s_blob_sync_bytes=305401 s2c_blob_sync_msgs=1851 s2c_blob_sync_bytes=25361 c2s_replies_msgs=0 c2s_replies_bytes=0 s2c_replies_msgs=267 s2c_replies_bytes=2470 c2s_control_msgs=225 c2s_control_bytes=3840 s2c_control_msgs=93 s2c_control_bytes=1028 c2s_total_bytes=395820 s2c_total_bytes=28859
[wp-proxy] forward obj 3 opcode 1 (3 args)
[wp-proxy] forward obj 3 opcode 9 (4 args)
[wp-proxy] objects+ app_obj=22 wl_callback
[wp-proxy] forward obj 3 opcode 3 (1 args)
[wp-proxy] forward obj 3 opcode 6 (0 args)
[wp-proxy] objects- app_obj=22 wl_callback (was_known=false)
[wp-event][C] delivered app_obj=19 wl_buffer.release args=0
[wp-event][C] delivered app_obj=22 wl_callback.done args=1
[wp-proxy] forward obj 3 opcode 1 (3 args)
[wp-proxy] forward obj 3 opcode 9 (4 args)
[wp-proxy] objects+ app_obj=22 wl_callback
[wp-proxy] forward obj 3 opcode 3 (1 args)
[wp-proxy] forward obj 3 opcode 6 (0 args)
[wp-proxy] objects- app_obj=22 wl_callback (was_known=false)
[wp-event][C] delivered app_obj=21 wl_buffer.release args=0
[wp-event][C] delivered app_obj=22 wl_callback.done args=1
[wp-proxy] forward obj 3 opcode 1 (3 args)
[wp-proxy] forward obj 3 opcode 9 (4 args)
[wp-proxy] objects+ app_obj=22 wl_callback
[wp-proxy] forward obj 3 opcode 3 (1 args)
[wp-proxy] forward obj 3 opcode 6 (0 args)
[wp-proxy] objects- app_obj=22 wl_callback (was_known=false)
C1METRICS elapsed_us=6110287 app_connected_us=3168539 first_frame_us=3195535 first_frame_after_connect_us=26995 round_trips=11 round_trip_wait_us=57621 c2s_ring_msgs=214 c2s_ring_bytes=83673 s2c_ring_msgs=0 s2c_ring_bytes=0 c2s_inline_msgs=224 c2s_inline_bytes=7061 s2c_inline_msgs=0 s2c_inline_bytes=0 c2s_blob_sync_msgs=4011 c2s_blob_sync_bytes=307835 s2c_blob_sync_msgs=1866 s2c_blob_sync_bytes=25526 c2s_replies_msgs=0 c2s_replies_bytes=0 s2c_replies_msgs=278 s2c_replies_bytes=2569 c2s_control_msgs=237 c2s_control_bytes=4047 s2c_control_msgs=97 s2c_control_bytes=1072 c2s_total_bytes=402616 s2c_total_bytes=29167
[wp-event][C] delivered app_obj=23 wl_buffer.release args=0
[wp-event][C] delivered app_obj=22 wl_callback.done args=1
[wp-proxy] forward obj 3 opcode 1 (3 args)
[wp-proxy] forward obj 3 opcode 9 (4 args)
[wp-proxy] objects+ app_obj=22 wl_callback
[wp-proxy] forward obj 3 opcode 3 (1 args)
[wp-proxy] forward obj 3 opcode 6 (0 args)
[wp-proxy] objects- app_obj=22 wl_callback (was_known=false)
[wp-event][C] delivered app_obj=17 wl_buffer.release args=0
[wp-event][C] delivered app_obj=22 wl_callback.done args=1
[wp-proxy] forward obj 3 opcode 1 (3 args)
[wp-proxy] forward obj 3 opcode 9 (4 args)
[wp-proxy] objects+ app_obj=22 wl_callback
[wp-proxy] forward obj 3 opcode 3 (1 args)
[wp-proxy] forward obj 3 opcode 6 (0 args)
[wp-proxy] objects- app_obj=22 wl_callback (was_known=false)
[wp-event][C] delivered app_obj=19 wl_buffer.release args=0
[wp-event][C] delivered app_obj=22 wl_callback.done args=1
[wp-proxy] forward obj 3 opcode 1 (3 args)
[wp-proxy] forward obj 3 opcode 9 (4 args)
[wp-proxy] objects+ app_obj=22 wl_callback
[wp-proxy] forward obj 3 opcode 3 (1 args)
[wp-proxy] forward obj 3 opcode 6 (0 args)
[wp-proxy] objects- app_obj=22 wl_callback (was_known=false)
[wp-event][C] delivered app_obj=21 wl_buffer.release args=0
[wp-event][C] delivered app_obj=22 wl_callback.done args=1
C1METRICS elapsed_us=6210369 app_connected_us=3168539 first_frame_us=3195535 first_frame_after_connect_us=26995 round_trips=11 round_trip_wait_us=57621 c2s_ring_msgs=223 c2s_ring_bytes=87549 s2c_ring_msgs=0 s2c_ring_bytes=0 c2s_inline_msgs=233 c2s_inline_bytes=7340 s2c_inline_msgs=0 s2c_inline_bytes=0 c2s_blob_sync_msgs=4225 c2s_blob_sync_bytes=310281 s2c_blob_sync_msgs=1879 s2c_blob_sync_bytes=25669 c2s_replies_msgs=0 c2s_replies_bytes=0 s2c_replies_msgs=289 s2c_replies_bytes=2668 c2s_control_msgs=249 c2s_control_bytes=4254 s2c_control_msgs=105 s2c_control_bytes=1160 c2s_total_bytes=409424 s2c_total_bytes=29497
[wp-proxy] forward obj 3 opcode 1 (3 args)
[wp-proxy] forward obj 3 opcode 9 (4 args)
[wp-proxy] objects+ app_obj=22 wl_callback
[wp-proxy] forward obj 3 opcode 3 (1 args)
[wp-proxy] forward obj 3 opcode 6 (0 args)
[wp-proxy] objects- app_obj=22 wl_callback (was_known=false)
[wp-event][C] delivered app_obj=23 wl_buffer.release args=0
[wp-event][C] delivered app_obj=22 wl_callback.done args=1
[wp-proxy] forward obj 3 opcode 1 (3 args)
[wp-proxy] forward obj 3 opcode 9 (4 args)
[wp-proxy] objects+ app_obj=22 wl_callback
[wp-proxy] forward obj 3 opcode 3 (1 args)
[wp-proxy] forward obj 3 opcode 6 (0 args)
[wp-proxy] objects- app_obj=22 wl_callback (was_known=false)
[wp-event][C] delivered app_obj=17 wl_buffer.release args=0
[wp-event][C] delivered app_obj=22 wl_callback.done args=1
[wp-proxy] forward obj 3 opcode 1 (3 args)
[wp-proxy] forward obj 3 opcode 9 (4 args)
[wp-proxy] objects+ app_obj=22 wl_callback
[wp-proxy] forward obj 3 opcode 3 (1 args)
[wp-proxy] forward obj 3 opcode 6 (0 args)
[wp-proxy] objects- app_obj=22 wl_callback (was_known=false)
[wp-event][C] delivered app_obj=19 wl_buffer.release args=0
[wp-event][C] delivered app_obj=22 wl_callback.done args=1
C1METRICS elapsed_us=6310457 app_connected_us=3168539 first_frame_us=3195535 first_frame_after_connect_us=26995 round_trips=11 round_trip_wait_us=57621 c2s_ring_msgs=233 c2s_ring_bytes=91436 s2c_ring_msgs=0 s2c_ring_bytes=0 c2s_inline_msgs=243 c2s_inline_bytes=7650 s2c_inline_msgs=0 s2c_inline_bytes=0 c2s_blob_sync_msgs=4438 c2s_blob_sync_bytes=312722 s2c_blob_sync_msgs=1896 s2c_blob_sync_bytes=25856 c2s_replies_msgs=0 c2s_replies_bytes=0 s2c_replies_msgs=303 s2c_replies_bytes=2794 c2s_control_msgs=261 c2s_control_bytes=4461 s2c_control_msgs=111 s2c_control_bytes=1226 c2s_total_bytes=416269 s2c_total_bytes=29876
[wp-proxy] forward obj 3 opcode 1 (3 args)
[wp-proxy] forward obj 3 opcode 9 (4 args)
[wp-proxy] objects+ app_obj=22 wl_callback
[wp-proxy] forward obj 3 opcode 3 (1 args)
[wp-proxy] forward obj 3 opcode 6 (0 args)
[wp-proxy] objects- app_obj=22 wl_callback (was_known=false)
[wp-event][C] delivered app_obj=21 wl_buffer.release args=0
[wp-event][C] delivered app_obj=22 wl_callback.done args=1
[wp-proxy] forward obj 3 opcode 1 (3 args)
[wp-proxy] forward obj 3 opcode 9 (4 args)
[wp-proxy] objects+ app_obj=22 wl_callback
[wp-proxy] forward obj 3 opcode 3 (1 args)
[wp-proxy] forward obj 3 opcode 6 (0 args)
[wp-proxy] objects- app_obj=22 wl_callback (was_known=false)
[wp-event][C] delivered app_obj=23 wl_buffer.release args=0
[wp-event][C] delivered app_obj=22 wl_callback.done args=1
[wp-proxy] forward obj 3 opcode 1 (3 args)
[wp-proxy] forward obj 3 opcode 9 (4 args)
[wp-proxy] objects+ app_obj=22 wl_callback
[wp-proxy] forward obj 3 opcode 3 (1 args)
[wp-proxy] forward obj 3 opcode 6 (0 args)
[wp-proxy] objects- app_obj=22 wl_callback (was_known=false)
C1METRICS elapsed_us=6410535 app_connected_us=3168539 first_frame_us=3195535 first_frame_after_connect_us=26995 round_trips=11 round_trip_wait_us=57621 c2s_ring_msgs=242 c2s_ring_bytes=95312 s2c_ring_msgs=0 s2c_ring_bytes=0 c2s_inline_msgs=252 c2s_inline_bytes=7929 s2c_inline_msgs=0 s2c_inline_bytes=0 c2s_blob_sync_msgs=4652 c2s_blob_sync_bytes=315169 s2c_blob_sync_msgs=1909 s2c_blob_sync_bytes=25999 c2s_replies_msgs=0 c2s_replies_bytes=0 s2c_replies_msgs=314 s2c_replies_bytes=2893 c2s_control_msgs=273 c2s_control_bytes=4668 s2c_control_msgs=115 s2c_control_bytes=1270 c2s_total_bytes=423078 s2c_total_bytes=30162
[wp-event][C] delivered app_obj=17 wl_buffer.release args=0
[wp-event][C] delivered app_obj=22 wl_callback.done args=1
[wp-proxy] forward obj 3 opcode 1 (3 args)
[wp-proxy] forward obj 3 opcode 9 (4 args)
[wp-proxy] objects+ app_obj=22 wl_callback
[wp-proxy] forward obj 3 opcode 3 (1 args)
[wp-proxy] forward obj 3 opcode 6 (0 args)
[wp-proxy] objects- app_obj=22 wl_callback (was_known=false)
[wp-event][C] delivered app_obj=19 wl_buffer.release args=0
[wp-event][C] delivered app_obj=22 wl_callback.done args=1
[wp-proxy] forward obj 3 opcode 1 (3 args)
[wp-proxy] forward obj 3 opcode 9 (4 args)
[wp-proxy] objects+ app_obj=22 wl_callback
[wp-proxy] forward obj 3 opcode 3 (1 args)
[wp-proxy] forward obj 3 opcode 6 (0 args)
[wp-proxy] objects- app_obj=22 wl_callback (was_known=false)
[wp-event][C] delivered app_obj=21 wl_buffer.release args=0
[wp-event][C] delivered app_obj=22 wl_callback.done args=1
C1METRICS elapsed_us=6510613 app_connected_us=3168539 first_frame_us=3195535 first_frame_after_connect_us=26995 round_trips=11 round_trip_wait_us=57621 c2s_ring_msgs=249 c2s_ring_bytes=98951 s2c_ring_msgs=0 s2c_ring_bytes=0 c2s_inline_msgs=259 c2s_inline_bytes=8146 s2c_inline_msgs=0 s2c_inline_bytes=0 c2s_blob_sync_msgs=4865 c2s_blob_sync_bytes=317609 s2c_blob_sync_msgs=1923 s2c_blob_sync_bytes=26153 c2s_replies_msgs=0 c2s_replies_bytes=0 s2c_replies_msgs=324 s2c_replies_bytes=2983 c2s_control_msgs=281 c2s_control_bytes=4806 s2c_control_msgs=121 s2c_control_bytes=1336 c2s_total_bytes=429512 s2c_total_bytes=30472
[wp-proxy] forward obj 3 opcode 1 (3 args)
[wp-proxy] forward obj 3 opcode 9 (4 args)
[wp-proxy] objects+ app_obj=22 wl_callback
[wp-proxy] forward obj 3 opcode 3 (1 args)
[wp-proxy] forward obj 3 opcode 6 (0 args)
[wp-proxy] objects- app_obj=22 wl_callback (was_known=false)
[wp-event][C] delivered app_obj=23 wl_buffer.release args=0
[wp-event][C] delivered app_obj=22 wl_callback.done args=1
[wp-proxy] forward obj 3 opcode 1 (3 args)
[wp-proxy] forward obj 3 opcode 9 (4 args)
[wp-proxy] objects+ app_obj=22 wl_callback
[wp-proxy] forward obj 3 opcode 3 (1 args)
[wp-proxy] forward obj 3 opcode 6 (0 args)
[wp-proxy] objects- app_obj=22 wl_callback (was_known=false)
[wp-event][C] delivered app_obj=17 wl_buffer.release args=0
[wp-event][C] delivered app_obj=22 wl_callback.done args=1
C1METRICS elapsed_us=6610736 app_connected_us=3168539 first_frame_us=3195535 first_frame_after_connect_us=26995 round_trips=11 round_trip_wait_us=57621 c2s_ring_msgs=256 c2s_ring_bytes=101605 s2c_ring_msgs=0 s2c_ring_bytes=0 c2s_inline_msgs=266 c2s_inline_bytes=8363 s2c_inline_msgs=0 s2c_inline_bytes=0 c2s_blob_sync_msgs=5008 c2s_blob_sync_bytes=319242 s2c_blob_sync_msgs=1933 s2c_blob_sync_bytes=26263 c2s_replies_msgs=0 c2s_replies_bytes=0 s2c_replies_msgs=333 s2c_replies_bytes=3064 c2s_control_msgs=289 c2s_control_bytes=4944 s2c_control_msgs=125 s2c_control_bytes=1380 c2s_total_bytes=434154 s2c_total_bytes=30707
[wp-proxy] forward obj 3 opcode 1 (3 args)
[wp-proxy] forward obj 3 opcode 9 (4 args)
[wp-proxy] objects+ app_obj=22 wl_callback
[wp-proxy] forward obj 3 opcode 3 (1 args)
[wp-proxy] forward obj 3 opcode 6 (0 args)
[wp-proxy] objects- app_obj=22 wl_callback (was_known=false)
[wp-event][C] delivered app_obj=19 wl_buffer.release args=0
[wp-event][C] delivered app_obj=22 wl_callback.done args=1
[wp-proxy] forward obj 3 opcode 1 (3 args)
[wp-proxy] forward obj 3 opcode 9 (4 args)
[wp-proxy] objects+ app_obj=22 wl_callback
[wp-proxy] forward obj 3 opcode 3 (1 args)
[wp-proxy] forward obj 3 opcode 6 (0 args)
[wp-proxy] objects- app_obj=22 wl_callback (was_known=false)
[wp-event][C] delivered app_obj=21 wl_buffer.release args=0
[wp-event][C] delivered app_obj=22 wl_callback.done args=1
[wp-proxy] forward obj 3 opcode 1 (3 args)
[wp-proxy] forward obj 3 opcode 9 (4 args)
[wp-proxy] objects+ app_obj=22 wl_callback
[wp-proxy] forward obj 3 opcode 3 (1 args)
[wp-proxy] forward obj 3 opcode 6 (0 args)
[wp-proxy] objects- app_obj=22 wl_callback (was_known=false)
[wp-event][C] delivered app_obj=23 wl_buffer.release args=0
C1METRICS elapsed_us=6710879 app_connected_us=3168539 first_frame_us=3195535 first_frame_after_connect_us=26995 round_trips=11 round_trip_wait_us=57621 c2s_ring_msgs=263 c2s_ring_bytes=104356 s2c_ring_msgs=0 s2c_ring_bytes=0 c2s_inline_msgs=273 c2s_inline_bytes=8580 s2c_inline_msgs=0 s2c_inline_bytes=0 c2s_blob_sync_msgs=5149 c2s_blob_sync_bytes=320862 s2c_blob_sync_msgs=1944 s2c_blob_sync_bytes=26384 c2s_replies_msgs=0 c2s_replies_bytes=0 s2c_replies_msgs=342 s2c_replies_bytes=3145 c2s_control_msgs=301 c2s_control_bytes=5151 s2c_control_msgs=130 s2c_control_bytes=1432 c2s_total_bytes=438949 s2c_total_bytes=30961
[wp-event][C] delivered app_obj=22 wl_callback.done args=1
[wp-proxy] forward obj 3 opcode 1 (3 args)
[wp-proxy] forward obj 3 opcode 9 (4 args)
[wp-proxy] objects+ app_obj=22 wl_callback
[wp-proxy] forward obj 3 opcode 3 (1 args)
[wp-proxy] forward obj 3 opcode 6 (0 args)
[wp-proxy] objects- app_obj=22 wl_callback (was_known=false)
[wp-event][C] delivered app_obj=17 wl_buffer.release args=0
[wp-event][C] delivered app_obj=22 wl_callback.done args=1
[wp-proxy] forward obj 3 opcode 1 (3 args)
[wp-proxy] forward obj 3 opcode 9 (4 args)
[wp-proxy] objects+ app_obj=22 wl_callback
[wp-proxy] forward obj 3 opcode 3 (1 args)
[wp-proxy] forward obj 3 opcode 6 (0 args)
[wp-proxy] objects- app_obj=22 wl_callback (was_known=false)
[wp-event][C] delivered app_obj=19 wl_buffer.release args=0
[wp-event][C] delivered app_obj=22 wl_callback.done args=1
C1METRICS elapsed_us=6810970 app_connected_us=3168539 first_frame_us=3195535 first_frame_after_connect_us=26995 round_trips=11 round_trip_wait_us=57621 c2s_ring_msgs=269 c2s_ring_bytes=106940 s2c_ring_msgs=0 s2c_ring_bytes=0 c2s_inline_msgs=279 c2s_inline_bytes=8766 s2c_inline_msgs=0 s2c_inline_bytes=0 c2s_blob_sync_msgs=5287 c2s_blob_sync_bytes=322461 s2c_blob_sync_msgs=1956 s2c_blob_sync_bytes=26516 c2s_replies_msgs=0 c2s_replies_bytes=0 s2c_replies_msgs=352 s2c_replies_bytes=3235 c2s_control_msgs=309 c2s_control_bytes=5289 s2c_control_msgs=135 s2c_control_bytes=1490 c2s_total_bytes=443456 s2c_total_bytes=31241
[wp-proxy] forward obj 3 opcode 1 (3 args)
[wp-proxy] forward obj 3 opcode 9 (4 args)
[wp-proxy] objects+ app_obj=22 wl_callback
[wp-proxy] forward obj 3 opcode 3 (1 args)
[wp-proxy] forward obj 3 opcode 6 (0 args)
[wp-proxy] objects- app_obj=22 wl_callback (was_known=false)
[wp-event][C] delivered app_obj=21 wl_buffer.release args=0
[wp-event][C] delivered app_obj=22 wl_callback.done args=1
[wp-proxy] forward obj 3 opcode 1 (3 args)
[wp-proxy] forward obj 3 opcode 9 (4 args)
[wp-proxy] objects+ app_obj=22 wl_callback
[wp-proxy] forward obj 3 opcode 3 (1 args)
[wp-proxy] forward obj 3 opcode 6 (0 args)
[wp-proxy] objects- app_obj=22 wl_callback (was_known=false)
[wp-event][C] delivered app_obj=23 wl_buffer.release args=0
[wp-event][C] delivered app_obj=22 wl_callback.done args=1
C1METRICS elapsed_us=6911075 app_connected_us=3168539 first_frame_us=3195535 first_frame_after_connect_us=26995 round_trips=11 round_trip_wait_us=57621 c2s_ring_msgs=277 c2s_ring_bytes=110649 s2c_ring_msgs=0 s2c_ring_bytes=0 c2s_inline_msgs=287 c2s_inline_bytes=9014 s2c_inline_msgs=0 s2c_inline_bytes=0 c2s_blob_sync_msgs=5495 c2s_blob_sync_bytes=324867 s2c_blob_sync_msgs=1968 s2c_blob_sync_bytes=26648 c2s_replies_msgs=0 c2s_replies_bytes=0 s2c_replies_msgs=362 s2c_replies_bytes=3325 c2s_control_msgs=317 c2s_control_bytes=5427 s2c_control_msgs=139 s2c_control_bytes=1534 c2s_total_bytes=449957 s2c_total_bytes=31507
[wp-proxy] forward obj 3 opcode 1 (3 args)
[wp-proxy] forward obj 3 opcode 9 (4 args)
[wp-proxy] objects+ app_obj=22 wl_callback
[wp-proxy] forward obj 3 opcode 3 (1 args)
[wp-proxy] forward obj 3 opcode 6 (0 args)
[wp-proxy] objects- app_obj=22 wl_callback (was_known=false)
[wp-event][C] delivered app_obj=17 wl_buffer.release args=0
[wp-event][C] delivered app_obj=22 wl_callback.done args=1
[wp-proxy] forward obj 3 opcode 1 (3 args)
[wp-proxy] forward obj 3 opcode 9 (4 args)
[wp-proxy] objects+ app_obj=22 wl_callback
[wp-proxy] forward obj 3 opcode 3 (1 args)
[wp-proxy] forward obj 3 opcode 6 (0 args)
[wp-proxy] objects- app_obj=22 wl_callback (was_known=false)
[wp-event][C] delivered app_obj=19 wl_buffer.release args=0
[wp-event][C] delivered app_obj=22 wl_callback.done args=1
[wp-proxy] forward obj 3 opcode 1 (3 args)
[wp-proxy] forward obj 3 opcode 9 (4 args)
[wp-proxy] objects+ app_obj=22 wl_callback
[wp-proxy] forward obj 3 opcode 3 (1 args)
[wp-proxy] forward obj 3 opcode 6 (0 args)
[wp-proxy] objects- app_obj=22 wl_callback (was_known=false)
[wp-event][C] delivered app_obj=21 wl_buffer.release args=0
[wp-event][C] delivered app_obj=22 wl_callback.done args=1
C1METRICS elapsed_us=7011204 app_connected_us=3168539 first_frame_us=3195535 first_frame_after_connect_us=26995 round_trips=11 round_trip_wait_us=57621 c2s_ring_msgs=285 c2s_ring_bytes=114455 s2c_ring_msgs=0 s2c_ring_bytes=0 c2s_inline_msgs=295 c2s_inline_bytes=9262 s2c_inline_msgs=0 s2c_inline_bytes=0 c2s_blob_sync_msgs=5709 c2s_blob_sync_bytes=327313 s2c_blob_sync_msgs=1981 s2c_blob_sync_bytes=26791 c2s_replies_msgs=0 c2s_replies_bytes=0 s2c_replies_msgs=372 s2c_replies_bytes=3415 c2s_control_msgs=329 c2s_control_bytes=5634 s2c_control_msgs=145 s2c_control_bytes=1600 c2s_total_bytes=456664 s2c_total_bytes=31806
[wp-proxy] forward obj 3 opcode 1 (3 args)
[wp-proxy] forward obj 3 opcode 9 (4 args)
[wp-proxy] objects+ app_obj=22 wl_callback
[wp-proxy] forward obj 3 opcode 3 (1 args)
[wp-proxy] forward obj 3 opcode 6 (0 args)
[wp-proxy] objects- app_obj=22 wl_callback (was_known=false)
[wp-event][C] delivered app_obj=23 wl_buffer.release args=0
[wp-event][C] delivered app_obj=22 wl_callback.done args=1
[wp-proxy] forward obj 3 opcode 1 (3 args)
[wp-proxy] forward obj 3 opcode 9 (4 args)
[wp-proxy] objects+ app_obj=22 wl_callback
[wp-proxy] forward obj 3 opcode 3 (1 args)
[wp-proxy] forward obj 3 opcode 6 (0 args)
[wp-proxy] objects- app_obj=22 wl_callback (was_known=false)
[wp-event][C] delivered app_obj=17 wl_buffer.release args=0
[wp-event][C] delivered app_obj=22 wl_callback.done args=1
C1METRICS elapsed_us=7111309 app_connected_us=3168539 first_frame_us=3195535 first_frame_after_connect_us=26995 round_trips=11 round_trip_wait_us=57621 c2s_ring_msgs=291 c2s_ring_bytes=117039 s2c_ring_msgs=0 s2c_ring_bytes=0 c2s_inline_msgs=301 c2s_inline_bytes=9448 s2c_inline_msgs=0 s2c_inline_bytes=0 c2s_blob_sync_msgs=5852 c2s_blob_sync_bytes=328946 s2c_blob_sync_msgs=1991 s2c_blob_sync_bytes=26901 c2s_replies_msgs=0 c2s_replies_bytes=0 s2c_replies_msgs=379 s2c_replies_bytes=3478 c2s_control_msgs=337 c2s_control_bytes=5772 s2c_control_msgs=149 s2c_control_bytes=1644 c2s_total_bytes=461205 s2c_total_bytes=32023
[wp-proxy] forward obj 3 opcode 1 (3 args)
[wp-proxy] forward obj 3 opcode 9 (4 args)
[wp-proxy] objects+ app_obj=22 wl_callback
[wp-proxy] forward obj 3 opcode 3 (1 args)
[wp-proxy] forward obj 3 opcode 6 (0 args)
[wp-proxy] objects- app_obj=22 wl_callback (was_known=false)
[wp-event][C] delivered app_obj=19 wl_buffer.release args=0
[wp-event][C] delivered app_obj=22 wl_callback.done args=1
[wp-proxy] forward obj 3 opcode 1 (3 args)
[wp-proxy] forward obj 3 opcode 9 (4 args)
[wp-proxy] objects+ app_obj=22 wl_callback
[wp-proxy] forward obj 3 opcode 3 (1 args)
[wp-proxy] forward obj 3 opcode 6 (0 args)
[wp-proxy] objects- app_obj=22 wl_callback (was_known=false)
[wp-event][C] delivered app_obj=21 wl_buffer.release args=0
[wp-event][C] delivered app_obj=22 wl_callback.done args=1
[wp-proxy] forward obj 3 opcode 1 (3 args)
[wp-proxy] forward obj 3 opcode 9 (4 args)
[wp-proxy] objects+ app_obj=22 wl_callback
[wp-proxy] forward obj 3 opcode 3 (1 args)
[wp-proxy] forward obj 3 opcode 6 (0 args)
[wp-proxy] objects- app_obj=22 wl_callback (was_known=false)
C1METRICS elapsed_us=7211404 app_connected_us=3168539 first_frame_us=3195535 first_frame_after_connect_us=26995 round_trips=11 round_trip_wait_us=57621 c2s_ring_msgs=299 c2s_ring_bytes=119860 s2c_ring_msgs=0 s2c_ring_bytes=0 c2s_inline_msgs=309 c2s_inline_bytes=9696 s2c_inline_msgs=0 s2c_inline_bytes=0 c2s_blob_sync_msgs=5992 c2s_blob_sync_bytes=330560 s2c_blob_sync_msgs=2004 s2c_blob_sync_bytes=27044 c2s_replies_msgs=0 c2s_replies_bytes=0 s2c_replies_msgs=390 s2c_replies_bytes=3577 c2s_control_msgs=349 c2s_control_bytes=5979 s2c_control_msgs=153 s2c_control_bytes=1688 c2s_total_bytes=466095 s2c_total_bytes=32309
[wp-event][C] delivered app_obj=23 wl_buffer.release args=0
[wp-event][C] delivered app_obj=22 wl_callback.done args=1
[wp-proxy] forward obj 3 opcode 1 (3 args)
[wp-proxy] forward obj 3 opcode 9 (4 args)
[wp-proxy] objects+ app_obj=22 wl_callback
[wp-proxy] forward obj 3 opcode 3 (1 args)
[wp-proxy] forward obj 3 opcode 6 (0 args)
[wp-proxy] objects- app_obj=22 wl_callback (was_known=false)
[wp-event][C] delivered app_obj=17 wl_buffer.release args=0
[wp-event][C] delivered app_obj=22 wl_callback.done args=1
[wp-proxy] forward obj 3 opcode 1 (3 args)
[wp-proxy] forward obj 3 opcode 9 (4 args)
[wp-proxy] objects+ app_obj=22 wl_callback
[wp-proxy] forward obj 3 opcode 3 (1 args)
[wp-proxy] forward obj 3 opcode 6 (0 args)
[wp-proxy] objects- app_obj=22 wl_callback (was_known=false)
[wp-event][C] delivered app_obj=19 wl_buffer.release args=0
[wp-event][C] delivered app_obj=22 wl_callback.done args=1
C1METRICS elapsed_us=7311486 app_connected_us=3168539 first_frame_us=3195535 first_frame_after_connect_us=26995 round_trips=11 round_trip_wait_us=57621 c2s_ring_msgs=307 c2s_ring_bytes=123569 s2c_ring_msgs=0 s2c_ring_bytes=0 c2s_inline_msgs=317 c2s_inline_bytes=9944 s2c_inline_msgs=0 s2c_inline_bytes=0 c2s_blob_sync_msgs=6208 c2s_blob_sync_bytes=333020 s2c_blob_sync_msgs=2018 s2c_blob_sync_bytes=27198 c2s_replies_msgs=0 c2s_replies_bytes=0 s2c_replies_msgs=399 s2c_replies_bytes=3658 c2s_control_msgs=357 c2s_control_bytes=6117 s2c_control_msgs=159 s2c_control_bytes=1754 c2s_total_bytes=472650 s2c_total_bytes=32610
[wp-proxy] forward obj 3 opcode 1 (3 args)
[wp-proxy] forward obj 3 opcode 9 (4 args)
[wp-proxy] objects+ app_obj=22 wl_callback
[wp-proxy] forward obj 3 opcode 3 (1 args)
[wp-proxy] forward obj 3 opcode 6 (0 args)
[wp-proxy] objects- app_obj=22 wl_callback (was_known=false)
[wp-event][C] delivered app_obj=21 wl_buffer.release args=0
[wp-event][C] delivered app_obj=22 wl_callback.done args=1
[wp-proxy] forward obj 3 opcode 1 (3 args)
[wp-proxy] forward obj 3 opcode 9 (4 args)
[wp-proxy] objects+ app_obj=22 wl_callback
[wp-proxy] forward obj 3 opcode 3 (1 args)
[wp-proxy] forward obj 3 opcode 6 (0 args)
[wp-proxy] objects- app_obj=22 wl_callback (was_known=false)
[wp-event][C] delivered app_obj=23 wl_buffer.release args=0
[wp-event][C] delivered app_obj=22 wl_callback.done args=1
[wp-proxy] forward obj 3 opcode 1 (3 args)
[wp-proxy] forward obj 3 opcode 9 (4 args)
[wp-proxy] objects+ app_obj=22 wl_callback
[wp-proxy] forward obj 3 opcode 3 (1 args)
[wp-proxy] forward obj 3 opcode 6 (0 args)
[wp-proxy] objects- app_obj=22 wl_callback (was_known=false)
[wp-event][C] delivered app_obj=17 wl_buffer.release args=0
[wp-event][C] delivered app_obj=22 wl_callback.done args=1
C1METRICS elapsed_us=7411570 app_connected_us=3168539 first_frame_us=3195535 first_frame_after_connect_us=26995 round_trips=11 round_trip_wait_us=57621 c2s_ring_msgs=314 c2s_ring_bytes=126320 s2c_ring_msgs=0 s2c_ring_bytes=0 c2s_inline_msgs=324 c2s_inline_bytes=10161 s2c_inline_msgs=0 s2c_inline_bytes=0 c2s_blob_sync_msgs=6349 c2s_blob_sync_bytes=334641 s2c_blob_sync_msgs=2031 s2c_blob_sync_bytes=27341 c2s_replies_msgs=0 c2s_replies_bytes=0 s2c_replies_msgs=410 s2c_replies_bytes=3757 c2s_control_msgs=369 c2s_control_bytes=6324 s2c_control_msgs=165 s2c_control_bytes=1820 c2s_total_bytes=477446 s2c_total_bytes=32918
[wp-proxy] forward obj 3 opcode 1 (3 args)
[wp-proxy] forward obj 3 opcode 9 (4 args)
[wp-proxy] objects+ app_obj=22 wl_callback
[wp-proxy] forward obj 3 opcode 3 (1 args)
[wp-proxy] forward obj 3 opcode 6 (0 args)
[wp-proxy] objects- app_obj=22 wl_callback (was_known=false)
[wp-event][C] delivered app_obj=19 wl_buffer.release args=0
[wp-event][C] delivered app_obj=22 wl_callback.done args=1
[wp-proxy] forward obj 3 opcode 1 (3 args)
[wp-proxy] forward obj 3 opcode 9 (4 args)
[wp-proxy] objects+ app_obj=22 wl_callback
[wp-proxy] forward obj 3 opcode 3 (1 args)
[wp-proxy] forward obj 3 opcode 6 (0 args)
[wp-proxy] objects- app_obj=22 wl_callback (was_known=false)
[wp-event][C] delivered app_obj=21 wl_buffer.release args=0
[wp-event][C] delivered app_obj=22 wl_callback.done args=1
C1METRICS elapsed_us=7511652 app_connected_us=3168539 first_frame_us=3195535 first_frame_after_connect_us=26995 round_trips=11 round_trip_wait_us=57621 c2s_ring_msgs=321 c2s_ring_bytes=129959 s2c_ring_msgs=0 s2c_ring_bytes=0 c2s_inline_msgs=331 c2s_inline_bytes=10378 s2c_inline_msgs=0 s2c_inline_bytes=0 c2s_blob_sync_msgs=6563 c2s_blob_sync_bytes=337087 s2c_blob_sync_msgs=2041 s2c_blob_sync_bytes=27451 c2s_replies_msgs=0 c2s_replies_bytes=0 s2c_replies_msgs=418 s2c_replies_bytes=3829 c2s_control_msgs=377 c2s_control_bytes=6462 s2c_control_msgs=169 s2c_control_bytes=1864 c2s_total_bytes=483886 s2c_total_bytes=33144
[wp-proxy] forward obj 3 opcode 1 (3 args)
[wp-proxy] forward obj 3 opcode 9 (4 args)
[wp-proxy] objects+ app_obj=22 wl_callback
[wp-proxy] forward obj 3 opcode 3 (1 args)
[wp-proxy] forward obj 3 opcode 6 (0 args)
[wp-proxy] objects- app_obj=22 wl_callback (was_known=false)
[wp-event][C] delivered app_obj=23 wl_buffer.release args=0
[wp-event][C] delivered app_obj=22 wl_callback.done args=1
[wp-proxy] forward obj 3 opcode 1 (3 args)
[wp-proxy] forward obj 3 opcode 9 (4 args)
[wp-proxy] objects+ app_obj=22 wl_callback
[wp-proxy] forward obj 3 opcode 3 (1 args)
[wp-proxy] forward obj 3 opcode 6 (0 args)
[wp-proxy] objects- app_obj=22 wl_callback (was_known=false)
[wp-event][C] delivered app_obj=17 wl_buffer.release args=0
[wp-event][C] delivered app_obj=22 wl_callback.done args=1
C1METRICS elapsed_us=7611808 app_connected_us=3168539 first_frame_us=3195535 first_frame_after_connect_us=26995 round_trips=11 round_trip_wait_us=57621 c2s_ring_msgs=327 c2s_ring_bytes=132543 s2c_ring_msgs=0 s2c_ring_bytes=0 c2s_inline_msgs=337 c2s_inline_bytes=10564 s2c_inline_msgs=0 s2c_inline_bytes=0 c2s_blob_sync_msgs=6705 c2s_blob_sync_bytes=338714 s2c_blob_sync_msgs=2051 s2c_blob_sync_bytes=27561 c2s_replies_msgs=0 c2s_replies_bytes=0 s2c_replies_msgs=426 s2c_replies_bytes=3901 c2s_control_msgs=385 c2s_control_bytes=6600 s2c_control_msgs=173 s2c_control_bytes=1908 c2s_total_bytes=488421 s2c_total_bytes=33370
[wp-proxy] forward obj 3 opcode 1 (3 args)
[wp-proxy] forward obj 3 opcode 9 (4 args)
[wp-proxy] objects+ app_obj=22 wl_callback
[wp-proxy] forward obj 3 opcode 3 (1 args)
[wp-proxy] forward obj 3 opcode 6 (0 args)
[wp-proxy] objects- app_obj=22 wl_callback (was_known=false)
[wp-event][C] delivered app_obj=19 wl_buffer.release args=0
[wp-event][C] delivered app_obj=22 wl_callback.done args=1
[wp-proxy] forward obj 3 opcode 1 (3 args)
[wp-proxy] forward obj 3 opcode 9 (4 args)
[wp-proxy] objects+ app_obj=22 wl_callback
[wp-proxy] forward obj 3 opcode 3 (1 args)
[wp-proxy] forward obj 3 opcode 6 (0 args)
[wp-proxy] objects- app_obj=22 wl_callback (was_known=false)
[wp-event][C] delivered app_obj=21 wl_buffer.release args=0
[wp-event][C] delivered app_obj=22 wl_callback.done args=1
C1METRICS elapsed_us=7711903 app_connected_us=3168539 first_frame_us=3195535 first_frame_after_connect_us=26995 round_trips=11 round_trip_wait_us=57621 c2s_ring_msgs=334 c2s_ring_bytes=135197 s2c_ring_msgs=0 s2c_ring_bytes=0 c2s_inline_msgs=344 c2s_inline_bytes=10781 s2c_inline_msgs=0 s2c_inline_bytes=0 c2s_blob_sync_msgs=6844 c2s_blob_sync_bytes=340321 s2c_blob_sync_msgs=2063 s2c_blob_sync_bytes=27693 c2s_replies_msgs=0 c2s_replies_bytes=0 s2c_replies_msgs=435 s2c_replies_bytes=3982 c2s_control_msgs=393 c2s_control_bytes=6738 s2c_control_msgs=177 s2c_control_bytes=1952 c2s_total_bytes=493037 s2c_total_bytes=33627
[wp-proxy] forward obj 3 opcode 1 (3 args)
[wp-proxy] forward obj 3 opcode 9 (4 args)
[wp-proxy] objects+ app_obj=22 wl_callback
[wp-proxy] forward obj 3 opcode 3 (1 args)
[wp-proxy] forward obj 3 opcode 6 (0 args)
[wp-proxy] objects- app_obj=22 wl_callback (was_known=false)
[wp-event][C] delivered app_obj=23 wl_buffer.release args=0
[wp-event][C] delivered app_obj=22 wl_callback.done args=1
[wp-proxy] forward obj 3 opcode 1 (3 args)
[wp-proxy] forward obj 3 opcode 9 (4 args)
[wp-proxy] objects+ app_obj=22 wl_callback
[wp-proxy] forward obj 3 opcode 3 (1 args)
[wp-proxy] forward obj 3 opcode 6 (0 args)
[wp-proxy] objects- app_obj=22 wl_callback (was_known=false)
[wp-event][C] delivered app_obj=17 wl_buffer.release args=0
[wp-event][C] delivered app_obj=22 wl_callback.done args=1
[wp-proxy] forward obj 3 opcode 1 (3 args)
[wp-proxy] forward obj 3 opcode 9 (4 args)
[wp-proxy] objects+ app_obj=22 wl_callback
[wp-proxy] forward obj 3 opcode 3 (1 args)
[wp-proxy] forward obj 3 opcode 6 (0 args)
[wp-proxy] objects- app_obj=22 wl_callback (was_known=false)
C1METRICS elapsed_us=7812013 app_connected_us=3168539 first_frame_us=3195535 first_frame_after_connect_us=26995 round_trips=11 round_trip_wait_us=57621 c2s_ring_msgs=341 c2s_ring_bytes=137948 s2c_ring_msgs=0 s2c_ring_bytes=0 c2s_inline_msgs=351 c2s_inline_bytes=10998 s2c_inline_msgs=0 s2c_inline_bytes=0 c2s_blob_sync_msgs=6986 c2s_blob_sync_bytes=341942 s2c_blob_sync_msgs=2074 s2c_blob_sync_bytes=27814 c2s_replies_msgs=0 c2s_replies_bytes=0 s2c_replies_msgs=444 s2c_replies_bytes=4063 c2s_control_msgs=405 c2s_control_bytes=6945 s2c_control_msgs=181 s2c_control_bytes=1996 c2s_total_bytes=497833 s2c_total_bytes=33873
[wp-event][C] delivered app_obj=19 wl_buffer.release args=0
[wp-event][C] delivered app_obj=22 wl_callback.done args=1
[wp-proxy] forward obj 3 opcode 1 (3 args)
[wp-proxy] forward obj 3 opcode 9 (4 args)
[wp-proxy] objects+ app_obj=22 wl_callback
[wp-proxy] forward obj 3 opcode 3 (1 args)
[wp-proxy] forward obj 3 opcode 6 (0 args)
[wp-proxy] objects- app_obj=22 wl_callback (was_known=false)
[wp-event][C] delivered app_obj=21 wl_buffer.release args=0
[wp-event][C] delivered app_obj=22 wl_callback.done args=1
[wp-proxy] forward obj 3 opcode 1 (3 args)
[wp-proxy] forward obj 3 opcode 9 (4 args)
[wp-proxy] objects+ app_obj=22 wl_callback
[wp-proxy] forward obj 3 opcode 3 (1 args)
[wp-proxy] forward obj 3 opcode 6 (0 args)
[wp-proxy] objects- app_obj=22 wl_callback (was_known=false)
[wp-event][C] delivered app_obj=23 wl_buffer.release args=0
[wp-event][C] delivered app_obj=22 wl_callback.done args=1
C1METRICS elapsed_us=7912118 app_connected_us=3168539 first_frame_us=3195535 first_frame_after_connect_us=26995 round_trips=11 round_trip_wait_us=57621 c2s_ring_msgs=348 c2s_ring_bytes=141587 s2c_ring_msgs=0 s2c_ring_bytes=0 c2s_inline_msgs=358 c2s_inline_bytes=11215 s2c_inline_msgs=0 s2c_inline_bytes=0 c2s_blob_sync_msgs=7198 c2s_blob_sync_bytes=344376 s2c_blob_sync_msgs=2086 s2c_blob_sync_bytes=27946 c2s_replies_msgs=0 c2s_replies_bytes=0 s2c_replies_msgs=453 s2c_replies_bytes=4144 c2s_control_msgs=413 c2s_control_bytes=7083 s2c_control_msgs=187 s2c_control_bytes=2062 c2s_total_bytes=504261 s2c_total_bytes=34152
[wp-proxy] forward obj 3 opcode 1 (3 args)
[wp-proxy] forward obj 3 opcode 9 (4 args)
[wp-proxy] objects+ app_obj=22 wl_callback
[wp-proxy] forward obj 3 opcode 3 (1 args)
[wp-proxy] forward obj 3 opcode 6 (0 args)
[wp-proxy] objects- app_obj=22 wl_callback (was_known=false)
[wp-event][C] delivered app_obj=17 wl_buffer.release args=0
[wp-event][C] delivered app_obj=22 wl_callback.done args=1
[wp-proxy] forward obj 3 opcode 1 (3 args)
[wp-proxy] forward obj 3 opcode 9 (4 args)
[wp-proxy] objects+ app_obj=22 wl_callback
[wp-proxy] forward obj 3 opcode 3 (1 args)
[wp-proxy] forward obj 3 opcode 6 (0 args)
[wp-proxy] objects- app_obj=22 wl_callback (was_known=false)
[wp-event][C] delivered app_obj=19 wl_buffer.release args=0
[wp-event][C] delivered app_obj=22 wl_callback.done args=1
C1METRICS elapsed_us=8012210 app_connected_us=3168539 first_frame_us=3195535 first_frame_after_connect_us=26995 round_trips=11 round_trip_wait_us=57621 c2s_ring_msgs=354 c2s_ring_bytes=144171 s2c_ring_msgs=0 s2c_ring_bytes=0 c2s_inline_msgs=364 c2s_inline_bytes=11401 s2c_inline_msgs=0 s2c_inline_bytes=0 c2s_blob_sync_msgs=7340 c2s_blob_sync_bytes=346002 s2c_blob_sync_msgs=2098 s2c_blob_sync_bytes=28078 c2s_replies_msgs=0 c2s_replies_bytes=0 s2c_replies_msgs=463 s2c_replies_bytes=4234 c2s_control_msgs=421 c2s_control_bytes=7221 s2c_control_msgs=191 s2c_control_bytes=2106 c2s_total_bytes=508795 s2c_total_bytes=34418
[wp-proxy] forward obj 3 opcode 1 (3 args)
[wp-proxy] forward obj 3 opcode 9 (4 args)
[wp-proxy] objects+ app_obj=22 wl_callback
[wp-proxy] forward obj 3 opcode 3 (1 args)
[wp-proxy] forward obj 3 opcode 6 (0 args)
[wp-proxy] objects- app_obj=22 wl_callback (was_known=false)
[wp-event][C] delivered app_obj=21 wl_buffer.release args=0
[wp-event][C] delivered app_obj=22 wl_callback.done args=1
[wp-proxy] forward obj 3 opcode 1 (3 args)
[wp-proxy] forward obj 3 opcode 9 (4 args)
[wp-proxy] objects+ app_obj=22 wl_callback
[wp-proxy] forward obj 3 opcode 3 (1 args)
[wp-proxy] forward obj 3 opcode 6 (0 args)
[wp-proxy] objects- app_obj=22 wl_callback (was_known=false)
[wp-event][C] delivered app_obj=23 wl_buffer.release args=0
[wp-event][C] delivered app_obj=22 wl_callback.done args=1
C1METRICS elapsed_us=8112323 app_connected_us=3168539 first_frame_us=3195535 first_frame_after_connect_us=26995 round_trips=11 round_trip_wait_us=57621 c2s_ring_msgs=361 c2s_ring_bytes=146825 s2c_ring_msgs=0 s2c_ring_bytes=0 c2s_inline_msgs=371 c2s_inline_bytes=11618 s2c_inline_msgs=0 s2c_inline_bytes=0 c2s_blob_sync_msgs=7482 c2s_blob_sync_bytes=347629 s2c_blob_sync_msgs=2108 s2c_blob_sync_bytes=28188 c2s_replies_msgs=0 c2s_replies_bytes=0 s2c_replies_msgs=471 s2c_replies_bytes=4306 c2s_control_msgs=429 c2s_control_bytes=7359 s2c_control_msgs=195 s2c_control_bytes=2150 c2s_total_bytes=513431 s2c_total_bytes=34644
[wp-proxy] forward obj 3 opcode 1 (3 args)
[wp-proxy] forward obj 3 opcode 9 (4 args)
[wp-proxy] objects+ app_obj=22 wl_callback
[wp-proxy] forward obj 3 opcode 3 (1 args)
[wp-proxy] forward obj 3 opcode 6 (0 args)
[wp-proxy] objects- app_obj=22 wl_callback (was_known=false)
[wp-event][C] delivered app_obj=17 wl_buffer.release args=0
[wp-event][C] delivered app_obj=22 wl_callback.done args=1
[wp-proxy] forward obj 3 opcode 1 (3 args)
[wp-proxy] forward obj 3 opcode 9 (4 args)
[wp-proxy] objects+ app_obj=22 wl_callback
[wp-proxy] forward obj 3 opcode 3 (1 args)
[wp-proxy] forward obj 3 opcode 6 (0 args)
[wp-proxy] objects- app_obj=22 wl_callback (was_known=false)
[wp-event][C] delivered app_obj=19 wl_buffer.release args=0
[wp-event][C] delivered app_obj=22 wl_callback.done args=1
[wp-proxy] forward obj 3 opcode 1 (3 args)
[wp-proxy] forward obj 3 opcode 9 (4 args)
[wp-proxy] objects+ app_obj=22 wl_callback
[wp-proxy] forward obj 3 opcode 3 (1 args)
[wp-proxy] forward obj 3 opcode 6 (0 args)
[wp-proxy] objects- app_obj=22 wl_callback (was_known=false)
[wp-event][C] delivered app_obj=21 wl_buffer.release args=0
[wp-event][C] delivered app_obj=22 wl_callback.done args=1
C1METRICS elapsed_us=8212450 app_connected_us=3168539 first_frame_us=3195535 first_frame_after_connect_us=26995 round_trips=11 round_trip_wait_us=57621 c2s_ring_msgs=368 c2s_ring_bytes=149576 s2c_ring_msgs=0 s2c_ring_bytes=0 c2s_inline_msgs=378 c2s_inline_bytes=11835 s2c_inline_msgs=0 s2c_inline_bytes=0 c2s_blob_sync_msgs=7625 c2s_blob_sync_bytes=349263 s2c_blob_sync_msgs=2119 s2c_blob_sync_bytes=28309 c2s_replies_msgs=0 c2s_replies_bytes=0 s2c_replies_msgs=479 s2c_replies_bytes=4378 c2s_control_msgs=441 c2s_control_bytes=7566 s2c_control_msgs=201 s2c_control_bytes=2216 c2s_total_bytes=518240 s2c_total_bytes=34903
[wp-proxy] forward obj 3 opcode 1 (3 args)
[wp-proxy] forward obj 3 opcode 9 (4 args)
[wp-proxy] objects+ app_obj=22 wl_callback
[wp-proxy] forward obj 3 opcode 3 (1 args)
[wp-proxy] forward obj 3 opcode 6 (0 args)
[wp-proxy] objects- app_obj=22 wl_callback (was_known=false)
[wp-event][C] delivered app_obj=23 wl_buffer.release args=0
[wp-event][C] delivered app_obj=22 wl_callback.done args=1
[wp-proxy] forward obj 3 opcode 1 (3 args)
[wp-proxy] forward obj 3 opcode 9 (4 args)
[wp-proxy] objects+ app_obj=22 wl_callback
[wp-proxy] forward obj 3 opcode 3 (1 args)
[wp-proxy] forward obj 3 opcode 6 (0 args)
[wp-proxy] objects- app_obj=22 wl_callback (was_known=false)
[wp-event][C] delivered app_obj=17 wl_buffer.release args=0
[wp-event][C] delivered app_obj=22 wl_callback.done args=1
C1METRICS elapsed_us=8312545 app_connected_us=3168539 first_frame_us=3195535 first_frame_after_connect_us=26995 round_trips=11 round_trip_wait_us=57621 c2s_ring_msgs=375 c2s_ring_bytes=153215 s2c_ring_msgs=0 s2c_ring_bytes=0 c2s_inline_msgs=385 c2s_inline_bytes=12052 s2c_inline_msgs=0 s2c_inline_bytes=0 c2s_blob_sync_msgs=7839 c2s_blob_sync_bytes=351710 s2c_blob_sync_msgs=2133 s2c_blob_sync_bytes=28463 c2s_replies_msgs=0 c2s_replies_bytes=0 s2c_replies_msgs=489 s2c_replies_bytes=4468 c2s_control_msgs=449 c2s_control_bytes=7704 s2c_control_msgs=205 s2c_control_bytes=2260 c2s_total_bytes=524681 s2c_total_bytes=35191
[wp-proxy] forward obj 3 opcode 1 (3 args)
[wp-proxy] forward obj 3 opcode 9 (4 args)
[wp-proxy] objects+ app_obj=22 wl_callback
[wp-proxy] forward obj 3 opcode 3 (1 args)
[wp-proxy] forward obj 3 opcode 6 (0 args)
[wp-proxy] objects- app_obj=22 wl_callback (was_known=false)
[wp-event][C] delivered app_obj=19 wl_buffer.release args=0
[wp-event][C] delivered app_obj=22 wl_callback.done args=1
[wp-proxy] forward obj 3 opcode 1 (3 args)
[wp-proxy] forward obj 3 opcode 9 (4 args)
[wp-proxy] objects+ app_obj=22 wl_callback
[wp-proxy] forward obj 3 opcode 3 (1 args)
[wp-proxy] forward obj 3 opcode 6 (0 args)
[wp-proxy] objects- app_obj=22 wl_callback (was_known=false)
[wp-event][C] delivered app_obj=21 wl_buffer.release args=0
[wp-event][C] delivered app_obj=22 wl_callback.done args=1
[wp-proxy] forward obj 3 opcode 1 (3 args)
[wp-proxy] forward obj 3 opcode 9 (4 args)
[wp-proxy] objects+ app_obj=22 wl_callback
[wp-proxy] forward obj 3 opcode 3 (1 args)
[wp-proxy] forward obj 3 opcode 6 (0 args)
[wp-proxy] objects- app_obj=22 wl_callback (was_known=false)
C1METRICS elapsed_us=8412638 app_connected_us=3168539 first_frame_us=3195535 first_frame_after_connect_us=26995 round_trips=11 round_trip_wait_us=57621 c2s_ring_msgs=382 c2s_ring_bytes=155869 s2c_ring_msgs=0 s2c_ring_bytes=0 c2s_inline_msgs=392 c2s_inline_bytes=12269 s2c_inline_msgs=0 s2c_inline_bytes=0 c2s_blob_sync_msgs=7981 c2s_blob_sync_bytes=353337 s2c_blob_sync_msgs=2144 s2c_blob_sync_bytes=28584 c2s_replies_msgs=0 c2s_replies_bytes=0 s2c_replies_msgs=498 s2c_replies_bytes=4549 c2s_control_msgs=461 c2s_control_bytes=7911 s2c_control_msgs=209 s2c_control_bytes=2304 c2s_total_bytes=529386 s2c_total_bytes=35437
[wp-event][C] delivered app_obj=23 wl_buffer.release args=0
[wp-event][C] delivered app_obj=22 wl_callback.done args=1
[wp-proxy] forward obj 3 opcode 1 (3 args)
[wp-proxy] forward obj 3 opcode 9 (4 args)
[wp-proxy] objects+ app_obj=22 wl_callback
[wp-proxy] forward obj 3 opcode 3 (1 args)
[wp-proxy] forward obj 3 opcode 6 (0 args)
[wp-proxy] objects- app_obj=22 wl_callback (was_known=false)
[wp-event][C] delivered app_obj=17 wl_buffer.release args=0
[wp-event][C] delivered app_obj=22 wl_callback.done args=1
[wp-proxy] forward obj 3 opcode 1 (3 args)
[wp-proxy] forward obj 3 opcode 9 (4 args)
[wp-proxy] objects+ app_obj=22 wl_callback
[wp-proxy] forward obj 3 opcode 3 (1 args)
[wp-proxy] forward obj 3 opcode 6 (0 args)
[wp-proxy] objects- app_obj=22 wl_callback (was_known=false)
[wp-event][C] delivered app_obj=19 wl_buffer.release args=0
[wp-event][C] delivered app_obj=22 wl_callback.done args=1
C1METRICS elapsed_us=8512678 app_connected_us=3168539 first_frame_us=3195535 first_frame_after_connect_us=26995 round_trips=11 round_trip_wait_us=57621 c2s_ring_msgs=389 c2s_ring_bytes=158620 s2c_ring_msgs=0 s2c_ring_bytes=0 c2s_inline_msgs=399 c2s_inline_bytes=12486 s2c_inline_msgs=0 s2c_inline_bytes=0 c2s_blob_sync_msgs=8123 c2s_blob_sync_bytes=354963 s2c_blob_sync_msgs=2156 s2c_blob_sync_bytes=28716 c2s_replies_msgs=0 c2s_replies_bytes=0 s2c_replies_msgs=507 s2c_replies_bytes=4630 c2s_control_msgs=469 c2s_control_bytes=8049 s2c_control_msgs=215 s2c_control_bytes=2370 c2s_total_bytes=534118 s2c_total_bytes=35716
[wp-proxy] forward obj 3 opcode 1 (3 args)
[wp-proxy] forward obj 3 opcode 9 (4 args)
[wp-proxy] objects+ app_obj=22 wl_callback
[wp-proxy] forward obj 3 opcode 3 (1 args)
[wp-proxy] forward obj 3 opcode 6 (0 args)
[wp-proxy] objects- app_obj=22 wl_callback (was_known=false)
[wp-event][C] delivered app_obj=21 wl_buffer.release args=0
[wp-event][C] delivered app_obj=22 wl_callback.done args=1
[wp-proxy] forward obj 3 opcode 1 (3 args)
[wp-proxy] forward obj 3 opcode 9 (4 args)
[wp-proxy] objects+ app_obj=22 wl_callback
[wp-proxy] forward obj 3 opcode 3 (1 args)
[wp-proxy] forward obj 3 opcode 6 (0 args)
[wp-proxy] objects- app_obj=22 wl_callback (was_known=false)
[wp-event][C] delivered app_obj=23 wl_buffer.release args=0
[wp-event][C] delivered app_obj=22 wl_callback.done args=1
[wp-proxy] forward obj 3 opcode 1 (3 args)
[wp-proxy] forward obj 3 opcode 9 (4 args)
[wp-proxy] objects+ app_obj=22 wl_callback
[wp-proxy] forward obj 3 opcode 3 (1 args)
[wp-proxy] forward obj 3 opcode 6 (0 args)
[wp-proxy] objects- app_obj=22 wl_callback (was_known=false)
[wp-event][C] delivered app_obj=17 wl_buffer.release args=0
[wp-event][C] delivered app_obj=22 wl_callback.done args=1
C1METRICS elapsed_us=8612755 app_connected_us=3168539 first_frame_us=3195535 first_frame_after_connect_us=26995 round_trips=11 round_trip_wait_us=57621 c2s_ring_msgs=397 c2s_ring_bytes=162329 s2c_ring_msgs=0 s2c_ring_bytes=0 c2s_inline_msgs=407 c2s_inline_bytes=12734 s2c_inline_msgs=0 s2c_inline_bytes=0 c2s_blob_sync_msgs=8336 c2s_blob_sync_bytes=357403 s2c_blob_sync_msgs=2169 s2c_blob_sync_bytes=28859 c2s_replies_msgs=0 c2s_replies_bytes=0 s2c_replies_msgs=517 s2c_replies_bytes=4720 c2s_control_msgs=481 c2s_control_bytes=8256 s2c_control_msgs=221 s2c_control_bytes=2436 c2s_total_bytes=540722 s2c_total_bytes=36015
[wp-proxy] forward obj 3 opcode 1 (3 args)
[wp-proxy] forward obj 3 opcode 9 (4 args)
[wp-proxy] objects+ app_obj=22 wl_callback
[wp-proxy] forward obj 3 opcode 3 (1 args)
[wp-proxy] forward obj 3 opcode 6 (0 args)
[wp-proxy] objects- app_obj=22 wl_callback (was_known=false)
[wp-event][C] delivered app_obj=19 wl_buffer.release args=0
[wp-event][C] delivered app_obj=22 wl_callback.done args=1
[wp-proxy] forward obj 3 opcode 1 (3 args)
[wp-proxy] forward obj 3 opcode 9 (4 args)
[wp-proxy] objects+ app_obj=22 wl_callback
[wp-proxy] forward obj 3 opcode 3 (1 args)
[wp-proxy] forward obj 3 opcode 6 (0 args)
[wp-proxy] objects- app_obj=22 wl_callback (was_known=false)
[wp-event][C] delivered app_obj=21 wl_buffer.release args=0
[wp-event][C] delivered app_obj=22 wl_callback.done args=1
[wp-proxy] forward obj 3 opcode 1 (3 args)
[wp-proxy] forward obj 3 opcode 9 (4 args)
[wp-proxy] objects+ app_obj=22 wl_callback
[wp-proxy] forward obj 3 opcode 3 (1 args)
[wp-proxy] forward obj 3 opcode 6 (0 args)
[wp-proxy] objects- app_obj=22 wl_callback (was_known=false)
C1METRICS elapsed_us=8712846 app_connected_us=3168539 first_frame_us=3195535 first_frame_after_connect_us=26995 round_trips=11 round_trip_wait_us=57621 c2s_ring_msgs=407 c2s_ring_bytes=166372 s2c_ring_msgs=0 s2c_ring_bytes=0 c2s_inline_msgs=417 c2s_inline_bytes=13044 s2c_inline_msgs=0 s2c_inline_bytes=0 c2s_blob_sync_msgs=8543 c2s_blob_sync_bytes=359801 s2c_blob_sync_msgs=2186 s2c_blob_sync_bytes=29046 c2s_replies_msgs=0 c2s_replies_bytes=0 s2c_replies_msgs=529 s2c_replies_bytes=4828 c2s_control_msgs=493 c2s_control_bytes=8463 s2c_control_msgs=225 s2c_control_bytes=2480 c2s_total_bytes=547680 s2c_total_bytes=36354
[wp-event][C] delivered app_obj=23 wl_buffer.release args=0
[wp-event][C] delivered app_obj=22 wl_callback.done args=1
[wp-proxy] forward obj 3 opcode 1 (3 args)
[wp-proxy] forward obj 3 opcode 9 (4 args)
[wp-proxy] objects+ app_obj=22 wl_callback
[wp-proxy] forward obj 3 opcode 3 (1 args)
[wp-proxy] forward obj 3 opcode 6 (0 args)
[wp-proxy] objects- app_obj=22 wl_callback (was_known=false)
[wp-event][C] delivered app_obj=17 wl_buffer.release args=0
[wp-event][C] delivered app_obj=22 wl_callback.done args=1
[wp-proxy] forward obj 3 opcode 1 (3 args)
[wp-proxy] forward obj 3 opcode 9 (4 args)
[wp-proxy] objects+ app_obj=22 wl_callback
[wp-proxy] forward obj 3 opcode 3 (1 args)
[wp-proxy] forward obj 3 opcode 6 (0 args)
[wp-proxy] objects- app_obj=22 wl_callback (was_known=false)
[wp-event][C] delivered app_obj=19 wl_buffer.release args=0
[wp-event][C] delivered app_obj=22 wl_callback.done args=1
C1METRICS elapsed_us=8812948 app_connected_us=3168539 first_frame_us=3195535 first_frame_after_connect_us=26995 round_trips=11 round_trip_wait_us=57621 c2s_ring_msgs=414 c2s_ring_bytes=170011 s2c_ring_msgs=0 s2c_ring_bytes=0 c2s_inline_msgs=424 c2s_inline_bytes=13261 s2c_inline_msgs=0 s2c_inline_bytes=0 c2s_blob_sync_msgs=8753 c2s_blob_sync_bytes=362221 s2c_blob_sync_msgs=2196 s2c_blob_sync_bytes=29156 c2s_replies_msgs=0 c2s_replies_bytes=0 s2c_replies_msgs=537 s2c_replies_bytes=4900 c2s_control_msgs=501 c2s_control_bytes=8601 s2c_control_msgs=231 s2c_control_bytes=2546 c2s_total_bytes=554094 s2c_total_bytes=36602
[wp-proxy] forward obj 3 opcode 1 (3 args)
[wp-proxy] forward obj 3 opcode 9 (4 args)
[wp-proxy] objects+ app_obj=22 wl_callback
[wp-proxy] forward obj 3 opcode 3 (1 args)
[wp-proxy] forward obj 3 opcode 6 (0 args)
[wp-proxy] objects- app_obj=22 wl_callback (was_known=false)
[wp-event][C] delivered app_obj=21 wl_buffer.release args=0
[wp-event][C] delivered app_obj=22 wl_callback.done args=1
[wp-proxy] forward obj 3 opcode 1 (3 args)
[wp-proxy] forward obj 3 opcode 9 (4 args)
[wp-proxy] objects+ app_obj=22 wl_callback
[wp-proxy] forward obj 3 opcode 3 (1 args)
[wp-proxy] forward obj 3 opcode 6 (0 args)
[wp-proxy] objects- app_obj=22 wl_callback (was_known=false)
[wp-event][C] delivered app_obj=23 wl_buffer.release args=0
[wp-event][C] delivered app_obj=22 wl_callback.done args=1
C1METRICS elapsed_us=8913033 app_connected_us=3168539 first_frame_us=3195535 first_frame_after_connect_us=26995 round_trips=11 round_trip_wait_us=57621 c2s_ring_msgs=420 c2s_ring_bytes=172595 s2c_ring_msgs=0 s2c_ring_bytes=0 c2s_inline_msgs=430 c2s_inline_bytes=13447 s2c_inline_msgs=0 s2c_inline_bytes=0 c2s_blob_sync_msgs=8896 c2s_blob_sync_bytes=363854 s2c_blob_sync_msgs=2208 s2c_blob_sync_bytes=29288 c2s_replies_msgs=0 c2s_replies_bytes=0 s2c_replies_msgs=547 s2c_replies_bytes=4990 c2s_control_msgs=509 c2s_control_bytes=8739 s2c_control_msgs=235 s2c_control_bytes=2590 c2s_total_bytes=558635 s2c_total_bytes=36868
[wp-proxy] forward obj 3 opcode 1 (3 args)
[wp-proxy] forward obj 3 opcode 9 (4 args)
[wp-proxy] objects+ app_obj=22 wl_callback
[wp-proxy] forward obj 3 opcode 3 (1 args)
[wp-proxy] forward obj 3 opcode 6 (0 args)
[wp-proxy] objects- app_obj=22 wl_callback (was_known=false)
[wp-event][C] delivered app_obj=17 wl_buffer.release args=0
[wp-event][C] delivered app_obj=22 wl_callback.done args=1
[wp-proxy] forward obj 3 opcode 1 (3 args)
[wp-proxy] forward obj 3 opcode 9 (4 args)
[wp-proxy] objects+ app_obj=22 wl_callback
[wp-proxy] forward obj 3 opcode 3 (1 args)
[wp-proxy] forward obj 3 opcode 6 (0 args)
[wp-proxy] objects- app_obj=22 wl_callback (was_known=false)
[wp-event][C] delivered app_obj=19 wl_buffer.release args=0
[wp-event][C] delivered app_obj=22 wl_callback.done args=1
C1METRICS elapsed_us=9013117 app_connected_us=3168539 first_frame_us=3195535 first_frame_after_connect_us=26995 round_trips=11 round_trip_wait_us=57621 c2s_ring_msgs=427 c2s_ring_bytes=175249 s2c_ring_msgs=0 s2c_ring_bytes=0 c2s_inline_msgs=437 c2s_inline_bytes=13664 s2c_inline_msgs=0 s2c_inline_bytes=0 c2s_blob_sync_msgs=9039 c2s_blob_sync_bytes=365487 s2c_blob_sync_msgs=2218 s2c_blob_sync_bytes=29398 c2s_replies_msgs=0 c2s_replies_bytes=0 s2c_replies_msgs=553 s2c_replies_bytes=5044 c2s_control_msgs=517 c2s_control_bytes=8877 s2c_control_msgs=239 s2c_control_bytes=2634 c2s_total_bytes=563277 s2c_total_bytes=37076
[wp-proxy] forward obj 3 opcode 1 (3 args)
[wp-proxy] forward obj 3 opcode 9 (4 args)
[wp-proxy] objects+ app_obj=22 wl_callback
[wp-proxy] forward obj 3 opcode 3 (1 args)
[wp-proxy] forward obj 3 opcode 6 (0 args)
[wp-proxy] objects- app_obj=22 wl_callback (was_known=false)
[wp-event][C] delivered app_obj=21 wl_buffer.release args=0
[wp-event][C] delivered app_obj=22 wl_callback.done args=1
[wp-proxy] forward obj 3 opcode 1 (3 args)
[wp-proxy] forward obj 3 opcode 9 (4 args)
[wp-proxy] objects+ app_obj=22 wl_callback
[wp-proxy] forward obj 3 opcode 3 (1 args)
[wp-proxy] forward obj 3 opcode 6 (0 args)
[wp-proxy] objects- app_obj=22 wl_callback (was_known=false)
[wp-event][C] delivered app_obj=23 wl_buffer.release args=0
[wp-event][C] delivered app_obj=22 wl_callback.done args=1
[wp-proxy] forward obj 3 opcode 1 (3 args)
[wp-proxy] forward obj 3 opcode 9 (4 args)
[wp-proxy] objects+ app_obj=22 wl_callback
[wp-proxy] forward obj 3 opcode 3 (1 args)
[wp-proxy] forward obj 3 opcode 6 (0 args)
[wp-proxy] objects- app_obj=22 wl_callback (was_known=false)
C1METRICS elapsed_us=9113208 app_connected_us=3168539 first_frame_us=3195535 first_frame_after_connect_us=26995 round_trips=11 round_trip_wait_us=57621 c2s_ring_msgs=434 c2s_ring_bytes=178000 s2c_ring_msgs=0 s2c_ring_bytes=0 c2s_inline_msgs=444 c2s_inline_bytes=13881 s2c_inline_msgs=0 s2c_inline_bytes=0 c2s_blob_sync_msgs=9179 c2s_blob_sync_bytes=367101 s2c_blob_sync_msgs=2229 s2c_blob_sync_bytes=29519 c2s_replies_msgs=0 c2s_replies_bytes=0 s2c_replies_msgs=561 s2c_replies_bytes=5116 c2s_control_msgs=529 c2s_control_bytes=9084 s2c_control_msgs=243 s2c_control_bytes=2678 c2s_total_bytes=568066 s2c_total_bytes=37313
[wp-event][C] delivered app_obj=17 wl_buffer.release args=0
[wp-event][C] delivered app_obj=22 wl_callback.done args=1
[wp-proxy] forward obj 3 opcode 1 (3 args)
[wp-proxy] forward obj 3 opcode 9 (4 args)
[wp-proxy] objects+ app_obj=22 wl_callback
[wp-proxy] forward obj 3 opcode 3 (1 args)
[wp-proxy] forward obj 3 opcode 6 (0 args)
[wp-proxy] objects- app_obj=22 wl_callback (was_known=false)
[wp-event][C] delivered app_obj=19 wl_buffer.release args=0
[wp-event][C] delivered app_obj=22 wl_callback.done args=1
[wp-proxy] forward obj 3 opcode 1 (3 args)
[wp-proxy] forward obj 3 opcode 9 (4 args)
[wp-proxy] objects+ app_obj=22 wl_callback
[wp-proxy] forward obj 3 opcode 3 (1 args)
[wp-proxy] forward obj 3 opcode 6 (0 args)
[wp-proxy] objects- app_obj=22 wl_callback (was_known=false)
[wp-event][C] delivered app_obj=21 wl_buffer.release args=0
[wp-event][C] delivered app_obj=22 wl_callback.done args=1
C1METRICS elapsed_us=9213308 app_connected_us=3168539 first_frame_us=3195535 first_frame_after_connect_us=26995 round_trips=11 round_trip_wait_us=57621 c2s_ring_msgs=441 c2s_ring_bytes=181639 s2c_ring_msgs=0 s2c_ring_bytes=0 c2s_inline_msgs=451 c2s_inline_bytes=14098 s2c_inline_msgs=0 s2c_inline_bytes=0 c2s_blob_sync_msgs=9395 c2s_blob_sync_bytes=369560 s2c_blob_sync_msgs=2243 s2c_blob_sync_bytes=29673 c2s_replies_msgs=0 c2s_replies_bytes=0 s2c_replies_msgs=572 s2c_replies_bytes=5215 c2s_control_msgs=537 c2s_control_bytes=9222 s2c_control_msgs=249 s2c_control_bytes=2744 c2s_total_bytes=574519 s2c_total_bytes=37632
[wp-proxy] forward obj 3 opcode 1 (3 args)
[wp-proxy] forward obj 3 opcode 9 (4 args)
[wp-proxy] objects+ app_obj=22 wl_callback
[wp-proxy] forward obj 3 opcode 3 (1 args)
[wp-proxy] forward obj 3 opcode 6 (0 args)
[wp-proxy] objects- app_obj=22 wl_callback (was_known=false)
[wp-event][C] delivered app_obj=23 wl_buffer.release args=0
[wp-event][C] delivered app_obj=22 wl_callback.done args=1
[wp-proxy] forward obj 3 opcode 1 (3 args)
[wp-proxy] forward obj 3 opcode 9 (4 args)
[wp-proxy] objects+ app_obj=22 wl_callback
[wp-proxy] forward obj 3 opcode 3 (1 args)
[wp-proxy] forward obj 3 opcode 6 (0 args)
[wp-proxy] objects- app_obj=22 wl_callback (was_known=false)
[wp-event][C] delivered app_obj=17 wl_buffer.release args=0
[wp-event][C] delivered app_obj=22 wl_callback.done args=1
[wp-proxy] forward obj 3 opcode 1 (3 args)
[wp-proxy] forward obj 3 opcode 9 (4 args)
[wp-proxy] objects+ app_obj=22 wl_callback
[wp-proxy] forward obj 3 opcode 3 (1 args)
[wp-proxy] forward obj 3 opcode 6 (0 args)
[wp-proxy] objects- app_obj=22 wl_callback (was_known=false)
[wp-event][C] delivered app_obj=19 wl_buffer.release args=0
[wp-event][C] delivered app_obj=22 wl_callback.done args=1
C1METRICS elapsed_us=9313408 app_connected_us=3168539 first_frame_us=3195535 first_frame_after_connect_us=26995 round_trips=11 round_trip_wait_us=57621 c2s_ring_msgs=449 c2s_ring_bytes=184460 s2c_ring_msgs=0 s2c_ring_bytes=0 c2s_inline_msgs=459 c2s_inline_bytes=14346 s2c_inline_msgs=0 s2c_inline_bytes=0 c2s_blob_sync_msgs=9536 c2s_blob_sync_bytes=371245 s2c_blob_sync_msgs=2256 s2c_blob_sync_bytes=29816 c2s_replies_msgs=0 c2s_replies_bytes=0 s2c_replies_msgs=584 s2c_replies_bytes=5323 c2s_control_msgs=549 c2s_control_bytes=9429 s2c_control_msgs=255 s2c_control_bytes=2810 c2s_total_bytes=579480 s2c_total_bytes=37949
[wp-proxy] forward obj 3 opcode 1 (3 args)
[wp-proxy] forward obj 3 opcode 9 (4 args)
[wp-proxy] objects+ app_obj=22 wl_callback
[wp-proxy] forward obj 3 opcode 3 (1 args)
[wp-proxy] forward obj 3 opcode 6 (0 args)
[wp-proxy] objects- app_obj=22 wl_callback (was_known=false)
[wp-event][C] delivered app_obj=21 wl_buffer.release args=0
[wp-event][C] delivered app_obj=22 wl_callback.done args=1
[wp-proxy] forward obj 3 opcode 1 (3 args)
[wp-proxy] forward obj 3 opcode 9 (4 args)
[wp-proxy] objects+ app_obj=22 wl_callback
[wp-proxy] forward obj 3 opcode 3 (1 args)
[wp-proxy] forward obj 3 opcode 6 (0 args)
[wp-proxy] objects- app_obj=22 wl_callback (was_known=false)
[wp-event][C] delivered app_obj=23 wl_buffer.release args=0
[wp-event][C] delivered app_obj=22 wl_callback.done args=1
C1METRICS elapsed_us=9413494 app_connected_us=3168539 first_frame_us=3195535 first_frame_after_connect_us=26995 round_trips=11 round_trip_wait_us=57621 c2s_ring_msgs=456 c2s_ring_bytes=188099 s2c_ring_msgs=0 s2c_ring_bytes=0 c2s_inline_msgs=466 c2s_inline_bytes=14563 s2c_inline_msgs=0 s2c_inline_bytes=0 c2s_blob_sync_msgs=9750 c2s_blob_sync_bytes=373883 s2c_blob_sync_msgs=2268 s2c_blob_sync_bytes=29948 c2s_replies_msgs=0 c2s_replies_bytes=0 s2c_replies_msgs=593 s2c_replies_bytes=5404 c2s_control_msgs=557 c2s_control_bytes=9567 s2c_control_msgs=259 s2c_control_bytes=2854 c2s_total_bytes=586112 s2c_total_bytes=38206
[wp-proxy] forward obj 3 opcode 1 (3 args)
[wp-proxy] forward obj 3 opcode 9 (4 args)
[wp-proxy] objects+ app_obj=22 wl_callback
[wp-proxy] forward obj 3 opcode 3 (1 args)
[wp-proxy] forward obj 3 opcode 6 (0 args)
[wp-proxy] objects- app_obj=22 wl_callback (was_known=false)
[wp-event][C] delivered app_obj=17 wl_buffer.release args=0
[wp-event][C] delivered app_obj=22 wl_callback.done args=1
[wp-proxy] forward obj 3 opcode 1 (3 args)
[wp-proxy] forward obj 3 opcode 9 (4 args)
[wp-proxy] objects+ app_obj=22 wl_callback
[wp-proxy] forward obj 3 opcode 3 (1 args)
[wp-proxy] forward obj 3 opcode 6 (0 args)
[wp-proxy] objects- app_obj=22 wl_callback (was_known=false)
[wp-event][C] delivered app_obj=19 wl_buffer.release args=0
[wp-event][C] delivered app_obj=22 wl_callback.done args=1
C1METRICS elapsed_us=9513592 app_connected_us=3168539 first_frame_us=3195535 first_frame_after_connect_us=26995 round_trips=11 round_trip_wait_us=57621 c2s_ring_msgs=463 c2s_ring_bytes=190753 s2c_ring_msgs=0 s2c_ring_bytes=0 c2s_inline_msgs=473 c2s_inline_bytes=14780 s2c_inline_msgs=0 s2c_inline_bytes=0 c2s_blob_sync_msgs=9892 c2s_blob_sync_bytes=375638 s2c_blob_sync_msgs=2278 s2c_blob_sync_bytes=30058 c2s_replies_msgs=0 c2s_replies_bytes=0 s2c_replies_msgs=601 s2c_replies_bytes=5476 c2s_control_msgs=565 c2s_control_bytes=9705 s2c_control_msgs=263 s2c_control_bytes=2898 c2s_total_bytes=590876 s2c_total_bytes=38432
[wp-proxy] forward obj 3 opcode 1 (3 args)
[wp-proxy] forward obj 3 opcode 9 (4 args)
[wp-proxy] objects+ app_obj=22 wl_callback
[wp-proxy] forward obj 3 opcode 3 (1 args)
[wp-proxy] forward obj 3 opcode 6 (0 args)
[wp-proxy] objects- app_obj=22 wl_callback (was_known=false)
[wp-event][C] delivered app_obj=21 wl_buffer.release args=0
[wp-event][C] delivered app_obj=22 wl_callback.done args=1
[wp-proxy] forward obj 3 opcode 1 (3 args)
[wp-proxy] forward obj 3 opcode 9 (4 args)
[wp-proxy] objects+ app_obj=22 wl_callback
[wp-proxy] forward obj 3 opcode 3 (1 args)
[wp-proxy] forward obj 3 opcode 6 (0 args)
[wp-proxy] objects- app_obj=22 wl_callback (was_known=false)
[wp-event][C] delivered app_obj=23 wl_buffer.release args=0
[wp-event][C] delivered app_obj=22 wl_callback.done args=1
[wp-proxy] forward obj 3 opcode 1 (3 args)
[wp-proxy] forward obj 3 opcode 9 (4 args)
[wp-proxy] objects+ app_obj=22 wl_callback
[wp-proxy] forward obj 3 opcode 3 (1 args)
[wp-proxy] forward obj 3 opcode 6 (0 args)
[wp-proxy] objects- app_obj=22 wl_callback (was_known=false)
[wp-event][C] delivered app_obj=17 wl_buffer.release args=0
[wp-event][C] delivered app_obj=22 wl_callback.done args=1
C1METRICS elapsed_us=9613694 app_connected_us=3168539 first_frame_us=3195535 first_frame_after_connect_us=26995 round_trips=11 round_trip_wait_us=57621 c2s_ring_msgs=471 c2s_ring_bytes=194559 s2c_ring_msgs=0 s2c_ring_bytes=0 c2s_inline_msgs=481 c2s_inline_bytes=15028 s2c_inline_msgs=0 s2c_inline_bytes=0 c2s_blob_sync_msgs=10104 c2s_blob_sync_bytes=378255 s2c_blob_sync_msgs=2293 s2c_blob_sync_bytes=30223 c2s_replies_msgs=0 c2s_replies_bytes=0 s2c_replies_msgs=611 s2c_replies_bytes=5566 c2s_control_msgs=577 c2s_control_bytes=9912 s2c_control_msgs=269 s2c_control_bytes=2964 c2s_total_bytes=597754 s2c_total_bytes=38753
[wp-proxy] forward obj 3 opcode 1 (3 args)
[wp-proxy] forward obj 3 opcode 9 (4 args)
[wp-proxy] objects+ app_obj=22 wl_callback
[wp-proxy] forward obj 3 opcode 3 (1 args)
[wp-proxy] forward obj 3 opcode 6 (0 args)
[wp-proxy] objects- app_obj=22 wl_callback (was_known=false)
[wp-event][C] delivered app_obj=19 wl_buffer.release args=0
[wp-event][C] delivered app_obj=22 wl_callback.done args=1
[wp-proxy] forward obj 3 opcode 1 (3 args)
[wp-proxy] forward obj 3 opcode 9 (4 args)
[wp-proxy] objects+ app_obj=22 wl_callback
[wp-proxy] forward obj 3 opcode 3 (1 args)
[wp-proxy] forward obj 3 opcode 6 (0 args)
[wp-proxy] objects- app_obj=22 wl_callback (was_known=false)
[wp-event][C] delivered app_obj=21 wl_buffer.release args=0
[wp-event][C] delivered app_obj=22 wl_callback.done args=1
[wp-proxy] forward obj 3 opcode 1 (3 args)
[wp-proxy] forward obj 3 opcode 9 (4 args)
[wp-proxy] objects+ app_obj=22 wl_callback
[wp-proxy] forward obj 3 opcode 3 (1 args)
[wp-proxy] forward obj 3 opcode 6 (0 args)
[wp-proxy] objects- app_obj=22 wl_callback (was_known=false)
[wp-event][C] delivered app_obj=23 wl_buffer.release args=0
[wp-event][C] delivered app_obj=22 wl_callback.done args=1
C1METRICS elapsed_us=9713801 app_connected_us=3168539 first_frame_us=3195535 first_frame_after_connect_us=26995 round_trips=11 round_trip_wait_us=57621 c2s_ring_msgs=480 c2s_ring_bytes=198435 s2c_ring_msgs=0 s2c_ring_bytes=0 c2s_inline_msgs=490 c2s_inline_bytes=15307 s2c_inline_msgs=0 s2c_inline_bytes=0 c2s_blob_sync_msgs=10313 c2s_blob_sync_bytes=380861 s2c_blob_sync_msgs=2306 s2c_blob_sync_bytes=30366 c2s_replies_msgs=0 c2s_replies_bytes=0 s2c_replies_msgs=622 s2c_replies_bytes=5665 c2s_control_msgs=589 c2s_control_bytes=10119 s2c_control_msgs=275 s2c_control_bytes=3030 c2s_total_bytes=604722 s2c_total_bytes=39061
[wp-proxy] forward obj 3 opcode 1 (3 args)
[wp-proxy] forward obj 3 opcode 9 (4 args)
[wp-proxy] objects+ app_obj=22 wl_callback
[wp-proxy] forward obj 3 opcode 3 (1 args)
[wp-proxy] forward obj 3 opcode 6 (0 args)
[wp-proxy] objects- app_obj=22 wl_callback (was_known=false)
[wp-event][C] delivered app_obj=17 wl_buffer.release args=0
[wp-event][C] delivered app_obj=22 wl_callback.done args=1
[wp-proxy] forward obj 3 opcode 1 (3 args)
[wp-proxy] forward obj 3 opcode 9 (4 args)
[wp-proxy] objects+ app_obj=22 wl_callback
[wp-proxy] forward obj 3 opcode 3 (1 args)
[wp-proxy] forward obj 3 opcode 6 (0 args)
[wp-proxy] objects- app_obj=22 wl_callback (was_known=false)
[wp-event][C] delivered app_obj=19 wl_buffer.release args=0
[wp-event][C] delivered app_obj=22 wl_callback.done args=1
[wp-proxy] forward obj 3 opcode 1 (3 args)
[wp-proxy] forward obj 3 opcode 9 (4 args)
[wp-proxy] objects+ app_obj=22 wl_callback
[wp-proxy] forward obj 3 opcode 3 (1 args)
[wp-proxy] forward obj 3 opcode 6 (0 args)
[wp-proxy] objects- app_obj=22 wl_callback (was_known=false)
[wp-event][C] delivered app_obj=21 wl_buffer.release args=0
[wp-event][C] delivered app_obj=22 wl_callback.done args=1
C1METRICS elapsed_us=9813888 app_connected_us=3168539 first_frame_us=3195535 first_frame_after_connect_us=26995 round_trips=11 round_trip_wait_us=57621 c2s_ring_msgs=488 c2s_ring_bytes=201256 s2c_ring_msgs=0 s2c_ring_bytes=0 c2s_inline_msgs=498 c2s_inline_bytes=15555 s2c_inline_msgs=0 s2c_inline_bytes=0 c2s_blob_sync_msgs=10456 c2s_blob_sync_bytes=382622 s2c_blob_sync_msgs=2321 s2c_blob_sync_bytes=30531 c2s_replies_msgs=0 c2s_replies_bytes=0 s2c_replies_msgs=634 s2c_replies_bytes=5773 c2s_control_msgs=601 c2s_control_bytes=10326 s2c_control_msgs=281 s2c_control_bytes=3096 c2s_total_bytes=609759 s2c_total_bytes=39400
[wp-proxy] forward obj 3 opcode 1 (3 args)
[wp-proxy] forward obj 3 opcode 9 (4 args)
[wp-proxy] objects+ app_obj=22 wl_callback
[wp-proxy] forward obj 3 opcode 3 (1 args)
[wp-proxy] forward obj 3 opcode 6 (0 args)
[wp-proxy] objects- app_obj=22 wl_callback (was_known=false)
[wp-event][C] delivered app_obj=23 wl_buffer.release args=0
[wp-event][C] delivered app_obj=22 wl_callback.done args=1
[wp-proxy] forward obj 3 opcode 1 (3 args)
[wp-proxy] forward obj 3 opcode 9 (4 args)
[wp-proxy] objects+ app_obj=22 wl_callback
[wp-proxy] forward obj 3 opcode 3 (1 args)
[wp-proxy] forward obj 3 opcode 6 (0 args)
[wp-proxy] objects- app_obj=22 wl_callback (was_known=false)
[wp-event][C] delivered app_obj=17 wl_buffer.release args=0
[wp-event][C] delivered app_obj=22 wl_callback.done args=1
C1METRICS elapsed_us=9913967 app_connected_us=3168539 first_frame_us=3195535 first_frame_after_connect_us=26995 round_trips=11 round_trip_wait_us=57621 c2s_ring_msgs=495 c2s_ring_bytes=204895 s2c_ring_msgs=0 s2c_ring_bytes=0 c2s_inline_msgs=505 c2s_inline_bytes=15772 s2c_inline_msgs=0 s2c_inline_bytes=0 c2s_blob_sync_msgs=10669 c2s_blob_sync_bytes=385254 s2c_blob_sync_msgs=2333 s2c_blob_sync_bytes=30663 c2s_replies_msgs=0 c2s_replies_bytes=0 s2c_replies_msgs=643 s2c_replies_bytes=5854 c2s_control_msgs=609 c2s_control_bytes=10464 s2c_control_msgs=285 s2c_control_bytes=3140 c2s_total_bytes=616385 s2c_total_bytes=39657
[wp-proxy] forward obj 3 opcode 1 (3 args)
[wp-proxy] forward obj 3 opcode 9 (4 args)
[wp-proxy] objects+ app_obj=22 wl_callback
[wp-proxy] forward obj 3 opcode 3 (1 args)
[wp-proxy] forward obj 3 opcode 6 (0 args)
[wp-proxy] objects- app_obj=22 wl_callback (was_known=false)
[wp-event][C] delivered app_obj=19 wl_buffer.release args=0
[wp-event][C] delivered app_obj=22 wl_callback.done args=1
[wp-proxy] forward obj 3 opcode 1 (3 args)
[wp-proxy] forward obj 3 opcode 9 (4 args)
[wp-proxy] objects+ app_obj=22 wl_callback
[wp-proxy] forward obj 3 opcode 3 (1 args)
[wp-proxy] forward obj 3 opcode 6 (0 args)
[wp-proxy] objects- app_obj=22 wl_callback (was_known=false)
[wp-event][C] delivered app_obj=21 wl_buffer.release args=0
[wp-event][C] delivered app_obj=22 wl_callback.done args=1
C1METRICS elapsed_us=10014056 app_connected_us=3168539 first_frame_us=3195535 first_frame_after_connect_us=26995 round_trips=11 round_trip_wait_us=57621 c2s_ring_msgs=502 c2s_ring_bytes=207549 s2c_ring_msgs=0 s2c_ring_bytes=0 c2s_inline_msgs=512 c2s_inline_bytes=15989 s2c_inline_msgs=0 s2c_inline_bytes=0 c2s_blob_sync_msgs=10812 c2s_blob_sync_bytes=387016 s2c_blob_sync_msgs=2343 s2c_blob_sync_bytes=30773 c2s_replies_msgs=0 c2s_replies_bytes=0 s2c_replies_msgs=652 s2c_replies_bytes=5935 c2s_control_msgs=617 c2s_control_bytes=10602 s2c_control_msgs=289 s2c_control_bytes=3184 c2s_total_bytes=621156 s2c_total_bytes=39892
[wp-proxy] forward obj 3 opcode 1 (3 args)
[wp-proxy] forward obj 3 opcode 9 (4 args)
[wp-proxy] objects+ app_obj=22 wl_callback
[wp-proxy] forward obj 3 opcode 3 (1 args)
[wp-proxy] forward obj 3 opcode 6 (0 args)
[wp-proxy] objects- app_obj=22 wl_callback (was_known=false)
[wp-event][C] delivered app_obj=23 wl_buffer.release args=0
[wp-event][C] delivered app_obj=22 wl_callback.done args=1
[wp-proxy] forward obj 3 opcode 1 (3 args)
[wp-proxy] forward obj 3 opcode 9 (4 args)
[wp-proxy] objects+ app_obj=22 wl_callback
[wp-proxy] forward obj 3 opcode 3 (1 args)
[wp-proxy] forward obj 3 opcode 6 (0 args)
[wp-proxy] objects- app_obj=22 wl_callback (was_known=false)
[wp-event][C] delivered app_obj=17 wl_buffer.release args=0
[wp-event][C] delivered app_obj=22 wl_callback.done args=1
[wp-proxy] forward obj 3 opcode 1 (3 args)
[wp-proxy] forward obj 3 opcode 9 (4 args)
[wp-proxy] objects+ app_obj=22 wl_callback
[wp-proxy] forward obj 3 opcode 3 (1 args)
[wp-proxy] forward obj 3 opcode 6 (0 args)
[wp-proxy] objects- app_obj=22 wl_callback (was_known=false)
C1METRICS elapsed_us=10114151 app_connected_us=3168539 first_frame_us=3195535 first_frame_after_connect_us=26995 round_trips=11 round_trip_wait_us=57621 c2s_ring_msgs=508 c2s_ring_bytes=210133 s2c_ring_msgs=0 s2c_ring_bytes=0 c2s_inline_msgs=518 c2s_inline_bytes=16175 s2c_inline_msgs=0 s2c_inline_bytes=0 c2s_blob_sync_msgs=10956 c2s_blob_sync_bytes=388784 s2c_blob_sync_msgs=2354 s2c_blob_sync_bytes=30894 c2s_replies_msgs=0 c2s_replies_bytes=0 s2c_replies_msgs=661 s2c_replies_bytes=6016 c2s_control_msgs=629 c2s_control_bytes=10809 s2c_control_msgs=293 s2c_control_bytes=3228 c2s_total_bytes=625901 s2c_total_bytes=40138
[wp-event][C] delivered app_obj=19 wl_buffer.release args=0
[wp-event][C] delivered app_obj=22 wl_callback.done args=1
[wp-proxy] forward obj 3 opcode 1 (3 args)
[wp-proxy] forward obj 3 opcode 9 (4 args)
[wp-proxy] objects+ app_obj=22 wl_callback
[wp-proxy] forward obj 3 opcode 3 (1 args)
[wp-proxy] forward obj 3 opcode 6 (0 args)
[wp-proxy] objects- app_obj=22 wl_callback (was_known=false)
[wp-event][C] delivered app_obj=21 wl_buffer.release args=0
[wp-event][C] delivered app_obj=22 wl_callback.done args=1
[wp-proxy] forward obj 3 opcode 1 (3 args)
[wp-proxy] forward obj 3 opcode 9 (4 args)
[wp-proxy] objects+ app_obj=22 wl_callback
[wp-proxy] forward obj 3 opcode 3 (1 args)
[wp-proxy] forward obj 3 opcode 6 (0 args)
[wp-proxy] objects- app_obj=22 wl_callback (was_known=false)
[wp-event][C] delivered app_obj=23 wl_buffer.release args=0
[wp-event][C] delivered app_obj=22 wl_callback.done args=1
C1METRICS elapsed_us=10214240 app_connected_us=3168539 first_frame_us=3195535 first_frame_after_connect_us=26995 round_trips=11 round_trip_wait_us=57621 c2s_ring_msgs=516 c2s_ring_bytes=213939 s2c_ring_msgs=0 s2c_ring_bytes=0 c2s_inline_msgs=526 c2s_inline_bytes=16423 s2c_inline_msgs=0 s2c_inline_bytes=0 c2s_blob_sync_msgs=11168 c2s_blob_sync_bytes=391410 s2c_blob_sync_msgs=2366 s2c_blob_sync_bytes=31026 c2s_replies_msgs=0 c2s_replies_bytes=0 s2c_replies_msgs=670 s2c_replies_bytes=6097 c2s_control_msgs=637 c2s_control_bytes=10947 s2c_control_msgs=299 s2c_control_bytes=3294 c2s_total_bytes=632719 s2c_total_bytes=40417
[wp-proxy] forward obj 3 opcode 1 (3 args)
[wp-proxy] forward obj 3 opcode 9 (4 args)
[wp-proxy] objects+ app_obj=22 wl_callback
[wp-proxy] forward obj 3 opcode 3 (1 args)
[wp-proxy] forward obj 3 opcode 6 (0 args)
[wp-proxy] objects- app_obj=22 wl_callback (was_known=false)
[wp-event][C] delivered app_obj=17 wl_buffer.release args=0
[wp-event][C] delivered app_obj=22 wl_callback.done args=1
[wp-proxy] forward obj 3 opcode 1 (3 args)
[wp-proxy] forward obj 3 opcode 9 (4 args)
[wp-proxy] objects+ app_obj=22 wl_callback
[wp-proxy] forward obj 3 opcode 3 (1 args)
[wp-proxy] forward obj 3 opcode 6 (0 args)
[wp-proxy] objects- app_obj=22 wl_callback (was_known=false)
[wp-event][C] delivered app_obj=19 wl_buffer.release args=0
[wp-event][C] delivered app_obj=22 wl_callback.done args=1
[wp-proxy] forward obj 3 opcode 1 (3 args)
[wp-proxy] forward obj 3 opcode 9 (4 args)
[wp-proxy] objects+ app_obj=22 wl_callback
[wp-proxy] forward obj 3 opcode 3 (1 args)
[wp-proxy] forward obj 3 opcode 6 (0 args)
[wp-proxy] objects- app_obj=22 wl_callback (was_known=false)
C1METRICS elapsed_us=10314323 app_connected_us=3168539 first_frame_us=3195535 first_frame_after_connect_us=26995 round_trips=11 round_trip_wait_us=57621 c2s_ring_msgs=523 c2s_ring_bytes=216593 s2c_ring_msgs=0 s2c_ring_bytes=0 c2s_inline_msgs=533 c2s_inline_bytes=16640 s2c_inline_msgs=0 s2c_inline_bytes=0 c2s_blob_sync_msgs=11310 c2s_blob_sync_bytes=393164 s2c_blob_sync_msgs=2379 s2c_blob_sync_bytes=31169 c2s_replies_msgs=0 c2s_replies_bytes=0 s2c_replies_msgs=681 s2c_replies_bytes=6196 c2s_control_msgs=649 c2s_control_bytes=11154 s2c_control_msgs=303 s2c_control_bytes=3338 c2s_total_bytes=637551 s2c_total_bytes=40703
[wp-event][C] delivered app_obj=21 wl_buffer.release args=0
[wp-event][C] delivered app_obj=22 wl_callback.done args=1
[wp-proxy] forward obj 3 opcode 1 (3 args)
[wp-proxy] forward obj 3 opcode 9 (4 args)
[wp-proxy] objects+ app_obj=22 wl_callback
[wp-proxy] forward obj 3 opcode 3 (1 args)
[wp-proxy] forward obj 3 opcode 6 (0 args)
[wp-proxy] objects- app_obj=22 wl_callback (was_known=false)
[wp-event][C] delivered app_obj=23 wl_buffer.release args=0
[wp-event][C] delivered app_obj=22 wl_callback.done args=1
[wp-proxy] forward obj 3 opcode 1 (3 args)
[wp-proxy] forward obj 3 opcode 9 (4 args)
[wp-proxy] objects+ app_obj=22 wl_callback
[wp-proxy] forward obj 3 opcode 3 (1 args)
[wp-proxy] forward obj 3 opcode 6 (0 args)
[wp-proxy] objects- app_obj=22 wl_callback (was_known=false)
[wp-event][C] delivered app_obj=17 wl_buffer.release args=0
[wp-event][C] delivered app_obj=22 wl_callback.done args=1
C1METRICS elapsed_us=10414435 app_connected_us=3168539 first_frame_us=3195535 first_frame_after_connect_us=26995 round_trips=11 round_trip_wait_us=57621 c2s_ring_msgs=531 c2s_ring_bytes=220399 s2c_ring_msgs=0 s2c_ring_bytes=0 c2s_inline_msgs=541 c2s_inline_bytes=16888 s2c_inline_msgs=0 s2c_inline_bytes=0 c2s_blob_sync_msgs=11523 c2s_blob_sync_bytes=395796 s2c_blob_sync_msgs=2391 s2c_blob_sync_bytes=31301 c2s_replies_msgs=0 c2s_replies_bytes=0 s2c_replies_msgs=688 s2c_replies_bytes=6259 c2s_control_msgs=657 c2s_control_bytes=11292 s2c_control_msgs=309 s2c_control_bytes=3404 c2s_total_bytes=644375 s2c_total_bytes=40964
[wp-proxy] forward obj 3 opcode 1 (3 args)
[wp-proxy] forward obj 3 opcode 9 (4 args)
[wp-proxy] objects+ app_obj=22 wl_callback
[wp-proxy] forward obj 3 opcode 3 (1 args)
[wp-proxy] forward obj 3 opcode 6 (0 args)
[wp-proxy] objects- app_obj=22 wl_callback (was_known=false)
[wp-event][C] delivered app_obj=19 wl_buffer.release args=0
[wp-event][C] delivered app_obj=22 wl_callback.done args=1
[wp-proxy] forward obj 3 opcode 1 (3 args)
[wp-proxy] forward obj 3 opcode 9 (4 args)
[wp-proxy] objects+ app_obj=22 wl_callback
[wp-proxy] forward obj 3 opcode 3 (1 args)
[wp-proxy] forward obj 3 opcode 6 (0 args)
[wp-proxy] objects- app_obj=22 wl_callback (was_known=false)
[wp-event][C] delivered app_obj=21 wl_buffer.release args=0
[wp-event][C] delivered app_obj=22 wl_callback.done args=1
[wp-proxy] forward obj 3 opcode 1 (3 args)
[wp-proxy] forward obj 3 opcode 9 (4 args)
[wp-proxy] objects+ app_obj=22 wl_callback
[wp-proxy] forward obj 3 opcode 3 (1 args)
[wp-proxy] forward obj 3 opcode 6 (0 args)
[wp-proxy] objects- app_obj=22 wl_callback (was_known=false)
[wp-event][C] delivered app_obj=23 wl_buffer.release args=0
[wp-event][C] delivered app_obj=22 wl_callback.done args=1
C1METRICS elapsed_us=10514528 app_connected_us=3168539 first_frame_us=3195535 first_frame_after_connect_us=26995 round_trips=11 round_trip_wait_us=57621 c2s_ring_msgs=539 c2s_ring_bytes=223220 s2c_ring_msgs=0 s2c_ring_bytes=0 c2s_inline_msgs=549 c2s_inline_bytes=17136 s2c_inline_msgs=0 s2c_inline_bytes=0 c2s_blob_sync_msgs=11661 c2s_blob_sync_bytes=397523 s2c_blob_sync_msgs=2406 s2c_blob_sync_bytes=31466 c2s_replies_msgs=0 c2s_replies_bytes=0 s2c_replies_msgs=699 s2c_replies_bytes=6358 c2s_control_msgs=669 c2s_control_bytes=11499 s2c_control_msgs=315 s2c_control_bytes=3470 c2s_total_bytes=649378 s2c_total_bytes=41294
[wp-proxy] forward obj 3 opcode 1 (3 args)
[wp-proxy] forward obj 3 opcode 9 (4 args)
[wp-proxy] objects+ app_obj=22 wl_callback
[wp-proxy] forward obj 3 opcode 3 (1 args)
[wp-proxy] forward obj 3 opcode 6 (0 args)
[wp-proxy] objects- app_obj=22 wl_callback (was_known=false)
[wp-event][C] delivered app_obj=17 wl_buffer.release args=0
[wp-event][C] delivered app_obj=22 wl_callback.done args=1
[wp-proxy] forward obj 3 opcode 1 (3 args)
[wp-proxy] forward obj 3 opcode 9 (4 args)
[wp-proxy] objects+ app_obj=22 wl_callback
[wp-proxy] forward obj 3 opcode 3 (1 args)
[wp-proxy] forward obj 3 opcode 6 (0 args)
[wp-proxy] objects- app_obj=22 wl_callback (was_known=false)
[wp-event][C] delivered app_obj=19 wl_buffer.release args=0
[wp-event][C] delivered app_obj=22 wl_callback.done args=1
C1METRICS elapsed_us=10614606 app_connected_us=3168539 first_frame_us=3195535 first_frame_after_connect_us=26995 round_trips=11 round_trip_wait_us=57621 c2s_ring_msgs=545 c2s_ring_bytes=225804 s2c_ring_msgs=0 s2c_ring_bytes=0 c2s_inline_msgs=555 c2s_inline_bytes=17322 s2c_inline_msgs=0 s2c_inline_bytes=0 c2s_blob_sync_msgs=11862 c2s_blob_sync_bytes=400033 s2c_blob_sync_msgs=2416 s2c_blob_sync_bytes=31576 c2s_replies_msgs=0 c2s_replies_bytes=0 s2c_replies_msgs=708 s2c_replies_bytes=6439 c2s_control_msgs=677 c2s_control_bytes=11637 s2c_control_msgs=319 s2c_control_bytes=3514 c2s_total_bytes=654796 s2c_total_bytes=41529
[wp-proxy] forward obj 3 opcode 1 (3 args)
[wp-proxy] forward obj 3 opcode 9 (4 args)
[wp-proxy] objects+ app_obj=22 wl_callback
[wp-proxy] forward obj 3 opcode 3 (1 args)
[wp-proxy] forward obj 3 opcode 6 (0 args)
[wp-proxy] objects- app_obj=22 wl_callback (was_known=false)
[wp-event][C] delivered app_obj=21 wl_buffer.release args=0
[wp-event][C] delivered app_obj=22 wl_callback.done args=1
[wp-proxy] forward obj 3 opcode 1 (3 args)
[wp-proxy] forward obj 3 opcode 9 (4 args)
[wp-proxy] objects+ app_obj=22 wl_callback
[wp-proxy] forward obj 3 opcode 3 (1 args)
[wp-proxy] forward obj 3 opcode 6 (0 args)
[wp-proxy] objects- app_obj=22 wl_callback (was_known=false)
[wp-event][C] delivered app_obj=23 wl_buffer.release args=0
[wp-event][C] delivered app_obj=22 wl_callback.done args=1
[wp-proxy] forward obj 3 opcode 1 (3 args)
[wp-proxy] forward obj 3 opcode 9 (4 args)
[wp-proxy] objects+ app_obj=22 wl_callback
[wp-proxy] forward obj 3 opcode 3 (1 args)
[wp-proxy] forward obj 3 opcode 6 (0 args)
[wp-proxy] objects- app_obj=22 wl_callback (was_known=false)
C1METRICS elapsed_us=10714697 app_connected_us=3168539 first_frame_us=3195535 first_frame_after_connect_us=26995 round_trips=11 round_trip_wait_us=57621 c2s_ring_msgs=553 c2s_ring_bytes=229513 s2c_ring_msgs=0 s2c_ring_bytes=0 c2s_inline_msgs=563 c2s_inline_bytes=17570 s2c_inline_msgs=0 s2c_inline_bytes=0 c2s_blob_sync_msgs=12012 c2s_blob_sync_bytes=401882 s2c_blob_sync_msgs=2429 s2c_blob_sync_bytes=31719 c2s_replies_msgs=0 c2s_replies_bytes=0 s2c_replies_msgs=719 s2c_replies_bytes=6538 c2s_control_msgs=689 c2s_control_bytes=11844 s2c_control_msgs=323 s2c_control_bytes=3558 c2s_total_bytes=660809 s2c_total_bytes=41815
[wp-event][C] delivered app_obj=17 wl_buffer.release args=0
[wp-event][C] delivered app_obj=22 wl_callback.done args=1
[wp-proxy] forward obj 3 opcode 1 (3 args)
[wp-proxy] forward obj 3 opcode 9 (4 args)
[wp-proxy] objects+ app_obj=22 wl_callback
[wp-proxy] forward obj 3 opcode 3 (1 args)
[wp-proxy] forward obj 3 opcode 6 (0 args)
[wp-proxy] objects- app_obj=22 wl_callback (was_known=false)
[wp-event][C] delivered app_obj=19 wl_buffer.release args=0
[wp-event][C] delivered app_obj=22 wl_callback.done args=1
[wp-proxy] forward obj 3 opcode 1 (3 args)
[wp-proxy] forward obj 3 opcode 9 (4 args)
[wp-proxy] objects+ app_obj=22 wl_callback
[wp-proxy] forward obj 3 opcode 3 (1 args)
[wp-proxy] forward obj 3 opcode 6 (0 args)
[wp-proxy] objects- app_obj=22 wl_callback (was_known=false)
[wp-event][C] delivered app_obj=21 wl_buffer.release args=0
[wp-event][C] delivered app_obj=22 wl_callback.done args=1
C1METRICS elapsed_us=10814778 app_connected_us=3168539 first_frame_us=3195535 first_frame_after_connect_us=26995 round_trips=11 round_trip_wait_us=57621 c2s_ring_msgs=561 c2s_ring_bytes=233319 s2c_ring_msgs=0 s2c_ring_bytes=0 c2s_inline_msgs=571 c2s_inline_bytes=17818 s2c_inline_msgs=0 s2c_inline_bytes=0 c2s_blob_sync_msgs=12226 c2s_blob_sync_bytes=404520 s2c_blob_sync_msgs=2441 s2c_blob_sync_bytes=31851 c2s_replies_msgs=0 c2s_replies_bytes=0 s2c_replies_msgs=727 s2c_replies_bytes=6610 c2s_control_msgs=697 c2s_control_bytes=11982 s2c_control_msgs=329 s2c_control_bytes=3624 c2s_total_bytes=667639 s2c_total_bytes=42085
[wp-proxy] forward obj 3 opcode 1 (3 args)
[wp-proxy] forward obj 3 opcode 9 (4 args)
[wp-proxy] objects+ app_obj=22 wl_callback
[wp-proxy] forward obj 3 opcode 3 (1 args)
[wp-proxy] forward obj 3 opcode 6 (0 args)
[wp-proxy] objects- app_obj=22 wl_callback (was_known=false)
[wp-event][C] delivered app_obj=23 wl_buffer.release args=0
[wp-event][C] delivered app_obj=22 wl_callback.done args=1
[wp-proxy] forward obj 3 opcode 1 (3 args)
[wp-proxy] forward obj 3 opcode 9 (4 args)
[wp-proxy] objects+ app_obj=22 wl_callback
[wp-proxy] forward obj 3 opcode 3 (1 args)
[wp-proxy] forward obj 3 opcode 6 (0 args)
[wp-proxy] objects- app_obj=22 wl_callback (was_known=false)
[wp-event][C] delivered app_obj=17 wl_buffer.release args=0
[wp-event][C] delivered app_obj=22 wl_callback.done args=1
[wp-proxy] forward obj 3 opcode 1 (3 args)
[wp-proxy] forward obj 3 opcode 9 (4 args)
[wp-proxy] objects+ app_obj=22 wl_callback
[wp-proxy] forward obj 3 opcode 3 (1 args)
[wp-proxy] forward obj 3 opcode 6 (0 args)
[wp-proxy] objects- app_obj=22 wl_callback (was_known=false)
C1METRICS elapsed_us=10914861 app_connected_us=3168539 first_frame_us=3195535 first_frame_after_connect_us=26995 round_trips=11 round_trip_wait_us=57621 c2s_ring_msgs=569 c2s_ring_bytes=236140 s2c_ring_msgs=0 s2c_ring_bytes=0 c2s_inline_msgs=579 c2s_inline_bytes=18066 s2c_inline_msgs=0 s2c_inline_bytes=0 c2s_blob_sync_msgs=12366 c2s_blob_sync_bytes=406262 s2c_blob_sync_msgs=2454 s2c_blob_sync_bytes=31994 c2s_replies_msgs=0 c2s_replies_bytes=0 s2c_replies_msgs=737 s2c_replies_bytes=6700 c2s_control_msgs=709 c2s_control_bytes=12189 s2c_control_msgs=333 s2c_control_bytes=3668 c2s_total_bytes=672657 s2c_total_bytes=42362
[wp-event][C] delivered app_obj=19 wl_buffer.release args=0
[wp-event][C] delivered app_obj=22 wl_callback.done args=1
[wp-proxy] forward obj 3 opcode 1 (3 args)
[wp-proxy] forward obj 3 opcode 9 (4 args)
[wp-proxy] objects+ app_obj=22 wl_callback
[wp-proxy] forward obj 3 opcode 3 (1 args)
[wp-proxy] forward obj 3 opcode 6 (0 args)
[wp-proxy] objects- app_obj=22 wl_callback (was_known=false)
[wp-event][C] delivered app_obj=21 wl_buffer.release args=0
[wp-event][C] delivered app_obj=22 wl_callback.done args=1
[wp-proxy] forward obj 3 opcode 1 (3 args)
[wp-proxy] forward obj 3 opcode 9 (4 args)
[wp-proxy] objects+ app_obj=22 wl_callback
[wp-proxy] forward obj 3 opcode 3 (1 args)
[wp-proxy] forward obj 3 opcode 6 (0 args)
[wp-proxy] objects- app_obj=22 wl_callback (was_known=false)
[wp-event][C] delivered app_obj=23 wl_buffer.release args=0
[wp-event][C] delivered app_obj=22 wl_callback.done args=1
[wp-proxy] forward obj 3 opcode 1 (3 args)
[wp-proxy] forward obj 3 opcode 9 (4 args)
[wp-proxy] objects+ app_obj=22 wl_callback
[wp-proxy] forward obj 3 opcode 3 (1 args)
[wp-proxy] forward obj 3 opcode 6 (0 args)
[wp-proxy] objects- app_obj=22 wl_callback (was_known=false)
C1METRICS elapsed_us=11014949 app_connected_us=3168539 first_frame_us=3195535 first_frame_after_connect_us=26995 round_trips=11 round_trip_wait_us=57621 c2s_ring_msgs=578 c2s_ring_bytes=240016 s2c_ring_msgs=0 s2c_ring_bytes=0 c2s_inline_msgs=588 c2s_inline_bytes=18345 s2c_inline_msgs=0 s2c_inline_bytes=0 c2s_blob_sync_msgs=12582 c2s_blob_sync_bytes=408913 s2c_blob_sync_msgs=2469 s2c_blob_sync_bytes=32159 c2s_replies_msgs=0 c2s_replies_bytes=0 s2c_replies_msgs=747 s2c_replies_bytes=6790 c2s_control_msgs=721 c2s_control_bytes=12396 s2c_control_msgs=339 s2c_control_bytes=3734 c2s_total_bytes=679670 s2c_total_bytes=42683
[wp-event][C] delivered app_obj=17 wl_buffer.release args=0
[wp-event][C] delivered app_obj=22 wl_callback.done args=1
[wp-proxy] forward obj 3 opcode 1 (3 args)
[wp-proxy] forward obj 3 opcode 9 (4 args)
[wp-proxy] objects+ app_obj=22 wl_callback
[wp-proxy] forward obj 3 opcode 3 (1 args)
[wp-proxy] forward obj 3 opcode 6 (0 args)
[wp-proxy] objects- app_obj=22 wl_callback (was_known=false)
[wp-event][C] delivered app_obj=19 wl_buffer.release args=0
[wp-event][C] delivered app_obj=22 wl_callback.done args=1
[wp-proxy] forward obj 3 opcode 1 (3 args)
[wp-proxy] forward obj 3 opcode 9 (4 args)
[wp-proxy] objects+ app_obj=22 wl_callback
[wp-proxy] forward obj 3 opcode 3 (1 args)
[wp-proxy] forward obj 3 opcode 6 (0 args)
[wp-proxy] objects- app_obj=22 wl_callback (was_known=false)
[wp-event][C] delivered app_obj=21 wl_buffer.release args=0
[wp-event][C] delivered app_obj=22 wl_callback.done args=1
[wp-proxy] forward obj 3 opcode 1 (3 args)
[wp-proxy] forward obj 3 opcode 9 (4 args)
[wp-proxy] objects+ app_obj=22 wl_callback
[wp-proxy] forward obj 3 opcode 3 (1 args)
[wp-proxy] forward obj 3 opcode 6 (0 args)
[wp-proxy] objects- app_obj=22 wl_callback (was_known=false)
C1METRICS elapsed_us=11115029 app_connected_us=3168539 first_frame_us=3195535 first_frame_after_connect_us=26995 round_trips=11 round_trip_wait_us=57621 c2s_ring_msgs=587 c2s_ring_bytes=243892 s2c_ring_msgs=0 s2c_ring_bytes=0 c2s_inline_msgs=597 c2s_inline_bytes=18624 s2c_inline_msgs=0 s2c_inline_bytes=0 c2s_blob_sync_msgs=12795 c2s_blob_sync_bytes=411546 s2c_blob_sync_msgs=2484 s2c_blob_sync_bytes=32324 c2s_replies_msgs=0 c2s_replies_bytes=0 s2c_replies_msgs=757 s2c_replies_bytes=6880 c2s_control_msgs=733 c2s_control_bytes=12603 s2c_control_msgs=345 s2c_control_bytes=3800 c2s_total_bytes=686665 s2c_total_bytes=43004
[wp-event][C] delivered app_obj=23 wl_buffer.release args=0
[wp-event][C] delivered app_obj=22 wl_callback.done args=1
[wp-proxy] forward obj 3 opcode 1 (3 args)
[wp-proxy] forward obj 3 opcode 9 (4 args)
[wp-proxy] objects+ app_obj=22 wl_callback
[wp-proxy] forward obj 3 opcode 3 (1 args)
[wp-proxy] forward obj 3 opcode 6 (0 args)
[wp-proxy] objects- app_obj=22 wl_callback (was_known=false)
[wp-event][C] delivered app_obj=17 wl_buffer.release args=0
[wp-event][C] delivered app_obj=22 wl_callback.done args=1
[wp-proxy] forward obj 3 opcode 1 (3 args)
[wp-proxy] forward obj 3 opcode 9 (4 args)
[wp-proxy] objects+ app_obj=22 wl_callback
[wp-proxy] forward obj 3 opcode 3 (1 args)
[wp-proxy] forward obj 3 opcode 6 (0 args)
[wp-proxy] objects- app_obj=22 wl_callback (was_known=false)
[wp-event][C] delivered app_obj=19 wl_buffer.release args=0
[wp-event][C] delivered app_obj=22 wl_callback.done args=1
C1METRICS elapsed_us=11215136 app_connected_us=3168539 first_frame_us=3195535 first_frame_after_connect_us=26995 round_trips=11 round_trip_wait_us=57621 c2s_ring_msgs=595 c2s_ring_bytes=247601 s2c_ring_msgs=0 s2c_ring_bytes=0 c2s_inline_msgs=605 c2s_inline_bytes=18872 s2c_inline_msgs=0 s2c_inline_bytes=0 c2s_blob_sync_msgs=13009 c2s_blob_sync_bytes=414184 s2c_blob_sync_msgs=2498 s2c_blob_sync_bytes=32478 c2s_replies_msgs=0 c2s_replies_bytes=0 s2c_replies_msgs=767 s2c_replies_bytes=6970 c2s_control_msgs=741 c2s_control_bytes=12741 s2c_control_msgs=351 s2c_control_bytes=3866 c2s_total_bytes=693398 s2c_total_bytes=43314
[wp-proxy] forward obj 3 opcode 1 (3 args)
[wp-proxy] forward obj 3 opcode 9 (4 args)
[wp-proxy] objects+ app_obj=22 wl_callback
[wp-proxy] forward obj 3 opcode 3 (1 args)
[wp-proxy] forward obj 3 opcode 6 (0 args)
[wp-proxy] objects- app_obj=22 wl_callback (was_known=false)
[wp-event][C] delivered app_obj=21 wl_buffer.release args=0
[wp-event][C] delivered app_obj=22 wl_callback.done args=1
[wp-proxy] forward obj 3 opcode 1 (3 args)
[wp-proxy] forward obj 3 opcode 9 (4 args)
[wp-proxy] objects+ app_obj=22 wl_callback
[wp-proxy] forward obj 3 opcode 3 (1 args)
[wp-proxy] forward obj 3 opcode 6 (0 args)
[wp-proxy] objects- app_obj=22 wl_callback (was_known=false)
[wp-event][C] delivered app_obj=23 wl_buffer.release args=0
[wp-event][C] delivered app_obj=22 wl_callback.done args=1
[wp-proxy] forward obj 3 opcode 1 (3 args)
[wp-proxy] forward obj 3 opcode 9 (4 args)
[wp-proxy] objects+ app_obj=22 wl_callback
[wp-proxy] forward obj 3 opcode 3 (1 args)
[wp-proxy] forward obj 3 opcode 6 (0 args)
[wp-proxy] objects- app_obj=22 wl_callback (was_known=false)
[wp-event][C] delivered app_obj=17 wl_buffer.release args=0
[wp-event][C] delivered app_obj=22 wl_callback.done args=1
C1METRICS elapsed_us=11315233 app_connected_us=3168539 first_frame_us=3195535 first_frame_after_connect_us=26995 round_trips=11 round_trip_wait_us=57621 c2s_ring_msgs=602 c2s_ring_bytes=250352 s2c_ring_msgs=0 s2c_ring_bytes=0 c2s_inline_msgs=612 c2s_inline_bytes=19089 s2c_inline_msgs=0 s2c_inline_bytes=0 c2s_blob_sync_msgs=13149 c2s_blob_sync_bytes=415926 s2c_blob_sync_msgs=2509 s2c_blob_sync_bytes=32599 c2s_replies_msgs=0 c2s_replies_bytes=0 s2c_replies_msgs=776 s2c_replies_bytes=7051 c2s_control_msgs=753 c2s_control_bytes=12948 s2c_control_msgs=357 s2c_control_bytes=3932 c2s_total_bytes=698315 s2c_total_bytes=43582
[wp-proxy] forward obj 3 opcode 1 (3 args)
[wp-proxy] forward obj 3 opcode 9 (4 args)
[wp-proxy] objects+ app_obj=22 wl_callback
[wp-proxy] forward obj 3 opcode 3 (1 args)
[wp-proxy] forward obj 3 opcode 6 (0 args)
[wp-proxy] objects- app_obj=22 wl_callback (was_known=false)
[wp-event][C] delivered app_obj=19 wl_buffer.release args=0
[wp-event][C] delivered app_obj=22 wl_callback.done args=1
[wp-proxy] forward obj 3 opcode 1 (3 args)
[wp-proxy] forward obj 3 opcode 9 (4 args)
[wp-proxy] objects+ app_obj=22 wl_callback
[wp-proxy] forward obj 3 opcode 3 (1 args)
[wp-proxy] forward obj 3 opcode 6 (0 args)
[wp-proxy] objects- app_obj=22 wl_callback (was_known=false)
[wp-event][C] delivered app_obj=21 wl_buffer.release args=0
[wp-event][C] delivered app_obj=22 wl_callback.done args=1
C1METRICS elapsed_us=11415311 app_connected_us=3168539 first_frame_us=3195535 first_frame_after_connect_us=26995 round_trips=11 round_trip_wait_us=57621 c2s_ring_msgs=610 c2s_ring_bytes=254061 s2c_ring_msgs=0 s2c_ring_bytes=0 c2s_inline_msgs=620 c2s_inline_bytes=19337 s2c_inline_msgs=0 s2c_inline_bytes=0 c2s_blob_sync_msgs=13360 c2s_blob_sync_bytes=418539 s2c_blob_sync_msgs=2523 s2c_blob_sync_bytes=32753 c2s_replies_msgs=0 c2s_replies_bytes=0 s2c_replies_msgs=787 s2c_replies_bytes=7150 c2s_control_msgs=761 c2s_control_bytes=13086 s2c_control_msgs=361 s2c_control_bytes=3976 c2s_total_bytes=705023 s2c_total_bytes=43879
[wp-proxy] forward obj 3 opcode 1 (3 args)
[wp-proxy] forward obj 3 opcode 9 (4 args)
[wp-proxy] objects+ app_obj=22 wl_callback
[wp-proxy] forward obj 3 opcode 3 (1 args)
[wp-proxy] forward obj 3 opcode 6 (0 args)
[wp-proxy] objects- app_obj=22 wl_callback (was_known=false)
[wp-event][C] delivered app_obj=23 wl_buffer.release args=0
[wp-event][C] delivered app_obj=22 wl_callback.done args=1
[wp-proxy] forward obj 3 opcode 1 (3 args)
[wp-proxy] forward obj 3 opcode 9 (4 args)
[wp-proxy] objects+ app_obj=22 wl_callback
[wp-proxy] forward obj 3 opcode 3 (1 args)
[wp-proxy] forward obj 3 opcode 6 (0 args)
[wp-proxy] objects- app_obj=22 wl_callback (was_known=false)
[wp-event][C] delivered app_obj=17 wl_buffer.release args=0
[wp-event][C] delivered app_obj=22 wl_callback.done args=1
C1METRICS elapsed_us=11515400 app_connected_us=3168539 first_frame_us=3195535 first_frame_after_connect_us=26995 round_trips=11 round_trip_wait_us=57621 c2s_ring_msgs=616 c2s_ring_bytes=256645 s2c_ring_msgs=0 s2c_ring_bytes=0 c2s_inline_msgs=626 c2s_inline_bytes=19523 s2c_inline_msgs=0 s2c_inline_bytes=0 c2s_blob_sync_msgs=13500 c2s_blob_sync_bytes=420281 s2c_blob_sync_msgs=2533 s2c_blob_sync_bytes=32863 c2s_replies_msgs=0 c2s_replies_bytes=0 s2c_replies_msgs=796 s2c_replies_bytes=7231 c2s_control_msgs=769 c2s_control_bytes=13224 s2c_control_msgs=365 s2c_control_bytes=4020 c2s_total_bytes=709673 s2c_total_bytes=44114
[wp-proxy] forward obj 3 opcode 1 (3 args)
[wp-proxy] forward obj 3 opcode 9 (4 args)
[wp-proxy] objects+ app_obj=22 wl_callback
[wp-proxy] forward obj 3 opcode 3 (1 args)
[wp-proxy] forward obj 3 opcode 6 (0 args)
[wp-proxy] objects- app_obj=22 wl_callback (was_known=false)
[wp-event][C] delivered app_obj=19 wl_buffer.release args=0
[wp-event][C] delivered app_obj=22 wl_callback.done args=1
[wp-proxy] forward obj 3 opcode 1 (3 args)
[wp-proxy] forward obj 3 opcode 9 (4 args)
[wp-proxy] objects+ app_obj=22 wl_callback
[wp-proxy] forward obj 3 opcode 3 (1 args)
[wp-proxy] forward obj 3 opcode 6 (0 args)
[wp-proxy] objects- app_obj=22 wl_callback (was_known=false)
[wp-event][C] delivered app_obj=21 wl_buffer.release args=0
[wp-event][C] delivered app_obj=22 wl_callback.done args=1
C1METRICS elapsed_us=11615514 app_connected_us=3168539 first_frame_us=3195535 first_frame_after_connect_us=26995 round_trips=11 round_trip_wait_us=57621 c2s_ring_msgs=622 c2s_ring_bytes=259229 s2c_ring_msgs=0 s2c_ring_bytes=0 c2s_inline_msgs=632 c2s_inline_bytes=19709 s2c_inline_msgs=0 s2c_inline_bytes=0 c2s_blob_sync_msgs=13643 c2s_blob_sync_bytes=422042 s2c_blob_sync_msgs=2543 s2c_blob_sync_bytes=32973 c2s_replies_msgs=0 c2s_replies_bytes=0 s2c_replies_msgs=804 s2c_replies_bytes=7303 c2s_control_msgs=777 c2s_control_bytes=13362 s2c_control_msgs=369 s2c_control_bytes=4064 c2s_total_bytes=714342 s2c_total_bytes=44340
[wp-proxy] forward obj 3 opcode 1 (3 args)
[wp-proxy] forward obj 3 opcode 9 (4 args)
[wp-proxy] objects+ app_obj=22 wl_callback
[wp-proxy] forward obj 3 opcode 3 (1 args)
[wp-proxy] forward obj 3 opcode 6 (0 args)
[wp-proxy] objects- app_obj=22 wl_callback (was_known=false)
[wp-event][C] delivered app_obj=23 wl_buffer.release args=0
[wp-event][C] delivered app_obj=22 wl_callback.done args=1
[wp-proxy] forward obj 3 opcode 1 (3 args)
[wp-proxy] forward obj 3 opcode 9 (4 args)
[wp-proxy] objects+ app_obj=22 wl_callback
[wp-proxy] forward obj 3 opcode 3 (1 args)
[wp-proxy] forward obj 3 opcode 6 (0 args)
[wp-proxy] objects- app_obj=22 wl_callback (was_known=false)
[wp-event][C] delivered app_obj=17 wl_buffer.release args=0
[wp-event][C] delivered app_obj=22 wl_callback.done args=1
[wp-proxy] forward obj 3 opcode 1 (3 args)
[wp-proxy] forward obj 3 opcode 9 (4 args)
[wp-proxy] objects+ app_obj=22 wl_callback
[wp-proxy] forward obj 3 opcode 3 (1 args)
[wp-proxy] forward obj 3 opcode 6 (0 args)
[wp-proxy] objects- app_obj=22 wl_callback (was_known=false)
[wp-event][C] delivered app_obj=19 wl_buffer.release args=0
[wp-event][C] delivered app_obj=22 wl_callback.done args=1
C1METRICS elapsed_us=11715617 app_connected_us=3168539 first_frame_us=3195535 first_frame_after_connect_us=26995 round_trips=11 round_trip_wait_us=57621 c2s_ring_msgs=629 c2s_ring_bytes=261980 s2c_ring_msgs=0 s2c_ring_bytes=0 c2s_inline_msgs=639 c2s_inline_bytes=19926 s2c_inline_msgs=0 s2c_inline_bytes=0 c2s_blob_sync_msgs=13786 c2s_blob_sync_bytes=423803 s2c_blob_sync_msgs=2556 s2c_blob_sync_bytes=33116 c2s_replies_msgs=0 c2s_replies_bytes=0 s2c_replies_msgs=813 s2c_replies_bytes=7384 c2s_control_msgs=789 c2s_control_bytes=13569 s2c_control_msgs=375 s2c_control_bytes=4130 c2s_total_bytes=719278 s2c_total_bytes=44630
[wp-proxy] forward obj 3 opcode 1 (3 args)
[wp-proxy] forward obj 3 opcode 9 (4 args)
[wp-proxy] objects+ app_obj=22 wl_callback
[wp-proxy] forward obj 3 opcode 3 (1 args)
[wp-proxy] forward obj 3 opcode 6 (0 args)
[wp-proxy] objects- app_obj=22 wl_callback (was_known=false)
[wp-event][C] delivered app_obj=21 wl_buffer.release args=0
[wp-event][C] delivered app_obj=22 wl_callback.done args=1
[wp-proxy] forward obj 3 opcode 1 (3 args)
[wp-proxy] forward obj 3 opcode 9 (4 args)
[wp-proxy] objects+ app_obj=22 wl_callback
[wp-proxy] forward obj 3 opcode 3 (1 args)
[wp-proxy] forward obj 3 opcode 6 (0 args)
[wp-proxy] objects- app_obj=22 wl_callback (was_known=false)
[wp-event][C] delivered app_obj=23 wl_buffer.release args=0
[wp-event][C] delivered app_obj=22 wl_callback.done args=1
C1METRICS elapsed_us=11815702 app_connected_us=3168539 first_frame_us=3195535 first_frame_after_connect_us=26995 round_trips=11 round_trip_wait_us=57621 c2s_ring_msgs=637 c2s_ring_bytes=265689 s2c_ring_msgs=0 s2c_ring_bytes=0 c2s_inline_msgs=647 c2s_inline_bytes=20174 s2c_inline_msgs=0 s2c_inline_bytes=0 c2s_blob_sync_msgs=13999 c2s_blob_sync_bytes=426436 s2c_blob_sync_msgs=2568 s2c_blob_sync_bytes=33248 c2s_replies_msgs=0 c2s_replies_bytes=0 s2c_replies_msgs=822 s2c_replies_bytes=7465 c2s_control_msgs=797 c2s_control_bytes=13707 s2c_control_msgs=379 s2c_control_bytes=4174 c2s_total_bytes=726006 s2c_total_bytes=44887
[wp-proxy] forward obj 3 opcode 1 (3 args)
[wp-proxy] forward obj 3 opcode 9 (4 args)
[wp-proxy] objects+ app_obj=22 wl_callback
[wp-proxy] forward obj 3 opcode 3 (1 args)
[wp-proxy] forward obj 3 opcode 6 (0 args)
[wp-proxy] objects- app_obj=22 wl_callback (was_known=false)
[wp-event][C] delivered app_obj=17 wl_buffer.release args=0
[wp-event][C] delivered app_obj=22 wl_callback.done args=1
[wp-proxy] forward obj 3 opcode 1 (3 args)
[wp-proxy] forward obj 3 opcode 9 (4 args)
[wp-proxy] objects+ app_obj=22 wl_callback
[wp-proxy] forward obj 3 opcode 3 (1 args)
[wp-proxy] forward obj 3 opcode 6 (0 args)
[wp-proxy] objects- app_obj=22 wl_callback (was_known=false)
[wp-event][C] delivered app_obj=19 wl_buffer.release args=0
[wp-event][C] delivered app_obj=22 wl_callback.done args=1
[wp-proxy] forward obj 3 opcode 1 (3 args)
[wp-proxy] forward obj 3 opcode 9 (4 args)
[wp-proxy] objects+ app_obj=22 wl_callback
[wp-proxy] forward obj 3 opcode 3 (1 args)
[wp-proxy] forward obj 3 opcode 6 (0 args)
[wp-proxy] objects- app_obj=22 wl_callback (was_known=false)
[wp-event][C] delivered app_obj=21 wl_buffer.release args=0
[wp-event][C] delivered app_obj=22 wl_callback.done args=1
C1METRICS elapsed_us=11915799 app_connected_us=3168539 first_frame_us=3195535 first_frame_after_connect_us=26995 round_trips=11 round_trip_wait_us=57621 c2s_ring_msgs=645 c2s_ring_bytes=269495 s2c_ring_msgs=0 s2c_ring_bytes=0 c2s_inline_msgs=655 c2s_inline_bytes=20422 s2c_inline_msgs=0 s2c_inline_bytes=0 c2s_blob_sync_msgs=14213 c2s_blob_sync_bytes=429075 s2c_blob_sync_msgs=2583 s2c_blob_sync_bytes=33413 c2s_replies_msgs=0 c2s_replies_bytes=0 s2c_replies_msgs=834 s2c_replies_bytes=7573 c2s_control_msgs=809 c2s_control_bytes=13914 s2c_control_msgs=385 s2c_control_bytes=4240 c2s_total_bytes=732906 s2c_total_bytes=45226
[wp-proxy] forward obj 3 opcode 1 (3 args)
[wp-proxy] forward obj 3 opcode 9 (4 args)
[wp-proxy] objects+ app_obj=22 wl_callback
[wp-proxy] forward obj 3 opcode 3 (1 args)
[wp-proxy] forward obj 3 opcode 6 (0 args)
[wp-proxy] objects- app_obj=22 wl_callback (was_known=false)
[wp-event][C] delivered app_obj=23 wl_buffer.release args=0
[wp-event][C] delivered app_obj=22 wl_callback.done args=1
[wp-proxy] forward obj 3 opcode 1 (3 args)
[wp-proxy] forward obj 3 opcode 9 (4 args)
[wp-proxy] objects+ app_obj=22 wl_callback
[wp-proxy] forward obj 3 opcode 3 (1 args)
[wp-proxy] forward obj 3 opcode 6 (0 args)
[wp-proxy] objects- app_obj=22 wl_callback (was_known=false)
[wp-event][C] delivered app_obj=17 wl_buffer.release args=0
[wp-event][C] delivered app_obj=22 wl_callback.done args=1
[wp-proxy] forward obj 3 opcode 1 (3 args)
[wp-proxy] forward obj 3 opcode 9 (4 args)
[wp-proxy] objects+ app_obj=22 wl_callback
[wp-proxy] forward obj 3 opcode 3 (1 args)
[wp-proxy] forward obj 3 opcode 6 (0 args)
[wp-proxy] objects- app_obj=22 wl_callback (was_known=false)
C1METRICS elapsed_us=12015892 app_connected_us=3168539 first_frame_us=3195535 first_frame_after_connect_us=26995 round_trips=11 round_trip_wait_us=57621 c2s_ring_msgs=653 c2s_ring_bytes=272316 s2c_ring_msgs=0 s2c_ring_bytes=0 c2s_inline_msgs=663 c2s_inline_bytes=20670 s2c_inline_msgs=0 s2c_inline_bytes=0 c2s_blob_sync_msgs=14355 c2s_blob_sync_bytes=430830 s2c_blob_sync_msgs=2594 s2c_blob_sync_bytes=33534 c2s_replies_msgs=0 c2s_replies_bytes=0 s2c_replies_msgs=843 s2c_replies_bytes=7654 c2s_control_msgs=821 c2s_control_bytes=14121 s2c_control_msgs=389 s2c_control_bytes=4284 c2s_total_bytes=737937 s2c_total_bytes=45472
[wp-event][C] delivered app_obj=19 wl_buffer.release args=0
[wp-event][C] delivered app_obj=22 wl_callback.done args=1
[wp-proxy] forward obj 3 opcode 1 (3 args)
[wp-proxy] forward obj 3 opcode 9 (4 args)
[wp-proxy] objects+ app_obj=22 wl_callback
[wp-proxy] forward obj 3 opcode 3 (1 args)
[wp-proxy] forward obj 3 opcode 6 (0 args)
[wp-proxy] objects- app_obj=22 wl_callback (was_known=false)
[wp-event][C] delivered app_obj=21 wl_buffer.release args=0
[wp-event][C] delivered app_obj=22 wl_callback.done args=1
[wp-proxy] forward obj 3 opcode 1 (3 args)
[wp-proxy] forward obj 3 opcode 9 (4 args)
[wp-proxy] objects+ app_obj=22 wl_callback
[wp-proxy] forward obj 3 opcode 3 (1 args)
[wp-proxy] forward obj 3 opcode 6 (0 args)
[wp-proxy] objects- app_obj=22 wl_callback (was_known=false)
[wp-event][C] delivered app_obj=23 wl_buffer.release args=0
[wp-event][C] delivered app_obj=22 wl_callback.done args=1
C1METRICS elapsed_us=12115990 app_connected_us=3168539 first_frame_us=3195535 first_frame_after_connect_us=26995 round_trips=11 round_trip_wait_us=57621 c2s_ring_msgs=661 c2s_ring_bytes=276025 s2c_ring_msgs=0 s2c_ring_bytes=0 c2s_inline_msgs=671 c2s_inline_bytes=20918 s2c_inline_msgs=0 s2c_inline_bytes=0 c2s_blob_sync_msgs=14569 c2s_blob_sync_bytes=433468 s2c_blob_sync_msgs=2608 s2c_blob_sync_bytes=33688 c2s_replies_msgs=0 c2s_replies_bytes=0 s2c_replies_msgs=853 s2c_replies_bytes=7744 c2s_control_msgs=829 c2s_control_bytes=14259 s2c_control_msgs=395 s2c_control_bytes=4350 c2s_total_bytes=744670 s2c_total_bytes=45782
[wp-proxy] forward obj 3 opcode 1 (3 args)
[wp-proxy] forward obj 3 opcode 9 (4 args)
[wp-proxy] objects+ app_obj=22 wl_callback
[wp-proxy] forward obj 3 opcode 3 (1 args)
[wp-proxy] forward obj 3 opcode 6 (0 args)
[wp-proxy] objects- app_obj=22 wl_callback (was_known=false)
[wp-event][C] delivered app_obj=17 wl_buffer.release args=0
[wp-event][C] delivered app_obj=22 wl_callback.done args=1
[wp-proxy] forward obj 3 opcode 1 (3 args)
[wp-proxy] forward obj 3 opcode 9 (4 args)
[wp-proxy] objects+ app_obj=22 wl_callback
[wp-proxy] forward obj 3 opcode 3 (1 args)
[wp-proxy] forward obj 3 opcode 6 (0 args)
[wp-proxy] objects- app_obj=22 wl_callback (was_known=false)
[wp-event][C] delivered app_obj=19 wl_buffer.release args=0
[wp-event][C] delivered app_obj=22 wl_callback.done args=1
[wp-proxy] forward obj 3 opcode 1 (3 args)
[wp-proxy] forward obj 3 opcode 9 (4 args)
[wp-proxy] objects+ app_obj=22 wl_callback
[wp-proxy] forward obj 3 opcode 3 (1 args)
[wp-proxy] forward obj 3 opcode 6 (0 args)
[wp-proxy] objects- app_obj=22 wl_callback (was_known=false)
[wp-event][C] delivered app_obj=21 wl_buffer.release args=0
[wp-event][C] delivered app_obj=22 wl_callback.done args=1
C1METRICS elapsed_us=12216094 app_connected_us=3168539 first_frame_us=3195535 first_frame_after_connect_us=26995 round_trips=11 round_trip_wait_us=57621 c2s_ring_msgs=669 c2s_ring_bytes=279831 s2c_ring_msgs=0 s2c_ring_bytes=0 c2s_inline_msgs=679 c2s_inline_bytes=21166 s2c_inline_msgs=0 s2c_inline_bytes=0 c2s_blob_sync_msgs=14779 c2s_blob_sync_bytes=436080 s2c_blob_sync_msgs=2621 s2c_blob_sync_bytes=33831 c2s_replies_msgs=0 c2s_replies_bytes=0 s2c_replies_msgs=864 s2c_replies_bytes=7843 c2s_control_msgs=841 c2s_control_bytes=14466 s2c_control_msgs=401 s2c_control_bytes=4416 c2s_total_bytes=751543 s2c_total_bytes=46090
[wp-proxy] forward obj 3 opcode 1 (3 args)
[wp-proxy] forward obj 3 opcode 9 (4 args)
[wp-proxy] objects+ app_obj=22 wl_callback
[wp-proxy] forward obj 3 opcode 3 (1 args)
[wp-proxy] forward obj 3 opcode 6 (0 args)
[wp-proxy] objects- app_obj=22 wl_callback (was_known=false)
[wp-event][C] delivered app_obj=23 wl_buffer.release args=0
[wp-event][C] delivered app_obj=22 wl_callback.done args=1
[wp-proxy] forward obj 3 opcode 1 (3 args)
[wp-proxy] forward obj 3 opcode 9 (4 args)
[wp-proxy] objects+ app_obj=22 wl_callback
[wp-proxy] forward obj 3 opcode 3 (1 args)
[wp-proxy] forward obj 3 opcode 6 (0 args)
[wp-proxy] objects- app_obj=22 wl_callback (was_known=false)
[wp-event][C] delivered app_obj=17 wl_buffer.release args=0
[wp-event][C] delivered app_obj=22 wl_callback.done args=1
[wp-proxy] forward obj 3 opcode 1 (3 args)
[wp-proxy] forward obj 3 opcode 9 (4 args)
[wp-proxy] objects+ app_obj=22 wl_callback
[wp-proxy] forward obj 3 opcode 3 (1 args)
[wp-proxy] forward obj 3 opcode 6 (0 args)
[wp-proxy] objects- app_obj=22 wl_callback (was_known=false)
C1METRICS elapsed_us=12316187 app_connected_us=3168539 first_frame_us=3195535 first_frame_after_connect_us=26995 round_trips=11 round_trip_wait_us=57621 c2s_ring_msgs=677 c2s_ring_bytes=282652 s2c_ring_msgs=0 s2c_ring_bytes=0 c2s_inline_msgs=687 c2s_inline_bytes=21414 s2c_inline_msgs=0 s2c_inline_bytes=0 c2s_blob_sync_msgs=14917 c2s_blob_sync_bytes=437806 s2c_blob_sync_msgs=2634 s2c_blob_sync_bytes=33974 c2s_replies_msgs=0 c2s_replies_bytes=0 s2c_replies_msgs=875 s2c_replies_bytes=7942 c2s_control_msgs=853 c2s_control_bytes=14673 s2c_control_msgs=407 s2c_control_bytes=4482 c2s_total_bytes=756545 s2c_total_bytes=46398
[wp-event][C] delivered app_obj=19 wl_buffer.release args=0
[wp-event][C] delivered app_obj=22 wl_callback.done args=1
[wp-proxy] forward obj 3 opcode 1 (3 args)
[wp-proxy] forward obj 3 opcode 9 (4 args)
[wp-proxy] objects+ app_obj=22 wl_callback
[wp-proxy] forward obj 3 opcode 3 (1 args)
[wp-proxy] forward obj 3 opcode 6 (0 args)
[wp-proxy] objects- app_obj=22 wl_callback (was_known=false)
[wp-event][C] delivered app_obj=21 wl_buffer.release args=0
[wp-event][C] delivered app_obj=22 wl_callback.done args=1
[wp-proxy] forward obj 3 opcode 1 (3 args)
[wp-proxy] forward obj 3 opcode 9 (4 args)
[wp-proxy] objects+ app_obj=22 wl_callback
[wp-proxy] forward obj 3 opcode 3 (1 args)
[wp-proxy] forward obj 3 opcode 6 (0 args)
[wp-proxy] objects- app_obj=22 wl_callback (was_known=false)
[wp-event][C] delivered app_obj=23 wl_buffer.release args=0
[wp-event][C] delivered app_obj=22 wl_callback.done args=1
C1METRICS elapsed_us=12416279 app_connected_us=3168539 first_frame_us=3195535 first_frame_after_connect_us=26995 round_trips=11 round_trip_wait_us=57621 c2s_ring_msgs=684 c2s_ring_bytes=286291 s2c_ring_msgs=0 s2c_ring_bytes=0 c2s_inline_msgs=694 c2s_inline_bytes=21631 s2c_inline_msgs=0 s2c_inline_bytes=0 c2s_blob_sync_msgs=15127 c2s_blob_sync_bytes=440418 s2c_blob_sync_msgs=2646 s2c_blob_sync_bytes=34106 c2s_replies_msgs=0 c2s_replies_bytes=0 s2c_replies_msgs=884 s2c_replies_bytes=8023 c2s_control_msgs=861 c2s_control_bytes=14811 s2c_control_msgs=411 s2c_control_bytes=4526 c2s_total_bytes=763151 s2c_total_bytes=46655
[wp-proxy] forward obj 3 opcode 1 (3 args)
[wp-proxy] forward obj 3 opcode 9 (4 args)
[wp-proxy] objects+ app_obj=22 wl_callback
[wp-proxy] forward obj 3 opcode 3 (1 args)
[wp-proxy] forward obj 3 opcode 6 (0 args)
[wp-proxy] objects- app_obj=22 wl_callback (was_known=false)
[wp-event][C] delivered app_obj=17 wl_buffer.release args=0
[wp-event][C] delivered app_obj=22 wl_callback.done args=1
[wp-proxy] forward obj 3 opcode 1 (3 args)
[wp-proxy] forward obj 3 opcode 9 (4 args)
[wp-proxy] objects+ app_obj=22 wl_callback
[wp-proxy] forward obj 3 opcode 3 (1 args)
[wp-proxy] forward obj 3 opcode 6 (0 args)
[wp-proxy] objects- app_obj=22 wl_callback (was_known=false)
[wp-event][C] delivered app_obj=19 wl_buffer.release args=0
[wp-event][C] delivered app_obj=22 wl_callback.done args=1
C1METRICS elapsed_us=12516385 app_connected_us=3168539 first_frame_us=3195535 first_frame_after_connect_us=26995 round_trips=11 round_trip_wait_us=57621 c2s_ring_msgs=690 c2s_ring_bytes=288875 s2c_ring_msgs=0 s2c_ring_bytes=0 c2s_inline_msgs=700 c2s_inline_bytes=21817 s2c_inline_msgs=0 s2c_inline_bytes=0 c2s_blob_sync_msgs=15270 c2s_blob_sync_bytes=442179 s2c_blob_sync_msgs=2656 s2c_blob_sync_bytes=34216 c2s_replies_msgs=0 c2s_replies_bytes=0 s2c_replies_msgs=893 s2c_replies_bytes=8104 c2s_control_msgs=869 c2s_control_bytes=14949 s2c_control_msgs=415 s2c_control_bytes=4570 c2s_total_bytes=767820 s2c_total_bytes=46890
[wp-proxy] forward obj 3 opcode 1 (3 args)
[wp-proxy] forward obj 3 opcode 9 (4 args)
[wp-proxy] objects+ app_obj=22 wl_callback
[wp-proxy] forward obj 3 opcode 3 (1 args)
[wp-proxy] forward obj 3 opcode 6 (0 args)
[wp-proxy] objects- app_obj=22 wl_callback (was_known=false)
[wp-event][C] delivered app_obj=21 wl_buffer.release args=0
[wp-event][C] delivered app_obj=22 wl_callback.done args=1
[wp-proxy] forward obj 3 opcode 1 (3 args)
[wp-proxy] forward obj 3 opcode 9 (4 args)
[wp-proxy] objects+ app_obj=22 wl_callback
[wp-proxy] forward obj 3 opcode 3 (1 args)
[wp-proxy] forward obj 3 opcode 6 (0 args)
[wp-proxy] objects- app_obj=22 wl_callback (was_known=false)
[wp-event][C] delivered app_obj=23 wl_buffer.release args=0
[wp-event][C] delivered app_obj=22 wl_callback.done args=1
C1METRICS elapsed_us=12616485 app_connected_us=3168539 first_frame_us=3195535 first_frame_after_connect_us=26995 round_trips=11 round_trip_wait_us=57621 c2s_ring_msgs=696 c2s_ring_bytes=291459 s2c_ring_msgs=0 s2c_ring_bytes=0 c2s_inline_msgs=706 c2s_inline_bytes=22003 s2c_inline_msgs=0 s2c_inline_bytes=0 c2s_blob_sync_msgs=15413 c2s_blob_sync_bytes=443940 s2c_blob_sync_msgs=2666 s2c_blob_sync_bytes=34326 c2s_replies_msgs=0 c2s_replies_bytes=0 s2c_replies_msgs=901 s2c_replies_bytes=8176 c2s_control_msgs=877 c2s_control_bytes=15087 s2c_control_msgs=419 s2c_control_bytes=4614 c2s_total_bytes=772489 s2c_total_bytes=47116
[wp-proxy] forward obj 3 opcode 1 (3 args)
[wp-proxy] forward obj 3 opcode 9 (4 args)
[wp-proxy] objects+ app_obj=22 wl_callback
[wp-proxy] forward obj 3 opcode 3 (1 args)
[wp-proxy] forward obj 3 opcode 6 (0 args)
[wp-proxy] objects- app_obj=22 wl_callback (was_known=false)
[wp-event][C] delivered app_obj=17 wl_buffer.release args=0
[wp-event][C] delivered app_obj=22 wl_callback.done args=1
[wp-proxy] forward obj 3 opcode 1 (3 args)
[wp-proxy] forward obj 3 opcode 9 (4 args)
[wp-proxy] objects+ app_obj=22 wl_callback
[wp-proxy] forward obj 3 opcode 3 (1 args)
[wp-proxy] forward obj 3 opcode 6 (0 args)
[wp-proxy] objects- app_obj=22 wl_callback (was_known=false)
[wp-event][C] delivered app_obj=19 wl_buffer.release args=0
[wp-event][C] delivered app_obj=22 wl_callback.done args=1
C1METRICS elapsed_us=12716555 app_connected_us=3168539 first_frame_us=3195535 first_frame_after_connect_us=26995 round_trips=11 round_trip_wait_us=57621 c2s_ring_msgs=702 c2s_ring_bytes=294043 s2c_ring_msgs=0 s2c_ring_bytes=0 c2s_inline_msgs=712 c2s_inline_bytes=22189 s2c_inline_msgs=0 s2c_inline_bytes=0 c2s_blob_sync_msgs=15553 c2s_blob_sync_bytes=445682 s2c_blob_sync_msgs=2676 s2c_blob_sync_bytes=34436 c2s_replies_msgs=0 c2s_replies_bytes=0 s2c_replies_msgs=908 s2c_replies_bytes=8239 c2s_control_msgs=885 c2s_control_bytes=15225 s2c_control_msgs=423 s2c_control_bytes=4658 c2s_total_bytes=777139 s2c_total_bytes=47333
[wp-proxy] forward obj 3 opcode 1 (3 args)
[wp-proxy] forward obj 3 opcode 9 (4 args)
[wp-proxy] objects+ app_obj=22 wl_callback
[wp-proxy] forward obj 3 opcode 3 (1 args)
[wp-proxy] forward obj 3 opcode 6 (0 args)
[wp-proxy] objects- app_obj=22 wl_callback (was_known=false)
[wp-event][C] delivered app_obj=21 wl_buffer.release args=0
[wp-event][C] delivered app_obj=22 wl_callback.done args=1
[wp-proxy] forward obj 3 opcode 1 (3 args)
[wp-proxy] forward obj 3 opcode 9 (4 args)
[wp-proxy] objects+ app_obj=22 wl_callback
[wp-proxy] forward obj 3 opcode 3 (1 args)
[wp-proxy] forward obj 3 opcode 6 (0 args)
[wp-proxy] objects- app_obj=22 wl_callback (was_known=false)
[wp-event][C] delivered app_obj=23 wl_buffer.release args=0
[wp-event][C] delivered app_obj=22 wl_callback.done args=1
C1METRICS elapsed_us=12816644 app_connected_us=3168539 first_frame_us=3195535 first_frame_after_connect_us=26995 round_trips=11 round_trip_wait_us=57621 c2s_ring_msgs=708 c2s_ring_bytes=296627 s2c_ring_msgs=0 s2c_ring_bytes=0 c2s_inline_msgs=718 c2s_inline_bytes=22375 s2c_inline_msgs=0 s2c_inline_bytes=0 c2s_blob_sync_msgs=15697 c2s_blob_sync_bytes=447450 s2c_blob_sync_msgs=2686 s2c_blob_sync_bytes=34546 c2s_replies_msgs=0 c2s_replies_bytes=0 s2c_replies_msgs=916 s2c_replies_bytes=8311 c2s_control_msgs=893 c2s_control_bytes=15363 s2c_control_msgs=427 s2c_control_bytes=4702 c2s_total_bytes=781815 s2c_total_bytes=47559
[wp-proxy] forward obj 3 opcode 1 (3 args)
[wp-proxy] forward obj 3 opcode 9 (4 args)
[wp-proxy] objects+ app_obj=22 wl_callback
[wp-proxy] forward obj 3 opcode 3 (1 args)
[wp-proxy] forward obj 3 opcode 6 (0 args)
[wp-proxy] objects- app_obj=22 wl_callback (was_known=false)
[wp-event][C] delivered app_obj=17 wl_buffer.release args=0
[wp-event][C] delivered app_obj=22 wl_callback.done args=1
[wp-proxy] forward obj 3 opcode 1 (3 args)
[wp-proxy] forward obj 3 opcode 9 (4 args)
[wp-proxy] objects+ app_obj=22 wl_callback
[wp-proxy] forward obj 3 opcode 3 (1 args)
[wp-proxy] forward obj 3 opcode 6 (0 args)
[wp-proxy] objects- app_obj=22 wl_callback (was_known=false)
[wp-event][C] delivered app_obj=19 wl_buffer.release args=0
[wp-event][C] delivered app_obj=22 wl_callback.done args=1
C1METRICS elapsed_us=12916787 app_connected_us=3168539 first_frame_us=3195535 first_frame_after_connect_us=26995 round_trips=11 round_trip_wait_us=57621 c2s_ring_msgs=715 c2s_ring_bytes=299281 s2c_ring_msgs=0 s2c_ring_bytes=0 c2s_inline_msgs=725 c2s_inline_bytes=22592 s2c_inline_msgs=0 s2c_inline_bytes=0 c2s_blob_sync_msgs=15840 c2s_blob_sync_bytes=449212 s2c_blob_sync_msgs=2698 s2c_blob_sync_bytes=34678 c2s_replies_msgs=0 c2s_replies_bytes=0 s2c_replies_msgs=926 s2c_replies_bytes=8401 c2s_control_msgs=901 c2s_control_bytes=15501 s2c_control_msgs=431 s2c_control_bytes=4746 c2s_total_bytes=786586 s2c_total_bytes=47825
[wp-proxy] forward obj 3 opcode 1 (3 args)
[wp-proxy] forward obj 3 opcode 9 (4 args)
[wp-proxy] objects+ app_obj=22 wl_callback
[wp-proxy] forward obj 3 opcode 3 (1 args)
[wp-proxy] forward obj 3 opcode 6 (0 args)
[wp-proxy] objects- app_obj=22 wl_callback (was_known=false)
[wp-event][C] delivered app_obj=21 wl_buffer.release args=0
[wp-event][C] delivered app_obj=22 wl_callback.done args=1
[wp-proxy] forward obj 3 opcode 1 (3 args)
[wp-proxy] forward obj 3 opcode 9 (4 args)
[wp-proxy] objects+ app_obj=22 wl_callback
[wp-proxy] forward obj 3 opcode 3 (1 args)
[wp-proxy] forward obj 3 opcode 6 (0 args)
[wp-proxy] objects- app_obj=22 wl_callback (was_known=false)
[wp-event][C] delivered app_obj=23 wl_buffer.release args=0
[wp-event][C] delivered app_obj=22 wl_callback.done args=1
[wp-proxy] forward obj 3 opcode 1 (3 args)
[wp-proxy] forward obj 3 opcode 9 (4 args)
[wp-proxy] objects+ app_obj=22 wl_callback
[wp-proxy] forward obj 3 opcode 3 (1 args)
[wp-proxy] forward obj 3 opcode 6 (0 args)
[wp-proxy] objects- app_obj=22 wl_callback (was_known=false)
C1METRICS elapsed_us=13016893 app_connected_us=3168539 first_frame_us=3195535 first_frame_after_connect_us=26995 round_trips=11 round_trip_wait_us=57621 c2s_ring_msgs=722 c2s_ring_bytes=302032 s2c_ring_msgs=0 s2c_ring_bytes=0 c2s_inline_msgs=732 c2s_inline_bytes=22809 s2c_inline_msgs=0 s2c_inline_bytes=0 c2s_blob_sync_msgs=15982 c2s_blob_sync_bytes=450967 s2c_blob_sync_msgs=2709 s2c_blob_sync_bytes=34799 c2s_replies_msgs=0 c2s_replies_bytes=0 s2c_replies_msgs=935 s2c_replies_bytes=8482 c2s_control_msgs=913 c2s_control_bytes=15708 s2c_control_msgs=435 s2c_control_bytes=4790 c2s_total_bytes=791516 s2c_total_bytes=48071
[wp-event][C] delivered app_obj=17 wl_buffer.release args=0
[wp-event][C] delivered app_obj=22 wl_callback.done args=1
[wp-proxy] forward obj 3 opcode 1 (3 args)
[wp-proxy] forward obj 3 opcode 9 (4 args)
[wp-proxy] objects+ app_obj=22 wl_callback
[wp-proxy] forward obj 3 opcode 3 (1 args)
[wp-proxy] forward obj 3 opcode 6 (0 args)
[wp-proxy] objects- app_obj=22 wl_callback (was_known=false)
[wp-event][C] delivered app_obj=19 wl_buffer.release args=0
[wp-event][C] delivered app_obj=22 wl_callback.done args=1
[wp-proxy] forward obj 3 opcode 1 (3 args)
[wp-proxy] forward obj 3 opcode 9 (4 args)
[wp-proxy] objects+ app_obj=22 wl_callback
[wp-proxy] forward obj 3 opcode 3 (1 args)
[wp-proxy] forward obj 3 opcode 6 (0 args)
[wp-proxy] objects- app_obj=22 wl_callback (was_known=false)
C1METRICS elapsed_us=13116971 app_connected_us=3168539 first_frame_us=3195535 first_frame_after_connect_us=26995 round_trips=11 round_trip_wait_us=57621 c2s_ring_msgs=728 c2s_ring_bytes=304616 s2c_ring_msgs=0 s2c_ring_bytes=0 c2s_inline_msgs=738 c2s_inline_bytes=22995 s2c_inline_msgs=0 s2c_inline_bytes=0 c2s_blob_sync_msgs=16124 c2s_blob_sync_bytes=452721 s2c_blob_sync_msgs=2719 s2c_blob_sync_bytes=34909 c2s_replies_msgs=0 c2s_replies_bytes=0 s2c_replies_msgs=944 s2c_replies_bytes=8563 c2s_control_msgs=921 c2s_control_bytes=15846 s2c_control_msgs=439 s2c_control_bytes=4834 c2s_total_bytes=796178 s2c_total_bytes=48306
[wp-event][C] delivered app_obj=21 wl_buffer.release args=0
[wp-event][C] delivered app_obj=22 wl_callback.done args=1
[wp-proxy] forward obj 3 opcode 1 (3 args)
[wp-proxy] forward obj 3 opcode 9 (4 args)
[wp-proxy] objects+ app_obj=22 wl_callback
[wp-proxy] forward obj 3 opcode 3 (1 args)
[wp-proxy] forward obj 3 opcode 6 (0 args)
[wp-proxy] objects- app_obj=22 wl_callback (was_known=false)
[wp-event][C] delivered app_obj=23 wl_buffer.release args=0
[wp-event][C] delivered app_obj=22 wl_callback.done args=1
[wp-proxy] forward obj 3 opcode 1 (3 args)
[wp-proxy] forward obj 3 opcode 9 (4 args)
[wp-proxy] objects+ app_obj=22 wl_callback
[wp-proxy] forward obj 3 opcode 3 (1 args)
[wp-proxy] forward obj 3 opcode 6 (0 args)
[wp-proxy] objects- app_obj=22 wl_callback (was_known=false)
[wp-event][C] delivered app_obj=17 wl_buffer.release args=0
[wp-event][C] delivered app_obj=22 wl_callback.done args=1
C1METRICS elapsed_us=13217093 app_connected_us=3168539 first_frame_us=3195535 first_frame_after_connect_us=26995 round_trips=11 round_trip_wait_us=57621 c2s_ring_msgs=735 c2s_ring_bytes=308255 s2c_ring_msgs=0 s2c_ring_bytes=0 c2s_inline_msgs=745 c2s_inline_bytes=23212 s2c_inline_msgs=0 s2c_inline_bytes=0 c2s_blob_sync_msgs=16336 c2s_blob_sync_bytes=455347 s2c_blob_sync_msgs=2731 s2c_blob_sync_bytes=35041 c2s_replies_msgs=0 c2s_replies_bytes=0 s2c_replies_msgs=953 s2c_replies_bytes=8644 c2s_control_msgs=929 c2s_control_bytes=15984 s2c_control_msgs=445 s2c_control_bytes=4900 c2s_total_bytes=802798 s2c_total_bytes=48585
[wp-proxy] forward obj 3 opcode 1 (3 args)
[wp-proxy] forward obj 3 opcode 9 (4 args)
[wp-proxy] objects+ app_obj=22 wl_callback
[wp-proxy] forward obj 3 opcode 3 (1 args)
[wp-proxy] forward obj 3 opcode 6 (0 args)
[wp-proxy] objects- app_obj=22 wl_callback (was_known=false)
[wp-event][C] delivered app_obj=19 wl_buffer.release args=0
[wp-event][C] delivered app_obj=22 wl_callback.done args=1
[wp-proxy] forward obj 3 opcode 1 (3 args)
[wp-proxy] forward obj 3 opcode 9 (4 args)
[wp-proxy] objects+ app_obj=22 wl_callback
[wp-proxy] forward obj 3 opcode 3 (1 args)
[wp-proxy] forward obj 3 opcode 6 (0 args)
[wp-proxy] objects- app_obj=22 wl_callback (was_known=false)
[wp-event][C] delivered app_obj=21 wl_buffer.release args=0
[wp-event][C] delivered app_obj=22 wl_callback.done args=1
[wp-proxy] forward obj 3 opcode 1 (3 args)
[wp-proxy] forward obj 3 opcode 9 (4 args)
[wp-proxy] objects+ app_obj=22 wl_callback
[wp-proxy] forward obj 3 opcode 3 (1 args)
[wp-proxy] forward obj 3 opcode 6 (0 args)
[wp-proxy] objects- app_obj=22 wl_callback (was_known=false)
C1METRICS elapsed_us=13317222 app_connected_us=3168539 first_frame_us=3195535 first_frame_after_connect_us=26995 round_trips=11 round_trip_wait_us=57621 c2s_ring_msgs=743 c2s_ring_bytes=311076 s2c_ring_msgs=0 s2c_ring_bytes=0 c2s_inline_msgs=753 c2s_inline_bytes=23460 s2c_inline_msgs=0 s2c_inline_bytes=0 c2s_blob_sync_msgs=16478 c2s_blob_sync_bytes=457096 s2c_blob_sync_msgs=2746 s2c_blob_sync_bytes=35206 c2s_replies_msgs=0 c2s_replies_bytes=0 s2c_replies_msgs=965 s2c_replies_bytes=8752 c2s_control_msgs=941 c2s_control_bytes=16191 s2c_control_msgs=449 s2c_control_bytes=4944 c2s_total_bytes=807823 s2c_total_bytes=48902
[wp-event][C] delivered app_obj=23 wl_buffer.release args=0
[wp-event][C] delivered app_obj=22 wl_callback.done args=1
[wp-proxy] forward obj 3 opcode 1 (3 args)
[wp-proxy] forward obj 3 opcode 9 (4 args)
[wp-proxy] objects+ app_obj=22 wl_callback
[wp-proxy] forward obj 3 opcode 3 (1 args)
[wp-proxy] forward obj 3 opcode 6 (0 args)
[wp-proxy] objects- app_obj=22 wl_callback (was_known=false)
[wp-event][C] delivered app_obj=17 wl_buffer.release args=0
[wp-event][C] delivered app_obj=22 wl_callback.done args=1
[wp-proxy] forward obj 3 opcode 1 (3 args)
[wp-proxy] forward obj 3 opcode 9 (4 args)
[wp-proxy] objects+ app_obj=22 wl_callback
[wp-proxy] forward obj 3 opcode 3 (1 args)
[wp-proxy] forward obj 3 opcode 6 (0 args)
[wp-proxy] objects- app_obj=22 wl_callback (was_known=false)
[wp-event][C] delivered app_obj=19 wl_buffer.release args=0
[wp-event][C] delivered app_obj=22 wl_callback.done args=1
C1METRICS elapsed_us=13417338 app_connected_us=3168539 first_frame_us=3195535 first_frame_after_connect_us=26995 round_trips=11 round_trip_wait_us=57621 c2s_ring_msgs=750 c2s_ring_bytes=314715 s2c_ring_msgs=0 s2c_ring_bytes=0 c2s_inline_msgs=760 c2s_inline_bytes=23677 s2c_inline_msgs=0 s2c_inline_bytes=0 c2s_blob_sync_msgs=16687 c2s_blob_sync_bytes=459702 s2c_blob_sync_msgs=2758 s2c_blob_sync_bytes=35338 c2s_replies_msgs=0 c2s_replies_bytes=0 s2c_replies_msgs=974 s2c_replies_bytes=8833 c2s_control_msgs=949 c2s_control_bytes=16329 s2c_control_msgs=455 s2c_control_bytes=5010 c2s_total_bytes=814423 s2c_total_bytes=49181
[wp-proxy] forward obj 3 opcode 1 (3 args)
[wp-proxy] forward obj 3 opcode 9 (4 args)
[wp-proxy] objects+ app_obj=22 wl_callback
[wp-proxy] forward obj 3 opcode 3 (1 args)
[wp-proxy] forward obj 3 opcode 6 (0 args)
[wp-proxy] objects- app_obj=22 wl_callback (was_known=false)
[wp-event][C] delivered app_obj=21 wl_buffer.release args=0
[wp-event][C] delivered app_obj=22 wl_callback.done args=1
[wp-proxy] forward obj 3 opcode 1 (3 args)
[wp-proxy] forward obj 3 opcode 9 (4 args)
[wp-proxy] objects+ app_obj=22 wl_callback
[wp-proxy] forward obj 3 opcode 3 (1 args)
[wp-proxy] forward obj 3 opcode 6 (0 args)
[wp-proxy] objects- app_obj=22 wl_callback (was_known=false)
[wp-event][C] delivered app_obj=23 wl_buffer.release args=0
[wp-event][C] delivered app_obj=22 wl_callback.done args=1
[wp-proxy] forward obj 3 opcode 1 (3 args)
[wp-proxy] forward obj 3 opcode 9 (4 args)
[wp-proxy] objects+ app_obj=22 wl_callback
[wp-proxy] forward obj 3 opcode 3 (1 args)
[wp-proxy] forward obj 3 opcode 6 (0 args)
[wp-proxy] objects- app_obj=22 wl_callback (was_known=false)
C1METRICS elapsed_us=13517449 app_connected_us=3168539 first_frame_us=3195535 first_frame_after_connect_us=26995 round_trips=11 round_trip_wait_us=57621 c2s_ring_msgs=758 c2s_ring_bytes=317536 s2c_ring_msgs=0 s2c_ring_bytes=0 c2s_inline_msgs=768 c2s_inline_bytes=23925 s2c_inline_msgs=0 s2c_inline_bytes=0 c2s_blob_sync_msgs=16830 c2s_blob_sync_bytes=461463 s2c_blob_sync_msgs=2769 s2c_blob_sync_bytes=35459 c2s_replies_msgs=0 c2s_replies_bytes=0 s2c_replies_msgs=984 s2c_replies_bytes=8923 c2s_control_msgs=961 c2s_control_bytes=16536 s2c_control_msgs=459 s2c_control_bytes=5054 c2s_total_bytes=819460 s2c_total_bytes=49436
[wp-event][C] delivered app_obj=17 wl_buffer.release args=0
[wp-event][C] delivered app_obj=22 wl_callback.done args=1
[wp-proxy] forward obj 3 opcode 1 (3 args)
[wp-proxy] forward obj 3 opcode 9 (4 args)
[wp-proxy] objects+ app_obj=22 wl_callback
[wp-proxy] forward obj 3 opcode 3 (1 args)
[wp-proxy] forward obj 3 opcode 6 (0 args)
[wp-proxy] objects- app_obj=22 wl_callback (was_known=false)
[wp-event][C] delivered app_obj=19 wl_buffer.release args=0
[wp-event][C] delivered app_obj=22 wl_callback.done args=1
[wp-proxy] forward obj 3 opcode 1 (3 args)
[wp-proxy] forward obj 3 opcode 9 (4 args)
[wp-proxy] objects+ app_obj=22 wl_callback
[wp-proxy] forward obj 3 opcode 3 (1 args)
[wp-proxy] forward obj 3 opcode 6 (0 args)
[wp-proxy] objects- app_obj=22 wl_callback (was_known=false)
[wp-event][C] delivered app_obj=21 wl_buffer.release args=0
[wp-event][C] delivered app_obj=22 wl_callback.done args=1
[wp-proxy] forward obj 3 opcode 1 (3 args)
[wp-proxy] forward obj 3 opcode 9 (4 args)
[wp-proxy] objects+ app_obj=22 wl_callback
[wp-proxy] forward obj 3 opcode 3 (1 args)
[wp-proxy] forward obj 3 opcode 6 (0 args)
[wp-proxy] objects- app_obj=22 wl_callback (was_known=false)
[wp-event][C] delivered app_obj=23 wl_buffer.release args=0
[wp-event][C] delivered app_obj=22 wl_callback.done args=1
C1METRICS elapsed_us=13617543 app_connected_us=3168539 first_frame_us=3195535 first_frame_after_connect_us=26995 round_trips=11 round_trip_wait_us=57621 c2s_ring_msgs=767 c2s_ring_bytes=321412 s2c_ring_msgs=0 s2c_ring_bytes=0 c2s_inline_msgs=777 c2s_inline_bytes=24204 s2c_inline_msgs=0 s2c_inline_bytes=0 c2s_blob_sync_msgs=17043 c2s_blob_sync_bytes=464095 s2c_blob_sync_msgs=2784 s2c_blob_sync_bytes=35624 c2s_replies_msgs=0 c2s_replies_bytes=0 s2c_replies_msgs=993 s2c_replies_bytes=9004 c2s_control_msgs=973 c2s_control_bytes=16743 s2c_control_msgs=467 s2c_control_bytes=5142 c2s_total_bytes=826454 s2c_total_bytes=49770
[wp-proxy] forward obj 3 opcode 1 (3 args)
[wp-proxy] forward obj 3 opcode 9 (4 args)
[wp-proxy] objects+ app_obj=22 wl_callback
[wp-proxy] forward obj 3 opcode 3 (1 args)
[wp-proxy] forward obj 3 opcode 6 (0 args)
[wp-proxy] objects- app_obj=22 wl_callback (was_known=false)
[wp-event][C] delivered app_obj=17 wl_buffer.release args=0
[wp-event][C] delivered app_obj=22 wl_callback.done args=1
[wp-proxy] forward obj 3 opcode 1 (3 args)
[wp-proxy] forward obj 3 opcode 9 (4 args)
[wp-proxy] objects+ app_obj=22 wl_callback
[wp-proxy] forward obj 3 opcode 3 (1 args)
[wp-proxy] forward obj 3 opcode 6 (0 args)
[wp-proxy] objects- app_obj=22 wl_callback (was_known=false)
[wp-event][C] delivered app_obj=19 wl_buffer.release args=0
[wp-event][C] delivered app_obj=22 wl_callback.done args=1
C1METRICS elapsed_us=13717649 app_connected_us=3168539 first_frame_us=3195535 first_frame_after_connect_us=26995 round_trips=11 round_trip_wait_us=57621 c2s_ring_msgs=775 c2s_ring_bytes=325121 s2c_ring_msgs=0 s2c_ring_bytes=0 c2s_inline_msgs=785 c2s_inline_bytes=24452 s2c_inline_msgs=0 s2c_inline_bytes=0 c2s_blob_sync_msgs=17258 c2s_blob_sync_bytes=466741 s2c_blob_sync_msgs=2798 s2c_blob_sync_bytes=35778 c2s_replies_msgs=0 c2s_replies_bytes=0 s2c_replies_msgs=1003 s2c_replies_bytes=9094 c2s_control_msgs=981 c2s_control_bytes=16881 s2c_control_msgs=471 s2c_control_bytes=5186 c2s_total_bytes=833195 s2c_total_bytes=50058
[wp-proxy] forward obj 3 opcode 1 (3 args)
[wp-proxy] forward obj 3 opcode 9 (4 args)
[wp-proxy] objects+ app_obj=22 wl_callback
[wp-proxy] forward obj 3 opcode 3 (1 args)
[wp-proxy] forward obj 3 opcode 6 (0 args)
[wp-proxy] objects- app_obj=22 wl_callback (was_known=false)
[wp-event][C] delivered app_obj=21 wl_buffer.release args=0
[wp-event][C] delivered app_obj=22 wl_callback.done args=1
[wp-proxy] forward obj 3 opcode 1 (3 args)
[wp-proxy] forward obj 3 opcode 9 (4 args)
[wp-proxy] objects+ app_obj=22 wl_callback
[wp-proxy] forward obj 3 opcode 3 (1 args)
[wp-proxy] forward obj 3 opcode 6 (0 args)
[wp-proxy] objects- app_obj=22 wl_callback (was_known=false)
[wp-event][C] delivered app_obj=23 wl_buffer.release args=0
[wp-event][C] delivered app_obj=22 wl_callback.done args=1
[wp-proxy] forward obj 3 opcode 1 (3 args)
[wp-proxy] forward obj 3 opcode 9 (4 args)
[wp-proxy] objects+ app_obj=22 wl_callback
[wp-proxy] forward obj 3 opcode 3 (1 args)
[wp-proxy] forward obj 3 opcode 6 (0 args)
[wp-proxy] objects- app_obj=22 wl_callback (was_known=false)
[wp-event][C] delivered app_obj=17 wl_buffer.release args=0
[wp-event][C] delivered app_obj=22 wl_callback.done args=1
C1METRICS elapsed_us=13817769 app_connected_us=3168539 first_frame_us=3195535 first_frame_after_connect_us=26995 round_trips=11 round_trip_wait_us=57621 c2s_ring_msgs=783 c2s_ring_bytes=328927 s2c_ring_msgs=0 s2c_ring_bytes=0 c2s_inline_msgs=793 c2s_inline_bytes=24700 s2c_inline_msgs=0 s2c_inline_bytes=0 c2s_blob_sync_msgs=17470 c2s_blob_sync_bytes=469367 s2c_blob_sync_msgs=2811 s2c_blob_sync_bytes=35921 c2s_replies_msgs=0 c2s_replies_bytes=0 s2c_replies_msgs=1013 s2c_replies_bytes=9184 c2s_control_msgs=993 c2s_control_bytes=17088 s2c_control_msgs=477 s2c_control_bytes=5252 c2s_total_bytes=840082 s2c_total_bytes=50357
[wp-proxy] forward obj 3 opcode 1 (3 args)
[wp-proxy] forward obj 3 opcode 9 (4 args)
[wp-proxy] objects+ app_obj=22 wl_callback
[wp-proxy] forward obj 3 opcode 3 (1 args)
[wp-proxy] forward obj 3 opcode 6 (0 args)
[wp-proxy] objects- app_obj=22 wl_callback (was_known=false)
[wp-event][C] delivered app_obj=19 wl_buffer.release args=0
[wp-event][C] delivered app_obj=22 wl_callback.done args=1
[wp-proxy] forward obj 3 opcode 1 (3 args)
[wp-proxy] forward obj 3 opcode 9 (4 args)
[wp-proxy] objects+ app_obj=22 wl_callback
[wp-proxy] forward obj 3 opcode 3 (1 args)
[wp-proxy] forward obj 3 opcode 6 (0 args)
[wp-proxy] objects- app_obj=22 wl_callback (was_known=false)
[wp-event][C] delivered app_obj=21 wl_buffer.release args=0
[wp-event][C] delivered app_obj=22 wl_callback.done args=1
[wp-proxy] forward obj 3 opcode 1 (3 args)
[wp-proxy] forward obj 3 opcode 9 (4 args)
[wp-proxy] objects+ app_obj=22 wl_callback
[wp-proxy] forward obj 3 opcode 3 (1 args)
[wp-proxy] forward obj 3 opcode 6 (0 args)
[wp-proxy] objects- app_obj=22 wl_callback (was_known=false)
C1METRICS elapsed_us=13917874 app_connected_us=3168539 first_frame_us=3195535 first_frame_after_connect_us=26995 round_trips=11 round_trip_wait_us=57621 c2s_ring_msgs=790 c2s_ring_bytes=331581 s2c_ring_msgs=0 s2c_ring_bytes=0 c2s_inline_msgs=800 c2s_inline_bytes=24917 s2c_inline_msgs=0 s2c_inline_bytes=0 c2s_blob_sync_msgs=17613 c2s_blob_sync_bytes=471128 s2c_blob_sync_msgs=2824 s2c_blob_sync_bytes=36064 c2s_replies_msgs=0 c2s_replies_bytes=0 s2c_replies_msgs=1024 s2c_replies_bytes=9283 c2s_control_msgs=1005 c2s_control_bytes=17295 s2c_control_msgs=481 s2c_control_bytes=5296 c2s_total_bytes=844921 s2c_total_bytes=50643
[wp-event][C] delivered app_obj=23 wl_buffer.release args=0
[wp-event][C] delivered app_obj=22 wl_callback.done args=1
[wp-proxy] forward obj 3 opcode 1 (3 args)
[wp-proxy] forward obj 3 opcode 9 (4 args)
[wp-proxy] objects+ app_obj=22 wl_callback
[wp-proxy] forward obj 3 opcode 3 (1 args)
[wp-proxy] forward obj 3 opcode 6 (0 args)
[wp-proxy] objects- app_obj=22 wl_callback (was_known=false)
[wp-event][C] delivered app_obj=17 wl_buffer.release args=0
[wp-event][C] delivered app_obj=22 wl_callback.done args=1
[wp-proxy] forward obj 3 opcode 1 (3 args)
[wp-proxy] forward obj 3 opcode 9 (4 args)
[wp-proxy] objects+ app_obj=22 wl_callback
[wp-proxy] forward obj 3 opcode 3 (1 args)
[wp-proxy] forward obj 3 opcode 6 (0 args)
[wp-proxy] objects- app_obj=22 wl_callback (was_known=false)
[wp-event][C] delivered app_obj=19 wl_buffer.release args=0
[wp-event][C] delivered app_obj=22 wl_callback.done args=1
C1METRICS elapsed_us=14017969 app_connected_us=3168539 first_frame_us=3195535 first_frame_after_connect_us=26995 round_trips=11 round_trip_wait_us=57621 c2s_ring_msgs=797 c2s_ring_bytes=334332 s2c_ring_msgs=0 s2c_ring_bytes=0 c2s_inline_msgs=807 c2s_inline_bytes=25134 s2c_inline_msgs=0 s2c_inline_bytes=0 c2s_blob_sync_msgs=17756 c2s_blob_sync_bytes=472889 s2c_blob_sync_msgs=2836 s2c_blob_sync_bytes=36196 c2s_replies_msgs=0 c2s_replies_bytes=0 s2c_replies_msgs=1032 s2c_replies_bytes=9355 c2s_control_msgs=1013 c2s_control_bytes=17433 s2c_control_msgs=487 s2c_control_bytes=5362 c2s_total_bytes=849788 s2c_total_bytes=50913
[wp-proxy] forward obj 3 opcode 1 (3 args)
[wp-proxy] forward obj 3 opcode 9 (4 args)
[wp-proxy] objects+ app_obj=22 wl_callback
[wp-proxy] forward obj 3 opcode 3 (1 args)
[wp-proxy] forward obj 3 opcode 6 (0 args)
[wp-proxy] objects- app_obj=22 wl_callback (was_known=false)
[wp-event][C] delivered app_obj=21 wl_buffer.release args=0
[wp-event][C] delivered app_obj=22 wl_callback.done args=1
[wp-proxy] forward obj 3 opcode 1 (3 args)
[wp-proxy] forward obj 3 opcode 9 (4 args)
[wp-proxy] objects+ app_obj=22 wl_callback
[wp-proxy] forward obj 3 opcode 3 (1 args)
[wp-proxy] forward obj 3 opcode 6 (0 args)
[wp-proxy] objects- app_obj=22 wl_callback (was_known=false)
[wp-event][C] delivered app_obj=23 wl_buffer.release args=0
[wp-event][C] delivered app_obj=22 wl_callback.done args=1
[wp-proxy] forward obj 3 opcode 1 (3 args)
[wp-proxy] forward obj 3 opcode 9 (4 args)
[wp-proxy] objects+ app_obj=22 wl_callback
[wp-proxy] forward obj 3 opcode 3 (1 args)
[wp-proxy] forward obj 3 opcode 6 (0 args)
[wp-proxy] objects- app_obj=22 wl_callback (was_known=false)
C1METRICS elapsed_us=14118046 app_connected_us=3168539 first_frame_us=3195535 first_frame_after_connect_us=26995 round_trips=11 round_trip_wait_us=57621 c2s_ring_msgs=805 c2s_ring_bytes=338041 s2c_ring_msgs=0 s2c_ring_bytes=0 c2s_inline_msgs=815 c2s_inline_bytes=25382 s2c_inline_msgs=0 s2c_inline_bytes=0 c2s_blob_sync_msgs=17966 c2s_blob_sync_bytes=475501 s2c_blob_sync_msgs=2849 s2c_blob_sync_bytes=36339 c2s_replies_msgs=0 c2s_replies_bytes=0 s2c_replies_msgs=1043 s2c_replies_bytes=9454 c2s_control_msgs=1025 c2s_control_bytes=17640 s2c_control_msgs=491 s2c_control_bytes=5406 c2s_total_bytes=856564 s2c_total_bytes=51199
[wp-event][C] delivered app_obj=17 wl_buffer.release args=0
[wp-event][C] delivered app_obj=22 wl_callback.done args=1
[wp-proxy] forward obj 3 opcode 1 (3 args)
[wp-proxy] forward obj 3 opcode 9 (4 args)
[wp-proxy] objects+ app_obj=22 wl_callback
[wp-proxy] forward obj 3 opcode 3 (1 args)
[wp-proxy] forward obj 3 opcode 6 (0 args)
[wp-proxy] objects- app_obj=22 wl_callback (was_known=false)
[wp-event][C] delivered app_obj=19 wl_buffer.release args=0
[wp-event][C] delivered app_obj=22 wl_callback.done args=1
C1METRICS elapsed_us=14218121 app_connected_us=3168539 first_frame_us=3195535 first_frame_after_connect_us=26995 round_trips=11 round_trip_wait_us=57621 c2s_ring_msgs=811 c2s_ring_bytes=340625 s2c_ring_msgs=0 s2c_ring_bytes=0 c2s_inline_msgs=821 c2s_inline_bytes=25568 s2c_inline_msgs=0 s2c_inline_bytes=0 c2s_blob_sync_msgs=18104 c2s_blob_sync_bytes=477227 s2c_blob_sync_msgs=2858 s2c_blob_sync_bytes=36438 c2s_replies_msgs=0 c2s_replies_bytes=0 s2c_replies_msgs=1050 s2c_replies_bytes=9517 c2s_control_msgs=1029 c2s_control_bytes=17709 s2c_control_msgs=495 s2c_control_bytes=5450 c2s_total_bytes=861129 s2c_total_bytes=51405
[wp-proxy] forward obj 3 opcode 1 (3 args)
[wp-proxy] forward obj 3 opcode 9 (4 args)
[wp-proxy] objects+ app_obj=22 wl_callback
[wp-proxy] forward obj 3 opcode 3 (1 args)
[wp-proxy] forward obj 3 opcode 6 (0 args)
[wp-proxy] objects- app_obj=22 wl_callback (was_known=false)
[wp-event][C] delivered app_obj=21 wl_buffer.release args=0
[wp-event][C] delivered app_obj=22 wl_callback.done args=1
[wp-proxy] forward obj 3 opcode 1 (3 args)
[wp-proxy] forward obj 3 opcode 9 (4 args)
[wp-proxy] objects+ app_obj=22 wl_callback
[wp-proxy] forward obj 3 opcode 3 (1 args)
[wp-proxy] forward obj 3 opcode 6 (0 args)
[wp-proxy] objects- app_obj=22 wl_callback (was_known=false)
[wp-event][C] delivered app_obj=23 wl_buffer.release args=0
[wp-event][C] delivered app_obj=22 wl_callback.done args=1
[wp-proxy] forward obj 3 opcode 1 (3 args)
[wp-proxy] forward obj 3 opcode 9 (4 args)
[wp-proxy] objects+ app_obj=22 wl_callback
[wp-proxy] forward obj 3 opcode 3 (1 args)
[wp-proxy] forward obj 3 opcode 6 (0 args)
[wp-proxy] objects- app_obj=22 wl_callback (was_known=false)
[wp-event][C] delivered app_obj=17 wl_buffer.release args=0
[wp-event][C] delivered app_obj=22 wl_callback.done args=1
C1METRICS elapsed_us=14318220 app_connected_us=3168539 first_frame_us=3195535 first_frame_after_connect_us=26995 round_trips=11 round_trip_wait_us=57621 c2s_ring_msgs=819 c2s_ring_bytes=343387 s2c_ring_msgs=0 s2c_ring_bytes=0 c2s_inline_msgs=829 c2s_inline_bytes=25816 s2c_inline_msgs=0 s2c_inline_bytes=0 c2s_blob_sync_msgs=18243 c2s_blob_sync_bytes=478962 s2c_blob_sync_msgs=2871 s2c_blob_sync_bytes=36581 c2s_replies_msgs=0 c2s_replies_bytes=0 s2c_replies_msgs=1061 s2c_replies_bytes=9616 c2s_control_msgs=1041 c2s_control_bytes=17916 s2c_control_msgs=501 s2c_control_bytes=5516 c2s_total_bytes=866081 s2c_total_bytes=51713
[wp-proxy] forward obj 3 opcode 1 (3 args)
[wp-proxy] forward obj 3 opcode 9 (4 args)
[wp-proxy] objects+ app_obj=22 wl_callback
[wp-proxy] forward obj 3 opcode 3 (1 args)
[wp-proxy] forward obj 3 opcode 6 (0 args)
[wp-proxy] objects- app_obj=22 wl_callback (was_known=false)
[wp-event][C] delivered app_obj=19 wl_buffer.release args=0
[wp-event][C] delivered app_obj=22 wl_callback.done args=1
[wp-proxy] forward obj 3 opcode 1 (3 args)
[wp-proxy] forward obj 3 opcode 9 (4 args)
[wp-proxy] objects+ app_obj=22 wl_callback
[wp-proxy] forward obj 3 opcode 3 (1 args)
[wp-proxy] forward obj 3 opcode 6 (0 args)
[wp-proxy] objects- app_obj=22 wl_callback (was_known=false)
[wp-event][C] delivered app_obj=21 wl_buffer.release args=0
[wp-event][C] delivered app_obj=22 wl_callback.done args=1
C1METRICS elapsed_us=14418297 app_connected_us=3168539 first_frame_us=3195535 first_frame_after_connect_us=26995 round_trips=11 round_trip_wait_us=57621 c2s_ring_msgs=826 c2s_ring_bytes=347026 s2c_ring_msgs=0 s2c_ring_bytes=0 c2s_inline_msgs=836 c2s_inline_bytes=26033 s2c_inline_msgs=0 s2c_inline_bytes=0 c2s_blob_sync_msgs=18457 c2s_blob_sync_bytes=481600 s2c_blob_sync_msgs=2883 s2c_blob_sync_bytes=36713 c2s_replies_msgs=0 c2s_replies_bytes=0 s2c_replies_msgs=1068 s2c_replies_bytes=9679 c2s_control_msgs=1049 c2s_control_bytes=18054 s2c_control_msgs=505 s2c_control_bytes=5560 c2s_total_bytes=872713 s2c_total_bytes=51952
[wp-proxy] forward obj 3 opcode 1 (3 args)
[wp-proxy] forward obj 3 opcode 9 (4 args)
[wp-proxy] objects+ app_obj=22 wl_callback
[wp-proxy] forward obj 3 opcode 3 (1 args)
[wp-proxy] forward obj 3 opcode 6 (0 args)
[wp-proxy] objects- app_obj=22 wl_callback (was_known=false)
[wp-event][C] delivered app_obj=23 wl_buffer.release args=0
[wp-event][C] delivered app_obj=22 wl_callback.done args=1
[wp-proxy] forward obj 3 opcode 1 (3 args)
[wp-proxy] forward obj 3 opcode 9 (4 args)
[wp-proxy] objects+ app_obj=22 wl_callback
[wp-proxy] forward obj 3 opcode 3 (1 args)
[wp-proxy] forward obj 3 opcode 6 (0 args)
[wp-proxy] objects- app_obj=22 wl_callback (was_known=false)
[wp-event][C] delivered app_obj=17 wl_buffer.release args=0
[wp-event][C] delivered app_obj=22 wl_callback.done args=1
[wp-proxy] forward obj 3 opcode 1 (3 args)
[wp-proxy] forward obj 3 opcode 9 (4 args)
[wp-proxy] objects+ app_obj=22 wl_callback
[wp-proxy] forward obj 3 opcode 3 (1 args)
[wp-proxy] forward obj 3 opcode 6 (0 args)
[wp-proxy] objects- app_obj=22 wl_callback (was_known=false)
[wp-event][C] delivered app_obj=19 wl_buffer.release args=0
[wp-event][C] delivered app_obj=22 wl_callback.done args=1
C1METRICS elapsed_us=14518380 app_connected_us=3168539 first_frame_us=3195535 first_frame_after_connect_us=26995 round_trips=11 round_trip_wait_us=57621 c2s_ring_msgs=834 c2s_ring_bytes=349847 s2c_ring_msgs=0 s2c_ring_bytes=0 c2s_inline_msgs=844 c2s_inline_bytes=26281 s2c_inline_msgs=0 s2c_inline_bytes=0 c2s_blob_sync_msgs=18600 c2s_blob_sync_bytes=483361 s2c_blob_sync_msgs=2896 s2c_blob_sync_bytes=36856 c2s_replies_msgs=0 c2s_replies_bytes=0 s2c_replies_msgs=1079 s2c_replies_bytes=9778 c2s_control_msgs=1061 c2s_control_bytes=18261 s2c_control_msgs=511 s2c_control_bytes=5626 c2s_total_bytes=877750 s2c_total_bytes=52260
[wp-proxy] forward obj 3 opcode 1 (3 args)
[wp-proxy] forward obj 3 opcode 9 (4 args)
[wp-proxy] objects+ app_obj=22 wl_callback
[wp-proxy] forward obj 3 opcode 3 (1 args)
[wp-proxy] forward obj 3 opcode 6 (0 args)
[wp-proxy] objects- app_obj=22 wl_callback (was_known=false)
[wp-event][C] delivered app_obj=21 wl_buffer.release args=0
[wp-event][C] delivered app_obj=22 wl_callback.done args=1
[wp-proxy] forward obj 3 opcode 1 (3 args)
[wp-proxy] forward obj 3 opcode 9 (4 args)
[wp-proxy] objects+ app_obj=22 wl_callback
[wp-proxy] forward obj 3 opcode 3 (1 args)
[wp-proxy] forward obj 3 opcode 6 (0 args)
[wp-proxy] objects- app_obj=22 wl_callback (was_known=false)
[wp-event][C] delivered app_obj=23 wl_buffer.release args=0
[wp-event][C] delivered app_obj=22 wl_callback.done args=1
C1METRICS elapsed_us=14618486 app_connected_us=3168539 first_frame_us=3195535 first_frame_after_connect_us=26995 round_trips=11 round_trip_wait_us=57621 c2s_ring_msgs=842 c2s_ring_bytes=353556 s2c_ring_msgs=0 s2c_ring_bytes=0 c2s_inline_msgs=852 c2s_inline_bytes=26529 s2c_inline_msgs=0 s2c_inline_bytes=0 c2s_blob_sync_msgs=18812 c2s_blob_sync_bytes=485987 s2c_blob_sync_msgs=2909 s2c_blob_sync_bytes=36999 c2s_replies_msgs=0 c2s_replies_bytes=0 s2c_replies_msgs=1090 s2c_replies_bytes=9877 c2s_control_msgs=1069 c2s_control_bytes=18399 s2c_control_msgs=515 s2c_control_bytes=5670 c2s_total_bytes=884471 s2c_total_bytes=52546
[wp-proxy] forward obj 3 opcode 1 (3 args)
[wp-proxy] forward obj 3 opcode 9 (4 args)
[wp-proxy] objects+ app_obj=22 wl_callback
[wp-proxy] forward obj 3 opcode 3 (1 args)
[wp-proxy] forward obj 3 opcode 6 (0 args)
[wp-proxy] objects- app_obj=22 wl_callback (was_known=false)
[wp-event][C] delivered app_obj=17 wl_buffer.release args=0
[wp-event][C] delivered app_obj=22 wl_callback.done args=1
[wp-proxy] forward obj 3 opcode 1 (3 args)
[wp-proxy] forward obj 3 opcode 9 (4 args)
[wp-proxy] objects+ app_obj=22 wl_callback
[wp-proxy] forward obj 3 opcode 3 (1 args)
[wp-proxy] forward obj 3 opcode 6 (0 args)
[wp-proxy] objects- app_obj=22 wl_callback (was_known=false)
[wp-event][C] delivered app_obj=19 wl_buffer.release args=0
[wp-event][C] delivered app_obj=22 wl_callback.done args=1
[wp-proxy] forward obj 3 opcode 1 (3 args)
[wp-proxy] forward obj 3 opcode 9 (4 args)
[wp-proxy] objects+ app_obj=22 wl_callback
[wp-proxy] forward obj 3 opcode 3 (1 args)
[wp-proxy] forward obj 3 opcode 6 (0 args)
[wp-proxy] objects- app_obj=22 wl_callback (was_known=false)
[wp-event][C] delivered app_obj=21 wl_buffer.release args=0
[wp-event][C] delivered app_obj=22 wl_callback.done args=1
C1METRICS elapsed_us=14718602 app_connected_us=3168539 first_frame_us=3195535 first_frame_after_connect_us=26995 round_trips=11 round_trip_wait_us=57621 c2s_ring_msgs=850 c2s_ring_bytes=357362 s2c_ring_msgs=0 s2c_ring_bytes=0 c2s_inline_msgs=860 c2s_inline_bytes=26777 s2c_inline_msgs=0 s2c_inline_bytes=0 c2s_blob_sync_msgs=19027 c2s_blob_sync_bytes=488632 s2c_blob_sync_msgs=2921 s2c_blob_sync_bytes=37131 c2s_replies_msgs=0 c2s_replies_bytes=0 s2c_replies_msgs=1099 s2c_replies_bytes=9958 c2s_control_msgs=1081 c2s_control_bytes=18606 s2c_control_msgs=521 s2c_control_bytes=5736 c2s_total_bytes=891377 s2c_total_bytes=52825
[wp-proxy] forward obj 3 opcode 1 (3 args)
[wp-proxy] forward obj 3 opcode 9 (4 args)
[wp-proxy] objects+ app_obj=22 wl_callback
[wp-proxy] forward obj 3 opcode 3 (1 args)
[wp-proxy] forward obj 3 opcode 6 (0 args)
[wp-proxy] objects- app_obj=22 wl_callback (was_known=false)
[wp-event][C] delivered app_obj=23 wl_buffer.release args=0
[wp-event][C] delivered app_obj=22 wl_callback.done args=1
[wp-proxy] forward obj 3 opcode 1 (3 args)
[wp-proxy] forward obj 3 opcode 9 (4 args)
[wp-proxy] objects+ app_obj=22 wl_callback
[wp-proxy] forward obj 3 opcode 3 (1 args)
[wp-proxy] forward obj 3 opcode 6 (0 args)
[wp-proxy] objects- app_obj=22 wl_callback (was_known=false)
[wp-event][C] delivered app_obj=17 wl_buffer.release args=0
[wp-event][C] delivered app_obj=22 wl_callback.done args=1
C1METRICS elapsed_us=14818680 app_connected_us=3168539 first_frame_us=3195535 first_frame_after_connect_us=26995 round_trips=11 round_trip_wait_us=57621 c2s_ring_msgs=857 c2s_ring_bytes=360016 s2c_ring_msgs=0 s2c_ring_bytes=0 c2s_inline_msgs=867 c2s_inline_bytes=26994 s2c_inline_msgs=0 s2c_inline_bytes=0 c2s_blob_sync_msgs=19169 c2s_blob_sync_bytes=490387 s2c_blob_sync_msgs=2933 s2c_blob_sync_bytes=37263 c2s_replies_msgs=0 c2s_replies_bytes=0 s2c_replies_msgs=1109 s2c_replies_bytes=10048 c2s_control_msgs=1089 c2s_control_bytes=18744 s2c_control_msgs=525 s2c_control_bytes=5780 c2s_total_bytes=896141 s2c_total_bytes=53091
[wp-proxy] forward obj 3 opcode 1 (3 args)
[wp-proxy] forward obj 3 opcode 9 (4 args)
[wp-proxy] objects+ app_obj=22 wl_callback
[wp-proxy] forward obj 3 opcode 3 (1 args)
[wp-proxy] forward obj 3 opcode 6 (0 args)
[wp-proxy] objects- app_obj=22 wl_callback (was_known=false)
[wp-event][C] delivered app_obj=19 wl_buffer.release args=0
[wp-event][C] delivered app_obj=22 wl_callback.done args=1
[wp-proxy] forward obj 3 opcode 1 (3 args)
[wp-proxy] forward obj 3 opcode 9 (4 args)
[wp-proxy] objects+ app_obj=22 wl_callback
[wp-proxy] forward obj 3 opcode 3 (1 args)
[wp-proxy] forward obj 3 opcode 6 (0 args)
[wp-proxy] objects- app_obj=22 wl_callback (was_known=false)
[wp-event][C] delivered app_obj=21 wl_buffer.release args=0
[wp-event][C] delivered app_obj=22 wl_callback.done args=1
[wp-proxy] forward obj 3 opcode 1 (3 args)
[wp-proxy] forward obj 3 opcode 9 (4 args)
[wp-proxy] objects+ app_obj=22 wl_callback
[wp-proxy] forward obj 3 opcode 3 (1 args)
[wp-proxy] forward obj 3 opcode 6 (0 args)
[wp-proxy] objects- app_obj=22 wl_callback (was_known=false)
C1METRICS elapsed_us=14918777 app_connected_us=3168539 first_frame_us=3195535 first_frame_after_connect_us=26995 round_trips=11 round_trip_wait_us=57621 c2s_ring_msgs=863 c2s_ring_bytes=362600 s2c_ring_msgs=0 s2c_ring_bytes=0 c2s_inline_msgs=873 c2s_inline_bytes=27180 s2c_inline_msgs=0 s2c_inline_bytes=0 c2s_blob_sync_msgs=19311 c2s_blob_sync_bytes=492141 s2c_blob_sync_msgs=2944 s2c_blob_sync_bytes=37384 c2s_replies_msgs=0 c2s_replies_bytes=0 s2c_replies_msgs=1118 s2c_replies_bytes=10129 c2s_control_msgs=1101 c2s_control_bytes=18951 s2c_control_msgs=529 s2c_control_bytes=5824 c2s_total_bytes=900872 s2c_total_bytes=53337
[wp-event][C] delivered app_obj=23 wl_buffer.release args=0
[wp-event][C] delivered app_obj=22 wl_callback.done args=1
[wp-proxy] forward obj 3 opcode 1 (3 args)
[wp-proxy] forward obj 3 opcode 9 (4 args)
[wp-proxy] objects+ app_obj=22 wl_callback
[wp-proxy] forward obj 3 opcode 3 (1 args)
[wp-proxy] forward obj 3 opcode 6 (0 args)
[wp-proxy] objects- app_obj=22 wl_callback (was_known=false)
[wp-event][C] delivered app_obj=17 wl_buffer.release args=0
[wp-event][C] delivered app_obj=22 wl_callback.done args=1
[wp-proxy] forward obj 3 opcode 1 (3 args)
[wp-proxy] forward obj 3 opcode 9 (4 args)
[wp-proxy] objects+ app_obj=22 wl_callback
[wp-proxy] forward obj 3 opcode 3 (1 args)
[wp-proxy] forward obj 3 opcode 6 (0 args)
[wp-proxy] objects- app_obj=22 wl_callback (was_known=false)
[wp-event][C] delivered app_obj=19 wl_buffer.release args=0
[wp-event][C] delivered app_obj=22 wl_callback.done args=1
C1METRICS elapsed_us=15018862 app_connected_us=3168539 first_frame_us=3195535 first_frame_after_connect_us=26995 round_trips=11 round_trip_wait_us=57621 c2s_ring_msgs=871 c2s_ring_bytes=366406 s2c_ring_msgs=0 s2c_ring_bytes=0 c2s_inline_msgs=881 c2s_inline_bytes=27428 s2c_inline_msgs=0 s2c_inline_bytes=0 c2s_blob_sync_msgs=19523 c2s_blob_sync_bytes=494767 s2c_blob_sync_msgs=2956 s2c_blob_sync_bytes=37516 c2s_replies_msgs=0 c2s_replies_bytes=0 s2c_replies_msgs=1127 s2c_replies_bytes=10210 c2s_control_msgs=1109 c2s_control_bytes=19089 s2c_control_msgs=535 s2c_control_bytes=5890 c2s_total_bytes=907690 s2c_total_bytes=53616
[wp-proxy] forward obj 3 opcode 1 (3 args)
[wp-proxy] forward obj 3 opcode 9 (4 args)
[wp-proxy] objects+ app_obj=22 wl_callback
[wp-proxy] forward obj 3 opcode 3 (1 args)
[wp-proxy] forward obj 3 opcode 6 (0 args)
[wp-proxy] objects- app_obj=22 wl_callback (was_known=false)
[wp-event][C] delivered app_obj=21 wl_buffer.release args=0
[wp-event][C] delivered app_obj=22 wl_callback.done args=1
[wp-proxy] forward obj 3 opcode 1 (3 args)
[wp-proxy] forward obj 3 opcode 9 (4 args)
[wp-proxy] objects+ app_obj=22 wl_callback
[wp-proxy] forward obj 3 opcode 3 (1 args)
[wp-proxy] forward obj 3 opcode 6 (0 args)
[wp-proxy] objects- app_obj=22 wl_callback (was_known=false)
[wp-event][C] delivered app_obj=23 wl_buffer.release args=0
[wp-event][C] delivered app_obj=22 wl_callback.done args=1
C1METRICS elapsed_us=15119007 app_connected_us=3168539 first_frame_us=3195535 first_frame_after_connect_us=26995 round_trips=11 round_trip_wait_us=57621 c2s_ring_msgs=877 c2s_ring_bytes=368990 s2c_ring_msgs=0 s2c_ring_bytes=0 c2s_inline_msgs=887 c2s_inline_bytes=27614 s2c_inline_msgs=0 s2c_inline_bytes=0 c2s_blob_sync_msgs=19665 c2s_blob_sync_bytes=496516 s2c_blob_sync_msgs=2968 s2c_blob_sync_bytes=37648 c2s_replies_msgs=0 c2s_replies_bytes=0 s2c_replies_msgs=1136 s2c_replies_bytes=10291 c2s_control_msgs=1117 c2s_control_bytes=19227 s2c_control_msgs=539 s2c_control_bytes=5934 c2s_total_bytes=912347 s2c_total_bytes=53873
[wp-proxy] forward obj 3 opcode 1 (3 args)
[wp-proxy] forward obj 3 opcode 9 (4 args)
[wp-proxy] objects+ app_obj=22 wl_callback
[wp-proxy] forward obj 3 opcode 3 (1 args)
[wp-proxy] forward obj 3 opcode 6 (0 args)
[wp-proxy] objects- app_obj=22 wl_callback (was_known=false)
[wp-event][C] delivered app_obj=17 wl_buffer.release args=0
[wp-event][C] delivered app_obj=22 wl_callback.done args=1
[wp-proxy] forward obj 3 opcode 1 (3 args)
[wp-proxy] forward obj 3 opcode 9 (4 args)
[wp-proxy] objects+ app_obj=22 wl_callback
[wp-proxy] forward obj 3 opcode 3 (1 args)
[wp-proxy] forward obj 3 opcode 6 (0 args)
[wp-proxy] objects- app_obj=22 wl_callback (was_known=false)
[wp-event][C] delivered app_obj=19 wl_buffer.release args=0
[wp-event][C] delivered app_obj=22 wl_callback.done args=1
C1METRICS elapsed_us=15219125 app_connected_us=3168539 first_frame_us=3195535 first_frame_after_connect_us=26995 round_trips=11 round_trip_wait_us=57621 c2s_ring_msgs=884 c2s_ring_bytes=371644 s2c_ring_msgs=0 s2c_ring_bytes=0 c2s_inline_msgs=894 c2s_inline_bytes=27831 s2c_inline_msgs=0 s2c_inline_bytes=0 c2s_blob_sync_msgs=19803 c2s_blob_sync_bytes=498242 s2c_blob_sync_msgs=2978 s2c_blob_sync_bytes=37758 c2s_replies_msgs=0 c2s_replies_bytes=0 s2c_replies_msgs=1144 s2c_replies_bytes=10363 c2s_control_msgs=1125 c2s_control_bytes=19365 s2c_control_msgs=543 s2c_control_bytes=5978 c2s_total_bytes=917082 s2c_total_bytes=54099
[wp-proxy] forward obj 3 opcode 1 (3 args)
[wp-proxy] forward obj 3 opcode 9 (4 args)
[wp-proxy] objects+ app_obj=22 wl_callback
[wp-proxy] forward obj 3 opcode 3 (1 args)
[wp-proxy] forward obj 3 opcode 6 (0 args)
[wp-proxy] objects- app_obj=22 wl_callback (was_known=false)
[wp-event][C] delivered app_obj=21 wl_buffer.release args=0
[wp-event][C] delivered app_obj=22 wl_callback.done args=1
[wp-proxy] forward obj 3 opcode 1 (3 args)
[wp-proxy] forward obj 3 opcode 9 (4 args)
[wp-proxy] objects+ app_obj=22 wl_callback
[wp-proxy] forward obj 3 opcode 3 (1 args)
[wp-proxy] forward obj 3 opcode 6 (0 args)
[wp-proxy] objects- app_obj=22 wl_callback (was_known=false)
[wp-event][C] delivered app_obj=23 wl_buffer.release args=0
[wp-event][C] delivered app_obj=22 wl_callback.done args=1
[wp-proxy] forward obj 3 opcode 1 (3 args)
[wp-proxy] forward obj 3 opcode 9 (4 args)
[wp-proxy] objects+ app_obj=22 wl_callback
[wp-proxy] forward obj 3 opcode 3 (1 args)
[wp-proxy] forward obj 3 opcode 6 (0 args)
[wp-proxy] objects- app_obj=22 wl_callback (was_known=false)
[wp-event][C] delivered app_obj=17 wl_buffer.release args=0
[wp-event][C] delivered app_obj=22 wl_callback.done args=1
C1METRICS elapsed_us=15319246 app_connected_us=3168539 first_frame_us=3195535 first_frame_after_connect_us=26995 round_trips=11 round_trip_wait_us=57621 c2s_ring_msgs=891 c2s_ring_bytes=374395 s2c_ring_msgs=0 s2c_ring_bytes=0 c2s_inline_msgs=901 c2s_inline_bytes=28048 s2c_inline_msgs=0 s2c_inline_bytes=0 c2s_blob_sync_msgs=19945 c2s_blob_sync_bytes=499997 s2c_blob_sync_msgs=2991 s2c_blob_sync_bytes=37901 c2s_replies_msgs=0 c2s_replies_bytes=0 s2c_replies_msgs=1154 s2c_replies_bytes=10453 c2s_control_msgs=1137 c2s_control_bytes=19572 s2c_control_msgs=549 s2c_control_bytes=6044 c2s_total_bytes=922012 s2c_total_bytes=54398
[wp-proxy] forward obj 3 opcode 1 (3 args)
[wp-proxy] forward obj 3 opcode 9 (4 args)
[wp-proxy] objects+ app_obj=22 wl_callback
[wp-proxy] forward obj 3 opcode 3 (1 args)
[wp-proxy] forward obj 3 opcode 6 (0 args)
[wp-proxy] objects- app_obj=22 wl_callback (was_known=false)
[wp-event][C] delivered app_obj=19 wl_buffer.release args=0
[wp-event][C] delivered app_obj=22 wl_callback.done args=1
[wp-proxy] forward obj 3 opcode 1 (3 args)
[wp-proxy] forward obj 3 opcode 9 (4 args)
[wp-proxy] objects+ app_obj=22 wl_callback
[wp-proxy] forward obj 3 opcode 3 (1 args)
[wp-proxy] forward obj 3 opcode 6 (0 args)
[wp-proxy] objects- app_obj=22 wl_callback (was_known=false)
[wp-event][C] delivered app_obj=21 wl_buffer.release args=0
[wp-event][C] delivered app_obj=22 wl_callback.done args=1
C1METRICS elapsed_us=15419353 app_connected_us=3168539 first_frame_us=3195535 first_frame_after_connect_us=26995 round_trips=11 round_trip_wait_us=57621 c2s_ring_msgs=898 c2s_ring_bytes=378034 s2c_ring_msgs=0 s2c_ring_bytes=0 c2s_inline_msgs=908 c2s_inline_bytes=28265 s2c_inline_msgs=0 s2c_inline_bytes=0 c2s_blob_sync_msgs=20159 c2s_blob_sync_bytes=502635 s2c_blob_sync_msgs=3003 s2c_blob_sync_bytes=38033 c2s_replies_msgs=0 c2s_replies_bytes=0 s2c_replies_msgs=1162 s2c_replies_bytes=10525 c2s_control_msgs=1145 c2s_control_bytes=19710 s2c_control_msgs=553 s2c_control_bytes=6088 c2s_total_bytes=928644 s2c_total_bytes=54646
[wp-proxy] forward obj 3 opcode 1 (3 args)
[wp-proxy] forward obj 3 opcode 9 (4 args)
[wp-proxy] objects+ app_obj=22 wl_callback
[wp-proxy] forward obj 3 opcode 3 (1 args)
[wp-proxy] forward obj 3 opcode 6 (0 args)
[wp-proxy] objects- app_obj=22 wl_callback (was_known=false)
[wp-event][C] delivered app_obj=23 wl_buffer.release args=0
[wp-event][C] delivered app_obj=22 wl_callback.done args=1
[wp-proxy] forward obj 3 opcode 1 (3 args)
[wp-proxy] forward obj 3 opcode 9 (4 args)
[wp-proxy] objects+ app_obj=22 wl_callback
[wp-proxy] forward obj 3 opcode 3 (1 args)
[wp-proxy] forward obj 3 opcode 6 (0 args)
[wp-proxy] objects- app_obj=22 wl_callback (was_known=false)
[wp-event][C] delivered app_obj=17 wl_buffer.release args=0
[wp-event][C] delivered app_obj=22 wl_callback.done args=1
[wp-proxy] forward obj 3 opcode 1 (3 args)
[wp-proxy] forward obj 3 opcode 9 (4 args)
[wp-proxy] objects+ app_obj=22 wl_callback
[wp-proxy] forward obj 3 opcode 3 (1 args)
[wp-proxy] forward obj 3 opcode 6 (0 args)
[wp-proxy] objects- app_obj=22 wl_callback (was_known=false)
[wp-event][C] delivered app_obj=19 wl_buffer.release args=0
[wp-event][C] delivered app_obj=22 wl_callback.done args=1
C1METRICS elapsed_us=15519468 app_connected_us=3168539 first_frame_us=3195535 first_frame_after_connect_us=26995 round_trips=11 round_trip_wait_us=57621 c2s_ring_msgs=907 c2s_ring_bytes=381910 s2c_ring_msgs=0 s2c_ring_bytes=0 c2s_inline_msgs=917 c2s_inline_bytes=28544 s2c_inline_msgs=0 s2c_inline_bytes=0 c2s_blob_sync_msgs=20372 c2s_blob_sync_bytes=505268 s2c_blob_sync_msgs=3016 s2c_blob_sync_bytes=38176 c2s_replies_msgs=0 c2s_replies_bytes=0 s2c_replies_msgs=1173 s2c_replies_bytes=10624 c2s_control_msgs=1157 c2s_control_bytes=19917 s2c_control_msgs=559 s2c_control_bytes=6154 c2s_total_bytes=935639 s2c_total_bytes=54954
[wp-proxy] forward obj 3 opcode 1 (3 args)
[wp-proxy] forward obj 3 opcode 9 (4 args)
[wp-proxy] objects+ app_obj=22 wl_callback
[wp-proxy] forward obj 3 opcode 3 (1 args)
[wp-proxy] forward obj 3 opcode 6 (0 args)
[wp-proxy] objects- app_obj=22 wl_callback (was_known=false)
[wp-event][C] delivered app_obj=21 wl_buffer.release args=0
[wp-event][C] delivered app_obj=22 wl_callback.done args=1
[wp-proxy] forward obj 3 opcode 1 (3 args)
[wp-proxy] forward obj 3 opcode 9 (4 args)
[wp-proxy] objects+ app_obj=22 wl_callback
[wp-proxy] forward obj 3 opcode 3 (1 args)
[wp-proxy] forward obj 3 opcode 6 (0 args)
[wp-proxy] objects- app_obj=22 wl_callback (was_known=false)
[wp-event][C] delivered app_obj=23 wl_buffer.release args=0
[wp-event][C] delivered app_obj=22 wl_callback.done args=1
[wp-proxy] forward obj 3 opcode 1 (3 args)
[wp-proxy] forward obj 3 opcode 9 (4 args)
[wp-proxy] objects+ app_obj=22 wl_callback
[wp-proxy] forward obj 3 opcode 3 (1 args)
[wp-proxy] forward obj 3 opcode 6 (0 args)
[wp-proxy] objects- app_obj=22 wl_callback (was_known=false)
C1METRICS elapsed_us=15619574 app_connected_us=3168539 first_frame_us=3195535 first_frame_after_connect_us=26995 round_trips=11 round_trip_wait_us=57621 c2s_ring_msgs=914 c2s_ring_bytes=384564 s2c_ring_msgs=0 s2c_ring_bytes=0 c2s_inline_msgs=924 c2s_inline_bytes=28761 s2c_inline_msgs=0 s2c_inline_bytes=0 c2s_blob_sync_msgs=20516 c2s_blob_sync_bytes=507036 s2c_blob_sync_msgs=3029 s2c_blob_sync_bytes=38319 c2s_replies_msgs=0 c2s_replies_bytes=0 s2c_replies_msgs=1184 s2c_replies_bytes=10723 c2s_control_msgs=1169 c2s_control_bytes=20124 s2c_control_msgs=563 s2c_control_bytes=6198 c2s_total_bytes=940485 s2c_total_bytes=55240
[wp-event][C] delivered app_obj=17 wl_buffer.release args=0
[wp-event][C] delivered app_obj=22 wl_callback.done args=1
[wp-proxy] forward obj 3 opcode 1 (3 args)
[wp-proxy] forward obj 3 opcode 9 (4 args)
[wp-proxy] objects+ app_obj=22 wl_callback
[wp-proxy] forward obj 3 opcode 3 (1 args)
[wp-proxy] forward obj 3 opcode 6 (0 args)
[wp-proxy] objects- app_obj=22 wl_callback (was_known=false)
[wp-event][C] delivered app_obj=19 wl_buffer.release args=0
[wp-event][C] delivered app_obj=22 wl_callback.done args=1
[wp-proxy] forward obj 3 opcode 1 (3 args)
[wp-proxy] forward obj 3 opcode 9 (4 args)
[wp-proxy] objects+ app_obj=22 wl_callback
[wp-proxy] forward obj 3 opcode 3 (1 args)
[wp-proxy] forward obj 3 opcode 6 (0 args)
[wp-proxy] objects- app_obj=22 wl_callback (was_known=false)
[wp-event][C] delivered app_obj=21 wl_buffer.release args=0
[wp-event][C] delivered app_obj=22 wl_callback.done args=1
C1METRICS elapsed_us=15719646 app_connected_us=3168539 first_frame_us=3195535 first_frame_after_connect_us=26995 round_trips=11 round_trip_wait_us=57621 c2s_ring_msgs=922 c2s_ring_bytes=388370 s2c_ring_msgs=0 s2c_ring_bytes=0 c2s_inline_msgs=932 c2s_inline_bytes=29009 s2c_inline_msgs=0 s2c_inline_bytes=0 c2s_blob_sync_msgs=20728 c2s_blob_sync_bytes=509662 s2c_blob_sync_msgs=3041 s2c_blob_sync_bytes=38451 c2s_replies_msgs=0 c2s_replies_bytes=0 s2c_replies_msgs=1192 s2c_replies_bytes=10795 c2s_control_msgs=1177 c2s_control_bytes=20262 s2c_control_msgs=569 s2c_control_bytes=6264 c2s_total_bytes=947303 s2c_total_bytes=55510
[wp-proxy] forward obj 3 opcode 1 (3 args)
[wp-proxy] forward obj 3 opcode 9 (4 args)
[wp-proxy] objects+ app_obj=22 wl_callback
[wp-proxy] forward obj 3 opcode 3 (1 args)
[wp-proxy] forward obj 3 opcode 6 (0 args)
[wp-proxy] objects- app_obj=22 wl_callback (was_known=false)
[wp-event][C] delivered app_obj=23 wl_buffer.release args=0
[wp-event][C] delivered app_obj=22 wl_callback.done args=1
[wp-proxy] forward obj 3 opcode 1 (3 args)
[wp-proxy] forward obj 3 opcode 9 (4 args)
[wp-proxy] objects+ app_obj=22 wl_callback
[wp-proxy] forward obj 3 opcode 3 (1 args)
[wp-proxy] forward obj 3 opcode 6 (0 args)
[wp-proxy] objects- app_obj=22 wl_callback (was_known=false)
[wp-event][C] delivered app_obj=17 wl_buffer.release args=0
[wp-event][C] delivered app_obj=22 wl_callback.done args=1
[wp-proxy] forward obj 3 opcode 1 (3 args)
[wp-proxy] forward obj 3 opcode 9 (4 args)
[wp-proxy] objects+ app_obj=22 wl_callback
[wp-proxy] forward obj 3 opcode 3 (1 args)
[wp-proxy] forward obj 3 opcode 6 (0 args)
[wp-proxy] objects- app_obj=22 wl_callback (was_known=false)
C1METRICS elapsed_us=15819731 app_connected_us=3168539 first_frame_us=3195535 first_frame_after_connect_us=26995 round_trips=11 round_trip_wait_us=57621 c2s_ring_msgs=930 c2s_ring_bytes=391191 s2c_ring_msgs=0 s2c_ring_bytes=0 c2s_inline_msgs=940 c2s_inline_bytes=29257 s2c_inline_msgs=0 s2c_inline_bytes=0 c2s_blob_sync_msgs=20870 c2s_blob_sync_bytes=511416 s2c_blob_sync_msgs=3054 s2c_blob_sync_bytes=38594 c2s_replies_msgs=0 c2s_replies_bytes=0 s2c_replies_msgs=1203 s2c_replies_bytes=10894 c2s_control_msgs=1189 c2s_control_bytes=20469 s2c_control_msgs=573 s2c_control_bytes=6308 c2s_total_bytes=952333 s2c_total_bytes=55796
[wp-event][C] delivered app_obj=19 wl_buffer.release args=0
[wp-event][C] delivered app_obj=22 wl_callback.done args=1
[wp-proxy] forward obj 3 opcode 1 (3 args)
[wp-proxy] forward obj 3 opcode 9 (4 args)
[wp-proxy] objects+ app_obj=22 wl_callback
[wp-proxy] forward obj 3 opcode 3 (1 args)
[wp-proxy] forward obj 3 opcode 6 (0 args)
[wp-proxy] objects- app_obj=22 wl_callback (was_known=false)
[wp-event][C] delivered app_obj=21 wl_buffer.release args=0
[wp-event][C] delivered app_obj=22 wl_callback.done args=1
[wp-proxy] forward obj 3 opcode 1 (3 args)
[wp-proxy] forward obj 3 opcode 9 (4 args)
[wp-proxy] objects+ app_obj=22 wl_callback
[wp-proxy] forward obj 3 opcode 3 (1 args)
[wp-proxy] forward obj 3 opcode 6 (0 args)
[wp-proxy] objects- app_obj=22 wl_callback (was_known=false)
[wp-event][C] delivered app_obj=23 wl_buffer.release args=0
[wp-event][C] delivered app_obj=22 wl_callback.done args=1
C1METRICS elapsed_us=15919809 app_connected_us=3168539 first_frame_us=3195535 first_frame_after_connect_us=26995 round_trips=11 round_trip_wait_us=57621 c2s_ring_msgs=937 c2s_ring_bytes=394830 s2c_ring_msgs=0 s2c_ring_bytes=0 c2s_inline_msgs=947 c2s_inline_bytes=29474 s2c_inline_msgs=0 s2c_inline_bytes=0 c2s_blob_sync_msgs=21083 c2s_blob_sync_bytes=514048 s2c_blob_sync_msgs=3066 s2c_blob_sync_bytes=38726 c2s_replies_msgs=0 c2s_replies_bytes=0 s2c_replies_msgs=1212 s2c_replies_bytes=10975 c2s_control_msgs=1197 c2s_control_bytes=20607 s2c_control_msgs=579 s2c_control_bytes=6374 c2s_total_bytes=958959 s2c_total_bytes=56075
[wp-proxy] forward obj 3 opcode 1 (3 args)
[wp-proxy] forward obj 3 opcode 9 (4 args)
[wp-proxy] objects+ app_obj=22 wl_callback
[wp-proxy] forward obj 3 opcode 3 (1 args)
[wp-proxy] forward obj 3 opcode 6 (0 args)
[wp-proxy] objects- app_obj=22 wl_callback (was_known=false)
[wp-event][C] delivered app_obj=17 wl_buffer.release args=0
[wp-event][C] delivered app_obj=22 wl_callback.done args=1
[wp-proxy] forward obj 3 opcode 1 (3 args)
[wp-proxy] forward obj 3 opcode 9 (4 args)
[wp-proxy] objects+ app_obj=22 wl_callback
[wp-proxy] forward obj 3 opcode 3 (1 args)
[wp-proxy] forward obj 3 opcode 6 (0 args)
[wp-proxy] objects- app_obj=22 wl_callback (was_known=false)
[wp-event][C] delivered app_obj=19 wl_buffer.release args=0
[wp-event][C] delivered app_obj=22 wl_callback.done args=1
C1METRICS elapsed_us=16019896 app_connected_us=3168539 first_frame_us=3195535 first_frame_after_connect_us=26995 round_trips=11 round_trip_wait_us=57621 c2s_ring_msgs=944 c2s_ring_bytes=397484 s2c_ring_msgs=0 s2c_ring_bytes=0 c2s_inline_msgs=954 c2s_inline_bytes=29691 s2c_inline_msgs=0 s2c_inline_bytes=0 c2s_blob_sync_msgs=21221 c2s_blob_sync_bytes=515775 s2c_blob_sync_msgs=3078 s2c_blob_sync_bytes=38858 c2s_replies_msgs=0 c2s_replies_bytes=0 s2c_replies_msgs=1222 s2c_replies_bytes=11065 c2s_control_msgs=1205 c2s_control_bytes=20745 s2c_control_msgs=583 s2c_control_bytes=6418 c2s_total_bytes=963695 s2c_total_bytes=56341
[wp-proxy] forward obj 3 opcode 1 (3 args)
[wp-proxy] forward obj 3 opcode 9 (4 args)
[wp-proxy] objects+ app_obj=22 wl_callback
[wp-proxy] forward obj 3 opcode 3 (1 args)
[wp-proxy] forward obj 3 opcode 6 (0 args)
[wp-proxy] objects- app_obj=22 wl_callback (was_known=false)
[wp-event][C] delivered app_obj=21 wl_buffer.release args=0
[wp-event][C] delivered app_obj=22 wl_callback.done args=1
[wp-proxy] forward obj 3 opcode 1 (3 args)
[wp-proxy] forward obj 3 opcode 9 (4 args)
[wp-proxy] objects+ app_obj=22 wl_callback
[wp-proxy] forward obj 3 opcode 3 (1 args)
[wp-proxy] forward obj 3 opcode 6 (0 args)
[wp-proxy] objects- app_obj=22 wl_callback (was_known=false)
[wp-event][C] delivered app_obj=23 wl_buffer.release args=0
[wp-event][C] delivered app_obj=22 wl_callback.done args=1
[wp-proxy] forward obj 3 opcode 1 (3 args)
[wp-proxy] forward obj 3 opcode 9 (4 args)
[wp-proxy] objects+ app_obj=22 wl_callback
[wp-proxy] forward obj 3 opcode 3 (1 args)
[wp-proxy] forward obj 3 opcode 6 (0 args)
[wp-proxy] objects- app_obj=22 wl_callback (was_known=false)
[wp-event][C] delivered app_obj=17 wl_buffer.release args=0
[wp-event][C] delivered app_obj=22 wl_callback.done args=1
C1METRICS elapsed_us=16119999 app_connected_us=3168539 first_frame_us=3195535 first_frame_after_connect_us=26995 round_trips=11 round_trip_wait_us=57621 c2s_ring_msgs=952 c2s_ring_bytes=401290 s2c_ring_msgs=0 s2c_ring_bytes=0 c2s_inline_msgs=962 c2s_inline_bytes=29939 s2c_inline_msgs=0 s2c_inline_bytes=0 c2s_blob_sync_msgs=21429 c2s_blob_sync_bytes=518373 s2c_blob_sync_msgs=3093 s2c_blob_sync_bytes=39023 c2s_replies_msgs=0 c2s_replies_bytes=0 s2c_replies_msgs=1232 s2c_replies_bytes=11155 c2s_control_msgs=1217 c2s_control_bytes=20952 s2c_control_msgs=589 s2c_control_bytes=6484 c2s_total_bytes=970554 s2c_total_bytes=56662
[wp-proxy] forward obj 3 opcode 1 (3 args)
[wp-proxy] forward obj 3 opcode 9 (4 args)
[wp-proxy] objects+ app_obj=22 wl_callback
[wp-proxy] forward obj 3 opcode 3 (1 args)
[wp-proxy] forward obj 3 opcode 6 (0 args)
[wp-proxy] objects- app_obj=22 wl_callback (was_known=false)
[wp-event][C] delivered app_obj=19 wl_buffer.release args=0
[wp-event][C] delivered app_obj=22 wl_callback.done args=1
[wp-proxy] forward obj 3 opcode 1 (3 args)
[wp-proxy] forward obj 3 opcode 9 (4 args)
[wp-proxy] objects+ app_obj=22 wl_callback
[wp-proxy] forward obj 3 opcode 3 (1 args)
[wp-proxy] forward obj 3 opcode 6 (0 args)
[wp-proxy] objects- app_obj=22 wl_callback (was_known=false)
[wp-event][C] delivered app_obj=21 wl_buffer.release args=0
[wp-event][C] delivered app_obj=22 wl_callback.done args=1
[wp-proxy] forward obj 3 opcode 1 (3 args)
[wp-proxy] forward obj 3 opcode 9 (4 args)
[wp-proxy] objects+ app_obj=22 wl_callback
[wp-proxy] forward obj 3 opcode 3 (1 args)
[wp-proxy] forward obj 3 opcode 6 (0 args)
[wp-proxy] objects- app_obj=22 wl_callback (was_known=false)
[wp-event][C] delivered app_obj=23 wl_buffer.release args=0
[wp-event][C] delivered app_obj=22 wl_callback.done args=1
C1METRICS elapsed_us=16220083 app_connected_us=3168539 first_frame_us=3195535 first_frame_after_connect_us=26995 round_trips=11 round_trip_wait_us=57621 c2s_ring_msgs=960 c2s_ring_bytes=404111 s2c_ring_msgs=0 s2c_ring_bytes=0 c2s_inline_msgs=970 c2s_inline_bytes=30187 s2c_inline_msgs=0 s2c_inline_bytes=0 c2s_blob_sync_msgs=21572 c2s_blob_sync_bytes=520133 s2c_blob_sync_msgs=3106 s2c_blob_sync_bytes=39166 c2s_replies_msgs=0 c2s_replies_bytes=0 s2c_replies_msgs=1242 s2c_replies_bytes=11245 c2s_control_msgs=1229 c2s_control_bytes=21159 s2c_control_msgs=595 s2c_control_bytes=6550 c2s_total_bytes=975590 s2c_total_bytes=56961
[wp-proxy] forward obj 3 opcode 1 (3 args)
[wp-proxy] forward obj 3 opcode 9 (4 args)
[wp-proxy] objects+ app_obj=22 wl_callback
[wp-proxy] forward obj 3 opcode 3 (1 args)
[wp-proxy] forward obj 3 opcode 6 (0 args)
[wp-proxy] objects- app_obj=22 wl_callback (was_known=false)
[wp-event][C] delivered app_obj=17 wl_buffer.release args=0
[wp-event][C] delivered app_obj=22 wl_callback.done args=1
[wp-proxy] forward obj 3 opcode 1 (3 args)
[wp-proxy] forward obj 3 opcode 9 (4 args)
[wp-proxy] objects+ app_obj=22 wl_callback
[wp-proxy] forward obj 3 opcode 3 (1 args)
[wp-proxy] forward obj 3 opcode 6 (0 args)
[wp-proxy] objects- app_obj=22 wl_callback (was_known=false)
[wp-event][C] delivered app_obj=19 wl_buffer.release args=0
[wp-event][C] delivered app_obj=22 wl_callback.done args=1
C1METRICS elapsed_us=16320167 app_connected_us=3168539 first_frame_us=3195535 first_frame_after_connect_us=26995 round_trips=11 round_trip_wait_us=57621 c2s_ring_msgs=966 c2s_ring_bytes=406695 s2c_ring_msgs=0 s2c_ring_bytes=0 c2s_inline_msgs=976 c2s_inline_bytes=30373 s2c_inline_msgs=0 s2c_inline_bytes=0 c2s_blob_sync_msgs=21714 c2s_blob_sync_bytes=521887 s2c_blob_sync_msgs=3116 s2c_blob_sync_bytes=39276 c2s_replies_msgs=0 c2s_replies_bytes=0 s2c_replies_msgs=1252 s2c_replies_bytes=11335 c2s_control_msgs=1237 c2s_control_bytes=21297 s2c_control_msgs=599 s2c_control_bytes=6594 c2s_total_bytes=980252 s2c_total_bytes=57205
[wp-proxy] forward obj 3 opcode 1 (3 args)
[wp-proxy] forward obj 3 opcode 9 (4 args)
[wp-proxy] objects+ app_obj=22 wl_callback
[wp-proxy] forward obj 3 opcode 3 (1 args)
[wp-proxy] forward obj 3 opcode 6 (0 args)
[wp-proxy] objects- app_obj=22 wl_callback (was_known=false)
[wp-event][C] delivered app_obj=21 wl_buffer.release args=0
[wp-event][C] delivered app_obj=22 wl_callback.done args=1
[wp-proxy] forward obj 3 opcode 1 (3 args)
[wp-proxy] forward obj 3 opcode 9 (4 args)
[wp-proxy] objects+ app_obj=22 wl_callback
[wp-proxy] forward obj 3 opcode 3 (1 args)
[wp-proxy] forward obj 3 opcode 6 (0 args)
[wp-proxy] objects- app_obj=22 wl_callback (was_known=false)
[wp-event][C] delivered app_obj=23 wl_buffer.release args=0
[wp-event][C] delivered app_obj=22 wl_callback.done args=1
C1METRICS elapsed_us=16420252 app_connected_us=3168539 first_frame_us=3195535 first_frame_after_connect_us=26995 round_trips=11 round_trip_wait_us=57621 c2s_ring_msgs=973 c2s_ring_bytes=410334 s2c_ring_msgs=0 s2c_ring_bytes=0 c2s_inline_msgs=983 c2s_inline_bytes=30590 s2c_inline_msgs=0 s2c_inline_bytes=0 c2s_blob_sync_msgs=21926 c2s_blob_sync_bytes=524513 s2c_blob_sync_msgs=3126 s2c_blob_sync_bytes=39386 c2s_replies_msgs=0 c2s_replies_bytes=0 s2c_replies_msgs=1260 s2c_replies_bytes=11407 c2s_control_msgs=1245 c2s_control_bytes=21435 s2c_control_msgs=603 s2c_control_bytes=6638 c2s_total_bytes=986872 s2c_total_bytes=57431
[wp-proxy] forward obj 3 opcode 1 (3 args)
[wp-proxy] forward obj 3 opcode 9 (4 args)
[wp-proxy] objects+ app_obj=22 wl_callback
[wp-proxy] forward obj 3 opcode 3 (1 args)
[wp-proxy] forward obj 3 opcode 6 (0 args)
[wp-proxy] objects- app_obj=22 wl_callback (was_known=false)
[wp-event][C] delivered app_obj=17 wl_buffer.release args=0
[wp-event][C] delivered app_obj=22 wl_callback.done args=1
[wp-proxy] forward obj 3 opcode 1 (3 args)
[wp-proxy] forward obj 3 opcode 9 (4 args)
[wp-proxy] objects+ app_obj=22 wl_callback
[wp-proxy] forward obj 3 opcode 3 (1 args)
[wp-proxy] forward obj 3 opcode 6 (0 args)
[wp-proxy] objects- app_obj=22 wl_callback (was_known=false)
[wp-event][C] delivered app_obj=19 wl_buffer.release args=0
[wp-event][C] delivered app_obj=22 wl_callback.done args=1
C1METRICS elapsed_us=16520342 app_connected_us=3168539 first_frame_us=3195535 first_frame_after_connect_us=26995 round_trips=11 round_trip_wait_us=57621 c2s_ring_msgs=980 c2s_ring_bytes=412988 s2c_ring_msgs=0 s2c_ring_bytes=0 c2s_inline_msgs=990 c2s_inline_bytes=30807 s2c_inline_msgs=0 s2c_inline_bytes=0 c2s_blob_sync_msgs=22070 c2s_blob_sync_bytes=526281 s2c_blob_sync_msgs=3138 s2c_blob_sync_bytes=39518 c2s_replies_msgs=0 c2s_replies_bytes=0 s2c_replies_msgs=1268 s2c_replies_bytes=11479 c2s_control_msgs=1253 c2s_control_bytes=21573 s2c_control_msgs=607 s2c_control_bytes=6682 c2s_total_bytes=991649 s2c_total_bytes=57679
[wp-proxy] forward obj 3 opcode 1 (3 args)
[wp-proxy] forward obj 3 opcode 9 (4 args)
[wp-proxy] objects+ app_obj=22 wl_callback
[wp-proxy] forward obj 3 opcode 3 (1 args)
[wp-proxy] forward obj 3 opcode 6 (0 args)
[wp-proxy] objects- app_obj=22 wl_callback (was_known=false)
[wp-event][C] delivered app_obj=21 wl_buffer.release args=0
[wp-event][C] delivered app_obj=22 wl_callback.done args=1
[wp-proxy] forward obj 3 opcode 1 (3 args)
[wp-proxy] forward obj 3 opcode 9 (4 args)
[wp-proxy] objects+ app_obj=22 wl_callback
[wp-proxy] forward obj 3 opcode 3 (1 args)
[wp-proxy] forward obj 3 opcode 6 (0 args)
[wp-proxy] objects- app_obj=22 wl_callback (was_known=false)
[wp-event][C] delivered app_obj=23 wl_buffer.release args=0
[wp-event][C] delivered app_obj=22 wl_callback.done args=1
C1METRICS elapsed_us=16620441 app_connected_us=3168539 first_frame_us=3195535 first_frame_after_connect_us=26995 round_trips=11 round_trip_wait_us=57621 c2s_ring_msgs=986 c2s_ring_bytes=415572 s2c_ring_msgs=0 s2c_ring_bytes=0 c2s_inline_msgs=996 c2s_inline_bytes=30993 s2c_inline_msgs=0 s2c_inline_bytes=0 c2s_blob_sync_msgs=22213 c2s_blob_sync_bytes=528043 s2c_blob_sync_msgs=3148 s2c_blob_sync_bytes=39628 c2s_replies_msgs=0 c2s_replies_bytes=0 s2c_replies_msgs=1275 s2c_replies_bytes=11542 c2s_control_msgs=1261 c2s_control_bytes=21711 s2c_control_msgs=611 s2c_control_bytes=6726 c2s_total_bytes=996319 s2c_total_bytes=57896
[wp-proxy] forward obj 3 opcode 1 (3 args)
[wp-proxy] forward obj 3 opcode 9 (4 args)
[wp-proxy] objects+ app_obj=22 wl_callback
[wp-proxy] forward obj 3 opcode 3 (1 args)
[wp-proxy] forward obj 3 opcode 6 (0 args)
[wp-proxy] objects- app_obj=22 wl_callback (was_known=false)
[wp-event][C] delivered app_obj=17 wl_buffer.release args=0
[wp-event][C] delivered app_obj=22 wl_callback.done args=1
[wp-proxy] forward obj 3 opcode 1 (3 args)
[wp-proxy] forward obj 3 opcode 9 (4 args)
[wp-proxy] objects+ app_obj=22 wl_callback
[wp-proxy] forward obj 3 opcode 3 (1 args)
[wp-proxy] forward obj 3 opcode 6 (0 args)
[wp-proxy] objects- app_obj=22 wl_callback (was_known=false)
[wp-event][C] delivered app_obj=19 wl_buffer.release args=0
[wp-event][C] delivered app_obj=22 wl_callback.done args=1
[wp-proxy] forward obj 3 opcode 1 (3 args)
[wp-proxy] forward obj 3 opcode 9 (4 args)
[wp-proxy] objects+ app_obj=22 wl_callback
[wp-proxy] forward obj 3 opcode 3 (1 args)
[wp-proxy] forward obj 3 opcode 6 (0 args)
[wp-proxy] objects- app_obj=22 wl_callback (was_known=false)
C1METRICS elapsed_us=16720544 app_connected_us=3168539 first_frame_us=3195535 first_frame_after_connect_us=26995 round_trips=11 round_trip_wait_us=57621 c2s_ring_msgs=992 c2s_ring_bytes=418156 s2c_ring_msgs=0 s2c_ring_bytes=0 c2s_inline_msgs=1002 c2s_inline_bytes=31179 s2c_inline_msgs=0 s2c_inline_bytes=0 c2s_blob_sync_msgs=22355 c2s_blob_sync_bytes=529798 s2c_blob_sync_msgs=3159 s2c_blob_sync_bytes=39749 c2s_replies_msgs=0 c2s_replies_bytes=0 s2c_replies_msgs=1282 s2c_replies_bytes=11605 c2s_control_msgs=1273 c2s_control_bytes=21918 s2c_control_msgs=615 s2c_control_bytes=6770 c2s_total_bytes=1001051 s2c_total_bytes=58124
[wp-event][C] delivered app_obj=21 wl_buffer.release args=0
[wp-event][C] delivered app_obj=22 wl_callback.done args=1
[wp-proxy] forward obj 3 opcode 1 (3 args)
[wp-proxy] forward obj 3 opcode 9 (4 args)
[wp-proxy] objects+ app_obj=22 wl_callback
[wp-proxy] forward obj 3 opcode 3 (1 args)
[wp-proxy] forward obj 3 opcode 6 (0 args)
[wp-proxy] objects- app_obj=22 wl_callback (was_known=false)
[wp-event][C] delivered app_obj=23 wl_buffer.release args=0
[wp-event][C] delivered app_obj=22 wl_callback.done args=1
[wp-proxy] forward obj 3 opcode 1 (3 args)
[wp-proxy] forward obj 3 opcode 9 (4 args)
[wp-proxy] objects+ app_obj=22 wl_callback
[wp-proxy] forward obj 3 opcode 3 (1 args)
[wp-proxy] forward obj 3 opcode 6 (0 args)
[wp-proxy] objects- app_obj=22 wl_callback (was_known=false)
[wp-event][C] delivered app_obj=17 wl_buffer.release args=0
[wp-event][C] delivered app_obj=22 wl_callback.done args=1
C1METRICS elapsed_us=16820618 app_connected_us=3168539 first_frame_us=3195535 first_frame_after_connect_us=26995 round_trips=11 round_trip_wait_us=57621 c2s_ring_msgs=1000 c2s_ring_bytes=421962 s2c_ring_msgs=0 s2c_ring_bytes=0 c2s_inline_msgs=1010 c2s_inline_bytes=31427 s2c_inline_msgs=0 s2c_inline_bytes=0 c2s_blob_sync_msgs=22569 c2s_blob_sync_bytes=532436 s2c_blob_sync_msgs=3173 s2c_blob_sync_bytes=39903 c2s_replies_msgs=0 c2s_replies_bytes=0 s2c_replies_msgs=1292 s2c_replies_bytes=11695 c2s_control_msgs=1281 c2s_control_bytes=22056 s2c_control_msgs=621 s2c_control_bytes=6836 c2s_total_bytes=1007881 s2c_total_bytes=58434
[wp-proxy] forward obj 3 opcode 1 (3 args)
[wp-proxy] forward obj 3 opcode 9 (4 args)
[wp-proxy] objects+ app_obj=22 wl_callback
[wp-proxy] forward obj 3 opcode 3 (1 args)
[wp-proxy] forward obj 3 opcode 6 (0 args)
[wp-proxy] objects- app_obj=22 wl_callback (was_known=false)
[wp-event][C] delivered app_obj=19 wl_buffer.release args=0
[wp-event][C] delivered app_obj=22 wl_callback.done args=1
[wp-proxy] forward obj 3 opcode 1 (3 args)
[wp-proxy] forward obj 3 opcode 9 (4 args)
[wp-proxy] objects+ app_obj=22 wl_callback
[wp-proxy] forward obj 3 opcode 3 (1 args)
[wp-proxy] forward obj 3 opcode 6 (0 args)
[wp-proxy] objects- app_obj=22 wl_callback (was_known=false)
[wp-event][C] delivered app_obj=21 wl_buffer.release args=0
[wp-event][C] delivered app_obj=22 wl_callback.done args=1
[wp-proxy] forward obj 3 opcode 1 (3 args)
[wp-proxy] forward obj 3 opcode 9 (4 args)
[wp-proxy] objects+ app_obj=22 wl_callback
[wp-proxy] forward obj 3 opcode 3 (1 args)
[wp-proxy] forward obj 3 opcode 6 (0 args)
[wp-proxy] objects- app_obj=22 wl_callback (was_known=false)
[wp-event][C] delivered app_obj=23 wl_buffer.release args=0
[wp-event][C] delivered app_obj=22 wl_callback.done args=1
C1METRICS elapsed_us=16920677 app_connected_us=3168539 first_frame_us=3195535 first_frame_after_connect_us=26995 round_trips=11 round_trip_wait_us=57621 c2s_ring_msgs=1008 c2s_ring_bytes=424783 s2c_ring_msgs=0 s2c_ring_bytes=0 c2s_inline_msgs=1018 c2s_inline_bytes=31675 s2c_inline_msgs=0 s2c_inline_bytes=0 c2s_blob_sync_msgs=22709 c2s_blob_sync_bytes=534178 s2c_blob_sync_msgs=3186 s2c_blob_sync_bytes=40046 c2s_replies_msgs=0 c2s_replies_bytes=0 s2c_replies_msgs=1301 s2c_replies_bytes=11776 c2s_control_msgs=1293 c2s_control_bytes=22263 s2c_control_msgs=627 s2c_control_bytes=6902 c2s_total_bytes=1012899 s2c_total_bytes=58724
[wp-proxy] forward obj 3 opcode 1 (3 args)
[wp-proxy] forward obj 3 opcode 9 (4 args)
[wp-proxy] objects+ app_obj=22 wl_callback
[wp-proxy] forward obj 3 opcode 3 (1 args)
[wp-proxy] forward obj 3 opcode 6 (0 args)
[wp-proxy] objects- app_obj=22 wl_callback (was_known=false)
[wp-event][C] delivered app_obj=17 wl_buffer.release args=0
[wp-event][C] delivered app_obj=22 wl_callback.done args=1
[wp-proxy] forward obj 3 opcode 1 (3 args)
[wp-proxy] forward obj 3 opcode 9 (4 args)
[wp-proxy] objects+ app_obj=22 wl_callback
[wp-proxy] forward obj 3 opcode 3 (1 args)
[wp-proxy] forward obj 3 opcode 6 (0 args)
[wp-proxy] objects- app_obj=22 wl_callback (was_known=false)
[wp-event][C] delivered app_obj=19 wl_buffer.release args=0
[wp-event][C] delivered app_obj=22 wl_callback.done args=1
C1METRICS elapsed_us=17020769 app_connected_us=3168539 first_frame_us=3195535 first_frame_after_connect_us=26995 round_trips=11 round_trip_wait_us=57621 c2s_ring_msgs=1016 c2s_ring_bytes=428492 s2c_ring_msgs=0 s2c_ring_bytes=0 c2s_inline_msgs=1026 c2s_inline_bytes=31923 s2c_inline_msgs=0 s2c_inline_bytes=0 c2s_blob_sync_msgs=22919 c2s_blob_sync_bytes=536784 s2c_blob_sync_msgs=3198 s2c_blob_sync_bytes=40178 c2s_replies_msgs=0 c2s_replies_bytes=0 s2c_replies_msgs=1311 s2c_replies_bytes=11866 c2s_control_msgs=1301 c2s_control_bytes=22401 s2c_control_msgs=631 s2c_control_bytes=6946 c2s_total_bytes=1019600 s2c_total_bytes=58990
[wp-proxy] forward obj 3 opcode 1 (3 args)
[wp-proxy] forward obj 3 opcode 9 (4 args)
[wp-proxy] objects+ app_obj=22 wl_callback
[wp-proxy] forward obj 3 opcode 3 (1 args)
[wp-proxy] forward obj 3 opcode 6 (0 args)
[wp-proxy] objects- app_obj=22 wl_callback (was_known=false)
[wp-event][C] delivered app_obj=21 wl_buffer.release args=0
[wp-event][C] delivered app_obj=22 wl_callback.done args=1
[wp-proxy] forward obj 3 opcode 1 (3 args)
[wp-proxy] forward obj 3 opcode 9 (4 args)
[wp-proxy] objects+ app_obj=22 wl_callback
[wp-proxy] forward obj 3 opcode 3 (1 args)
[wp-proxy] forward obj 3 opcode 6 (0 args)
[wp-proxy] objects- app_obj=22 wl_callback (was_known=false)
[wp-event][C] delivered app_obj=23 wl_buffer.release args=0
[wp-event][C] delivered app_obj=22 wl_callback.done args=1
[wp-proxy] forward obj 3 opcode 1 (3 args)
[wp-proxy] forward obj 3 opcode 9 (4 args)
[wp-proxy] objects+ app_obj=22 wl_callback
[wp-proxy] forward obj 3 opcode 3 (1 args)
[wp-proxy] forward obj 3 opcode 6 (0 args)
[wp-proxy] objects- app_obj=22 wl_callback (was_known=false)
[wp-event][C] delivered app_obj=17 wl_buffer.release args=0
[wp-event][C] delivered app_obj=22 wl_callback.done args=1
C1METRICS elapsed_us=17120857 app_connected_us=3168539 first_frame_us=3195535 first_frame_after_connect_us=26995 round_trips=11 round_trip_wait_us=57621 c2s_ring_msgs=1024 c2s_ring_bytes=432298 s2c_ring_msgs=0 s2c_ring_bytes=0 c2s_inline_msgs=1034 c2s_inline_bytes=32171 s2c_inline_msgs=0 s2c_inline_bytes=0 c2s_blob_sync_msgs=23131 c2s_blob_sync_bytes=539410 s2c_blob_sync_msgs=3211 s2c_blob_sync_bytes=40321 c2s_replies_msgs=0 c2s_replies_bytes=0 s2c_replies_msgs=1321 s2c_replies_bytes=11956 c2s_control_msgs=1313 c2s_control_bytes=22608 s2c_control_msgs=637 s2c_control_bytes=7012 c2s_total_bytes=1026487 s2c_total_bytes=59289
[wp-proxy] forward obj 3 opcode 1 (3 args)
[wp-proxy] forward obj 3 opcode 9 (4 args)
[wp-proxy] objects+ app_obj=22 wl_callback
[wp-proxy] forward obj 3 opcode 3 (1 args)
[wp-proxy] forward obj 3 opcode 6 (0 args)
[wp-proxy] objects- app_obj=22 wl_callback (was_known=false)
[wp-event][C] delivered app_obj=19 wl_buffer.release args=0
[wp-event][C] delivered app_obj=22 wl_callback.done args=1
[wp-proxy] forward obj 3 opcode 1 (3 args)
[wp-proxy] forward obj 3 opcode 9 (4 args)
[wp-proxy] objects+ app_obj=22 wl_callback
[wp-proxy] forward obj 3 opcode 3 (1 args)
[wp-proxy] forward obj 3 opcode 6 (0 args)
[wp-proxy] objects- app_obj=22 wl_callback (was_known=false)
[wp-event][C] delivered app_obj=21 wl_buffer.release args=0
[wp-event][C] delivered app_obj=22 wl_callback.done args=1
C1METRICS elapsed_us=17220960 app_connected_us=3168539 first_frame_us=3195535 first_frame_after_connect_us=26995 round_trips=11 round_trip_wait_us=57621 c2s_ring_msgs=1031 c2s_ring_bytes=434952 s2c_ring_msgs=0 s2c_ring_bytes=0 c2s_inline_msgs=1041 c2s_inline_bytes=32388 s2c_inline_msgs=0 s2c_inline_bytes=0 c2s_blob_sync_msgs=23273 c2s_blob_sync_bytes=541164 s2c_blob_sync_msgs=3224 s2c_blob_sync_bytes=40464 c2s_replies_msgs=0 c2s_replies_bytes=0 s2c_replies_msgs=1330 s2c_replies_bytes=12037 c2s_control_msgs=1321 c2s_control_bytes=22746 s2c_control_msgs=641 s2c_control_bytes=7056 c2s_total_bytes=1031250 s2c_total_bytes=59557
[wp-proxy] forward obj 3 opcode 1 (3 args)
[wp-proxy] forward obj 3 opcode 9 (4 args)
[wp-proxy] objects+ app_obj=22 wl_callback
[wp-proxy] forward obj 3 opcode 3 (1 args)
[wp-proxy] forward obj 3 opcode 6 (0 args)
[wp-proxy] objects- app_obj=22 wl_callback (was_known=false)
[wp-event][C] delivered app_obj=23 wl_buffer.release args=0
[wp-event][C] delivered app_obj=22 wl_callback.done args=1
[wp-proxy] forward obj 3 opcode 1 (3 args)
[wp-proxy] forward obj 3 opcode 9 (4 args)
[wp-proxy] objects+ app_obj=22 wl_callback
[wp-proxy] forward obj 3 opcode 3 (1 args)
[wp-proxy] forward obj 3 opcode 6 (0 args)
[wp-proxy] objects- app_obj=22 wl_callback (was_known=false)
[wp-event][C] delivered app_obj=17 wl_buffer.release args=0
[wp-event][C] delivered app_obj=22 wl_callback.done args=1
[wp-proxy] forward obj 3 opcode 1 (3 args)
[wp-proxy] forward obj 3 opcode 9 (4 args)
[wp-proxy] objects+ app_obj=22 wl_callback
[wp-proxy] forward obj 3 opcode 3 (1 args)
[wp-proxy] forward obj 3 opcode 6 (0 args)
[wp-proxy] objects- app_obj=22 wl_callback (was_known=false)
[wp-event][C] delivered app_obj=19 wl_buffer.release args=0
[wp-event][C] delivered app_obj=22 wl_callback.done args=1
C1METRICS elapsed_us=17321056 app_connected_us=3168539 first_frame_us=3195535 first_frame_after_connect_us=26995 round_trips=11 round_trip_wait_us=57621 c2s_ring_msgs=1039 c2s_ring_bytes=437714 s2c_ring_msgs=0 s2c_ring_bytes=0 c2s_inline_msgs=1049 c2s_inline_bytes=32636 s2c_inline_msgs=0 s2c_inline_bytes=0 c2s_blob_sync_msgs=23415 c2s_blob_sync_bytes=542919 s2c_blob_sync_msgs=3236 s2c_blob_sync_bytes=40596 c2s_replies_msgs=0 c2s_replies_bytes=0 s2c_replies_msgs=1342 s2c_replies_bytes=12145 c2s_control_msgs=1333 c2s_control_bytes=22953 s2c_control_msgs=647 s2c_control_bytes=7122 c2s_total_bytes=1036222 s2c_total_bytes=59863
[wp-proxy] forward obj 3 opcode 1 (3 args)
[wp-proxy] forward obj 3 opcode 9 (4 args)
[wp-proxy] objects+ app_obj=22 wl_callback
[wp-proxy] forward obj 3 opcode 3 (1 args)
[wp-proxy] forward obj 3 opcode 6 (0 args)
[wp-proxy] objects- app_obj=22 wl_callback (was_known=false)
[wp-event][C] delivered app_obj=21 wl_buffer.release args=0
[wp-event][C] delivered app_obj=22 wl_callback.done args=1
[wp-proxy] forward obj 3 opcode 1 (3 args)
[wp-proxy] forward obj 3 opcode 9 (4 args)
[wp-proxy] objects+ app_obj=22 wl_callback
[wp-proxy] forward obj 3 opcode 3 (1 args)
[wp-proxy] forward obj 3 opcode 6 (0 args)
[wp-proxy] objects- app_obj=22 wl_callback (was_known=false)
[wp-event][C] delivered app_obj=23 wl_buffer.release args=0
[wp-event][C] delivered app_obj=22 wl_callback.done args=1
[wp-proxy] forward obj 3 opcode 1 (3 args)
[wp-proxy] forward obj 3 opcode 9 (4 args)
[wp-proxy] objects+ app_obj=22 wl_callback
[wp-proxy] forward obj 3 opcode 3 (1 args)
[wp-proxy] forward obj 3 opcode 6 (0 args)
[wp-proxy] objects- app_obj=22 wl_callback (was_known=false)
[wp-event][C] delivered app_obj=17 wl_buffer.release args=0
[wp-event][C] delivered app_obj=22 wl_callback.done args=1
C1METRICS elapsed_us=17421139 app_connected_us=3168539 first_frame_us=3195535 first_frame_after_connect_us=26995 round_trips=11 round_trip_wait_us=57621 c2s_ring_msgs=1048 c2s_ring_bytes=441434 s2c_ring_msgs=0 s2c_ring_bytes=0 c2s_inline_msgs=1058 c2s_inline_bytes=32915 s2c_inline_msgs=0 s2c_inline_bytes=0 c2s_blob_sync_msgs=23630 c2s_blob_sync_bytes=545565 s2c_blob_sync_msgs=3249 s2c_blob_sync_bytes=40739 c2s_replies_msgs=0 c2s_replies_bytes=0 s2c_replies_msgs=1353 s2c_replies_bytes=12244 c2s_control_msgs=1345 c2s_control_bytes=23160 s2c_control_msgs=653 s2c_control_bytes=7188 c2s_total_bytes=1043074 s2c_total_bytes=60171
[wp-proxy] forward obj 3 opcode 1 (3 args)
[wp-proxy] forward obj 3 opcode 9 (4 args)
[wp-proxy] objects+ app_obj=22 wl_callback
[wp-proxy] forward obj 3 opcode 3 (1 args)
[wp-proxy] forward obj 3 opcode 6 (0 args)
[wp-proxy] objects- app_obj=22 wl_callback (was_known=false)
[wp-event][C] delivered app_obj=19 wl_buffer.release args=0
[wp-event][C] delivered app_obj=22 wl_callback.done args=1
[wp-proxy] forward obj 3 opcode 1 (3 args)
[wp-proxy] forward obj 3 opcode 9 (4 args)
[wp-proxy] objects+ app_obj=22 wl_callback
[wp-proxy] forward obj 3 opcode 3 (1 args)
[wp-proxy] forward obj 3 opcode 6 (0 args)
[wp-proxy] objects- app_obj=22 wl_callback (was_known=false)
[wp-event][C] delivered app_obj=21 wl_buffer.release args=0
[wp-event][C] delivered app_obj=22 wl_callback.done args=1
[wp-proxy] forward obj 3 opcode 1 (3 args)
[wp-proxy] forward obj 3 opcode 9 (4 args)
[wp-proxy] objects+ app_obj=22 wl_callback
[wp-proxy] forward obj 3 opcode 3 (1 args)
[wp-proxy] forward obj 3 opcode 6 (0 args)
[wp-proxy] objects- app_obj=22 wl_callback (was_known=false)
C1METRICS elapsed_us=17521217 app_connected_us=3168539 first_frame_us=3195535 first_frame_after_connect_us=26995 round_trips=11 round_trip_wait_us=57621 c2s_ring_msgs=1058 c2s_ring_bytes=445477 s2c_ring_msgs=0 s2c_ring_bytes=0 c2s_inline_msgs=1068 c2s_inline_bytes=33225 s2c_inline_msgs=0 s2c_inline_bytes=0 c2s_blob_sync_msgs=23842 c2s_blob_sync_bytes=548191 s2c_blob_sync_msgs=3264 s2c_blob_sync_bytes=40904 c2s_replies_msgs=0 c2s_replies_bytes=0 s2c_replies_msgs=1366 s2c_replies_bytes=12361 c2s_control_msgs=1357 c2s_control_bytes=23367 s2c_control_msgs=657 s2c_control_bytes=7232 c2s_total_bytes=1050260 s2c_total_bytes=60497
[wp-event][C] delivered app_obj=23 wl_buffer.release args=0
[wp-event][C] delivered app_obj=22 wl_callback.done args=1
[wp-proxy] forward obj 3 opcode 1 (3 args)
[wp-proxy] forward obj 3 opcode 9 (4 args)
[wp-proxy] objects+ app_obj=22 wl_callback
[wp-proxy] forward obj 3 opcode 3 (1 args)
[wp-proxy] forward obj 3 opcode 6 (0 args)
[wp-proxy] objects- app_obj=22 wl_callback (was_known=false)
[wp-event][C] delivered app_obj=17 wl_buffer.release args=0
[wp-event][C] delivered app_obj=22 wl_callback.done args=1
[wp-proxy] forward obj 3 opcode 1 (3 args)
[wp-proxy] forward obj 3 opcode 9 (4 args)
[wp-proxy] objects+ app_obj=22 wl_callback
[wp-proxy] forward obj 3 opcode 3 (1 args)
[wp-proxy] forward obj 3 opcode 6 (0 args)
[wp-proxy] objects- app_obj=22 wl_callback (was_known=false)
[wp-event][C] delivered app_obj=19 wl_buffer.release args=0
[wp-event][C] delivered app_obj=22 wl_callback.done args=1
C1METRICS elapsed_us=17621296 app_connected_us=3168539 first_frame_us=3195535 first_frame_after_connect_us=26995 round_trips=11 round_trip_wait_us=57621 c2s_ring_msgs=1065 c2s_ring_bytes=449116 s2c_ring_msgs=0 s2c_ring_bytes=0 c2s_inline_msgs=1075 c2s_inline_bytes=33442 s2c_inline_msgs=0 s2c_inline_bytes=0 c2s_blob_sync_msgs=24056 c2s_blob_sync_bytes=550829 s2c_blob_sync_msgs=3276 s2c_blob_sync_bytes=41036 c2s_replies_msgs=0 c2s_replies_bytes=0 s2c_replies_msgs=1375 s2c_replies_bytes=12442 c2s_control_msgs=1365 c2s_control_bytes=23505 s2c_control_msgs=663 s2c_control_bytes=7298 c2s_total_bytes=1056892 s2c_total_bytes=60776
[wp-proxy] forward obj 3 opcode 1 (3 args)
[wp-proxy] forward obj 3 opcode 9 (4 args)
[wp-proxy] objects+ app_obj=22 wl_callback
[wp-proxy] forward obj 3 opcode 3 (1 args)
[wp-proxy] forward obj 3 opcode 6 (0 args)
[wp-proxy] objects- app_obj=22 wl_callback (was_known=false)
[wp-event][C] delivered app_obj=21 wl_buffer.release args=0
[wp-event][C] delivered app_obj=22 wl_callback.done args=1
[wp-proxy] forward obj 3 opcode 1 (3 args)
[wp-proxy] forward obj 3 opcode 9 (4 args)
[wp-proxy] objects+ app_obj=22 wl_callback
[wp-proxy] forward obj 3 opcode 3 (1 args)
[wp-proxy] forward obj 3 opcode 6 (0 args)
[wp-proxy] objects- app_obj=22 wl_callback (was_known=false)
[wp-event][C] delivered app_obj=23 wl_buffer.release args=0
[wp-event][C] delivered app_obj=22 wl_callback.done args=1
[wp-proxy] forward obj 3 opcode 1 (3 args)
[wp-proxy] forward obj 3 opcode 9 (4 args)
[wp-proxy] objects+ app_obj=22 wl_callback
[wp-proxy] forward obj 3 opcode 3 (1 args)
[wp-proxy] forward obj 3 opcode 6 (0 args)
[wp-proxy] objects- app_obj=22 wl_callback (was_known=false)
C1METRICS elapsed_us=17721399 app_connected_us=3168539 first_frame_us=3195535 first_frame_after_connect_us=26995 round_trips=11 round_trip_wait_us=57621 c2s_ring_msgs=1073 c2s_ring_bytes=451937 s2c_ring_msgs=0 s2c_ring_bytes=0 c2s_inline_msgs=1083 c2s_inline_bytes=33690 s2c_inline_msgs=0 s2c_inline_bytes=0 c2s_blob_sync_msgs=24199 c2s_blob_sync_bytes=552590 s2c_blob_sync_msgs=3289 s2c_blob_sync_bytes=41179 c2s_replies_msgs=0 c2s_replies_bytes=0 s2c_replies_msgs=1385 s2c_replies_bytes=12532 c2s_control_msgs=1377 c2s_control_bytes=23712 s2c_control_msgs=667 s2c_control_bytes=7342 c2s_total_bytes=1061929 s2c_total_bytes=61053
[wp-event][C] delivered app_obj=17 wl_buffer.release args=0
[wp-event][C] delivered app_obj=22 wl_callback.done args=1
[wp-proxy] forward obj 3 opcode 1 (3 args)
[wp-proxy] forward obj 3 opcode 9 (4 args)
[wp-proxy] objects+ app_obj=22 wl_callback
[wp-proxy] forward obj 3 opcode 3 (1 args)
[wp-proxy] forward obj 3 opcode 6 (0 args)
[wp-proxy] objects- app_obj=22 wl_callback (was_known=false)
[wp-event][C] delivered app_obj=19 wl_buffer.release args=0
[wp-event][C] delivered app_obj=22 wl_callback.done args=1
[wp-proxy] forward obj 3 opcode 1 (3 args)
[wp-proxy] forward obj 3 opcode 9 (4 args)
[wp-proxy] objects+ app_obj=22 wl_callback
[wp-proxy] forward obj 3 opcode 3 (1 args)
[wp-proxy] forward obj 3 opcode 6 (0 args)
[wp-proxy] objects- app_obj=22 wl_callback (was_known=false)
[wp-event][C] delivered app_obj=21 wl_buffer.release args=0
[wp-event][C] delivered app_obj=22 wl_callback.done args=1
C1METRICS elapsed_us=17821490 app_connected_us=3168539 first_frame_us=3195535 first_frame_after_connect_us=26995 round_trips=11 round_trip_wait_us=57621 c2s_ring_msgs=1079 c2s_ring_bytes=454521 s2c_ring_msgs=0 s2c_ring_bytes=0 c2s_inline_msgs=1089 c2s_inline_bytes=33876 s2c_inline_msgs=0 s2c_inline_bytes=0 c2s_blob_sync_msgs=24338 c2s_blob_sync_bytes=554325 s2c_blob_sync_msgs=3301 s2c_blob_sync_bytes=41311 c2s_replies_msgs=0 c2s_replies_bytes=0 s2c_replies_msgs=1394 s2c_replies_bytes=12613 c2s_control_msgs=1385 c2s_control_bytes=23850 s2c_control_msgs=673 s2c_control_bytes=7408 c2s_total_bytes=1066572 s2c_total_bytes=61332
[wp-proxy] forward obj 3 opcode 1 (3 args)
[wp-proxy] forward obj 3 opcode 9 (4 args)
[wp-proxy] objects+ app_obj=22 wl_callback
[wp-proxy] forward obj 3 opcode 3 (1 args)
[wp-proxy] forward obj 3 opcode 6 (0 args)
[wp-proxy] objects- app_obj=22 wl_callback (was_known=false)
[wp-event][C] delivered app_obj=23 wl_buffer.release args=0
[wp-event][C] delivered app_obj=22 wl_callback.done args=1
[wp-proxy] forward obj 3 opcode 1 (3 args)
[wp-proxy] forward obj 3 opcode 9 (4 args)
[wp-proxy] objects+ app_obj=22 wl_callback
[wp-proxy] forward obj 3 opcode 3 (1 args)
[wp-proxy] forward obj 3 opcode 6 (0 args)
[wp-proxy] objects- app_obj=22 wl_callback (was_known=false)
[wp-event][C] delivered app_obj=17 wl_buffer.release args=0
[wp-event][C] delivered app_obj=22 wl_callback.done args=1
C1METRICS elapsed_us=17921575 app_connected_us=3168539 first_frame_us=3195535 first_frame_after_connect_us=26995 round_trips=11 round_trip_wait_us=57621 c2s_ring_msgs=1086 c2s_ring_bytes=458160 s2c_ring_msgs=0 s2c_ring_bytes=0 c2s_inline_msgs=1096 c2s_inline_bytes=34093 s2c_inline_msgs=0 s2c_inline_bytes=0 c2s_blob_sync_msgs=24545 c2s_blob_sync_bytes=556915 s2c_blob_sync_msgs=3313 s2c_blob_sync_bytes=41443 c2s_replies_msgs=0 c2s_replies_bytes=0 s2c_replies_msgs=1404 s2c_replies_bytes=12703 c2s_control_msgs=1393 c2s_control_bytes=23988 s2c_control_msgs=677 s2c_control_bytes=7452 c2s_total_bytes=1073156 s2c_total_bytes=61598
[wp-proxy] forward obj 3 opcode 1 (3 args)
[wp-proxy] forward obj 3 opcode 9 (4 args)
[wp-proxy] objects+ app_obj=22 wl_callback
[wp-proxy] forward obj 3 opcode 3 (1 args)
[wp-proxy] forward obj 3 opcode 6 (0 args)
[wp-proxy] objects- app_obj=22 wl_callback (was_known=false)
[wp-event][C] delivered app_obj=19 wl_buffer.release args=0
[wp-event][C] delivered app_obj=22 wl_callback.done args=1
[wp-proxy] forward obj 3 opcode 1 (3 args)
[wp-proxy] forward obj 3 opcode 9 (4 args)
[wp-proxy] objects+ app_obj=22 wl_callback
[wp-proxy] forward obj 3 opcode 3 (1 args)
[wp-proxy] forward obj 3 opcode 6 (0 args)
[wp-proxy] objects- app_obj=22 wl_callback (was_known=false)
[wp-event][C] delivered app_obj=21 wl_buffer.release args=0
[wp-event][C] delivered app_obj=22 wl_callback.done args=1
[wp-proxy] forward obj 3 opcode 1 (3 args)
[wp-proxy] forward obj 3 opcode 9 (4 args)
[wp-proxy] objects+ app_obj=22 wl_callback
[wp-proxy] forward obj 3 opcode 3 (1 args)
[wp-proxy] forward obj 3 opcode 6 (0 args)
[wp-proxy] objects- app_obj=22 wl_callback (was_known=false)
C1METRICS elapsed_us=18021659 app_connected_us=3168539 first_frame_us=3195535 first_frame_after_connect_us=26995 round_trips=11 round_trip_wait_us=57621 c2s_ring_msgs=1094 c2s_ring_bytes=460981 s2c_ring_msgs=0 s2c_ring_bytes=0 c2s_inline_msgs=1104 c2s_inline_bytes=34341 s2c_inline_msgs=0 s2c_inline_bytes=0 c2s_blob_sync_msgs=24686 c2s_blob_sync_bytes=558663 s2c_blob_sync_msgs=3324 s2c_blob_sync_bytes=41564 c2s_replies_msgs=0 c2s_replies_bytes=0 s2c_replies_msgs=1413 s2c_replies_bytes=12784 c2s_control_msgs=1405 c2s_control_bytes=24195 s2c_control_msgs=681 s2c_control_bytes=7496 c2s_total_bytes=1078180 s2c_total_bytes=61844
[wp-event][C] delivered app_obj=23 wl_buffer.release args=0
[wp-event][C] delivered app_obj=22 wl_callback.done args=1
[wp-proxy] forward obj 3 opcode 1 (3 args)
[wp-proxy] forward obj 3 opcode 9 (4 args)
[wp-proxy] objects+ app_obj=22 wl_callback
[wp-proxy] forward obj 3 opcode 3 (1 args)
[wp-proxy] forward obj 3 opcode 6 (0 args)
[wp-proxy] objects- app_obj=22 wl_callback (was_known=false)
[wp-event][C] delivered app_obj=17 wl_buffer.release args=0
[wp-event][C] delivered app_obj=22 wl_callback.done args=1
[wp-proxy] forward obj 3 opcode 1 (3 args)
[wp-proxy] forward obj 3 opcode 9 (4 args)
[wp-proxy] objects+ app_obj=22 wl_callback
[wp-proxy] forward obj 3 opcode 3 (1 args)
[wp-proxy] forward obj 3 opcode 6 (0 args)
[wp-proxy] objects- app_obj=22 wl_callback (was_known=false)
[wp-event][C] delivered app_obj=19 wl_buffer.release args=0
[wp-event][C] delivered app_obj=22 wl_callback.done args=1
C1METRICS elapsed_us=18121779 app_connected_us=3168539 first_frame_us=3195535 first_frame_after_connect_us=26995 round_trips=11 round_trip_wait_us=57621 c2s_ring_msgs=1101 c2s_ring_bytes=464620 s2c_ring_msgs=0 s2c_ring_bytes=0 c2s_inline_msgs=1111 c2s_inline_bytes=34558 s2c_inline_msgs=0 s2c_inline_bytes=0 c2s_blob_sync_msgs=24900 c2s_blob_sync_bytes=561301 s2c_blob_sync_msgs=3336 s2c_blob_sync_bytes=41696 c2s_replies_msgs=0 c2s_replies_bytes=0 s2c_replies_msgs=1422 s2c_replies_bytes=12865 c2s_control_msgs=1413 c2s_control_bytes=24333 s2c_control_msgs=687 s2c_control_bytes=7562 c2s_total_bytes=1084812 s2c_total_bytes=62123
[wp-proxy] forward obj 3 opcode 1 (3 args)
[wp-proxy] forward obj 3 opcode 9 (4 args)
[wp-proxy] objects+ app_obj=22 wl_callback
[wp-proxy] forward obj 3 opcode 3 (1 args)
[wp-proxy] forward obj 3 opcode 6 (0 args)
[wp-proxy] objects- app_obj=22 wl_callback (was_known=false)
[wp-event][C] delivered app_obj=21 wl_buffer.release args=0
[wp-event][C] delivered app_obj=22 wl_callback.done args=1
[wp-proxy] forward obj 3 opcode 1 (3 args)
[wp-proxy] forward obj 3 opcode 9 (4 args)
[wp-proxy] objects+ app_obj=22 wl_callback
[wp-proxy] forward obj 3 opcode 3 (1 args)
[wp-proxy] forward obj 3 opcode 6 (0 args)
[wp-proxy] objects- app_obj=22 wl_callback (was_known=false)
[wp-event][C] delivered app_obj=23 wl_buffer.release args=0
[wp-event][C] delivered app_obj=22 wl_callback.done args=1
[wp-proxy] forward obj 3 opcode 1 (3 args)
[wp-proxy] forward obj 3 opcode 9 (4 args)
[wp-proxy] objects+ app_obj=22 wl_callback
[wp-proxy] forward obj 3 opcode 3 (1 args)
[wp-proxy] forward obj 3 opcode 6 (0 args)
[wp-proxy] objects- app_obj=22 wl_callback (was_known=false)
[wp-event][C] delivered app_obj=17 wl_buffer.release args=0
[wp-event][C] delivered app_obj=22 wl_callback.done args=1
C1METRICS elapsed_us=18221887 app_connected_us=3168539 first_frame_us=3195535 first_frame_after_connect_us=26995 round_trips=11 round_trip_wait_us=57621 c2s_ring_msgs=1110 c2s_ring_bytes=468496 s2c_ring_msgs=0 s2c_ring_bytes=0 c2s_inline_msgs=1120 c2s_inline_bytes=34837 s2c_inline_msgs=0 s2c_inline_bytes=0 c2s_blob_sync_msgs=25112 c2s_blob_sync_bytes=563927 s2c_blob_sync_msgs=3351 s2c_blob_sync_bytes=41861 c2s_replies_msgs=0 c2s_replies_bytes=0 s2c_replies_msgs=1433 s2c_replies_bytes=12964 c2s_control_msgs=1425 c2s_control_bytes=24540 s2c_control_msgs=693 s2c_control_bytes=7628 c2s_total_bytes=1091800 s2c_total_bytes=62453
[wp-proxy] forward obj 3 opcode 1 (3 args)
[wp-proxy] forward obj 3 opcode 9 (4 args)
[wp-proxy] objects+ app_obj=22 wl_callback
[wp-proxy] forward obj 3 opcode 3 (1 args)
[wp-proxy] forward obj 3 opcode 6 (0 args)
[wp-proxy] objects- app_obj=22 wl_callback (was_known=false)
[wp-event][C] delivered app_obj=19 wl_buffer.release args=0
[wp-event][C] delivered app_obj=22 wl_callback.done args=1
[wp-proxy] forward obj 3 opcode 1 (3 args)
[wp-proxy] forward obj 3 opcode 9 (4 args)
[wp-proxy] objects+ app_obj=22 wl_callback
[wp-proxy] forward obj 3 opcode 3 (1 args)
[wp-proxy] forward obj 3 opcode 6 (0 args)
[wp-proxy] objects- app_obj=22 wl_callback (was_known=false)
[wp-event][C] delivered app_obj=21 wl_buffer.release args=0
[wp-event][C] delivered app_obj=22 wl_callback.done args=1
[wp-proxy] forward obj 3 opcode 1 (3 args)
[wp-proxy] forward obj 3 opcode 9 (4 args)
[wp-proxy] objects+ app_obj=22 wl_callback
[wp-proxy] forward obj 3 opcode 3 (1 args)
[wp-proxy] forward obj 3 opcode 6 (0 args)
[wp-proxy] objects- app_obj=22 wl_callback (was_known=false)
C1METRICS elapsed_us=18321963 app_connected_us=3168539 first_frame_us=3195535 first_frame_after_connect_us=26995 round_trips=11 round_trip_wait_us=57621 c2s_ring_msgs=1118 c2s_ring_bytes=471317 s2c_ring_msgs=0 s2c_ring_bytes=0 c2s_inline_msgs=1128 c2s_inline_bytes=35085 s2c_inline_msgs=0 s2c_inline_bytes=0 c2s_blob_sync_msgs=25256 c2s_blob_sync_bytes=565695 s2c_blob_sync_msgs=3364 s2c_blob_sync_bytes=42004 c2s_replies_msgs=0 c2s_replies_bytes=0 s2c_replies_msgs=1445 s2c_replies_bytes=13072 c2s_control_msgs=1437 c2s_control_bytes=24747 s2c_control_msgs=697 s2c_control_bytes=7672 c2s_total_bytes=1096844 s2c_total_bytes=62748
[wp-event][C] delivered app_obj=23 wl_buffer.release args=0
[wp-event][C] delivered app_obj=22 wl_callback.done args=1
[wp-proxy] forward obj 3 opcode 1 (3 args)
[wp-proxy] forward obj 3 opcode 9 (4 args)
[wp-proxy] objects+ app_obj=22 wl_callback
[wp-proxy] forward obj 3 opcode 3 (1 args)
[wp-proxy] forward obj 3 opcode 6 (0 args)
[wp-proxy] objects- app_obj=22 wl_callback (was_known=false)
[wp-event][C] delivered app_obj=17 wl_buffer.release args=0
[wp-event][C] delivered app_obj=22 wl_callback.done args=1
[wp-proxy] forward obj 3 opcode 1 (3 args)
[wp-proxy] forward obj 3 opcode 9 (4 args)
[wp-proxy] objects+ app_obj=22 wl_callback
[wp-proxy] forward obj 3 opcode 3 (1 args)
[wp-proxy] forward obj 3 opcode 6 (0 args)
[wp-proxy] objects- app_obj=22 wl_callback (was_known=false)
[wp-event][C] delivered app_obj=19 wl_buffer.release args=0
[wp-event][C] delivered app_obj=22 wl_callback.done args=1
C1METRICS elapsed_us=18422046 app_connected_us=3168539 first_frame_us=3195535 first_frame_after_connect_us=26995 round_trips=11 round_trip_wait_us=57621 c2s_ring_msgs=1125 c2s_ring_bytes=474956 s2c_ring_msgs=0 s2c_ring_bytes=0 c2s_inline_msgs=1135 c2s_inline_bytes=35302 s2c_inline_msgs=0 s2c_inline_bytes=0 c2s_blob_sync_msgs=25469 c2s_blob_sync_bytes=568328 s2c_blob_sync_msgs=3378 s2c_blob_sync_bytes=42158 c2s_replies_msgs=0 c2s_replies_bytes=0 s2c_replies_msgs=1454 s2c_replies_bytes=13153 c2s_control_msgs=1445 c2s_control_bytes=24885 s2c_control_msgs=703 s2c_control_bytes=7738 c2s_total_bytes=1103471 s2c_total_bytes=63049
[wp-proxy] forward obj 3 opcode 1 (3 args)
[wp-proxy] forward obj 3 opcode 9 (4 args)
[wp-proxy] objects+ app_obj=22 wl_callback
[wp-proxy] forward obj 3 opcode 3 (1 args)
[wp-proxy] forward obj 3 opcode 6 (0 args)
[wp-proxy] objects- app_obj=22 wl_callback (was_known=false)
[wp-event][C] delivered app_obj=21 wl_buffer.release args=0
[wp-event][C] delivered app_obj=22 wl_callback.done args=1
[wp-proxy] forward obj 3 opcode 1 (3 args)
[wp-proxy] forward obj 3 opcode 9 (4 args)
[wp-proxy] objects+ app_obj=22 wl_callback
[wp-proxy] forward obj 3 opcode 3 (1 args)
[wp-proxy] forward obj 3 opcode 6 (0 args)
[wp-proxy] objects- app_obj=22 wl_callback (was_known=false)
[wp-event][C] delivered app_obj=23 wl_buffer.release args=0
[wp-event][C] delivered app_obj=22 wl_callback.done args=1
C1METRICS elapsed_us=18522129 app_connected_us=3168539 first_frame_us=3195535 first_frame_after_connect_us=26995 round_trips=11 round_trip_wait_us=57621 c2s_ring_msgs=1132 c2s_ring_bytes=477610 s2c_ring_msgs=0 s2c_ring_bytes=0 c2s_inline_msgs=1142 c2s_inline_bytes=35519 s2c_inline_msgs=0 s2c_inline_bytes=0 c2s_blob_sync_msgs=25612 c2s_blob_sync_bytes=570089 s2c_blob_sync_msgs=3388 s2c_blob_sync_bytes=42268 c2s_replies_msgs=0 c2s_replies_bytes=0 s2c_replies_msgs=1463 s2c_replies_bytes=13234 c2s_control_msgs=1453 c2s_control_bytes=25023 s2c_control_msgs=707 s2c_control_bytes=7782 c2s_total_bytes=1108241 s2c_total_bytes=63284
[wp-proxy] forward obj 3 opcode 1 (3 args)
[wp-proxy] forward obj 3 opcode 9 (4 args)
[wp-proxy] objects+ app_obj=22 wl_callback
[wp-proxy] forward obj 3 opcode 3 (1 args)
[wp-proxy] forward obj 3 opcode 6 (0 args)
[wp-proxy] objects- app_obj=22 wl_callback (was_known=false)
[wp-event][C] delivered app_obj=17 wl_buffer.release args=0
[wp-event][C] delivered app_obj=22 wl_callback.done args=1
[wp-proxy] forward obj 3 opcode 1 (3 args)
[wp-proxy] forward obj 3 opcode 9 (4 args)
[wp-proxy] objects+ app_obj=22 wl_callback
[wp-proxy] forward obj 3 opcode 3 (1 args)
[wp-proxy] forward obj 3 opcode 6 (0 args)
[wp-proxy] objects- app_obj=22 wl_callback (was_known=false)
[wp-event][C] delivered app_obj=19 wl_buffer.release args=0
[wp-event][C] delivered app_obj=22 wl_callback.done args=1
[wp-proxy] forward obj 3 opcode 1 (3 args)
[wp-proxy] forward obj 3 opcode 9 (4 args)
[wp-proxy] objects+ app_obj=22 wl_callback
[wp-proxy] forward obj 3 opcode 3 (1 args)
[wp-proxy] forward obj 3 opcode 6 (0 args)
[wp-proxy] objects- app_obj=22 wl_callback (was_known=false)
[wp-event][C] delivered app_obj=21 wl_buffer.release args=0
[wp-event][C] delivered app_obj=22 wl_callback.done args=1
[wp-proxy] forward obj 3 opcode 1 (3 args)
[wp-proxy] forward obj 3 opcode 9 (4 args)
[wp-proxy] objects+ app_obj=22 wl_callback
[wp-proxy] forward obj 3 opcode 3 (1 args)
[wp-proxy] forward obj 3 opcode 6 (0 args)
[wp-proxy] objects- app_obj=22 wl_callback (was_known=false)
C1METRICS elapsed_us=18622217 app_connected_us=3168539 first_frame_us=3195535 first_frame_after_connect_us=26995 round_trips=11 round_trip_wait_us=57621 c2s_ring_msgs=1141 c2s_ring_bytes=481486 s2c_ring_msgs=0 s2c_ring_bytes=0 c2s_inline_msgs=1151 c2s_inline_bytes=35798 s2c_inline_msgs=0 s2c_inline_bytes=0 c2s_blob_sync_msgs=25825 c2s_blob_sync_bytes=572721 s2c_blob_sync_msgs=3404 s2c_blob_sync_bytes=42444 c2s_replies_msgs=0 c2s_replies_bytes=0 s2c_replies_msgs=1474 s2c_replies_bytes=13333 c2s_control_msgs=1469 c2s_control_bytes=25299 s2c_control_msgs=713 s2c_control_bytes=7848 c2s_total_bytes=1115304 s2c_total_bytes=63625
[wp-event][C] delivered app_obj=23 wl_buffer.release args=0
[wp-event][C] delivered app_obj=22 wl_callback.done args=1
[wp-proxy] forward obj 3 opcode 1 (3 args)
[wp-proxy] forward obj 3 opcode 9 (4 args)
[wp-proxy] objects+ app_obj=22 wl_callback
[wp-proxy] forward obj 3 opcode 3 (1 args)
[wp-proxy] forward obj 3 opcode 6 (0 args)
[wp-proxy] objects- app_obj=22 wl_callback (was_known=false)
[wp-event][C] delivered app_obj=17 wl_buffer.release args=0
[wp-event][C] delivered app_obj=22 wl_callback.done args=1
[wp-proxy] forward obj 3 opcode 1 (3 args)
[wp-proxy] forward obj 3 opcode 9 (4 args)
[wp-proxy] objects+ app_obj=22 wl_callback
[wp-proxy] forward obj 3 opcode 3 (1 args)
[wp-proxy] forward obj 3 opcode 6 (0 args)
[wp-proxy] objects- app_obj=22 wl_callback (was_known=false)
[wp-event][C] delivered app_obj=19 wl_buffer.release args=0
[wp-event][C] delivered app_obj=22 wl_callback.done args=1
C1METRICS elapsed_us=18722293 app_connected_us=3168539 first_frame_us=3195535 first_frame_after_connect_us=26995 round_trips=11 round_trip_wait_us=57621 c2s_ring_msgs=1148 c2s_ring_bytes=484237 s2c_ring_msgs=0 s2c_ring_bytes=0 c2s_inline_msgs=1158 c2s_inline_bytes=36015 s2c_inline_msgs=0 s2c_inline_bytes=0 c2s_blob_sync_msgs=25964 c2s_blob_sync_bytes=574456 s2c_blob_sync_msgs=3416 s2c_blob_sync_bytes=42576 c2s_replies_msgs=0 c2s_replies_bytes=0 s2c_replies_msgs=1484 s2c_replies_bytes=13423 c2s_control_msgs=1477 c2s_control_bytes=25437 s2c_control_msgs=719 s2c_control_bytes=7914 c2s_total_bytes=1120145 s2c_total_bytes=63913
[wp-proxy] forward obj 3 opcode 1 (3 args)
[wp-proxy] forward obj 3 opcode 9 (4 args)
[wp-proxy] objects+ app_obj=22 wl_callback
[wp-proxy] forward obj 3 opcode 3 (1 args)
[wp-proxy] forward obj 3 opcode 6 (0 args)
[wp-proxy] objects- app_obj=22 wl_callback (was_known=false)
[wp-event][C] delivered app_obj=21 wl_buffer.release args=0
[wp-event][C] delivered app_obj=22 wl_callback.done args=1
[wp-proxy] forward obj 3 opcode 1 (3 args)
[wp-proxy] forward obj 3 opcode 9 (4 args)
[wp-proxy] objects+ app_obj=22 wl_callback
[wp-proxy] forward obj 3 opcode 3 (1 args)
[wp-proxy] forward obj 3 opcode 6 (0 args)
[wp-proxy] objects- app_obj=22 wl_callback (was_known=false)
[wp-event][C] delivered app_obj=23 wl_buffer.release args=0
[wp-event][C] delivered app_obj=22 wl_callback.done args=1
[wp-proxy] forward obj 3 opcode 1 (3 args)
[wp-proxy] forward obj 3 opcode 9 (4 args)
[wp-proxy] objects+ app_obj=22 wl_callback
[wp-proxy] forward obj 3 opcode 3 (1 args)
[wp-proxy] forward obj 3 opcode 6 (0 args)
[wp-proxy] objects- app_obj=22 wl_callback (was_known=false)
C1METRICS elapsed_us=18822373 app_connected_us=3168539 first_frame_us=3195535 first_frame_after_connect_us=26995 round_trips=11 round_trip_wait_us=57621 c2s_ring_msgs=1157 c2s_ring_bytes=488113 s2c_ring_msgs=0 s2c_ring_bytes=0 c2s_inline_msgs=1167 c2s_inline_bytes=36294 s2c_inline_msgs=0 s2c_inline_bytes=0 c2s_blob_sync_msgs=26175 c2s_blob_sync_bytes=577069 s2c_blob_sync_msgs=3429 s2c_blob_sync_bytes=42719 c2s_replies_msgs=0 c2s_replies_bytes=0 s2c_replies_msgs=1494 s2c_replies_bytes=13513 c2s_control_msgs=1489 c2s_control_bytes=25644 s2c_control_msgs=723 s2c_control_bytes=7958 c2s_total_bytes=1127120 s2c_total_bytes=64190
[wp-event][C] delivered app_obj=17 wl_buffer.release args=0
[wp-event][C] delivered app_obj=22 wl_callback.done args=1
[wp-proxy] forward obj 3 opcode 1 (3 args)
[wp-proxy] forward obj 3 opcode 9 (4 args)
[wp-proxy] objects+ app_obj=22 wl_callback
[wp-proxy] forward obj 3 opcode 3 (1 args)
[wp-proxy] forward obj 3 opcode 6 (0 args)
[wp-proxy] objects- app_obj=22 wl_callback (was_known=false)
[wp-event][C] delivered app_obj=19 wl_buffer.release args=0
[wp-event][C] delivered app_obj=22 wl_callback.done args=1
[wp-proxy] forward obj 3 opcode 1 (3 args)
[wp-proxy] forward obj 3 opcode 9 (4 args)
[wp-proxy] objects+ app_obj=22 wl_callback
[wp-proxy] forward obj 3 opcode 3 (1 args)
[wp-proxy] forward obj 3 opcode 6 (0 args)
[wp-proxy] objects- app_obj=22 wl_callback (was_known=false)
[wp-event][C] delivered app_obj=21 wl_buffer.release args=0
[wp-event][C] delivered app_obj=22 wl_callback.done args=1
[wp-proxy] forward obj 3 opcode 1 (3 args)
[wp-proxy] forward obj 3 opcode 9 (4 args)
[wp-proxy] objects+ app_obj=22 wl_callback
[wp-proxy] forward obj 3 opcode 3 (1 args)
[wp-proxy] forward obj 3 opcode 6 (0 args)
[wp-proxy] objects- app_obj=22 wl_callback (was_known=false)
C1METRICS elapsed_us=18922477 app_connected_us=3168539 first_frame_us=3195535 first_frame_after_connect_us=26995 round_trips=11 round_trip_wait_us=57621 c2s_ring_msgs=1166 c2s_ring_bytes=491989 s2c_ring_msgs=0 s2c_ring_bytes=0 c2s_inline_msgs=1176 c2s_inline_bytes=36573 s2c_inline_msgs=0 s2c_inline_bytes=0 c2s_blob_sync_msgs=26388 c2s_blob_sync_bytes=579701 s2c_blob_sync_msgs=3444 s2c_blob_sync_bytes=42884 c2s_replies_msgs=0 c2s_replies_bytes=0 s2c_replies_msgs=1506 s2c_replies_bytes=13621 c2s_control_msgs=1501 c2s_control_bytes=25851 s2c_control_msgs=729 s2c_control_bytes=8024 c2s_total_bytes=1134114 s2c_total_bytes=64529
[wp-event][C] delivered app_obj=23 wl_buffer.release args=0
[wp-event][C] delivered app_obj=22 wl_callback.done args=1
[wp-proxy] forward obj 3 opcode 1 (3 args)
[wp-proxy] forward obj 3 opcode 9 (4 args)
[wp-proxy] objects+ app_obj=22 wl_callback
[wp-proxy] forward obj 3 opcode 3 (1 args)
[wp-proxy] forward obj 3 opcode 6 (0 args)
[wp-proxy] objects- app_obj=22 wl_callback (was_known=false)
[wp-event][C] delivered app_obj=17 wl_buffer.release args=0
[wp-event][C] delivered app_obj=22 wl_callback.done args=1
[wp-proxy] forward obj 3 opcode 1 (3 args)
[wp-proxy] forward obj 3 opcode 9 (4 args)
[wp-proxy] objects+ app_obj=22 wl_callback
[wp-proxy] forward obj 3 opcode 3 (1 args)
[wp-proxy] forward obj 3 opcode 6 (0 args)
[wp-proxy] objects- app_obj=22 wl_callback (was_known=false)
[wp-event][C] delivered app_obj=19 wl_buffer.release args=0
[wp-event][C] delivered app_obj=22 wl_callback.done args=1
C1METRICS elapsed_us=19022573 app_connected_us=3168539 first_frame_us=3195535 first_frame_after_connect_us=26995 round_trips=11 round_trip_wait_us=57621 c2s_ring_msgs=1174 c2s_ring_bytes=495698 s2c_ring_msgs=0 s2c_ring_bytes=0 c2s_inline_msgs=1184 c2s_inline_bytes=36821 s2c_inline_msgs=0 s2c_inline_bytes=0 c2s_blob_sync_msgs=26601 c2s_blob_sync_bytes=582333 s2c_blob_sync_msgs=3459 s2c_blob_sync_bytes=43049 c2s_replies_msgs=0 c2s_replies_bytes=0 s2c_replies_msgs=1516 s2c_replies_bytes=13711 c2s_control_msgs=1509 c2s_control_bytes=25989 s2c_control_msgs=735 s2c_control_bytes=8090 c2s_total_bytes=1140841 s2c_total_bytes=64850
[wp-proxy] forward obj 3 opcode 1 (3 args)
[wp-proxy] forward obj 3 opcode 9 (4 args)
[wp-proxy] objects+ app_obj=22 wl_callback
[wp-proxy] forward obj 3 opcode 3 (1 args)
[wp-proxy] forward obj 3 opcode 6 (0 args)
[wp-proxy] objects- app_obj=22 wl_callback (was_known=false)
[wp-event][C] delivered app_obj=21 wl_buffer.release args=0
[wp-event][C] delivered app_obj=22 wl_callback.done args=1
[wp-proxy] forward obj 3 opcode 1 (3 args)
[wp-proxy] forward obj 3 opcode 9 (4 args)
[wp-proxy] objects+ app_obj=22 wl_callback
[wp-proxy] forward obj 3 opcode 3 (1 args)
[wp-proxy] forward obj 3 opcode 6 (0 args)
[wp-proxy] objects- app_obj=22 wl_callback (was_known=false)
[wp-event][C] delivered app_obj=23 wl_buffer.release args=0
[wp-event][C] delivered app_obj=22 wl_callback.done args=1
[wp-proxy] forward obj 3 opcode 1 (3 args)
[wp-proxy] forward obj 3 opcode 9 (4 args)
[wp-proxy] objects+ app_obj=22 wl_callback
[wp-proxy] forward obj 3 opcode 3 (1 args)
[wp-proxy] forward obj 3 opcode 6 (0 args)
[wp-proxy] objects- app_obj=22 wl_callback (was_known=false)
[wp-event][C] delivered app_obj=17 wl_buffer.release args=0
[wp-event][C] delivered app_obj=22 wl_callback.done args=1
C1METRICS elapsed_us=19122688 app_connected_us=3168539 first_frame_us=3195535 first_frame_after_connect_us=26995 round_trips=11 round_trip_wait_us=57621 c2s_ring_msgs=1182 c2s_ring_bytes=499504 s2c_ring_msgs=0 s2c_ring_bytes=0 c2s_inline_msgs=1192 c2s_inline_bytes=37069 s2c_inline_msgs=0 s2c_inline_bytes=0 c2s_blob_sync_msgs=26816 c2s_blob_sync_bytes=584979 s2c_blob_sync_msgs=3473 s2c_blob_sync_bytes=43203 c2s_replies_msgs=0 c2s_replies_bytes=0 s2c_replies_msgs=1527 s2c_replies_bytes=13810 c2s_control_msgs=1521 c2s_control_bytes=26196 s2c_control_msgs=741 s2c_control_bytes=8156 c2s_total_bytes=1147748 s2c_total_bytes=65169
[wp-proxy] forward obj 3 opcode 1 (3 args)
[wp-proxy] forward obj 3 opcode 9 (4 args)
[wp-proxy] objects+ app_obj=22 wl_callback
[wp-proxy] forward obj 3 opcode 3 (1 args)
[wp-proxy] forward obj 3 opcode 6 (0 args)
[wp-proxy] objects- app_obj=22 wl_callback (was_known=false)
[wp-event][C] delivered app_obj=19 wl_buffer.release args=0
[wp-event][C] delivered app_obj=22 wl_callback.done args=1
[wp-proxy] forward obj 3 opcode 1 (3 args)
[wp-proxy] forward obj 3 opcode 9 (4 args)
[wp-proxy] objects+ app_obj=22 wl_callback
[wp-proxy] forward obj 3 opcode 3 (1 args)
[wp-proxy] forward obj 3 opcode 6 (0 args)
[wp-proxy] objects- app_obj=22 wl_callback (was_known=false)
[wp-event][C] delivered app_obj=21 wl_buffer.release args=0
[wp-event][C] delivered app_obj=22 wl_callback.done args=1
[wp-proxy] forward obj 3 opcode 1 (3 args)
[wp-proxy] forward obj 3 opcode 9 (4 args)
[wp-proxy] objects+ app_obj=22 wl_callback
[wp-proxy] forward obj 3 opcode 3 (1 args)
[wp-proxy] forward obj 3 opcode 6 (0 args)
[wp-proxy] objects- app_obj=22 wl_callback (was_known=false)
[wp-event][C] delivered app_obj=23 wl_buffer.release args=0
[wp-event][C] delivered app_obj=22 wl_callback.done args=1
C1METRICS elapsed_us=19222797 app_connected_us=3168539 first_frame_us=3195535 first_frame_after_connect_us=26995 round_trips=11 round_trip_wait_us=57621 c2s_ring_msgs=1191 c2s_ring_bytes=503380 s2c_ring_msgs=0 s2c_ring_bytes=0 c2s_inline_msgs=1201 c2s_inline_bytes=37348 s2c_inline_msgs=0 s2c_inline_bytes=0 c2s_blob_sync_msgs=27028 c2s_blob_sync_bytes=587605 s2c_blob_sync_msgs=3488 s2c_blob_sync_bytes=43368 c2s_replies_msgs=0 c2s_replies_bytes=0 s2c_replies_msgs=1540 s2c_replies_bytes=13927 c2s_control_msgs=1533 c2s_control_bytes=26403 s2c_control_msgs=747 s2c_control_bytes=8222 c2s_total_bytes=1154736 s2c_total_bytes=65517
[wp-proxy] forward obj 3 opcode 1 (3 args)
[wp-proxy] forward obj 3 opcode 9 (4 args)
[wp-proxy] objects+ app_obj=22 wl_callback
[wp-proxy] forward obj 3 opcode 3 (1 args)
[wp-proxy] forward obj 3 opcode 6 (0 args)
[wp-proxy] objects- app_obj=22 wl_callback (was_known=false)
[wp-event][C] delivered app_obj=17 wl_buffer.release args=0
[wp-event][C] delivered app_obj=22 wl_callback.done args=1
[wp-proxy] forward obj 3 opcode 1 (3 args)
[wp-proxy] forward obj 3 opcode 9 (4 args)
[wp-proxy] objects+ app_obj=22 wl_callback
[wp-proxy] forward obj 3 opcode 3 (1 args)
[wp-proxy] forward obj 3 opcode 6 (0 args)
[wp-proxy] objects- app_obj=22 wl_callback (was_known=false)
[wp-event][C] delivered app_obj=19 wl_buffer.release args=0
[wp-event][C] delivered app_obj=22 wl_callback.done args=1
[wp-proxy] forward obj 3 opcode 1 (3 args)
[wp-proxy] forward obj 3 opcode 9 (4 args)
[wp-proxy] objects+ app_obj=22 wl_callback
[wp-proxy] forward obj 3 opcode 3 (1 args)
[wp-proxy] forward obj 3 opcode 6 (0 args)
[wp-proxy] objects- app_obj=22 wl_callback (was_known=false)
[wp-event][C] delivered app_obj=21 wl_buffer.release args=0
[wp-event][C] delivered app_obj=22 wl_callback.done args=1
C1METRICS elapsed_us=19322880 app_connected_us=3168539 first_frame_us=3195535 first_frame_after_connect_us=26995 round_trips=11 round_trip_wait_us=57621 c2s_ring_msgs=1200 c2s_ring_bytes=507256 s2c_ring_msgs=0 s2c_ring_bytes=0 c2s_inline_msgs=1210 c2s_inline_bytes=37627 s2c_inline_msgs=0 s2c_inline_bytes=0 c2s_blob_sync_msgs=27242 c2s_blob_sync_bytes=590243 s2c_blob_sync_msgs=3503 s2c_blob_sync_bytes=43533 c2s_replies_msgs=0 c2s_replies_bytes=0 s2c_replies_msgs=1551 s2c_replies_bytes=14026 c2s_control_msgs=1545 c2s_control_bytes=26610 s2c_control_msgs=753 s2c_control_bytes=8288 c2s_total_bytes=1161736 s2c_total_bytes=65847
[wp-proxy] forward obj 3 opcode 1 (3 args)
[wp-proxy] forward obj 3 opcode 9 (4 args)
[wp-proxy] objects+ app_obj=22 wl_callback
[wp-proxy] forward obj 3 opcode 3 (1 args)
[wp-proxy] forward obj 3 opcode 6 (0 args)
[wp-proxy] objects- app_obj=22 wl_callback (was_known=false)
[wp-event][C] delivered app_obj=23 wl_buffer.release args=0
[wp-event][C] delivered app_obj=22 wl_callback.done args=1
[wp-proxy] forward obj 3 opcode 1 (3 args)
[wp-proxy] forward obj 3 opcode 9 (4 args)
[wp-proxy] objects+ app_obj=22 wl_callback
[wp-proxy] forward obj 3 opcode 3 (1 args)
[wp-proxy] forward obj 3 opcode 6 (0 args)
[wp-proxy] objects- app_obj=22 wl_callback (was_known=false)
[wp-event][C] delivered app_obj=17 wl_buffer.release args=0
[wp-event][C] delivered app_obj=22 wl_callback.done args=1
C1METRICS elapsed_us=19422993 app_connected_us=3168539 first_frame_us=3195535 first_frame_after_connect_us=26995 round_trips=11 round_trip_wait_us=57621 c2s_ring_msgs=1206 c2s_ring_bytes=509840 s2c_ring_msgs=0 s2c_ring_bytes=0 c2s_inline_msgs=1216 c2s_inline_bytes=37813 s2c_inline_msgs=0 s2c_inline_bytes=0 c2s_blob_sync_msgs=27385 c2s_blob_sync_bytes=592004 s2c_blob_sync_msgs=3511 s2c_blob_sync_bytes=43621 c2s_replies_msgs=0 c2s_replies_bytes=0 s2c_replies_msgs=1558 s2c_replies_bytes=14089 c2s_control_msgs=1553 c2s_control_bytes=26748 s2c_control_msgs=757 s2c_control_bytes=8332 c2s_total_bytes=1166405 s2c_total_bytes=66042
[wp-proxy] forward obj 3 opcode 1 (3 args)
[wp-proxy] forward obj 3 opcode 9 (4 args)
[wp-proxy] objects+ app_obj=22 wl_callback
[wp-proxy] forward obj 3 opcode 3 (1 args)
[wp-proxy] forward obj 3 opcode 6 (0 args)
[wp-proxy] objects- app_obj=22 wl_callback (was_known=false)
[wp-event][C] delivered app_obj=19 wl_buffer.release args=0
[wp-event][C] delivered app_obj=22 wl_callback.done args=1
[wp-proxy] forward obj 3 opcode 1 (3 args)
[wp-proxy] forward obj 3 opcode 9 (4 args)
[wp-proxy] objects+ app_obj=22 wl_callback
[wp-proxy] forward obj 3 opcode 3 (1 args)
[wp-proxy] forward obj 3 opcode 6 (0 args)
[wp-proxy] objects- app_obj=22 wl_callback (was_known=false)
[wp-event][C] delivered app_obj=21 wl_buffer.release args=0
[wp-event][C] delivered app_obj=22 wl_callback.done args=1
C1METRICS elapsed_us=19523093 app_connected_us=3168539 first_frame_us=3195535 first_frame_after_connect_us=26995 round_trips=11 round_trip_wait_us=57621 c2s_ring_msgs=1212 c2s_ring_bytes=512424 s2c_ring_msgs=0 s2c_ring_bytes=0 c2s_inline_msgs=1222 c2s_inline_bytes=37999 s2c_inline_msgs=0 s2c_inline_bytes=0 c2s_blob_sync_msgs=27524 c2s_blob_sync_bytes=593739 s2c_blob_sync_msgs=3523 s2c_blob_sync_bytes=43753 c2s_replies_msgs=0 c2s_replies_bytes=0 s2c_replies_msgs=1567 s2c_replies_bytes=14170 c2s_control_msgs=1561 c2s_control_bytes=26886 s2c_control_msgs=761 s2c_control_bytes=8376 c2s_total_bytes=1171048 s2c_total_bytes=66299
[wp-proxy] forward obj 3 opcode 1 (3 args)
[wp-proxy] forward obj 3 opcode 9 (4 args)
[wp-proxy] objects+ app_obj=22 wl_callback
[wp-proxy] forward obj 3 opcode 3 (1 args)
[wp-proxy] forward obj 3 opcode 6 (0 args)
[wp-proxy] objects- app_obj=22 wl_callback (was_known=false)
[wp-event][C] delivered app_obj=23 wl_buffer.release args=0
[wp-event][C] delivered app_obj=22 wl_callback.done args=1
[wp-proxy] forward obj 3 opcode 1 (3 args)
[wp-proxy] forward obj 3 opcode 9 (4 args)
[wp-proxy] objects+ app_obj=22 wl_callback
[wp-proxy] forward obj 3 opcode 3 (1 args)
[wp-proxy] forward obj 3 opcode 6 (0 args)
[wp-proxy] objects- app_obj=22 wl_callback (was_known=false)
[wp-event][C] delivered app_obj=17 wl_buffer.release args=0
[wp-event][C] delivered app_obj=22 wl_callback.done args=1
[wp-proxy] forward obj 3 opcode 1 (3 args)
[wp-proxy] forward obj 3 opcode 9 (4 args)
[wp-proxy] objects+ app_obj=22 wl_callback
[wp-proxy] forward obj 3 opcode 3 (1 args)
[wp-proxy] forward obj 3 opcode 6 (0 args)
[wp-proxy] objects- app_obj=22 wl_callback (was_known=false)
C1METRICS elapsed_us=19623180 app_connected_us=3168539 first_frame_us=3195535 first_frame_after_connect_us=26995 round_trips=11 round_trip_wait_us=57621 c2s_ring_msgs=1219 c2s_ring_bytes=515078 s2c_ring_msgs=0 s2c_ring_bytes=0 c2s_inline_msgs=1229 c2s_inline_bytes=38216 s2c_inline_msgs=0 s2c_inline_bytes=0 c2s_blob_sync_msgs=27662 c2s_blob_sync_bytes=595465 s2c_blob_sync_msgs=3534 s2c_blob_sync_bytes=43874 c2s_replies_msgs=0 c2s_replies_bytes=0 s2c_replies_msgs=1577 s2c_replies_bytes=14260 c2s_control_msgs=1573 c2s_control_bytes=27093 s2c_control_msgs=765 s2c_control_bytes=8420 c2s_total_bytes=1175852 s2c_total_bytes=66554
[wp-event][C] delivered app_obj=19 wl_buffer.release args=0
[wp-event][C] delivered app_obj=22 wl_callback.done args=1
[wp-proxy] forward obj 3 opcode 1 (3 args)
[wp-proxy] forward obj 3 opcode 9 (4 args)
[wp-proxy] objects+ app_obj=22 wl_callback
[wp-proxy] forward obj 3 opcode 3 (1 args)
[wp-proxy] forward obj 3 opcode 6 (0 args)
[wp-proxy] objects- app_obj=22 wl_callback (was_known=false)
[wp-event][C] delivered app_obj=21 wl_buffer.release args=0
[wp-event][C] delivered app_obj=22 wl_callback.done args=1
[wp-proxy] forward obj 3 opcode 1 (3 args)
[wp-proxy] forward obj 3 opcode 9 (4 args)
[wp-proxy] objects+ app_obj=22 wl_callback
[wp-proxy] forward obj 3 opcode 3 (1 args)
[wp-proxy] forward obj 3 opcode 6 (0 args)
[wp-proxy] objects- app_obj=22 wl_callback (was_known=false)
[wp-event][C] delivered app_obj=23 wl_buffer.release args=0
[wp-event][C] delivered app_obj=22 wl_callback.done args=1
C1METRICS elapsed_us=19723265 app_connected_us=3168539 first_frame_us=3195535 first_frame_after_connect_us=26995 round_trips=11 round_trip_wait_us=57621 c2s_ring_msgs=1227 c2s_ring_bytes=518884 s2c_ring_msgs=0 s2c_ring_bytes=0 c2s_inline_msgs=1237 c2s_inline_bytes=38464 s2c_inline_msgs=0 s2c_inline_bytes=0 c2s_blob_sync_msgs=27872 c2s_blob_sync_bytes=598076 s2c_blob_sync_msgs=3546 s2c_blob_sync_bytes=44006 c2s_replies_msgs=0 c2s_replies_bytes=0 s2c_replies_msgs=1586 s2c_replies_bytes=14341 c2s_control_msgs=1581 c2s_control_bytes=27231 s2c_control_msgs=771 s2c_control_bytes=8486 c2s_total_bytes=1182655 s2c_total_bytes=66833
[wp-proxy] forward obj 3 opcode 1 (3 args)
[wp-proxy] forward obj 3 opcode 9 (4 args)
[wp-proxy] objects+ app_obj=22 wl_callback
[wp-proxy] forward obj 3 opcode 3 (1 args)
[wp-proxy] forward obj 3 opcode 6 (0 args)
[wp-proxy] objects- app_obj=22 wl_callback (was_known=false)
[wp-event][C] delivered app_obj=17 wl_buffer.release args=0
[wp-event][C] delivered app_obj=22 wl_callback.done args=1
[wp-proxy] forward obj 3 opcode 1 (3 args)
[wp-proxy] forward obj 3 opcode 9 (4 args)
[wp-proxy] objects+ app_obj=22 wl_callback
[wp-proxy] forward obj 3 opcode 3 (1 args)
[wp-proxy] forward obj 3 opcode 6 (0 args)
[wp-proxy] objects- app_obj=22 wl_callback (was_known=false)
[wp-event][C] delivered app_obj=19 wl_buffer.release args=0
[wp-event][C] delivered app_obj=22 wl_callback.done args=1
[wp-proxy] forward obj 3 opcode 1 (3 args)
[wp-proxy] forward obj 3 opcode 9 (4 args)
[wp-proxy] objects+ app_obj=22 wl_callback
[wp-proxy] forward obj 3 opcode 3 (1 args)
[wp-proxy] forward obj 3 opcode 6 (0 args)
[wp-proxy] objects- app_obj=22 wl_callback (was_known=false)
C1METRICS elapsed_us=19823349 app_connected_us=3168539 first_frame_us=3195535 first_frame_after_connect_us=26995 round_trips=11 round_trip_wait_us=57621 c2s_ring_msgs=1234 c2s_ring_bytes=521538 s2c_ring_msgs=0 s2c_ring_bytes=0 c2s_inline_msgs=1244 c2s_inline_bytes=38681 s2c_inline_msgs=0 s2c_inline_bytes=0 c2s_blob_sync_msgs=28015 c2s_blob_sync_bytes=599837 s2c_blob_sync_msgs=3559 s2c_blob_sync_bytes=44149 c2s_replies_msgs=0 c2s_replies_bytes=0 s2c_replies_msgs=1597 s2c_replies_bytes=14440 c2s_control_msgs=1593 c2s_control_bytes=27438 s2c_control_msgs=775 s2c_control_bytes=8530 c2s_total_bytes=1187494 s2c_total_bytes=67119
[wp-event][C] delivered app_obj=21 wl_buffer.release args=0
[wp-event][C] delivered app_obj=22 wl_callback.done args=1
[wp-proxy] forward obj 3 opcode 1 (3 args)
[wp-proxy] forward obj 3 opcode 9 (4 args)
[wp-proxy] objects+ app_obj=22 wl_callback
[wp-proxy] forward obj 3 opcode 3 (1 args)
[wp-proxy] forward obj 3 opcode 6 (0 args)
[wp-proxy] objects- app_obj=22 wl_callback (was_known=false)
[wp-event][C] delivered app_obj=23 wl_buffer.release args=0
[wp-event][C] delivered app_obj=22 wl_callback.done args=1
[wp-proxy] forward obj 3 opcode 1 (3 args)
[wp-proxy] forward obj 3 opcode 9 (4 args)
[wp-proxy] objects+ app_obj=22 wl_callback
[wp-proxy] forward obj 3 opcode 3 (1 args)
[wp-proxy] forward obj 3 opcode 6 (0 args)
[wp-proxy] objects- app_obj=22 wl_callback (was_known=false)
[wp-event][C] delivered app_obj=17 wl_buffer.release args=0
[wp-event][C] delivered app_obj=22 wl_callback.done args=1
C1METRICS elapsed_us=19923446 app_connected_us=3168539 first_frame_us=3195535 first_frame_after_connect_us=26995 round_trips=11 round_trip_wait_us=57621 c2s_ring_msgs=1242 c2s_ring_bytes=525344 s2c_ring_msgs=0 s2c_ring_bytes=0 c2s_inline_msgs=1252 c2s_inline_bytes=38929 s2c_inline_msgs=0 s2c_inline_bytes=0 c2s_blob_sync_msgs=28228 c2s_blob_sync_bytes=602469 s2c_blob_sync_msgs=3571 s2c_blob_sync_bytes=44281 c2s_replies_msgs=0 c2s_replies_bytes=0 s2c_replies_msgs=1606 s2c_replies_bytes=14521 c2s_control_msgs=1601 c2s_control_bytes=27576 s2c_control_msgs=781 s2c_control_bytes=8596 c2s_total_bytes=1194318 s2c_total_bytes=67398
[wp-proxy] forward obj 3 opcode 1 (3 args)
[wp-proxy] forward obj 3 opcode 9 (4 args)
[wp-proxy] objects+ app_obj=22 wl_callback
[wp-proxy] forward obj 3 opcode 3 (1 args)
[wp-proxy] forward obj 3 opcode 6 (0 args)
[wp-proxy] objects- app_obj=22 wl_callback (was_known=false)
[wp-event][C] delivered app_obj=19 wl_buffer.release args=0
[wp-event][C] delivered app_obj=22 wl_callback.done args=1
[wp-proxy] forward obj 3 opcode 1 (3 args)
[wp-proxy] forward obj 3 opcode 9 (4 args)
[wp-proxy] objects+ app_obj=22 wl_callback
[wp-proxy] forward obj 3 opcode 3 (1 args)
[wp-proxy] forward obj 3 opcode 6 (0 args)
[wp-proxy] objects- app_obj=22 wl_callback (was_known=false)
[wp-event][C] delivered app_obj=21 wl_buffer.release args=0
[wp-event][C] delivered app_obj=22 wl_callback.done args=1
[wp-proxy] forward obj 3 opcode 1 (3 args)
[wp-proxy] forward obj 3 opcode 9 (4 args)
[wp-proxy] objects+ app_obj=22 wl_callback
[wp-proxy] forward obj 3 opcode 3 (1 args)
[wp-proxy] forward obj 3 opcode 6 (0 args)
[wp-proxy] objects- app_obj=22 wl_callback (was_known=false)
C1METRICS elapsed_us=20023531 app_connected_us=3168539 first_frame_us=3195535 first_frame_after_connect_us=26995 round_trips=11 round_trip_wait_us=57621 c2s_ring_msgs=1250 c2s_ring_bytes=528165 s2c_ring_msgs=0 s2c_ring_bytes=0 c2s_inline_msgs=1260 c2s_inline_bytes=39177 s2c_inline_msgs=0 s2c_inline_bytes=0 c2s_blob_sync_msgs=28370 c2s_blob_sync_bytes=604224 s2c_blob_sync_msgs=3584 s2c_blob_sync_bytes=44424 c2s_replies_msgs=0 c2s_replies_bytes=0 s2c_replies_msgs=1617 s2c_replies_bytes=14620 c2s_control_msgs=1613 c2s_control_bytes=27783 s2c_control_msgs=785 s2c_control_bytes=8640 c2s_total_bytes=1199349 s2c_total_bytes=67684
[wp-event][C] delivered app_obj=23 wl_buffer.release args=0
[wp-event][C] delivered app_obj=22 wl_callback.done args=1
[wp-proxy] forward obj 3 opcode 1 (3 args)
[wp-proxy] forward obj 3 opcode 9 (4 args)
[wp-proxy] objects+ app_obj=22 wl_callback
[wp-proxy] forward obj 3 opcode 3 (1 args)
[wp-proxy] forward obj 3 opcode 6 (0 args)
[wp-proxy] objects- app_obj=22 wl_callback (was_known=false)
[wp-event][C] delivered app_obj=17 wl_buffer.release args=0
[wp-event][C] delivered app_obj=22 wl_callback.done args=1
[wp-proxy] forward obj 3 opcode 1 (3 args)
[wp-proxy] forward obj 3 opcode 9 (4 args)
[wp-proxy] objects+ app_obj=22 wl_callback
[wp-proxy] forward obj 3 opcode 3 (1 args)
[wp-proxy] forward obj 3 opcode 6 (0 args)
[wp-proxy] objects- app_obj=22 wl_callback (was_known=false)
[wp-event][C] delivered app_obj=19 wl_buffer.release args=0
[wp-event][C] delivered app_obj=22 wl_callback.done args=1
C1METRICS elapsed_us=20123628 app_connected_us=3168539 first_frame_us=3195535 first_frame_after_connect_us=26995 round_trips=11 round_trip_wait_us=57621 c2s_ring_msgs=1257 c2s_ring_bytes=531804 s2c_ring_msgs=0 s2c_ring_bytes=0 c2s_inline_msgs=1267 c2s_inline_bytes=39394 s2c_inline_msgs=0 s2c_inline_bytes=0 c2s_blob_sync_msgs=28585 c2s_blob_sync_bytes=606870 s2c_blob_sync_msgs=3598 s2c_blob_sync_bytes=44578 c2s_replies_msgs=0 c2s_replies_bytes=0 s2c_replies_msgs=1628 s2c_replies_bytes=14719 c2s_control_msgs=1621 c2s_control_bytes=27921 s2c_control_msgs=791 s2c_control_bytes=8706 c2s_total_bytes=1205989 s2c_total_bytes=68003
[wp-proxy] forward obj 3 opcode 1 (3 args)
[wp-proxy] forward obj 3 opcode 9 (4 args)
[wp-proxy] objects+ app_obj=22 wl_callback
[wp-proxy] forward obj 3 opcode 3 (1 args)
[wp-proxy] forward obj 3 opcode 6 (0 args)
[wp-proxy] objects- app_obj=22 wl_callback (was_known=false)
[wp-event][C] delivered app_obj=21 wl_buffer.release args=0
[wp-event][C] delivered app_obj=22 wl_callback.done args=1
[wp-proxy] forward obj 3 opcode 1 (3 args)
[wp-proxy] forward obj 3 opcode 9 (4 args)
[wp-proxy] objects+ app_obj=22 wl_callback
[wp-proxy] forward obj 3 opcode 3 (1 args)
[wp-proxy] forward obj 3 opcode 6 (0 args)
[wp-proxy] objects- app_obj=22 wl_callback (was_known=false)
[wp-event][C] delivered app_obj=23 wl_buffer.release args=0
[wp-event][C] delivered app_obj=22 wl_callback.done args=1
[wp-proxy] forward obj 3 opcode 1 (3 args)
[wp-proxy] forward obj 3 opcode 9 (4 args)
[wp-proxy] objects+ app_obj=22 wl_callback
[wp-proxy] forward obj 3 opcode 3 (1 args)
[wp-proxy] forward obj 3 opcode 6 (0 args)
[wp-proxy] objects- app_obj=22 wl_callback (was_known=false)
C1METRICS elapsed_us=20223683 app_connected_us=3168539 first_frame_us=3195535 first_frame_after_connect_us=26995 round_trips=11 round_trip_wait_us=57621 c2s_ring_msgs=1264 c2s_ring_bytes=534458 s2c_ring_msgs=0 s2c_ring_bytes=0 c2s_inline_msgs=1274 c2s_inline_bytes=39611 s2c_inline_msgs=0 s2c_inline_bytes=0 c2s_blob_sync_msgs=28727 c2s_blob_sync_bytes=608625 s2c_blob_sync_msgs=3609 s2c_blob_sync_bytes=44699 c2s_replies_msgs=0 c2s_replies_bytes=0 s2c_replies_msgs=1639 s2c_replies_bytes=14818 c2s_control_msgs=1633 c2s_control_bytes=28128 s2c_control_msgs=795 s2c_control_bytes=8750 c2s_total_bytes=1210822 s2c_total_bytes=68267
[wp-event][C] delivered app_obj=17 wl_buffer.release args=0
[wp-event][C] delivered app_obj=22 wl_callback.done args=1
[wp-proxy] forward obj 3 opcode 1 (3 args)
[wp-proxy] forward obj 3 opcode 9 (4 args)
[wp-proxy] objects+ app_obj=22 wl_callback
[wp-proxy] forward obj 3 opcode 3 (1 args)
[wp-proxy] forward obj 3 opcode 6 (0 args)
[wp-proxy] objects- app_obj=22 wl_callback (was_known=false)
[wp-event][C] delivered app_obj=19 wl_buffer.release args=0
[wp-event][C] delivered app_obj=22 wl_callback.done args=1
[wp-proxy] forward obj 3 opcode 1 (3 args)
[wp-proxy] forward obj 3 opcode 9 (4 args)
[wp-proxy] objects+ app_obj=22 wl_callback
[wp-proxy] forward obj 3 opcode 3 (1 args)
[wp-proxy] forward obj 3 opcode 6 (0 args)
[wp-proxy] objects- app_obj=22 wl_callback (was_known=false)
[wp-event][C] delivered app_obj=21 wl_buffer.release args=0
[wp-event][C] delivered app_obj=22 wl_callback.done args=1
C1METRICS elapsed_us=20323769 app_connected_us=3168539 first_frame_us=3195535 first_frame_after_connect_us=26995 round_trips=11 round_trip_wait_us=57621 c2s_ring_msgs=1271 c2s_ring_bytes=537209 s2c_ring_msgs=0 s2c_ring_bytes=0 c2s_inline_msgs=1281 c2s_inline_bytes=39828 s2c_inline_msgs=0 s2c_inline_bytes=0 c2s_blob_sync_msgs=28869 c2s_blob_sync_bytes=610379 s2c_blob_sync_msgs=3621 s2c_blob_sync_bytes=44831 c2s_replies_msgs=0 c2s_replies_bytes=0 s2c_replies_msgs=1648 s2c_replies_bytes=14899 c2s_control_msgs=1641 c2s_control_bytes=28266 s2c_control_msgs=801 s2c_control_bytes=8816 c2s_total_bytes=1215682 s2c_total_bytes=68546
[wp-proxy] forward obj 3 opcode 1 (3 args)
[wp-proxy] forward obj 3 opcode 9 (4 args)
[wp-proxy] objects+ app_obj=22 wl_callback
[wp-proxy] forward obj 3 opcode 3 (1 args)
[wp-proxy] forward obj 3 opcode 6 (0 args)
[wp-proxy] objects- app_obj=22 wl_callback (was_known=false)
[wp-event][C] delivered app_obj=23 wl_buffer.release args=0
[wp-event][C] delivered app_obj=22 wl_callback.done args=1
[wp-proxy] forward obj 3 opcode 1 (3 args)
[wp-proxy] forward obj 3 opcode 9 (4 args)
[wp-proxy] objects+ app_obj=22 wl_callback
[wp-proxy] forward obj 3 opcode 3 (1 args)
[wp-proxy] forward obj 3 opcode 6 (0 args)
[wp-proxy] objects- app_obj=22 wl_callback (was_known=false)
[wp-event][C] delivered app_obj=17 wl_buffer.release args=0
[wp-event][C] delivered app_obj=22 wl_callback.done args=1
C1METRICS elapsed_us=20423861 app_connected_us=3168539 first_frame_us=3195535 first_frame_after_connect_us=26995 round_trips=11 round_trip_wait_us=57621 c2s_ring_msgs=1280 c2s_ring_bytes=540929 s2c_ring_msgs=0 s2c_ring_bytes=0 c2s_inline_msgs=1290 c2s_inline_bytes=40107 s2c_inline_msgs=0 s2c_inline_bytes=0 c2s_blob_sync_msgs=29081 c2s_blob_sync_bytes=613005 s2c_blob_sync_msgs=3634 s2c_blob_sync_bytes=44974 c2s_replies_msgs=0 c2s_replies_bytes=0 s2c_replies_msgs=1659 s2c_replies_bytes=14998 c2s_control_msgs=1649 c2s_control_bytes=28404 s2c_control_msgs=805 s2c_control_bytes=8860 c2s_total_bytes=1222445 s2c_total_bytes=68832
[wp-proxy] forward obj 3 opcode 1 (3 args)
[wp-proxy] forward obj 3 opcode 9 (4 args)
[wp-proxy] objects+ app_obj=22 wl_callback
[wp-proxy] forward obj 3 opcode 3 (1 args)
[wp-proxy] forward obj 3 opcode 6 (0 args)
[wp-proxy] objects- app_obj=22 wl_callback (was_known=false)
[wp-event][C] delivered app_obj=19 wl_buffer.release args=0
[wp-event][C] delivered app_obj=22 wl_callback.done args=1
[wp-proxy] forward obj 3 opcode 1 (3 args)
[wp-proxy] forward obj 3 opcode 9 (4 args)
[wp-proxy] objects+ app_obj=22 wl_callback
[wp-proxy] forward obj 3 opcode 3 (1 args)
[wp-proxy] forward obj 3 opcode 6 (0 args)
[wp-proxy] objects- app_obj=22 wl_callback (was_known=false)
[wp-event][C] delivered app_obj=21 wl_buffer.release args=0
[wp-event][C] delivered app_obj=22 wl_callback.done args=1
[wp-proxy] forward obj 3 opcode 1 (3 args)
[wp-proxy] forward obj 3 opcode 9 (4 args)
[wp-proxy] objects+ app_obj=22 wl_callback
[wp-proxy] forward obj 3 opcode 3 (1 args)
[wp-proxy] forward obj 3 opcode 6 (0 args)
[wp-proxy] objects- app_obj=22 wl_callback (was_known=false)
[wp-event][C] delivered app_obj=23 wl_buffer.release args=0
[wp-event][C] delivered app_obj=22 wl_callback.done args=1
C1METRICS elapsed_us=20523952 app_connected_us=3168539 first_frame_us=3195535 first_frame_after_connect_us=26995 round_trips=11 round_trip_wait_us=57621 c2s_ring_msgs=1288 c2s_ring_bytes=544735 s2c_ring_msgs=0 s2c_ring_bytes=0 c2s_inline_msgs=1298 c2s_inline_bytes=40355 s2c_inline_msgs=0 s2c_inline_bytes=0 c2s_blob_sync_msgs=29291 c2s_blob_sync_bytes=615611 s2c_blob_sync_msgs=3646 s2c_blob_sync_bytes=45106 c2s_replies_msgs=0 c2s_replies_bytes=0 s2c_replies_msgs=1668 s2c_replies_bytes=15079 c2s_control_msgs=1661 c2s_control_bytes=28611 s2c_control_msgs=811 s2c_control_bytes=8926 c2s_total_bytes=1229312 s2c_total_bytes=69111
[wp-proxy] forward obj 3 opcode 1 (3 args)
[wp-proxy] forward obj 3 opcode 9 (4 args)
[wp-proxy] objects+ app_obj=22 wl_callback
[wp-proxy] forward obj 3 opcode 3 (1 args)
[wp-proxy] forward obj 3 opcode 6 (0 args)
[wp-proxy] objects- app_obj=22 wl_callback (was_known=false)
[wp-event][C] delivered app_obj=17 wl_buffer.release args=0
[wp-event][C] delivered app_obj=22 wl_callback.done args=1
[wp-proxy] forward obj 3 opcode 1 (3 args)
[wp-proxy] forward obj 3 opcode 9 (4 args)
[wp-proxy] objects+ app_obj=22 wl_callback
[wp-proxy] forward obj 3 opcode 3 (1 args)
[wp-proxy] forward obj 3 opcode 6 (0 args)
[wp-proxy] objects- app_obj=22 wl_callback (was_known=false)
[wp-event][C] delivered app_obj=19 wl_buffer.release args=0
[wp-event][C] delivered app_obj=22 wl_callback.done args=1
C1METRICS elapsed_us=20624055 app_connected_us=3168539 first_frame_us=3195535 first_frame_after_connect_us=26995 round_trips=11 round_trip_wait_us=57621 c2s_ring_msgs=1294 c2s_ring_bytes=547319 s2c_ring_msgs=0 s2c_ring_bytes=0 c2s_inline_msgs=1304 c2s_inline_bytes=40541 s2c_inline_msgs=0 s2c_inline_bytes=0 c2s_blob_sync_msgs=29431 c2s_blob_sync_bytes=617353 s2c_blob_sync_msgs=3658 s2c_blob_sync_bytes=45238 c2s_replies_msgs=0 c2s_replies_bytes=0 s2c_replies_msgs=1676 s2c_replies_bytes=15151 c2s_control_msgs=1669 c2s_control_bytes=28749 s2c_control_msgs=815 s2c_control_bytes=8970 c2s_total_bytes=1233962 s2c_total_bytes=69359
[wp-proxy] forward obj 3 opcode 1 (3 args)
[wp-proxy] forward obj 3 opcode 9 (4 args)
[wp-proxy] objects+ app_obj=22 wl_callback
[wp-proxy] forward obj 3 opcode 3 (1 args)
[wp-proxy] forward obj 3 opcode 6 (0 args)
[wp-proxy] objects- app_obj=22 wl_callback (was_known=false)
[wp-event][C] delivered app_obj=21 wl_buffer.release args=0
[wp-event][C] delivered app_obj=22 wl_callback.done args=1
[wp-proxy] forward obj 3 opcode 1 (3 args)
[wp-proxy] forward obj 3 opcode 9 (4 args)
[wp-proxy] objects+ app_obj=22 wl_callback
[wp-proxy] forward obj 3 opcode 3 (1 args)
[wp-proxy] forward obj 3 opcode 6 (0 args)
[wp-proxy] objects- app_obj=22 wl_callback (was_known=false)
[wp-event][C] delivered app_obj=23 wl_buffer.release args=0
[wp-event][C] delivered app_obj=22 wl_callback.done args=1
[wp-proxy] forward obj 3 opcode 1 (3 args)
[wp-proxy] forward obj 3 opcode 9 (4 args)
[wp-proxy] objects+ app_obj=22 wl_callback
[wp-proxy] forward obj 3 opcode 3 (1 args)
[wp-proxy] forward obj 3 opcode 6 (0 args)
[wp-proxy] objects- app_obj=22 wl_callback (was_known=false)
C1METRICS elapsed_us=20724169 app_connected_us=3168539 first_frame_us=3195535 first_frame_after_connect_us=26995 round_trips=11 round_trip_wait_us=57621 c2s_ring_msgs=1302 c2s_ring_bytes=550140 s2c_ring_msgs=0 s2c_ring_bytes=0 c2s_inline_msgs=1312 c2s_inline_bytes=40789 s2c_inline_msgs=0 s2c_inline_bytes=0 c2s_blob_sync_msgs=29574 c2s_blob_sync_bytes=619114 s2c_blob_sync_msgs=3669 s2c_blob_sync_bytes=45359 c2s_replies_msgs=0 c2s_replies_bytes=0 s2c_replies_msgs=1687 s2c_replies_bytes=15250 c2s_control_msgs=1681 c2s_control_bytes=28956 s2c_control_msgs=819 s2c_control_bytes=9014 c2s_total_bytes=1238999 s2c_total_bytes=69623
[wp-event][C] delivered app_obj=17 wl_buffer.release args=0
[wp-event][C] delivered app_obj=22 wl_callback.done args=1
[wp-proxy] forward obj 3 opcode 1 (3 args)
[wp-proxy] forward obj 3 opcode 9 (4 args)
[wp-proxy] objects+ app_obj=22 wl_callback
[wp-proxy] forward obj 3 opcode 3 (1 args)
[wp-proxy] forward obj 3 opcode 6 (0 args)
[wp-proxy] objects- app_obj=22 wl_callback (was_known=false)
[wp-event][C] delivered app_obj=19 wl_buffer.release args=0
[wp-event][C] delivered app_obj=22 wl_callback.done args=1
[wp-proxy] forward obj 3 opcode 1 (3 args)
[wp-proxy] forward obj 3 opcode 9 (4 args)
[wp-proxy] objects+ app_obj=22 wl_callback
[wp-proxy] forward obj 3 opcode 3 (1 args)
[wp-proxy] forward obj 3 opcode 6 (0 args)
[wp-proxy] objects- app_obj=22 wl_callback (was_known=false)
C1METRICS elapsed_us=20824270 app_connected_us=3168539 first_frame_us=3195535 first_frame_after_connect_us=26995 round_trips=11 round_trip_wait_us=57621 c2s_ring_msgs=1308 c2s_ring_bytes=552724 s2c_ring_msgs=0 s2c_ring_bytes=0 c2s_inline_msgs=1318 c2s_inline_bytes=40975 s2c_inline_msgs=0 s2c_inline_bytes=0 c2s_blob_sync_msgs=29717 c2s_blob_sync_bytes=620875 s2c_blob_sync_msgs=3679 s2c_blob_sync_bytes=45469 c2s_replies_msgs=0 c2s_replies_bytes=0 s2c_replies_msgs=1696 s2c_replies_bytes=15331 c2s_control_msgs=1689 c2s_control_bytes=29094 s2c_control_msgs=823 s2c_control_bytes=9058 c2s_total_bytes=1243668 s2c_total_bytes=69858
[wp-event][C] delivered app_obj=21 wl_buffer.release args=0
[wp-event][C] delivered app_obj=22 wl_callback.done args=1
[wp-proxy] forward obj 3 opcode 1 (3 args)
[wp-proxy] forward obj 3 opcode 9 (4 args)
[wp-proxy] objects+ app_obj=22 wl_callback
[wp-proxy] forward obj 3 opcode 3 (1 args)
[wp-proxy] forward obj 3 opcode 6 (0 args)
[wp-proxy] objects- app_obj=22 wl_callback (was_known=false)
[wp-event][C] delivered app_obj=23 wl_buffer.release args=0
[wp-event][C] delivered app_obj=22 wl_callback.done args=1
[wp-proxy] forward obj 3 opcode 1 (3 args)
[wp-proxy] forward obj 3 opcode 9 (4 args)
[wp-proxy] objects+ app_obj=22 wl_callback
[wp-proxy] forward obj 3 opcode 3 (1 args)
[wp-proxy] forward obj 3 opcode 6 (0 args)
[wp-proxy] objects- app_obj=22 wl_callback (was_known=false)
[wp-event][C] delivered app_obj=17 wl_buffer.release args=0
[wp-event][C] delivered app_obj=22 wl_callback.done args=1
C1METRICS elapsed_us=20924315 app_connected_us=3168539 first_frame_us=3195535 first_frame_after_connect_us=26995 round_trips=11 round_trip_wait_us=57621 c2s_ring_msgs=1315 c2s_ring_bytes=556363 s2c_ring_msgs=0 s2c_ring_bytes=0 c2s_inline_msgs=1325 c2s_inline_bytes=41192 s2c_inline_msgs=0 s2c_inline_bytes=0 c2s_blob_sync_msgs=29930 c2s_blob_sync_bytes=623508 s2c_blob_sync_msgs=3693 s2c_blob_sync_bytes=45623 c2s_replies_msgs=0 c2s_replies_bytes=0 s2c_replies_msgs=1706 s2c_replies_bytes=15421 c2s_control_msgs=1697 c2s_control_bytes=29232 s2c_control_msgs=829 s2c_control_bytes=9124 c2s_total_bytes=1250295 s2c_total_bytes=70168
[wp-proxy] forward obj 3 opcode 1 (3 args)
[wp-proxy] forward obj 3 opcode 9 (4 args)
[wp-proxy] objects+ app_obj=22 wl_callback
[wp-proxy] forward obj 3 opcode 3 (1 args)
[wp-proxy] forward obj 3 opcode 6 (0 args)
[wp-proxy] objects- app_obj=22 wl_callback (was_known=false)
[wp-event][C] delivered app_obj=19 wl_buffer.release args=0
[wp-event][C] delivered app_obj=22 wl_callback.done args=1
[wp-proxy] forward obj 3 opcode 1 (3 args)
[wp-proxy] forward obj 3 opcode 9 (4 args)
[wp-proxy] objects+ app_obj=22 wl_callback
[wp-proxy] forward obj 3 opcode 3 (1 args)
[wp-proxy] forward obj 3 opcode 6 (0 args)
[wp-proxy] objects- app_obj=22 wl_callback (was_known=false)
[wp-event][C] delivered app_obj=21 wl_buffer.release args=0
[wp-event][C] delivered app_obj=22 wl_callback.done args=1
[wp-proxy] forward obj 3 opcode 1 (3 args)
[wp-proxy] forward obj 3 opcode 9 (4 args)
[wp-proxy] objects+ app_obj=22 wl_callback
[wp-proxy] forward obj 3 opcode 3 (1 args)
[wp-proxy] forward obj 3 opcode 6 (0 args)
[wp-proxy] objects- app_obj=22 wl_callback (was_known=false)
[wp-event][C] delivered app_obj=23 wl_buffer.release args=0
[wp-event][C] delivered app_obj=22 wl_callback.done args=1
C1METRICS elapsed_us=21024397 app_connected_us=3168539 first_frame_us=3195535 first_frame_after_connect_us=26995 round_trips=11 round_trip_wait_us=57621 c2s_ring_msgs=1325 c2s_ring_bytes=560250 s2c_ring_msgs=0 s2c_ring_bytes=0 c2s_inline_msgs=1335 c2s_inline_bytes=41502 s2c_inline_msgs=0 s2c_inline_bytes=0 c2s_blob_sync_msgs=30144 c2s_blob_sync_bytes=626147 s2c_blob_sync_msgs=3706 s2c_blob_sync_bytes=45766 c2s_replies_msgs=0 c2s_replies_bytes=0 s2c_replies_msgs=1718 s2c_replies_bytes=15529 c2s_control_msgs=1709 c2s_control_bytes=29439 s2c_control_msgs=835 s2c_control_bytes=9190 c2s_total_bytes=1257338 s2c_total_bytes=70485
[wp-proxy] forward obj 3 opcode 1 (3 args)
[wp-proxy] forward obj 3 opcode 9 (4 args)
[wp-proxy] objects+ app_obj=22 wl_callback
[wp-proxy] forward obj 3 opcode 3 (1 args)
[wp-proxy] forward obj 3 opcode 6 (0 args)
[wp-proxy] objects- app_obj=22 wl_callback (was_known=false)
[wp-event][C] delivered app_obj=17 wl_buffer.release args=0
[wp-event][C] delivered app_obj=22 wl_callback.done args=1
[wp-proxy] forward obj 3 opcode 1 (3 args)
[wp-proxy] forward obj 3 opcode 9 (4 args)
[wp-proxy] objects+ app_obj=22 wl_callback
[wp-proxy] forward obj 3 opcode 3 (1 args)
[wp-proxy] forward obj 3 opcode 6 (0 args)
[wp-proxy] objects- app_obj=22 wl_callback (was_known=false)
[wp-event][C] delivered app_obj=19 wl_buffer.release args=0
[wp-event][C] delivered app_obj=22 wl_callback.done args=1
[wp-proxy] forward obj 3 opcode 1 (3 args)
[wp-proxy] forward obj 3 opcode 9 (4 args)
[wp-proxy] objects+ app_obj=22 wl_callback
[wp-proxy] forward obj 3 opcode 3 (1 args)
[wp-proxy] forward obj 3 opcode 6 (0 args)
[wp-proxy] objects- app_obj=22 wl_callback (was_known=false)
[wp-event][C] delivered app_obj=21 wl_buffer.release args=0
[wp-event][C] delivered app_obj=22 wl_callback.done args=1
C1METRICS elapsed_us=21124490 app_connected_us=3168539 first_frame_us=3195535 first_frame_after_connect_us=26995 round_trips=11 round_trip_wait_us=57621 c2s_ring_msgs=1334 c2s_ring_bytes=564126 s2c_ring_msgs=0 s2c_ring_bytes=0 c2s_inline_msgs=1344 c2s_inline_bytes=41781 s2c_inline_msgs=0 s2c_inline_bytes=0 c2s_blob_sync_msgs=30357 c2s_blob_sync_bytes=628779 s2c_blob_sync_msgs=3721 s2c_blob_sync_bytes=45931 c2s_replies_msgs=0 c2s_replies_bytes=0 s2c_replies_msgs=1729 s2c_replies_bytes=15628 c2s_control_msgs=1721 c2s_control_bytes=29646 s2c_control_msgs=841 s2c_control_bytes=9256 c2s_total_bytes=1264332 s2c_total_bytes=70815
[wp-proxy] forward obj 3 opcode 1 (3 args)
[wp-proxy] forward obj 3 opcode 9 (4 args)
[wp-proxy] objects+ app_obj=22 wl_callback
[wp-proxy] forward obj 3 opcode 3 (1 args)
[wp-proxy] forward obj 3 opcode 6 (0 args)
[wp-proxy] objects- app_obj=22 wl_callback (was_known=false)
[wp-event][C] delivered app_obj=23 wl_buffer.release args=0
[wp-event][C] delivered app_obj=22 wl_callback.done args=1
[wp-proxy] forward obj 3 opcode 1 (3 args)
[wp-proxy] forward obj 3 opcode 9 (4 args)
[wp-proxy] objects+ app_obj=22 wl_callback
[wp-proxy] forward obj 3 opcode 3 (1 args)
[wp-proxy] forward obj 3 opcode 6 (0 args)
[wp-proxy] objects- app_obj=22 wl_callback (was_known=false)
[wp-event][C] delivered app_obj=17 wl_buffer.release args=0
[wp-event][C] delivered app_obj=22 wl_callback.done args=1
[wp-proxy] forward obj 3 opcode 1 (3 args)
[wp-proxy] forward obj 3 opcode 9 (4 args)
[wp-proxy] objects+ app_obj=22 wl_callback
[wp-proxy] forward obj 3 opcode 3 (1 args)
[wp-proxy] forward obj 3 opcode 6 (0 args)
[wp-proxy] objects- app_obj=22 wl_callback (was_known=false)
C1METRICS elapsed_us=21224582 app_connected_us=3168539 first_frame_us=3195535 first_frame_after_connect_us=26995 round_trips=11 round_trip_wait_us=57621 c2s_ring_msgs=1342 c2s_ring_bytes=566947 s2c_ring_msgs=0 s2c_ring_bytes=0 c2s_inline_msgs=1352 c2s_inline_bytes=42029 s2c_inline_msgs=0 s2c_inline_bytes=0 c2s_blob_sync_msgs=30500 c2s_blob_sync_bytes=630540 s2c_blob_sync_msgs=3734 s2c_blob_sync_bytes=46074 c2s_replies_msgs=0 c2s_replies_bytes=0 s2c_replies_msgs=1739 s2c_replies_bytes=15718 c2s_control_msgs=1733 c2s_control_bytes=29853 s2c_control_msgs=845 s2c_control_bytes=9300 c2s_total_bytes=1269369 s2c_total_bytes=71092
[wp-event][C] delivered app_obj=19 wl_buffer.release args=0
[wp-event][C] delivered app_obj=22 wl_callback.done args=1
[wp-proxy] forward obj 3 opcode 1 (3 args)
[wp-proxy] forward obj 3 opcode 9 (4 args)
[wp-proxy] objects+ app_obj=22 wl_callback
[wp-proxy] forward obj 3 opcode 3 (1 args)
[wp-proxy] forward obj 3 opcode 6 (0 args)
[wp-proxy] objects- app_obj=22 wl_callback (was_known=false)
[wp-event][C] delivered app_obj=21 wl_buffer.release args=0
[wp-event][C] delivered app_obj=22 wl_callback.done args=1
[wp-proxy] forward obj 3 opcode 1 (3 args)
[wp-proxy] forward obj 3 opcode 9 (4 args)
[wp-proxy] objects+ app_obj=22 wl_callback
[wp-proxy] forward obj 3 opcode 3 (1 args)
[wp-proxy] forward obj 3 opcode 6 (0 args)
[wp-proxy] objects- app_obj=22 wl_callback (was_known=false)
[wp-event][C] delivered app_obj=23 wl_buffer.release args=0
[wp-event][C] delivered app_obj=22 wl_callback.done args=1
C1METRICS elapsed_us=21324680 app_connected_us=3168539 first_frame_us=3195535 first_frame_after_connect_us=26995 round_trips=11 round_trip_wait_us=57621 c2s_ring_msgs=1349 c2s_ring_bytes=570586 s2c_ring_msgs=0 s2c_ring_bytes=0 c2s_inline_msgs=1359 c2s_inline_bytes=42246 s2c_inline_msgs=0 s2c_inline_bytes=0 c2s_blob_sync_msgs=30710 c2s_blob_sync_bytes=633152 s2c_blob_sync_msgs=3748 s2c_blob_sync_bytes=46228 c2s_replies_msgs=0 c2s_replies_bytes=0 s2c_replies_msgs=1747 s2c_replies_bytes=15790 c2s_control_msgs=1741 c2s_control_bytes=29991 s2c_control_msgs=851 s2c_control_bytes=9366 c2s_total_bytes=1275975 s2c_total_bytes=71384
[wp-proxy] forward obj 3 opcode 1 (3 args)
[wp-proxy] forward obj 3 opcode 9 (4 args)
[wp-proxy] objects+ app_obj=22 wl_callback
[wp-proxy] forward obj 3 opcode 3 (1 args)
[wp-proxy] forward obj 3 opcode 6 (0 args)
[wp-proxy] objects- app_obj=22 wl_callback (was_known=false)
[wp-event][C] delivered app_obj=17 wl_buffer.release args=0
[wp-event][C] delivered app_obj=22 wl_callback.done args=1
[wp-proxy] forward obj 3 opcode 1 (3 args)
[wp-proxy] forward obj 3 opcode 9 (4 args)
[wp-proxy] objects+ app_obj=22 wl_callback
[wp-proxy] forward obj 3 opcode 3 (1 args)
[wp-proxy] forward obj 3 opcode 6 (0 args)
[wp-proxy] objects- app_obj=22 wl_callback (was_known=false)
[wp-event][C] delivered app_obj=19 wl_buffer.release args=0
[wp-event][C] delivered app_obj=22 wl_callback.done args=1
[wp-proxy] forward obj 3 opcode 1 (3 args)
[wp-proxy] forward obj 3 opcode 9 (4 args)
[wp-proxy] objects+ app_obj=22 wl_callback
[wp-proxy] forward obj 3 opcode 3 (1 args)
[wp-proxy] forward obj 3 opcode 6 (0 args)
[wp-proxy] objects- app_obj=22 wl_callback (was_known=false)
C1METRICS elapsed_us=21424774 app_connected_us=3168539 first_frame_us=3195535 first_frame_after_connect_us=26995 round_trips=11 round_trip_wait_us=57621 c2s_ring_msgs=1357 c2s_ring_bytes=573407 s2c_ring_msgs=0 s2c_ring_bytes=0 c2s_inline_msgs=1367 c2s_inline_bytes=42494 s2c_inline_msgs=0 s2c_inline_bytes=0 c2s_blob_sync_msgs=30848 c2s_blob_sync_bytes=634878 s2c_blob_sync_msgs=3759 s2c_blob_sync_bytes=46349 c2s_replies_msgs=0 c2s_replies_bytes=0 s2c_replies_msgs=1756 s2c_replies_bytes=15871 c2s_control_msgs=1753 c2s_control_bytes=30198 s2c_control_msgs=855 s2c_control_bytes=9410 c2s_total_bytes=1280977 s2c_total_bytes=71630
[wp-event][C] delivered app_obj=21 wl_buffer.release args=0
[wp-event][C] delivered app_obj=22 wl_callback.done args=1
[wp-proxy] forward obj 3 opcode 1 (3 args)
[wp-proxy] forward obj 3 opcode 9 (4 args)
[wp-proxy] objects+ app_obj=22 wl_callback
[wp-proxy] forward obj 3 opcode 3 (1 args)
[wp-proxy] forward obj 3 opcode 6 (0 args)
[wp-proxy] objects- app_obj=22 wl_callback (was_known=false)
[wp-event][C] delivered app_obj=23 wl_buffer.release args=0
[wp-event][C] delivered app_obj=22 wl_callback.done args=1
[wp-proxy] forward obj 3 opcode 1 (3 args)
[wp-proxy] forward obj 3 opcode 9 (4 args)
[wp-proxy] objects+ app_obj=22 wl_callback
[wp-proxy] forward obj 3 opcode 3 (1 args)
[wp-proxy] forward obj 3 opcode 6 (0 args)
[wp-proxy] objects- app_obj=22 wl_callback (was_known=false)
[wp-event][C] delivered app_obj=17 wl_buffer.release args=0
[wp-event][C] delivered app_obj=22 wl_callback.done args=1
C1METRICS elapsed_us=21524855 app_connected_us=3168539 first_frame_us=3195535 first_frame_after_connect_us=26995 round_trips=11 round_trip_wait_us=57621 c2s_ring_msgs=1364 c2s_ring_bytes=577046 s2c_ring_msgs=0 s2c_ring_bytes=0 c2s_inline_msgs=1374 c2s_inline_bytes=42711 s2c_inline_msgs=0 s2c_inline_bytes=0 c2s_blob_sync_msgs=31058 c2s_blob_sync_bytes=637490 s2c_blob_sync_msgs=3773 s2c_blob_sync_bytes=46503 c2s_replies_msgs=0 c2s_replies_bytes=0 s2c_replies_msgs=1766 s2c_replies_bytes=15961 c2s_control_msgs=1761 c2s_control_bytes=30336 s2c_control_msgs=861 s2c_control_bytes=9476 c2s_total_bytes=1287583 s2c_total_bytes=71940
[wp-proxy] forward obj 3 opcode 1 (3 args)
[wp-proxy] forward obj 3 opcode 9 (4 args)
[wp-proxy] objects+ app_obj=22 wl_callback
[wp-proxy] forward obj 3 opcode 3 (1 args)
[wp-proxy] forward obj 3 opcode 6 (0 args)
[wp-proxy] objects- app_obj=22 wl_callback (was_known=false)
[wp-event][C] delivered app_obj=19 wl_buffer.release args=0
[wp-event][C] delivered app_obj=22 wl_callback.done args=1
[wp-proxy] forward obj 3 opcode 1 (3 args)
[wp-proxy] forward obj 3 opcode 9 (4 args)
[wp-proxy] objects+ app_obj=22 wl_callback
[wp-proxy] forward obj 3 opcode 3 (1 args)
[wp-proxy] forward obj 3 opcode 6 (0 args)
[wp-proxy] objects- app_obj=22 wl_callback (was_known=false)
[wp-event][C] delivered app_obj=21 wl_buffer.release args=0
[wp-event][C] delivered app_obj=22 wl_callback.done args=1
C1METRICS elapsed_us=21624944 app_connected_us=3168539 first_frame_us=3195535 first_frame_after_connect_us=26995 round_trips=11 round_trip_wait_us=57621 c2s_ring_msgs=1370 c2s_ring_bytes=579630 s2c_ring_msgs=0 s2c_ring_bytes=0 c2s_inline_msgs=1380 c2s_inline_bytes=42897 s2c_inline_msgs=0 s2c_inline_bytes=0 c2s_blob_sync_msgs=31201 c2s_blob_sync_bytes=639251 s2c_blob_sync_msgs=3781 s2c_blob_sync_bytes=46591 c2s_replies_msgs=0 c2s_replies_bytes=0 s2c_replies_msgs=1773 s2c_replies_bytes=16024 c2s_control_msgs=1769 c2s_control_bytes=30474 s2c_control_msgs=865 s2c_control_bytes=9520 c2s_total_bytes=1292252 s2c_total_bytes=72135
[wp-proxy] forward obj 3 opcode 1 (3 args)
[wp-proxy] forward obj 3 opcode 9 (4 args)
[wp-proxy] objects+ app_obj=22 wl_callback
[wp-proxy] forward obj 3 opcode 3 (1 args)
[wp-proxy] forward obj 3 opcode 6 (0 args)
[wp-proxy] objects- app_obj=22 wl_callback (was_known=false)
[wp-event][C] delivered app_obj=23 wl_buffer.release args=0
[wp-event][C] delivered app_obj=22 wl_callback.done args=1
[wp-proxy] forward obj 3 opcode 1 (3 args)
[wp-proxy] forward obj 3 opcode 9 (4 args)
[wp-proxy] objects+ app_obj=22 wl_callback
[wp-proxy] forward obj 3 opcode 3 (1 args)
[wp-proxy] forward obj 3 opcode 6 (0 args)
[wp-proxy] objects- app_obj=22 wl_callback (was_known=false)
[wp-event][C] delivered app_obj=17 wl_buffer.release args=0
[wp-event][C] delivered app_obj=22 wl_callback.done args=1
[wp-proxy] forward obj 3 opcode 1 (3 args)
[wp-proxy] forward obj 3 opcode 9 (4 args)
[wp-proxy] objects+ app_obj=22 wl_callback
[wp-proxy] forward obj 3 opcode 3 (1 args)
[wp-proxy] forward obj 3 opcode 6 (0 args)
[wp-proxy] objects- app_obj=22 wl_callback (was_known=false)
C1METRICS elapsed_us=21725035 app_connected_us=3168539 first_frame_us=3195535 first_frame_after_connect_us=26995 round_trips=11 round_trip_wait_us=57621 c2s_ring_msgs=1377 c2s_ring_bytes=582284 s2c_ring_msgs=0 s2c_ring_bytes=0 c2s_inline_msgs=1387 c2s_inline_bytes=43114 s2c_inline_msgs=0 s2c_inline_bytes=0 c2s_blob_sync_msgs=31344 c2s_blob_sync_bytes=641012 s2c_blob_sync_msgs=3794 s2c_blob_sync_bytes=46734 c2s_replies_msgs=0 c2s_replies_bytes=0 s2c_replies_msgs=1785 s2c_replies_bytes=16132 c2s_control_msgs=1781 c2s_control_bytes=30681 s2c_control_msgs=869 s2c_control_bytes=9564 c2s_total_bytes=1297091 s2c_total_bytes=72430
[wp-event][C] delivered app_obj=19 wl_buffer.release args=0
[wp-event][C] delivered app_obj=22 wl_callback.done args=1
[wp-proxy] forward obj 3 opcode 1 (3 args)
[wp-proxy] forward obj 3 opcode 9 (4 args)
[wp-proxy] objects+ app_obj=22 wl_callback
[wp-proxy] forward obj 3 opcode 3 (1 args)
[wp-proxy] forward obj 3 opcode 6 (0 args)
[wp-proxy] objects- app_obj=22 wl_callback (was_known=false)
[wp-event][C] delivered app_obj=21 wl_buffer.release args=0
[wp-event][C] delivered app_obj=22 wl_callback.done args=1
[wp-proxy] forward obj 3 opcode 1 (3 args)
[wp-proxy] forward obj 3 opcode 9 (4 args)
[wp-proxy] objects+ app_obj=22 wl_callback
[wp-proxy] forward obj 3 opcode 3 (1 args)
[wp-proxy] forward obj 3 opcode 6 (0 args)
[wp-proxy] objects- app_obj=22 wl_callback (was_known=false)
[wp-event][C] delivered app_obj=23 wl_buffer.release args=0
[wp-event][C] delivered app_obj=22 wl_callback.done args=1
C1METRICS elapsed_us=21825111 app_connected_us=3168539 first_frame_us=3195535 first_frame_after_connect_us=26995 round_trips=11 round_trip_wait_us=57621 c2s_ring_msgs=1384 c2s_ring_bytes=585035 s2c_ring_msgs=0 s2c_ring_bytes=0 c2s_inline_msgs=1394 c2s_inline_bytes=43331 s2c_inline_msgs=0 s2c_inline_bytes=0 c2s_blob_sync_msgs=31545 c2s_blob_sync_bytes=643502 s2c_blob_sync_msgs=3806 s2c_blob_sync_bytes=46866 c2s_replies_msgs=0 c2s_replies_bytes=0 s2c_replies_msgs=1793 s2c_replies_bytes=16204 c2s_control_msgs=1789 c2s_control_bytes=30819 s2c_control_msgs=875 s2c_control_bytes=9630 c2s_total_bytes=1302687 s2c_total_bytes=72700
[wp-proxy] forward obj 3 opcode 1 (3 args)
[wp-proxy] forward obj 3 opcode 9 (4 args)
[wp-proxy] objects+ app_obj=22 wl_callback
[wp-proxy] forward obj 3 opcode 3 (1 args)
[wp-proxy] forward obj 3 opcode 6 (0 args)
[wp-proxy] objects- app_obj=22 wl_callback (was_known=false)
[wp-event][C] delivered app_obj=17 wl_buffer.release args=0
[wp-event][C] delivered app_obj=22 wl_callback.done args=1
[wp-proxy] forward obj 3 opcode 1 (3 args)
[wp-proxy] forward obj 3 opcode 9 (4 args)
[wp-proxy] objects+ app_obj=22 wl_callback
[wp-proxy] forward obj 3 opcode 3 (1 args)
[wp-proxy] forward obj 3 opcode 6 (0 args)
[wp-proxy] objects- app_obj=22 wl_callback (was_known=false)
[wp-event][C] delivered app_obj=19 wl_buffer.release args=0
[wp-event][C] delivered app_obj=22 wl_callback.done args=1
C1METRICS elapsed_us=21925200 app_connected_us=3168539 first_frame_us=3195535 first_frame_after_connect_us=26995 round_trips=11 round_trip_wait_us=57621 c2s_ring_msgs=1391 c2s_ring_bytes=588674 s2c_ring_msgs=0 s2c_ring_bytes=0 c2s_inline_msgs=1401 c2s_inline_bytes=43548 s2c_inline_msgs=0 s2c_inline_bytes=0 c2s_blob_sync_msgs=31700 c2s_blob_sync_bytes=645406 s2c_blob_sync_msgs=3818 s2c_blob_sync_bytes=46998 c2s_replies_msgs=0 c2s_replies_bytes=0 s2c_replies_msgs=1803 s2c_replies_bytes=16294 c2s_control_msgs=1797 c2s_control_bytes=30957 s2c_control_msgs=879 s2c_control_bytes=9674 c2s_total_bytes=1308585 s2c_total_bytes=72966
[wp-proxy] forward obj 3 opcode 1 (3 args)
[wp-proxy] forward obj 3 opcode 9 (4 args)
[wp-proxy] objects+ app_obj=22 wl_callback
[wp-proxy] forward obj 3 opcode 3 (1 args)
[wp-proxy] forward obj 3 opcode 6 (0 args)
[wp-proxy] objects- app_obj=22 wl_callback (was_known=false)
[wp-event][C] delivered app_obj=21 wl_buffer.release args=0
[wp-event][C] delivered app_obj=22 wl_callback.done args=1
[wp-proxy] forward obj 3 opcode 1 (3 args)
[wp-proxy] forward obj 3 opcode 9 (4 args)
[wp-proxy] objects+ app_obj=22 wl_callback
[wp-proxy] forward obj 3 opcode 3 (1 args)
[wp-proxy] forward obj 3 opcode 6 (0 args)
[wp-proxy] objects- app_obj=22 wl_callback (was_known=false)
[wp-event][C] delivered app_obj=23 wl_buffer.release args=0
[wp-event][C] delivered app_obj=22 wl_callback.done args=1
C1METRICS elapsed_us=22025271 app_connected_us=3168539 first_frame_us=3195535 first_frame_after_connect_us=26995 round_trips=11 round_trip_wait_us=57621 c2s_ring_msgs=1398 c2s_ring_bytes=591328 s2c_ring_msgs=0 s2c_ring_bytes=0 c2s_inline_msgs=1408 c2s_inline_bytes=43765 s2c_inline_msgs=0 s2c_inline_bytes=0 c2s_blob_sync_msgs=31842 c2s_blob_sync_bytes=647162 s2c_blob_sync_msgs=3828 s2c_blob_sync_bytes=47108 c2s_replies_msgs=0 c2s_replies_bytes=0 s2c_replies_msgs=1812 s2c_replies_bytes=16375 c2s_control_msgs=1805 c2s_control_bytes=31095 s2c_control_msgs=883 s2c_control_bytes=9718 c2s_total_bytes=1313350 s2c_total_bytes=73201
[wp-proxy] forward obj 3 opcode 1 (3 args)
[wp-proxy] forward obj 3 opcode 9 (4 args)
[wp-proxy] objects+ app_obj=22 wl_callback
[wp-proxy] forward obj 3 opcode 3 (1 args)
[wp-proxy] forward obj 3 opcode 6 (0 args)
[wp-proxy] objects- app_obj=22 wl_callback (was_known=false)
[wp-event][C] delivered app_obj=17 wl_buffer.release args=0
[wp-event][C] delivered app_obj=22 wl_callback.done args=1
[wp-proxy] forward obj 3 opcode 1 (3 args)
[wp-proxy] forward obj 3 opcode 9 (4 args)
[wp-proxy] objects+ app_obj=22 wl_callback
[wp-proxy] forward obj 3 opcode 3 (1 args)
[wp-proxy] forward obj 3 opcode 6 (0 args)
[wp-proxy] objects- app_obj=22 wl_callback (was_known=false)
[wp-event][C] delivered app_obj=19 wl_buffer.release args=0
[wp-event][C] delivered app_obj=22 wl_callback.done args=1
[wp-proxy] forward obj 3 opcode 1 (3 args)
[wp-proxy] forward obj 3 opcode 9 (4 args)
[wp-proxy] objects+ app_obj=22 wl_callback
[wp-proxy] forward obj 3 opcode 3 (1 args)
[wp-proxy] forward obj 3 opcode 6 (0 args)
[wp-proxy] objects- app_obj=22 wl_callback (was_known=false)
[wp-event][C] delivered app_obj=21 wl_buffer.release args=0
[wp-event][C] delivered app_obj=22 wl_callback.done args=1
C1METRICS elapsed_us=22125371 app_connected_us=3168539 first_frame_us=3195535 first_frame_after_connect_us=26995 round_trips=11 round_trip_wait_us=57621 c2s_ring_msgs=1406 c2s_ring_bytes=595134 s2c_ring_msgs=0 s2c_ring_bytes=0 c2s_inline_msgs=1416 c2s_inline_bytes=44013 s2c_inline_msgs=0 s2c_inline_bytes=0 c2s_blob_sync_msgs=32056 c2s_blob_sync_bytes=649800 s2c_blob_sync_msgs=3841 s2c_blob_sync_bytes=47251 c2s_replies_msgs=0 c2s_replies_bytes=0 s2c_replies_msgs=1824 s2c_replies_bytes=16483 c2s_control_msgs=1817 c2s_control_bytes=31302 s2c_control_msgs=889 s2c_control_bytes=9784 c2s_total_bytes=1320249 s2c_total_bytes=73518
[wp-proxy] forward obj 3 opcode 1 (3 args)
[wp-proxy] forward obj 3 opcode 9 (4 args)
[wp-proxy] objects+ app_obj=22 wl_callback
[wp-proxy] forward obj 3 opcode 3 (1 args)
[wp-proxy] forward obj 3 opcode 6 (0 args)
[wp-proxy] objects- app_obj=22 wl_callback (was_known=false)
[wp-event][C] delivered app_obj=23 wl_buffer.release args=0
[wp-event][C] delivered app_obj=22 wl_callback.done args=1
[wp-proxy] forward obj 3 opcode 1 (3 args)
[wp-proxy] forward obj 3 opcode 9 (4 args)
[wp-proxy] objects+ app_obj=22 wl_callback
[wp-proxy] forward obj 3 opcode 3 (1 args)
[wp-proxy] forward obj 3 opcode 6 (0 args)
[wp-proxy] objects- app_obj=22 wl_callback (was_known=false)
[wp-event][C] delivered app_obj=17 wl_buffer.release args=0
[wp-event][C] delivered app_obj=22 wl_callback.done args=1
[wp-proxy] forward obj 3 opcode 1 (3 args)
[wp-proxy] forward obj 3 opcode 9 (4 args)
[wp-proxy] objects+ app_obj=22 wl_callback
[wp-proxy] forward obj 3 opcode 3 (1 args)
[wp-proxy] forward obj 3 opcode 6 (0 args)
[wp-proxy] objects- app_obj=22 wl_callback (was_known=false)
C1METRICS elapsed_us=22225472 app_connected_us=3168539 first_frame_us=3195535 first_frame_after_connect_us=26995 round_trips=11 round_trip_wait_us=57621 c2s_ring_msgs=1414 c2s_ring_bytes=597955 s2c_ring_msgs=0 s2c_ring_bytes=0 c2s_inline_msgs=1424 c2s_inline_bytes=44261 s2c_inline_msgs=0 s2c_inline_bytes=0 c2s_blob_sync_msgs=32198 c2s_blob_sync_bytes=651555 s2c_blob_sync_msgs=3854 s2c_blob_sync_bytes=47394 c2s_replies_msgs=0 c2s_replies_bytes=0 s2c_replies_msgs=1835 s2c_replies_bytes=16582 c2s_control_msgs=1829 c2s_control_bytes=31509 s2c_control_msgs=893 s2c_control_bytes=9828 c2s_total_bytes=1325280 s2c_total_bytes=73804
[wp-event][C] delivered app_obj=19 wl_buffer.release args=0
[wp-event][C] delivered app_obj=22 wl_callback.done args=1
[wp-proxy] forward obj 3 opcode 1 (3 args)
[wp-proxy] forward obj 3 opcode 9 (4 args)
[wp-proxy] objects+ app_obj=22 wl_callback
[wp-proxy] forward obj 3 opcode 3 (1 args)
[wp-proxy] forward obj 3 opcode 6 (0 args)
[wp-proxy] objects- app_obj=22 wl_callback (was_known=false)
[wp-event][C] delivered app_obj=21 wl_buffer.release args=0
[wp-event][C] delivered app_obj=22 wl_callback.done args=1
[wp-proxy] forward obj 3 opcode 1 (3 args)
[wp-proxy] forward obj 3 opcode 9 (4 args)
[wp-proxy] objects+ app_obj=22 wl_callback
[wp-proxy] forward obj 3 opcode 3 (1 args)
[wp-proxy] forward obj 3 opcode 6 (0 args)
[wp-proxy] objects- app_obj=22 wl_callback (was_known=false)
C1METRICS elapsed_us=22325574 app_connected_us=3168539 first_frame_us=3195535 first_frame_after_connect_us=26995 round_trips=11 round_trip_wait_us=57621 c2s_ring_msgs=1420 c2s_ring_bytes=600539 s2c_ring_msgs=0 s2c_ring_bytes=0 c2s_inline_msgs=1430 c2s_inline_bytes=44447 s2c_inline_msgs=0 s2c_inline_bytes=0 c2s_blob_sync_msgs=32337 c2s_blob_sync_bytes=653290 s2c_blob_sync_msgs=3864 s2c_blob_sync_bytes=47504 c2s_replies_msgs=0 c2s_replies_bytes=0 s2c_replies_msgs=1843 s2c_replies_bytes=16654 c2s_control_msgs=1837 c2s_control_bytes=31647 s2c_control_msgs=897 s2c_control_bytes=9872 c2s_total_bytes=1329923 s2c_total_bytes=74030
[wp-event][C] delivered app_obj=23 wl_buffer.release args=0
[wp-event][C] delivered app_obj=22 wl_callback.done args=1
[wp-proxy] forward obj 3 opcode 1 (3 args)
[wp-proxy] forward obj 3 opcode 9 (4 args)
[wp-proxy] objects+ app_obj=22 wl_callback
[wp-proxy] forward obj 3 opcode 3 (1 args)
[wp-proxy] forward obj 3 opcode 6 (0 args)
[wp-proxy] objects- app_obj=22 wl_callback (was_known=false)
[wp-event][C] delivered app_obj=17 wl_buffer.release args=0
[wp-event][C] delivered app_obj=22 wl_callback.done args=1
[wp-proxy] forward obj 3 opcode 1 (3 args)
[wp-proxy] forward obj 3 opcode 9 (4 args)
[wp-proxy] objects+ app_obj=22 wl_callback
[wp-proxy] forward obj 3 opcode 3 (1 args)
[wp-proxy] forward obj 3 opcode 6 (0 args)
[wp-proxy] objects- app_obj=22 wl_callback (was_known=false)
[wp-event][C] delivered app_obj=19 wl_buffer.release args=0
[wp-event][C] delivered app_obj=22 wl_callback.done args=1
C1METRICS elapsed_us=22425672 app_connected_us=3168539 first_frame_us=3195535 first_frame_after_connect_us=26995 round_trips=11 round_trip_wait_us=57621 c2s_ring_msgs=1426 c2s_ring_bytes=603123 s2c_ring_msgs=0 s2c_ring_bytes=0 c2s_inline_msgs=1436 c2s_inline_bytes=44633 s2c_inline_msgs=0 s2c_inline_bytes=0 c2s_blob_sync_msgs=32478 c2s_blob_sync_bytes=655032 s2c_blob_sync_msgs=3876 s2c_blob_sync_bytes=47636 c2s_replies_msgs=0 c2s_replies_bytes=0 s2c_replies_msgs=1851 s2c_replies_bytes=16726 c2s_control_msgs=1845 c2s_control_bytes=31785 s2c_control_msgs=903 s2c_control_bytes=9938 c2s_total_bytes=1334573 s2c_total_bytes=74300
[wp-proxy] forward obj 3 opcode 1 (3 args)
[wp-proxy] forward obj 3 opcode 9 (4 args)
[wp-proxy] objects+ app_obj=22 wl_callback
[wp-proxy] forward obj 3 opcode 3 (1 args)
[wp-proxy] forward obj 3 opcode 6 (0 args)
[wp-proxy] objects- app_obj=22 wl_callback (was_known=false)
[wp-event][C] delivered app_obj=21 wl_buffer.release args=0
[wp-event][C] delivered app_obj=22 wl_callback.done args=1
[wp-proxy] forward obj 3 opcode 1 (3 args)
[wp-proxy] forward obj 3 opcode 9 (4 args)
[wp-proxy] objects+ app_obj=22 wl_callback
[wp-proxy] forward obj 3 opcode 3 (1 args)
[wp-proxy] forward obj 3 opcode 6 (0 args)
[wp-proxy] objects- app_obj=22 wl_callback (was_known=false)
[wp-event][C] delivered app_obj=23 wl_buffer.release args=0
[wp-event][C] delivered app_obj=22 wl_callback.done args=1
C1METRICS elapsed_us=22525764 app_connected_us=3168539 first_frame_us=3195535 first_frame_after_connect_us=26995 round_trips=11 round_trip_wait_us=57621 c2s_ring_msgs=1433 c2s_ring_bytes=606762 s2c_ring_msgs=0 s2c_ring_bytes=0 c2s_inline_msgs=1443 c2s_inline_bytes=44850 s2c_inline_msgs=0 s2c_inline_bytes=0 c2s_blob_sync_msgs=32690 c2s_blob_sync_bytes=657658 s2c_blob_sync_msgs=3888 s2c_blob_sync_bytes=47768 c2s_replies_msgs=0 c2s_replies_bytes=0 s2c_replies_msgs=1860 s2c_replies_bytes=16807 c2s_control_msgs=1853 c2s_control_bytes=31923 s2c_control_msgs=907 s2c_control_bytes=9982 c2s_total_bytes=1341193 s2c_total_bytes=74557
[wp-proxy] forward obj 3 opcode 1 (3 args)
[wp-proxy] forward obj 3 opcode 9 (4 args)
[wp-proxy] objects+ app_obj=22 wl_callback
[wp-proxy] forward obj 3 opcode 3 (1 args)
[wp-proxy] forward obj 3 opcode 6 (0 args)
[wp-proxy] objects- app_obj=22 wl_callback (was_known=false)
[wp-event][C] delivered app_obj=17 wl_buffer.release args=0
[wp-event][C] delivered app_obj=22 wl_callback.done args=1
[wp-proxy] forward obj 3 opcode 1 (3 args)
[wp-proxy] forward obj 3 opcode 9 (4 args)
[wp-proxy] objects+ app_obj=22 wl_callback
[wp-proxy] forward obj 3 opcode 3 (1 args)
[wp-proxy] forward obj 3 opcode 6 (0 args)
[wp-proxy] objects- app_obj=22 wl_callback (was_known=false)
[wp-event][C] delivered app_obj=19 wl_buffer.release args=0
[wp-event][C] delivered app_obj=22 wl_callback.done args=1
[wp-proxy] forward obj 3 opcode 1 (3 args)
[wp-proxy] forward obj 3 opcode 9 (4 args)
[wp-proxy] objects+ app_obj=22 wl_callback
[wp-proxy] forward obj 3 opcode 3 (1 args)
[wp-proxy] forward obj 3 opcode 6 (0 args)
[wp-proxy] objects- app_obj=22 wl_callback (was_known=false)
C1METRICS elapsed_us=22625859 app_connected_us=3168539 first_frame_us=3195535 first_frame_after_connect_us=26995 round_trips=11 round_trip_wait_us=57621 c2s_ring_msgs=1441 c2s_ring_bytes=609583 s2c_ring_msgs=0 s2c_ring_bytes=0 c2s_inline_msgs=1451 c2s_inline_bytes=45098 s2c_inline_msgs=0 s2c_inline_bytes=0 c2s_blob_sync_msgs=32832 c2s_blob_sync_bytes=659412 s2c_blob_sync_msgs=3899 s2c_blob_sync_bytes=47889 c2s_replies_msgs=0 c2s_replies_bytes=0 s2c_replies_msgs=1869 s2c_replies_bytes=16888 c2s_control_msgs=1865 c2s_control_bytes=32130 s2c_control_msgs=911 s2c_control_bytes=10026 c2s_total_bytes=1346223 s2c_total_bytes=74803
[wp-event][C] delivered app_obj=21 wl_buffer.release args=0
[wp-event][C] delivered app_obj=22 wl_callback.done args=1
[wp-proxy] forward obj 3 opcode 1 (3 args)
[wp-proxy] forward obj 3 opcode 9 (4 args)
[wp-proxy] objects+ app_obj=22 wl_callback
[wp-proxy] forward obj 3 opcode 3 (1 args)
[wp-proxy] forward obj 3 opcode 6 (0 args)
[wp-proxy] objects- app_obj=22 wl_callback (was_known=false)
[wp-event][C] delivered app_obj=23 wl_buffer.release args=0
[wp-event][C] delivered app_obj=22 wl_callback.done args=1
[wp-proxy] forward obj 3 opcode 1 (3 args)
[wp-proxy] forward obj 3 opcode 9 (4 args)
[wp-proxy] objects+ app_obj=22 wl_callback
[wp-proxy] forward obj 3 opcode 3 (1 args)
[wp-proxy] forward obj 3 opcode 6 (0 args)
[wp-proxy] objects- app_obj=22 wl_callback (was_known=false)
[wp-event][C] delivered app_obj=17 wl_buffer.release args=0
[wp-event][C] delivered app_obj=22 wl_callback.done args=1
C1METRICS elapsed_us=22725962 app_connected_us=3168539 first_frame_us=3195535 first_frame_after_connect_us=26995 round_trips=11 round_trip_wait_us=57621 c2s_ring_msgs=1447 c2s_ring_bytes=612167 s2c_ring_msgs=0 s2c_ring_bytes=0 c2s_inline_msgs=1457 c2s_inline_bytes=45284 s2c_inline_msgs=0 s2c_inline_bytes=0 c2s_blob_sync_msgs=33001 c2s_blob_sync_bytes=661506 s2c_blob_sync_msgs=3911 s2c_blob_sync_bytes=48021 c2s_replies_msgs=0 c2s_replies_bytes=0 s2c_replies_msgs=1878 s2c_replies_bytes=16969 c2s_control_msgs=1873 c2s_control_bytes=32268 s2c_control_msgs=917 s2c_control_bytes=10092 c2s_total_bytes=1351225 s2c_total_bytes=75082
[wp-proxy] forward obj 3 opcode 1 (3 args)
[wp-proxy] forward obj 3 opcode 9 (4 args)
[wp-proxy] objects+ app_obj=22 wl_callback
[wp-proxy] forward obj 3 opcode 3 (1 args)
[wp-proxy] forward obj 3 opcode 6 (0 args)
[wp-proxy] objects- app_obj=22 wl_callback (was_known=false)
[wp-event][C] delivered app_obj=19 wl_buffer.release args=0
[wp-event][C] delivered app_obj=22 wl_callback.done args=1
[wp-proxy] forward obj 3 opcode 1 (3 args)
[wp-proxy] forward obj 3 opcode 9 (4 args)
[wp-proxy] objects+ app_obj=22 wl_callback
[wp-proxy] forward obj 3 opcode 3 (1 args)
[wp-proxy] forward obj 3 opcode 6 (0 args)
[wp-proxy] objects- app_obj=22 wl_callback (was_known=false)
[wp-event][C] delivered app_obj=21 wl_buffer.release args=0
[wp-event][C] delivered app_obj=22 wl_callback.done args=1
[wp-proxy] forward obj 3 opcode 1 (3 args)
[wp-proxy] forward obj 3 opcode 9 (4 args)
[wp-proxy] objects+ app_obj=22 wl_callback
[wp-proxy] forward obj 3 opcode 3 (1 args)
[wp-proxy] forward obj 3 opcode 6 (0 args)
[wp-proxy] objects- app_obj=22 wl_callback (was_known=false)
C1METRICS elapsed_us=22826053 app_connected_us=3168539 first_frame_us=3195535 first_frame_after_connect_us=26995 round_trips=11 round_trip_wait_us=57621 c2s_ring_msgs=1455 c2s_ring_bytes=615876 s2c_ring_msgs=0 s2c_ring_bytes=0 c2s_inline_msgs=1465 c2s_inline_bytes=45532 s2c_inline_msgs=0 s2c_inline_bytes=0 c2s_blob_sync_msgs=33189 c2s_blob_sync_bytes=663813 s2c_blob_sync_msgs=3924 s2c_blob_sync_bytes=48164 c2s_replies_msgs=0 c2s_replies_bytes=0 s2c_replies_msgs=1890 s2c_replies_bytes=17077 c2s_control_msgs=1885 c2s_control_bytes=32475 s2c_control_msgs=921 s2c_control_bytes=10136 c2s_total_bytes=1357696 s2c_total_bytes=75377
[wp-event][C] delivered app_obj=23 wl_buffer.release args=0
[wp-event][C] delivered app_obj=22 wl_callback.done args=1
[wp-proxy] forward obj 3 opcode 1 (3 args)
[wp-proxy] forward obj 3 opcode 9 (4 args)
[wp-proxy] objects+ app_obj=22 wl_callback
[wp-proxy] forward obj 3 opcode 3 (1 args)
[wp-proxy] forward obj 3 opcode 6 (0 args)
[wp-proxy] objects- app_obj=22 wl_callback (was_known=false)
[wp-event][C] delivered app_obj=17 wl_buffer.release args=0
[wp-event][C] delivered app_obj=22 wl_callback.done args=1
[wp-proxy] forward obj 3 opcode 1 (3 args)
[wp-proxy] forward obj 3 opcode 9 (4 args)
[wp-proxy] objects+ app_obj=22 wl_callback
[wp-proxy] forward obj 3 opcode 3 (1 args)
[wp-proxy] forward obj 3 opcode 6 (0 args)
[wp-proxy] objects- app_obj=22 wl_callback (was_known=false)
[wp-event][C] delivered app_obj=19 wl_buffer.release args=0
[wp-event][C] delivered app_obj=22 wl_callback.done args=1
C1METRICS elapsed_us=22926137 app_connected_us=3168539 first_frame_us=3195535 first_frame_after_connect_us=26995 round_trips=11 round_trip_wait_us=57621 c2s_ring_msgs=1462 c2s_ring_bytes=618627 s2c_ring_msgs=0 s2c_ring_bytes=0 c2s_inline_msgs=1472 c2s_inline_bytes=45749 s2c_inline_msgs=0 s2c_inline_bytes=0 c2s_blob_sync_msgs=33331 c2s_blob_sync_bytes=665568 s2c_blob_sync_msgs=3936 s2c_blob_sync_bytes=48296 c2s_replies_msgs=0 c2s_replies_bytes=0 s2c_replies_msgs=1900 s2c_replies_bytes=17167 c2s_control_msgs=1893 c2s_control_bytes=32613 s2c_control_msgs=927 s2c_control_bytes=10202 c2s_total_bytes=1362557 s2c_total_bytes=75665
[wp-proxy] forward obj 3 opcode 1 (3 args)
[wp-proxy] forward obj 3 opcode 9 (4 args)
[wp-proxy] objects+ app_obj=22 wl_callback
[wp-proxy] forward obj 3 opcode 3 (1 args)
[wp-proxy] forward obj 3 opcode 6 (0 args)
[wp-proxy] objects- app_obj=22 wl_callback (was_known=false)
[wp-event][C] delivered app_obj=21 wl_buffer.release args=0
[wp-event][C] delivered app_obj=22 wl_callback.done args=1
[wp-proxy] forward obj 3 opcode 1 (3 args)
[wp-proxy] forward obj 3 opcode 9 (4 args)
[wp-proxy] objects+ app_obj=22 wl_callback
[wp-proxy] forward obj 3 opcode 3 (1 args)
[wp-proxy] forward obj 3 opcode 6 (0 args)
[wp-proxy] objects- app_obj=22 wl_callback (was_known=false)
[wp-event][C] delivered app_obj=23 wl_buffer.release args=0
[wp-event][C] delivered app_obj=22 wl_callback.done args=1
C1METRICS elapsed_us=23026210 app_connected_us=3168539 first_frame_us=3195535 first_frame_after_connect_us=26995 round_trips=11 round_trip_wait_us=57621 c2s_ring_msgs=1469 c2s_ring_bytes=622266 s2c_ring_msgs=0 s2c_ring_bytes=0 c2s_inline_msgs=1479 c2s_inline_bytes=45966 s2c_inline_msgs=0 s2c_inline_bytes=0 c2s_blob_sync_msgs=33544 c2s_blob_sync_bytes=668200 s2c_blob_sync_msgs=3948 s2c_blob_sync_bytes=48428 c2s_replies_msgs=0 c2s_replies_bytes=0 s2c_replies_msgs=1909 s2c_replies_bytes=17248 c2s_control_msgs=1901 c2s_control_bytes=32751 s2c_control_msgs=931 s2c_control_bytes=10246 c2s_total_bytes=1369183 s2c_total_bytes=75922
[wp-proxy] forward obj 3 opcode 1 (3 args)
[wp-proxy] forward obj 3 opcode 9 (4 args)
[wp-proxy] objects+ app_obj=22 wl_callback
[wp-proxy] forward obj 3 opcode 3 (1 args)
[wp-proxy] forward obj 3 opcode 6 (0 args)
[wp-proxy] objects- app_obj=22 wl_callback (was_known=false)
[wp-event][C] delivered app_obj=17 wl_buffer.release args=0
[wp-event][C] delivered app_obj=22 wl_callback.done args=1
[wp-proxy] forward obj 3 opcode 1 (3 args)
[wp-proxy] forward obj 3 opcode 9 (4 args)
[wp-proxy] objects+ app_obj=22 wl_callback
[wp-proxy] forward obj 3 opcode 3 (1 args)
[wp-proxy] forward obj 3 opcode 6 (0 args)
[wp-proxy] objects- app_obj=22 wl_callback (was_known=false)
[wp-event][C] delivered app_obj=19 wl_buffer.release args=0
[wp-event][C] delivered app_obj=22 wl_callback.done args=1
[wp-proxy] forward obj 3 opcode 1 (3 args)
[wp-proxy] forward obj 3 opcode 9 (4 args)
[wp-proxy] objects+ app_obj=22 wl_callback
[wp-proxy] forward obj 3 opcode 3 (1 args)
[wp-proxy] forward obj 3 opcode 6 (0 args)
[wp-proxy] objects- app_obj=22 wl_callback (was_known=false)
[wp-event][C] delivered app_obj=21 wl_buffer.release args=0
[wp-event][C] delivered app_obj=22 wl_callback.done args=1
C1METRICS elapsed_us=23126292 app_connected_us=3168539 first_frame_us=3195535 first_frame_after_connect_us=26995 round_trips=11 round_trip_wait_us=57621 c2s_ring_msgs=1478 c2s_ring_bytes=625098 s2c_ring_msgs=0 s2c_ring_bytes=0 c2s_inline_msgs=1488 c2s_inline_bytes=46245 s2c_inline_msgs=0 s2c_inline_bytes=0 c2s_blob_sync_msgs=33687 c2s_blob_sync_bytes=669961 s2c_blob_sync_msgs=3961 s2c_blob_sync_bytes=48571 c2s_replies_msgs=0 c2s_replies_bytes=0 s2c_replies_msgs=1920 s2c_replies_bytes=17347 c2s_control_msgs=1913 c2s_control_bytes=32958 s2c_control_msgs=937 s2c_control_bytes=10312 c2s_total_bytes=1374262 s2c_total_bytes=76230
[wp-proxy] forward obj 3 opcode 1 (3 args)
[wp-proxy] forward obj 3 opcode 9 (4 args)
[wp-proxy] objects+ app_obj=22 wl_callback
[wp-proxy] forward obj 3 opcode 3 (1 args)
[wp-proxy] forward obj 3 opcode 6 (0 args)
[wp-proxy] objects- app_obj=22 wl_callback (was_known=false)
[wp-event][C] delivered app_obj=23 wl_buffer.release args=0
[wp-event][C] delivered app_obj=22 wl_callback.done args=1
[wp-proxy] forward obj 3 opcode 1 (3 args)
[wp-proxy] forward obj 3 opcode 9 (4 args)
[wp-proxy] objects+ app_obj=22 wl_callback
[wp-proxy] forward obj 3 opcode 3 (1 args)
[wp-proxy] forward obj 3 opcode 6 (0 args)
[wp-proxy] objects- app_obj=22 wl_callback (was_known=false)
[wp-event][C] delivered app_obj=17 wl_buffer.release args=0
[wp-event][C] delivered app_obj=22 wl_callback.done args=1
[wp-proxy] forward obj 3 opcode 1 (3 args)
[wp-proxy] forward obj 3 opcode 9 (4 args)
[wp-proxy] objects+ app_obj=22 wl_callback
[wp-proxy] forward obj 3 opcode 3 (1 args)
[wp-proxy] forward obj 3 opcode 6 (0 args)
[wp-proxy] objects- app_obj=22 wl_callback (was_known=false)
C1METRICS elapsed_us=23226368 app_connected_us=3168539 first_frame_us=3195535 first_frame_after_connect_us=26995 round_trips=11 round_trip_wait_us=57621 c2s_ring_msgs=1486 c2s_ring_bytes=628807 s2c_ring_msgs=0 s2c_ring_bytes=0 c2s_inline_msgs=1496 c2s_inline_bytes=46493 s2c_inline_msgs=0 s2c_inline_bytes=0 c2s_blob_sync_msgs=33897 c2s_blob_sync_bytes=672573 s2c_blob_sync_msgs=3974 s2c_blob_sync_bytes=48714 c2s_replies_msgs=0 c2s_replies_bytes=0 s2c_replies_msgs=1931 s2c_replies_bytes=17446 c2s_control_msgs=1925 c2s_control_bytes=33165 s2c_control_msgs=941 s2c_control_bytes=10356 c2s_total_bytes=1381038 s2c_total_bytes=76516
[wp-proxy] objects- app_obj=3 wl_surface (was_known=true)
[wp-proxy] objects- app_obj=4 wl_compositor (was_known=true)
[wp-proxy] objects- app_obj=5 xdg_wm_base (was_known=true)
[wp-proxy] objects- app_obj=6 wl_seat (was_known=true)
[wp-proxy] objects- app_obj=7 xdg_surface (was_known=true)
[wp-proxy] objects- app_obj=8 xdg_toplevel (was_known=true)
[wp-proxy] objects- app_obj=11 zwp_linux_dmabuf_v1 (was_known=true)
[wp-proxy] objects- app_obj=17 wl_buffer (was_known=true)
[wp-proxy] objects- app_obj=19 wl_buffer (was_known=true)
[wp-proxy] objects- app_obj=21 wl_buffer (was_known=true)
[wp-proxy] objects- app_obj=22 wl_callback (was_known=true)
[wp-proxy] objects- app_obj=23 wl_buffer (was_known=true)
[wp-event][C] drop:unknown-object app_obj=19 opcode=0: no live proxy object
[wp-event][C] drop:unknown-object app_obj=22 opcode=0: no live proxy object
rayland-c: session ended cleanly (context Some(1), 1498 inline batches relayed)
C1METRICS elapsed_us=23240755 app_connected_us=3168539 first_frame_us=3195535 first_frame_after_connect_us=26995 round_trips=11 round_trip_wait_us=57621 c2s_ring_msgs=1488 c2s_ring_bytes=630029 s2c_ring_msgs=0 s2c_ring_bytes=0 c2s_inline_msgs=1498 c2s_inline_bytes=46555 s2c_inline_msgs=0 s2c_inline_bytes=0 c2s_blob_sync_msgs=33966 c2s_blob_sync_bytes=673436 s2c_blob_sync_msgs=3976 s2c_blob_sync_bytes=48736 c2s_replies_msgs=0 c2s_replies_bytes=0 s2c_replies_msgs=1932 s2c_replies_bytes=17455 c2s_control_msgs=1925 c2s_control_bytes=33165 s2c_control_msgs=943 s2c_control_bytes=10378 c2s_total_bytes=1383185 s2c_total_bytes=76569 final=1
