rayland-s: listening on 0.0.0.0:9403, rendering on /dev/dri/renderD128
rayland-s: C connected
rayland-s: decoded application queue ring_idx=1 (its vkGetDeviceQueue2 ends at ring offset 3780; the readback fence waits for head to reach it before firing)
rayland-s: WP0 replay connected to S's compositor (58 globals advertised)
rayland-s: WP0 replay bound `wl_compositor` v4 (app obj 4)
rayland-s: WP0 replay bound `xdg_wm_base` v1 (app obj 5)
rayland-s: WP0 replay bound `wl_seat` v1 (app obj 6)
[wp-event][S] map s_obj=6 app_obj=3 (from obj 4 opcode 0)
[wp-event][S] map s_obj=7 app_obj=7 (from obj 5 opcode 2)
[wp-event][S] map s_obj=8 app_obj=8 (from obj 7 opcode 1)
rayland-s: WP0 replay bound `zwp_linux_dmabuf_v1` v3 (app obj 11)
[wp-event][S] from-compositor s_obj=5 wl_seat.capabilities args=1
[wp-event][S] emit s_obj=5 app_obj=6 wl_seat.capabilities args=1
[wp-event][S] from-compositor s_obj=8 xdg_toplevel.configure args=3
[wp-event][S] emit s_obj=8 app_obj=8 xdg_toplevel.configure args=3
[wp-event][S] from-compositor s_obj=7 xdg_surface.configure args=1
[wp-event][S] emit s_obj=7 app_obj=7 xdg_surface.configure args=1
[wp-event][S] from-compositor s_obj=9 zwp_linux_dmabuf_v1.modifier args=3
[wp-event][S] suppressed s_obj=9 zwp_linux_dmabuf_v1.modifier (dmabuf format/modifier: the C proxy answers this locally)
[wp-event][S] from-compositor s_obj=9 zwp_linux_dmabuf_v1.modifier args=3
[wp-event][S] suppressed s_obj=9 zwp_linux_dmabuf_v1.modifier (dmabuf format/modifier: the C proxy answers this locally)
[wp-event][S] from-compositor s_obj=9 zwp_linux_dmabuf_v1.modifier args=3
[wp-event][S] suppressed s_obj=9 zwp_linux_dmabuf_v1.modifier (dmabuf format/modifier: the C proxy answers this locally)
[wp-event][S] from-compositor s_obj=9 zwp_linux_dmabuf_v1.modifier args=3
[wp-event][S] suppressed s_obj=9 zwp_linux_dmabuf_v1.modifier (dmabuf format/modifier: the C proxy answers this locally)
[wp-event][S] from-compositor s_obj=9 zwp_linux_dmabuf_v1.modifier args=3
[wp-event][S] suppressed s_obj=9 zwp_linux_dmabuf_v1.modifier (dmabuf format/modifier: the C proxy answers this locally)
[wp-event][S] from-compositor s_obj=9 zwp_linux_dmabuf_v1.modifier args=3
[wp-event][S] suppressed s_obj=9 zwp_linux_dmabuf_v1.modifier (dmabuf format/modifier: the C proxy answers this locally)
[wp-event][S] from-compositor s_obj=9 zwp_linux_dmabuf_v1.modifier args=3
[wp-event][S] suppressed s_obj=9 zwp_linux_dmabuf_v1.modifier (dmabuf format/modifier: the C proxy answers this locally)
[wp-event][S] from-compositor s_obj=9 zwp_linux_dmabuf_v1.modifier args=3
[wp-event][S] suppressed s_obj=9 zwp_linux_dmabuf_v1.modifier (dmabuf format/modifier: the C proxy answers this locally)
[wp-event][S] from-compositor s_obj=9 zwp_linux_dmabuf_v1.modifier args=3
[wp-event][S] suppressed s_obj=9 zwp_linux_dmabuf_v1.modifier (dmabuf format/modifier: the C proxy answers this locally)
[wp-event][S] from-compositor s_obj=9 zwp_linux_dmabuf_v1.modifier args=3
[wp-event][S] suppressed s_obj=9 zwp_linux_dmabuf_v1.modifier (dmabuf format/modifier: the C proxy answers this locally)
[wp-event][S] from-compositor s_obj=9 zwp_linux_dmabuf_v1.modifier args=3
[wp-event][S] suppressed s_obj=9 zwp_linux_dmabuf_v1.modifier (dmabuf format/modifier: the C proxy answers this locally)
[wp-event][S] from-compositor s_obj=9 zwp_linux_dmabuf_v1.modifier args=3
[wp-event][S] suppressed s_obj=9 zwp_linux_dmabuf_v1.modifier (dmabuf format/modifier: the C proxy answers this locally)
[wp-event][S] from-compositor s_obj=9 zwp_linux_dmabuf_v1.modifier args=3
[wp-event][S] suppressed s_obj=9 zwp_linux_dmabuf_v1.modifier (dmabuf format/modifier: the C proxy answers this locally)
[wp-event][S] from-compositor s_obj=9 zwp_linux_dmabuf_v1.modifier args=3
[wp-event][S] suppressed s_obj=9 zwp_linux_dmabuf_v1.modifier (dmabuf format/modifier: the C proxy answers this locally)
[wp-event][S] from-compositor s_obj=9 zwp_linux_dmabuf_v1.modifier args=3
[wp-event][S] suppressed s_obj=9 zwp_linux_dmabuf_v1.modifier (dmabuf format/modifier: the C proxy answers this locally)
[wp-event][S] from-compositor s_obj=9 zwp_linux_dmabuf_v1.modifier args=3
[wp-event][S] suppressed s_obj=9 zwp_linux_dmabuf_v1.modifier (dmabuf format/modifier: the C proxy answers this locally)
[wp-event][S] from-compositor s_obj=9 zwp_linux_dmabuf_v1.modifier args=3
[wp-event][S] suppressed s_obj=9 zwp_linux_dmabuf_v1.modifier (dmabuf format/modifier: the C proxy answers this locally)
[wp-event][S] from-compositor s_obj=9 zwp_linux_dmabuf_v1.modifier args=3
[wp-event][S] suppressed s_obj=9 zwp_linux_dmabuf_v1.modifier (dmabuf format/modifier: the C proxy answers this locally)
[wp-event][S] from-compositor s_obj=9 zwp_linux_dmabuf_v1.modifier args=3
[wp-event][S] suppressed s_obj=9 zwp_linux_dmabuf_v1.modifier (dmabuf format/modifier: the C proxy answers this locally)
[wp-event][S] from-compositor s_obj=9 zwp_linux_dmabuf_v1.modifier args=3
[wp-event][S] suppressed s_obj=9 zwp_linux_dmabuf_v1.modifier (dmabuf format/modifier: the C proxy answers this locally)
[wp-event][S] from-compositor s_obj=9 zwp_linux_dmabuf_v1.modifier args=3
[wp-event][S] suppressed s_obj=9 zwp_linux_dmabuf_v1.modifier (dmabuf format/modifier: the C proxy answers this locally)
[wp-event][S] from-compositor s_obj=9 zwp_linux_dmabuf_v1.modifier args=3
[wp-event][S] suppressed s_obj=9 zwp_linux_dmabuf_v1.modifier (dmabuf format/modifier: the C proxy answers this locally)
[wp-event][S] from-compositor s_obj=9 zwp_linux_dmabuf_v1.modifier args=3
[wp-event][S] suppressed s_obj=9 zwp_linux_dmabuf_v1.modifier (dmabuf format/modifier: the C proxy answers this locally)
[wp-event][S] from-compositor s_obj=9 zwp_linux_dmabuf_v1.modifier args=3
[wp-event][S] suppressed s_obj=9 zwp_linux_dmabuf_v1.modifier (dmabuf format/modifier: the C proxy answers this locally)
[wp-event][S] from-compositor s_obj=9 zwp_linux_dmabuf_v1.modifier args=3
[wp-event][S] suppressed s_obj=9 zwp_linux_dmabuf_v1.modifier (dmabuf format/modifier: the C proxy answers this locally)
[wp-event][S] from-compositor s_obj=9 zwp_linux_dmabuf_v1.modifier args=3
[wp-event][S] suppressed s_obj=9 zwp_linux_dmabuf_v1.modifier (dmabuf format/modifier: the C proxy answers this locally)
[wp-event][S] from-compositor s_obj=9 zwp_linux_dmabuf_v1.modifier args=3
[wp-event][S] suppressed s_obj=9 zwp_linux_dmabuf_v1.modifier (dmabuf format/modifier: the C proxy answers this locally)
[wp-event][S] from-compositor s_obj=9 zwp_linux_dmabuf_v1.modifier args=3
[wp-event][S] suppressed s_obj=9 zwp_linux_dmabuf_v1.modifier (dmabuf format/modifier: the C proxy answers this locally)
[wp-event][S] from-compositor s_obj=9 zwp_linux_dmabuf_v1.modifier args=3
[wp-event][S] suppressed s_obj=9 zwp_linux_dmabuf_v1.modifier (dmabuf format/modifier: the C proxy answers this locally)
[wp-event][S] from-compositor s_obj=9 zwp_linux_dmabuf_v1.modifier args=3
[wp-event][S] suppressed s_obj=9 zwp_linux_dmabuf_v1.modifier (dmabuf format/modifier: the C proxy answers this locally)
[wp-event][S] from-compositor s_obj=9 zwp_linux_dmabuf_v1.modifier args=3
[wp-event][S] suppressed s_obj=9 zwp_linux_dmabuf_v1.modifier (dmabuf format/modifier: the C proxy answers this locally)
[wp-event][S] from-compositor s_obj=9 zwp_linux_dmabuf_v1.modifier args=3
[wp-event][S] suppressed s_obj=9 zwp_linux_dmabuf_v1.modifier (dmabuf format/modifier: the C proxy answers this locally)
[wp-event][S] from-compositor s_obj=9 zwp_linux_dmabuf_v1.modifier args=3
[wp-event][S] suppressed s_obj=9 zwp_linux_dmabuf_v1.modifier (dmabuf format/modifier: the C proxy answers this locally)
[wp-event][S] from-compositor s_obj=9 zwp_linux_dmabuf_v1.modifier args=3
[wp-event][S] suppressed s_obj=9 zwp_linux_dmabuf_v1.modifier (dmabuf format/modifier: the C proxy answers this locally)
[wp-event][S] from-compositor s_obj=9 zwp_linux_dmabuf_v1.modifier args=3
[wp-event][S] suppressed s_obj=9 zwp_linux_dmabuf_v1.modifier (dmabuf format/modifier: the C proxy answers this locally)
[wp-event][S] from-compositor s_obj=9 zwp_linux_dmabuf_v1.modifier args=3
[wp-event][S] suppressed s_obj=9 zwp_linux_dmabuf_v1.modifier (dmabuf format/modifier: the C proxy answers this locally)
[wp-event][S] from-compositor s_obj=9 zwp_linux_dmabuf_v1.modifier args=3
[wp-event][S] suppressed s_obj=9 zwp_linux_dmabuf_v1.modifier (dmabuf format/modifier: the C proxy answers this locally)
[wp-event][S] from-compositor s_obj=9 zwp_linux_dmabuf_v1.modifier args=3
[wp-event][S] suppressed s_obj=9 zwp_linux_dmabuf_v1.modifier (dmabuf format/modifier: the C proxy answers this locally)
[wp-event][S] from-compositor s_obj=9 zwp_linux_dmabuf_v1.modifier args=3
[wp-event][S] suppressed s_obj=9 zwp_linux_dmabuf_v1.modifier (dmabuf format/modifier: the C proxy answers this locally)
[wp-event][S] from-compositor s_obj=9 zwp_linux_dmabuf_v1.modifier args=3
[wp-event][S] suppressed s_obj=9 zwp_linux_dmabuf_v1.modifier (dmabuf format/modifier: the C proxy answers this locally)
[wp-event][S] from-compositor s_obj=9 zwp_linux_dmabuf_v1.modifier args=3
[wp-event][S] suppressed s_obj=9 zwp_linux_dmabuf_v1.modifier (dmabuf format/modifier: the C proxy answers this locally)
[wp-event][S] from-compositor s_obj=9 zwp_linux_dmabuf_v1.modifier args=3
[wp-event][S] suppressed s_obj=9 zwp_linux_dmabuf_v1.modifier (dmabuf format/modifier: the C proxy answers this locally)
[wp-event][S] from-compositor s_obj=9 zwp_linux_dmabuf_v1.modifier args=3
[wp-event][S] suppressed s_obj=9 zwp_linux_dmabuf_v1.modifier (dmabuf format/modifier: the C proxy answers this locally)
[wp-event][S] from-compositor s_obj=9 zwp_linux_dmabuf_v1.modifier args=3
[wp-event][S] suppressed s_obj=9 zwp_linux_dmabuf_v1.modifier (dmabuf format/modifier: the C proxy answers this locally)
[wp-event][S] from-compositor s_obj=9 zwp_linux_dmabuf_v1.modifier args=3
[wp-event][S] suppressed s_obj=9 zwp_linux_dmabuf_v1.modifier (dmabuf format/modifier: the C proxy answers this locally)
[wp-event][S] from-compositor s_obj=9 zwp_linux_dmabuf_v1.modifier args=3
[wp-event][S] suppressed s_obj=9 zwp_linux_dmabuf_v1.modifier (dmabuf format/modifier: the C proxy answers this locally)
[wp-event][S] from-compositor s_obj=9 zwp_linux_dmabuf_v1.modifier args=3
[wp-event][S] suppressed s_obj=9 zwp_linux_dmabuf_v1.modifier (dmabuf format/modifier: the C proxy answers this locally)
[wp-event][S] from-compositor s_obj=9 zwp_linux_dmabuf_v1.modifier args=3
[wp-event][S] suppressed s_obj=9 zwp_linux_dmabuf_v1.modifier (dmabuf format/modifier: the C proxy answers this locally)
[wp-event][S] from-compositor s_obj=9 zwp_linux_dmabuf_v1.modifier args=3
[wp-event][S] suppressed s_obj=9 zwp_linux_dmabuf_v1.modifier (dmabuf format/modifier: the C proxy answers this locally)
[wp-event][S] from-compositor s_obj=9 zwp_linux_dmabuf_v1.modifier args=3
[wp-event][S] suppressed s_obj=9 zwp_linux_dmabuf_v1.modifier (dmabuf format/modifier: the C proxy answers this locally)
[wp-event][S] from-compositor s_obj=9 zwp_linux_dmabuf_v1.modifier args=3
[wp-event][S] suppressed s_obj=9 zwp_linux_dmabuf_v1.modifier (dmabuf format/modifier: the C proxy answers this locally)
[wp-event][S] from-compositor s_obj=9 zwp_linux_dmabuf_v1.modifier args=3
[wp-event][S] suppressed s_obj=9 zwp_linux_dmabuf_v1.modifier (dmabuf format/modifier: the C proxy answers this locally)
[wp-event][S] from-compositor s_obj=9 zwp_linux_dmabuf_v1.modifier args=3
[wp-event][S] suppressed s_obj=9 zwp_linux_dmabuf_v1.modifier (dmabuf format/modifier: the C proxy answers this locally)
[wp-event][S] from-compositor s_obj=9 zwp_linux_dmabuf_v1.modifier args=3
[wp-event][S] suppressed s_obj=9 zwp_linux_dmabuf_v1.modifier (dmabuf format/modifier: the C proxy answers this locally)
[wp-event][S] from-compositor s_obj=9 zwp_linux_dmabuf_v1.modifier args=3
[wp-event][S] suppressed s_obj=9 zwp_linux_dmabuf_v1.modifier (dmabuf format/modifier: the C proxy answers this locally)
[wp-event][S] from-compositor s_obj=9 zwp_linux_dmabuf_v1.modifier args=3
[wp-event][S] suppressed s_obj=9 zwp_linux_dmabuf_v1.modifier (dmabuf format/modifier: the C proxy answers this locally)
[wp-event][S] from-compositor s_obj=9 zwp_linux_dmabuf_v1.modifier args=3
[wp-event][S] suppressed s_obj=9 zwp_linux_dmabuf_v1.modifier (dmabuf format/modifier: the C proxy answers this locally)
[wp-event][S] from-compositor s_obj=9 zwp_linux_dmabuf_v1.modifier args=3
[wp-event][S] suppressed s_obj=9 zwp_linux_dmabuf_v1.modifier (dmabuf format/modifier: the C proxy answers this locally)
[wp-event][S] from-compositor s_obj=9 zwp_linux_dmabuf_v1.modifier args=3
[wp-event][S] suppressed s_obj=9 zwp_linux_dmabuf_v1.modifier (dmabuf format/modifier: the C proxy answers this locally)
[wp-event][S] from-compositor s_obj=9 zwp_linux_dmabuf_v1.modifier args=3
[wp-event][S] suppressed s_obj=9 zwp_linux_dmabuf_v1.modifier (dmabuf format/modifier: the C proxy answers this locally)
[wp-event][S] from-compositor s_obj=9 zwp_linux_dmabuf_v1.modifier args=3
[wp-event][S] suppressed s_obj=9 zwp_linux_dmabuf_v1.modifier (dmabuf format/modifier: the C proxy answers this locally)
[wp-event][S] from-compositor s_obj=9 zwp_linux_dmabuf_v1.modifier args=3
[wp-event][S] suppressed s_obj=9 zwp_linux_dmabuf_v1.modifier (dmabuf format/modifier: the C proxy answers this locally)
[wp-event][S] from-compositor s_obj=9 zwp_linux_dmabuf_v1.modifier args=3
[wp-event][S] suppressed s_obj=9 zwp_linux_dmabuf_v1.modifier (dmabuf format/modifier: the C proxy answers this locally)
[wp-event][S] from-compositor s_obj=9 zwp_linux_dmabuf_v1.modifier args=3
[wp-event][S] suppressed s_obj=9 zwp_linux_dmabuf_v1.modifier (dmabuf format/modifier: the C proxy answers this locally)
[wp-event][S] from-compositor s_obj=9 zwp_linux_dmabuf_v1.modifier args=3
[wp-event][S] suppressed s_obj=9 zwp_linux_dmabuf_v1.modifier (dmabuf format/modifier: the C proxy answers this locally)
[wp-event][S] from-compositor s_obj=9 zwp_linux_dmabuf_v1.modifier args=3
[wp-event][S] suppressed s_obj=9 zwp_linux_dmabuf_v1.modifier (dmabuf format/modifier: the C proxy answers this locally)
[wp-event][S] from-compositor s_obj=9 zwp_linux_dmabuf_v1.modifier args=3
[wp-event][S] suppressed s_obj=9 zwp_linux_dmabuf_v1.modifier (dmabuf format/modifier: the C proxy answers this locally)
[wp-event][S] from-compositor s_obj=9 zwp_linux_dmabuf_v1.modifier args=3
[wp-event][S] suppressed s_obj=9 zwp_linux_dmabuf_v1.modifier (dmabuf format/modifier: the C proxy answers this locally)
[wp-event][S] from-compositor s_obj=9 zwp_linux_dmabuf_v1.modifier args=3
[wp-event][S] suppressed s_obj=9 zwp_linux_dmabuf_v1.modifier (dmabuf format/modifier: the C proxy answers this locally)
[wp-event][S] from-compositor s_obj=9 zwp_linux_dmabuf_v1.modifier args=3
[wp-event][S] suppressed s_obj=9 zwp_linux_dmabuf_v1.modifier (dmabuf format/modifier: the C proxy answers this locally)
[wp-event][S] from-compositor s_obj=9 zwp_linux_dmabuf_v1.modifier args=3
[wp-event][S] suppressed s_obj=9 zwp_linux_dmabuf_v1.modifier (dmabuf format/modifier: the C proxy answers this locally)
[wp-event][S] from-compositor s_obj=9 zwp_linux_dmabuf_v1.modifier args=3
[wp-event][S] suppressed s_obj=9 zwp_linux_dmabuf_v1.modifier (dmabuf format/modifier: the C proxy answers this locally)
[wp-event][S] from-compositor s_obj=9 zwp_linux_dmabuf_v1.modifier args=3
[wp-event][S] suppressed s_obj=9 zwp_linux_dmabuf_v1.modifier (dmabuf format/modifier: the C proxy answers this locally)
[wp-event][S] from-compositor s_obj=9 zwp_linux_dmabuf_v1.modifier args=3
[wp-event][S] suppressed s_obj=9 zwp_linux_dmabuf_v1.modifier (dmabuf format/modifier: the C proxy answers this locally)
[wp-event][S] from-compositor s_obj=9 zwp_linux_dmabuf_v1.modifier args=3
[wp-event][S] suppressed s_obj=9 zwp_linux_dmabuf_v1.modifier (dmabuf format/modifier: the C proxy answers this locally)
[wp-event][S] from-compositor s_obj=9 zwp_linux_dmabuf_v1.modifier args=3
[wp-event][S] suppressed s_obj=9 zwp_linux_dmabuf_v1.modifier (dmabuf format/modifier: the C proxy answers this locally)
[wp-event][S] from-compositor s_obj=9 zwp_linux_dmabuf_v1.modifier args=3
[wp-event][S] suppressed s_obj=9 zwp_linux_dmabuf_v1.modifier (dmabuf format/modifier: the C proxy answers this locally)
[wp-event][S] from-compositor s_obj=9 zwp_linux_dmabuf_v1.modifier args=3
[wp-event][S] suppressed s_obj=9 zwp_linux_dmabuf_v1.modifier (dmabuf format/modifier: the C proxy answers this locally)
[wp-event][S] from-compositor s_obj=9 zwp_linux_dmabuf_v1.modifier args=3
[wp-event][S] suppressed s_obj=9 zwp_linux_dmabuf_v1.modifier (dmabuf format/modifier: the C proxy answers this locally)
[wp-event][S] from-compositor s_obj=9 zwp_linux_dmabuf_v1.modifier args=3
[wp-event][S] suppressed s_obj=9 zwp_linux_dmabuf_v1.modifier (dmabuf format/modifier: the C proxy answers this locally)
[wp-event][S] from-compositor s_obj=9 zwp_linux_dmabuf_v1.modifier args=3
[wp-event][S] suppressed s_obj=9 zwp_linux_dmabuf_v1.modifier (dmabuf format/modifier: the C proxy answers this locally)
[wp-event][S] from-compositor s_obj=9 zwp_linux_dmabuf_v1.modifier args=3
[wp-event][S] suppressed s_obj=9 zwp_linux_dmabuf_v1.modifier (dmabuf format/modifier: the C proxy answers this locally)
[wp-event][S] from-compositor s_obj=9 zwp_linux_dmabuf_v1.modifier args=3
[wp-event][S] suppressed s_obj=9 zwp_linux_dmabuf_v1.modifier (dmabuf format/modifier: the C proxy answers this locally)
[wp-event][S] from-compositor s_obj=9 zwp_linux_dmabuf_v1.modifier args=3
[wp-event][S] suppressed s_obj=9 zwp_linux_dmabuf_v1.modifier (dmabuf format/modifier: the C proxy answers this locally)
[wp-event][S] from-compositor s_obj=9 zwp_linux_dmabuf_v1.modifier args=3
[wp-event][S] suppressed s_obj=9 zwp_linux_dmabuf_v1.modifier (dmabuf format/modifier: the C proxy answers this locally)
[wp-event][S] from-compositor s_obj=9 zwp_linux_dmabuf_v1.modifier args=3
[wp-event][S] suppressed s_obj=9 zwp_linux_dmabuf_v1.modifier (dmabuf format/modifier: the C proxy answers this locally)
[wp-event][S] from-compositor s_obj=9 zwp_linux_dmabuf_v1.modifier args=3
[wp-event][S] suppressed s_obj=9 zwp_linux_dmabuf_v1.modifier (dmabuf format/modifier: the C proxy answers this locally)
[wp-event][S] from-compositor s_obj=9 zwp_linux_dmabuf_v1.modifier args=3
[wp-event][S] suppressed s_obj=9 zwp_linux_dmabuf_v1.modifier (dmabuf format/modifier: the C proxy answers this locally)
[wp-event][S] from-compositor s_obj=9 zwp_linux_dmabuf_v1.modifier args=3
[wp-event][S] suppressed s_obj=9 zwp_linux_dmabuf_v1.modifier (dmabuf format/modifier: the C proxy answers this locally)
[wp-event][S] from-compositor s_obj=9 zwp_linux_dmabuf_v1.modifier args=3
[wp-event][S] suppressed s_obj=9 zwp_linux_dmabuf_v1.modifier (dmabuf format/modifier: the C proxy answers this locally)
[wp-event][S] from-compositor s_obj=9 zwp_linux_dmabuf_v1.modifier args=3
[wp-event][S] suppressed s_obj=9 zwp_linux_dmabuf_v1.modifier (dmabuf format/modifier: the C proxy answers this locally)
[wp-event][S] from-compositor s_obj=9 zwp_linux_dmabuf_v1.modifier args=3
[wp-event][S] suppressed s_obj=9 zwp_linux_dmabuf_v1.modifier (dmabuf format/modifier: the C proxy answers this locally)
[wp-event][S] from-compositor s_obj=9 zwp_linux_dmabuf_v1.modifier args=3
[wp-event][S] suppressed s_obj=9 zwp_linux_dmabuf_v1.modifier (dmabuf format/modifier: the C proxy answers this locally)
[wp-event][S] from-compositor s_obj=9 zwp_linux_dmabuf_v1.modifier args=3
[wp-event][S] suppressed s_obj=9 zwp_linux_dmabuf_v1.modifier (dmabuf format/modifier: the C proxy answers this locally)
[wp-event][S] from-compositor s_obj=9 zwp_linux_dmabuf_v1.modifier args=3
[wp-event][S] suppressed s_obj=9 zwp_linux_dmabuf_v1.modifier (dmabuf format/modifier: the C proxy answers this locally)
[wp-event][S] from-compositor s_obj=9 zwp_linux_dmabuf_v1.modifier args=3
[wp-event][S] suppressed s_obj=9 zwp_linux_dmabuf_v1.modifier (dmabuf format/modifier: the C proxy answers this locally)
[wp-event][S] from-compositor s_obj=9 zwp_linux_dmabuf_v1.modifier args=3
[wp-event][S] suppressed s_obj=9 zwp_linux_dmabuf_v1.modifier (dmabuf format/modifier: the C proxy answers this locally)
[wp-event][S] from-compositor s_obj=9 zwp_linux_dmabuf_v1.modifier args=3
[wp-event][S] suppressed s_obj=9 zwp_linux_dmabuf_v1.modifier (dmabuf format/modifier: the C proxy answers this locally)
[wp-event][S] from-compositor s_obj=9 zwp_linux_dmabuf_v1.modifier args=3
[wp-event][S] suppressed s_obj=9 zwp_linux_dmabuf_v1.modifier (dmabuf format/modifier: the C proxy answers this locally)
[wp-event][S] from-compositor s_obj=9 zwp_linux_dmabuf_v1.modifier args=3
[wp-event][S] suppressed s_obj=9 zwp_linux_dmabuf_v1.modifier (dmabuf format/modifier: the C proxy answers this locally)
[wp-event][S] from-compositor s_obj=9 zwp_linux_dmabuf_v1.modifier args=3
[wp-event][S] suppressed s_obj=9 zwp_linux_dmabuf_v1.modifier (dmabuf format/modifier: the C proxy answers this locally)
[wp-event][S] from-compositor s_obj=9 zwp_linux_dmabuf_v1.modifier args=3
[wp-event][S] suppressed s_obj=9 zwp_linux_dmabuf_v1.modifier (dmabuf format/modifier: the C proxy answers this locally)
[wp-event][S] from-compositor s_obj=9 zwp_linux_dmabuf_v1.modifier args=3
[wp-event][S] suppressed s_obj=9 zwp_linux_dmabuf_v1.modifier (dmabuf format/modifier: the C proxy answers this locally)
[wp-event][S] from-compositor s_obj=9 zwp_linux_dmabuf_v1.modifier args=3
[wp-event][S] suppressed s_obj=9 zwp_linux_dmabuf_v1.modifier (dmabuf format/modifier: the C proxy answers this locally)
[wp-event][S] from-compositor s_obj=9 zwp_linux_dmabuf_v1.modifier args=3
[wp-event][S] suppressed s_obj=9 zwp_linux_dmabuf_v1.modifier (dmabuf format/modifier: the C proxy answers this locally)
[wp-event][S] from-compositor s_obj=9 zwp_linux_dmabuf_v1.modifier args=3
[wp-event][S] suppressed s_obj=9 zwp_linux_dmabuf_v1.modifier (dmabuf format/modifier: the C proxy answers this locally)
[wp-event][S] from-compositor s_obj=9 zwp_linux_dmabuf_v1.modifier args=3
[wp-event][S] suppressed s_obj=9 zwp_linux_dmabuf_v1.modifier (dmabuf format/modifier: the C proxy answers this locally)
[wp-event][S] from-compositor s_obj=9 zwp_linux_dmabuf_v1.modifier args=3
[wp-event][S] suppressed s_obj=9 zwp_linux_dmabuf_v1.modifier (dmabuf format/modifier: the C proxy answers this locally)
[wp-event][S] from-compositor s_obj=9 zwp_linux_dmabuf_v1.modifier args=3
[wp-event][S] suppressed s_obj=9 zwp_linux_dmabuf_v1.modifier (dmabuf format/modifier: the C proxy answers this locally)
[wp-event][S] from-compositor s_obj=9 zwp_linux_dmabuf_v1.modifier args=3
[wp-event][S] suppressed s_obj=9 zwp_linux_dmabuf_v1.modifier (dmabuf format/modifier: the C proxy answers this locally)
[wp-event][S] from-compositor s_obj=9 zwp_linux_dmabuf_v1.modifier args=3
[wp-event][S] suppressed s_obj=9 zwp_linux_dmabuf_v1.modifier (dmabuf format/modifier: the C proxy answers this locally)
[wp-event][S] from-compositor s_obj=9 zwp_linux_dmabuf_v1.modifier args=3
[wp-event][S] suppressed s_obj=9 zwp_linux_dmabuf_v1.modifier (dmabuf format/modifier: the C proxy answers this locally)
[wp-event][S] from-compositor s_obj=9 zwp_linux_dmabuf_v1.modifier args=3
[wp-event][S] suppressed s_obj=9 zwp_linux_dmabuf_v1.modifier (dmabuf format/modifier: the C proxy answers this locally)
[wp-event][S] from-compositor s_obj=9 zwp_linux_dmabuf_v1.modifier args=3
[wp-event][S] suppressed s_obj=9 zwp_linux_dmabuf_v1.modifier (dmabuf format/modifier: the C proxy answers this locally)
[wp-event][S] from-compositor s_obj=9 zwp_linux_dmabuf_v1.modifier args=3
[wp-event][S] suppressed s_obj=9 zwp_linux_dmabuf_v1.modifier (dmabuf format/modifier: the C proxy answers this locally)
[wp-event][S] from-compositor s_obj=9 zwp_linux_dmabuf_v1.modifier args=3
[wp-event][S] suppressed s_obj=9 zwp_linux_dmabuf_v1.modifier (dmabuf format/modifier: the C proxy answers this locally)
[wp-event][S] from-compositor s_obj=9 zwp_linux_dmabuf_v1.modifier args=3
[wp-event][S] suppressed s_obj=9 zwp_linux_dmabuf_v1.modifier (dmabuf format/modifier: the C proxy answers this locally)
[wp-event][S] from-compositor s_obj=9 zwp_linux_dmabuf_v1.modifier args=3
[wp-event][S] suppressed s_obj=9 zwp_linux_dmabuf_v1.modifier (dmabuf format/modifier: the C proxy answers this locally)
[wp-event][S] from-compositor s_obj=9 zwp_linux_dmabuf_v1.modifier args=3
[wp-event][S] suppressed s_obj=9 zwp_linux_dmabuf_v1.modifier (dmabuf format/modifier: the C proxy answers this locally)
[wp-event][S] from-compositor s_obj=9 zwp_linux_dmabuf_v1.modifier args=3
[wp-event][S] suppressed s_obj=9 zwp_linux_dmabuf_v1.modifier (dmabuf format/modifier: the C proxy answers this locally)
[wp-event][S] from-compositor s_obj=9 zwp_linux_dmabuf_v1.modifier args=3
[wp-event][S] suppressed s_obj=9 zwp_linux_dmabuf_v1.modifier (dmabuf format/modifier: the C proxy answers this locally)
[wp-event][S] from-compositor s_obj=9 zwp_linux_dmabuf_v1.modifier args=3
[wp-event][S] suppressed s_obj=9 zwp_linux_dmabuf_v1.modifier (dmabuf format/modifier: the C proxy answers this locally)
[wp-event][S] from-compositor s_obj=9 zwp_linux_dmabuf_v1.modifier args=3
[wp-event][S] suppressed s_obj=9 zwp_linux_dmabuf_v1.modifier (dmabuf format/modifier: the C proxy answers this locally)
[wp-event][S] from-compositor s_obj=9 zwp_linux_dmabuf_v1.modifier args=3
[wp-event][S] suppressed s_obj=9 zwp_linux_dmabuf_v1.modifier (dmabuf format/modifier: the C proxy answers this locally)
[wp-event][S] from-compositor s_obj=9 zwp_linux_dmabuf_v1.modifier args=3
[wp-event][S] suppressed s_obj=9 zwp_linux_dmabuf_v1.modifier (dmabuf format/modifier: the C proxy answers this locally)
[wp-event][S] from-compositor s_obj=9 zwp_linux_dmabuf_v1.modifier args=3
[wp-event][S] suppressed s_obj=9 zwp_linux_dmabuf_v1.modifier (dmabuf format/modifier: the C proxy answers this locally)
[wp-event][S] from-compositor s_obj=9 zwp_linux_dmabuf_v1.modifier args=3
[wp-event][S] suppressed s_obj=9 zwp_linux_dmabuf_v1.modifier (dmabuf format/modifier: the C proxy answers this locally)
[wp-event][S] from-compositor s_obj=9 zwp_linux_dmabuf_v1.modifier args=3
[wp-event][S] suppressed s_obj=9 zwp_linux_dmabuf_v1.modifier (dmabuf format/modifier: the C proxy answers this locally)
[wp-event][S] from-compositor s_obj=9 zwp_linux_dmabuf_v1.modifier args=3
[wp-event][S] suppressed s_obj=9 zwp_linux_dmabuf_v1.modifier (dmabuf format/modifier: the C proxy answers this locally)
[wp-event][S] from-compositor s_obj=9 zwp_linux_dmabuf_v1.modifier args=3
[wp-event][S] suppressed s_obj=9 zwp_linux_dmabuf_v1.modifier (dmabuf format/modifier: the C proxy answers this locally)
[wp-event][S] from-compositor s_obj=9 zwp_linux_dmabuf_v1.modifier args=3
[wp-event][S] suppressed s_obj=9 zwp_linux_dmabuf_v1.modifier (dmabuf format/modifier: the C proxy answers this locally)
[wp-event][S] from-compositor s_obj=9 zwp_linux_dmabuf_v1.modifier args=3
[wp-event][S] suppressed s_obj=9 zwp_linux_dmabuf_v1.modifier (dmabuf format/modifier: the C proxy answers this locally)
[wp-event][S] from-compositor s_obj=9 zwp_linux_dmabuf_v1.modifier args=3
[wp-event][S] suppressed s_obj=9 zwp_linux_dmabuf_v1.modifier (dmabuf format/modifier: the C proxy answers this locally)
[wp-event][S] from-compositor s_obj=9 zwp_linux_dmabuf_v1.modifier args=3
[wp-event][S] suppressed s_obj=9 zwp_linux_dmabuf_v1.modifier (dmabuf format/modifier: the C proxy answers this locally)
[wp-event][S] from-compositor s_obj=9 zwp_linux_dmabuf_v1.modifier args=3
[wp-event][S] suppressed s_obj=9 zwp_linux_dmabuf_v1.modifier (dmabuf format/modifier: the C proxy answers this locally)
[wp-event][S] from-compositor s_obj=9 zwp_linux_dmabuf_v1.modifier args=3
[wp-event][S] suppressed s_obj=9 zwp_linux_dmabuf_v1.modifier (dmabuf format/modifier: the C proxy answers this locally)
[wp-event][S] from-compositor s_obj=9 zwp_linux_dmabuf_v1.modifier args=3
[wp-event][S] suppressed s_obj=9 zwp_linux_dmabuf_v1.modifier (dmabuf format/modifier: the C proxy answers this locally)
[wp-event][S] from-compositor s_obj=9 zwp_linux_dmabuf_v1.modifier args=3
[wp-event][S] suppressed s_obj=9 zwp_linux_dmabuf_v1.modifier (dmabuf format/modifier: the C proxy answers this locally)
[wp-event][S] from-compositor s_obj=9 zwp_linux_dmabuf_v1.modifier args=3
[wp-event][S] suppressed s_obj=9 zwp_linux_dmabuf_v1.modifier (dmabuf format/modifier: the C proxy answers this locally)
[wp-event][S] from-compositor s_obj=9 zwp_linux_dmabuf_v1.modifier args=3
[wp-event][S] suppressed s_obj=9 zwp_linux_dmabuf_v1.modifier (dmabuf format/modifier: the C proxy answers this locally)
[wp-event][S] from-compositor s_obj=9 zwp_linux_dmabuf_v1.modifier args=3
[wp-event][S] suppressed s_obj=9 zwp_linux_dmabuf_v1.modifier (dmabuf format/modifier: the C proxy answers this locally)
[wp-event][S] from-compositor s_obj=9 zwp_linux_dmabuf_v1.modifier args=3
[wp-event][S] suppressed s_obj=9 zwp_linux_dmabuf_v1.modifier (dmabuf format/modifier: the C proxy answers this locally)
[wp-event][S] from-compositor s_obj=9 zwp_linux_dmabuf_v1.modifier args=3
[wp-event][S] suppressed s_obj=9 zwp_linux_dmabuf_v1.modifier (dmabuf format/modifier: the C proxy answers this locally)
[wp-event][S] from-compositor s_obj=9 zwp_linux_dmabuf_v1.modifier args=3
[wp-event][S] suppressed s_obj=9 zwp_linux_dmabuf_v1.modifier (dmabuf format/modifier: the C proxy answers this locally)
[wp-event][S] from-compositor s_obj=9 zwp_linux_dmabuf_v1.modifier args=3
[wp-event][S] suppressed s_obj=9 zwp_linux_dmabuf_v1.modifier (dmabuf format/modifier: the C proxy answers this locally)
[wp-event][S] from-compositor s_obj=9 zwp_linux_dmabuf_v1.modifier args=3
[wp-event][S] suppressed s_obj=9 zwp_linux_dmabuf_v1.modifier (dmabuf format/modifier: the C proxy answers this locally)
[wp-event][S] from-compositor s_obj=9 zwp_linux_dmabuf_v1.modifier args=3
[wp-event][S] suppressed s_obj=9 zwp_linux_dmabuf_v1.modifier (dmabuf format/modifier: the C proxy answers this locally)
[wp-event][S] from-compositor s_obj=9 zwp_linux_dmabuf_v1.modifier args=3
[wp-event][S] suppressed s_obj=9 zwp_linux_dmabuf_v1.modifier (dmabuf format/modifier: the C proxy answers this locally)
[wp-event][S] from-compositor s_obj=9 zwp_linux_dmabuf_v1.modifier args=3
[wp-event][S] suppressed s_obj=9 zwp_linux_dmabuf_v1.modifier (dmabuf format/modifier: the C proxy answers this locally)
[wp-event][S] from-compositor s_obj=9 zwp_linux_dmabuf_v1.modifier args=3
[wp-event][S] suppressed s_obj=9 zwp_linux_dmabuf_v1.modifier (dmabuf format/modifier: the C proxy answers this locally)
[wp-event][S] from-compositor s_obj=9 zwp_linux_dmabuf_v1.modifier args=3
[wp-event][S] suppressed s_obj=9 zwp_linux_dmabuf_v1.modifier (dmabuf format/modifier: the C proxy answers this locally)
[wp-event][S] from-compositor s_obj=9 zwp_linux_dmabuf_v1.modifier args=3
[wp-event][S] suppressed s_obj=9 zwp_linux_dmabuf_v1.modifier (dmabuf format/modifier: the C proxy answers this locally)
[wp-event][S] from-compositor s_obj=9 zwp_linux_dmabuf_v1.modifier args=3
[wp-event][S] suppressed s_obj=9 zwp_linux_dmabuf_v1.modifier (dmabuf format/modifier: the C proxy answers this locally)
[wp-event][S] from-compositor s_obj=9 zwp_linux_dmabuf_v1.modifier args=3
[wp-event][S] suppressed s_obj=9 zwp_linux_dmabuf_v1.modifier (dmabuf format/modifier: the C proxy answers this locally)
[wp-event][S] from-compositor s_obj=9 zwp_linux_dmabuf_v1.modifier args=3
[wp-event][S] suppressed s_obj=9 zwp_linux_dmabuf_v1.modifier (dmabuf format/modifier: the C proxy answers this locally)
[wp-event][S] from-compositor s_obj=9 zwp_linux_dmabuf_v1.modifier args=3
[wp-event][S] suppressed s_obj=9 zwp_linux_dmabuf_v1.modifier (dmabuf format/modifier: the C proxy answers this locally)
[wp-event][S] from-compositor s_obj=9 zwp_linux_dmabuf_v1.modifier args=3
[wp-event][S] suppressed s_obj=9 zwp_linux_dmabuf_v1.modifier (dmabuf format/modifier: the C proxy answers this locally)
[wp-event][S] from-compositor s_obj=9 zwp_linux_dmabuf_v1.modifier args=3
[wp-event][S] suppressed s_obj=9 zwp_linux_dmabuf_v1.modifier (dmabuf format/modifier: the C proxy answers this locally)
[wp-event][S] from-compositor s_obj=9 zwp_linux_dmabuf_v1.modifier args=3
[wp-event][S] suppressed s_obj=9 zwp_linux_dmabuf_v1.modifier (dmabuf format/modifier: the C proxy answers this locally)
[wp-event][S] from-compositor s_obj=9 zwp_linux_dmabuf_v1.modifier args=3
[wp-event][S] suppressed s_obj=9 zwp_linux_dmabuf_v1.modifier (dmabuf format/modifier: the C proxy answers this locally)
[wp-event][S] from-compositor s_obj=9 zwp_linux_dmabuf_v1.modifier args=3
[wp-event][S] suppressed s_obj=9 zwp_linux_dmabuf_v1.modifier (dmabuf format/modifier: the C proxy answers this locally)
[wp-event][S] from-compositor s_obj=9 zwp_linux_dmabuf_v1.modifier args=3
[wp-event][S] suppressed s_obj=9 zwp_linux_dmabuf_v1.modifier (dmabuf format/modifier: the C proxy answers this locally)
[wp-event][S] from-compositor s_obj=9 zwp_linux_dmabuf_v1.modifier args=3
[wp-event][S] suppressed s_obj=9 zwp_linux_dmabuf_v1.modifier (dmabuf format/modifier: the C proxy answers this locally)
[wp-event][S] from-compositor s_obj=9 zwp_linux_dmabuf_v1.modifier args=3
[wp-event][S] suppressed s_obj=9 zwp_linux_dmabuf_v1.modifier (dmabuf format/modifier: the C proxy answers this locally)
[wp-event][S] from-compositor s_obj=9 zwp_linux_dmabuf_v1.modifier args=3
[wp-event][S] suppressed s_obj=9 zwp_linux_dmabuf_v1.modifier (dmabuf format/modifier: the C proxy answers this locally)
[wp-event][S] from-compositor s_obj=9 zwp_linux_dmabuf_v1.modifier args=3
[wp-event][S] suppressed s_obj=9 zwp_linux_dmabuf_v1.modifier (dmabuf format/modifier: the C proxy answers this locally)
[wp-event][S] from-compositor s_obj=9 zwp_linux_dmabuf_v1.modifier args=3
[wp-event][S] suppressed s_obj=9 zwp_linux_dmabuf_v1.modifier (dmabuf format/modifier: the C proxy answers this locally)
[wp-event][S] from-compositor s_obj=9 zwp_linux_dmabuf_v1.modifier args=3
[wp-event][S] suppressed s_obj=9 zwp_linux_dmabuf_v1.modifier (dmabuf format/modifier: the C proxy answers this locally)
[wp-event][S] from-compositor s_obj=9 zwp_linux_dmabuf_v1.modifier args=3
[wp-event][S] suppressed s_obj=9 zwp_linux_dmabuf_v1.modifier (dmabuf format/modifier: the C proxy answers this locally)
[wp-event][S] from-compositor s_obj=9 zwp_linux_dmabuf_v1.modifier args=3
[wp-event][S] suppressed s_obj=9 zwp_linux_dmabuf_v1.modifier (dmabuf format/modifier: the C proxy answers this locally)
[wp-event][S] from-compositor s_obj=9 zwp_linux_dmabuf_v1.modifier args=3
[wp-event][S] suppressed s_obj=9 zwp_linux_dmabuf_v1.modifier (dmabuf format/modifier: the C proxy answers this locally)
[wp-event][S] from-compositor s_obj=9 zwp_linux_dmabuf_v1.modifier args=3
[wp-event][S] suppressed s_obj=9 zwp_linux_dmabuf_v1.modifier (dmabuf format/modifier: the C proxy answers this locally)
[wp-event][S] from-compositor s_obj=9 zwp_linux_dmabuf_v1.modifier args=3
[wp-event][S] suppressed s_obj=9 zwp_linux_dmabuf_v1.modifier (dmabuf format/modifier: the C proxy answers this locally)
[wp-event][S] from-compositor s_obj=9 zwp_linux_dmabuf_v1.modifier args=3
[wp-event][S] suppressed s_obj=9 zwp_linux_dmabuf_v1.modifier (dmabuf format/modifier: the C proxy answers this locally)
[wp-event][S] from-compositor s_obj=9 zwp_linux_dmabuf_v1.modifier args=3
[wp-event][S] suppressed s_obj=9 zwp_linux_dmabuf_v1.modifier (dmabuf format/modifier: the C proxy answers this locally)
[wp-event][S] from-compositor s_obj=9 zwp_linux_dmabuf_v1.modifier args=3
[wp-event][S] suppressed s_obj=9 zwp_linux_dmabuf_v1.modifier (dmabuf format/modifier: the C proxy answers this locally)
[wp-event][S] from-compositor s_obj=9 zwp_linux_dmabuf_v1.modifier args=3
[wp-event][S] suppressed s_obj=9 zwp_linux_dmabuf_v1.modifier (dmabuf format/modifier: the C proxy answers this locally)
[wp-event][S] from-compositor s_obj=9 zwp_linux_dmabuf_v1.modifier args=3
[wp-event][S] suppressed s_obj=9 zwp_linux_dmabuf_v1.modifier (dmabuf format/modifier: the C proxy answers this locally)
[wp-event][S] from-compositor s_obj=9 zwp_linux_dmabuf_v1.modifier args=3
[wp-event][S] suppressed s_obj=9 zwp_linux_dmabuf_v1.modifier (dmabuf format/modifier: the C proxy answers this locally)
[wp-event][S] from-compositor s_obj=9 zwp_linux_dmabuf_v1.modifier args=3
[wp-event][S] suppressed s_obj=9 zwp_linux_dmabuf_v1.modifier (dmabuf format/modifier: the C proxy answers this locally)
[wp-event][S] from-compositor s_obj=9 zwp_linux_dmabuf_v1.modifier args=3
[wp-event][S] suppressed s_obj=9 zwp_linux_dmabuf_v1.modifier (dmabuf format/modifier: the C proxy answers this locally)
[wp-event][S] from-compositor s_obj=9 zwp_linux_dmabuf_v1.modifier args=3
[wp-event][S] suppressed s_obj=9 zwp_linux_dmabuf_v1.modifier (dmabuf format/modifier: the C proxy answers this locally)
[wp-event][S] from-compositor s_obj=9 zwp_linux_dmabuf_v1.modifier args=3
[wp-event][S] suppressed s_obj=9 zwp_linux_dmabuf_v1.modifier (dmabuf format/modifier: the C proxy answers this locally)
[wp-event][S] from-compositor s_obj=9 zwp_linux_dmabuf_v1.modifier args=3
[wp-event][S] suppressed s_obj=9 zwp_linux_dmabuf_v1.modifier (dmabuf format/modifier: the C proxy answers this locally)
[wp-event][S] from-compositor s_obj=9 zwp_linux_dmabuf_v1.modifier args=3
[wp-event][S] suppressed s_obj=9 zwp_linux_dmabuf_v1.modifier (dmabuf format/modifier: the C proxy answers this locally)
[wp-event][S] from-compositor s_obj=9 zwp_linux_dmabuf_v1.modifier args=3
[wp-event][S] suppressed s_obj=9 zwp_linux_dmabuf_v1.modifier (dmabuf format/modifier: the C proxy answers this locally)
[wp-event][S] from-compositor s_obj=9 zwp_linux_dmabuf_v1.modifier args=3
[wp-event][S] suppressed s_obj=9 zwp_linux_dmabuf_v1.modifier (dmabuf format/modifier: the C proxy answers this locally)
[wp-event][S] from-compositor s_obj=9 zwp_linux_dmabuf_v1.modifier args=3
[wp-event][S] suppressed s_obj=9 zwp_linux_dmabuf_v1.modifier (dmabuf format/modifier: the C proxy answers this locally)
[wp-event][S] from-compositor s_obj=9 zwp_linux_dmabuf_v1.modifier args=3
[wp-event][S] suppressed s_obj=9 zwp_linux_dmabuf_v1.modifier (dmabuf format/modifier: the C proxy answers this locally)
[wp-event][S] from-compositor s_obj=9 zwp_linux_dmabuf_v1.modifier args=3
[wp-event][S] suppressed s_obj=9 zwp_linux_dmabuf_v1.modifier (dmabuf format/modifier: the C proxy answers this locally)
[wp-event][S] from-compositor s_obj=9 zwp_linux_dmabuf_v1.modifier args=3
[wp-event][S] suppressed s_obj=9 zwp_linux_dmabuf_v1.modifier (dmabuf format/modifier: the C proxy answers this locally)
[wp-event][S] from-compositor s_obj=9 zwp_linux_dmabuf_v1.modifier args=3
[wp-event][S] suppressed s_obj=9 zwp_linux_dmabuf_v1.modifier (dmabuf format/modifier: the C proxy answers this locally)
[wp-event][S] from-compositor s_obj=9 zwp_linux_dmabuf_v1.modifier args=3
[wp-event][S] suppressed s_obj=9 zwp_linux_dmabuf_v1.modifier (dmabuf format/modifier: the C proxy answers this locally)
[wp-event][S] from-compositor s_obj=9 zwp_linux_dmabuf_v1.modifier args=3
[wp-event][S] suppressed s_obj=9 zwp_linux_dmabuf_v1.modifier (dmabuf format/modifier: the C proxy answers this locally)
[wp-event][S] from-compositor s_obj=9 zwp_linux_dmabuf_v1.modifier args=3
[wp-event][S] suppressed s_obj=9 zwp_linux_dmabuf_v1.modifier (dmabuf format/modifier: the C proxy answers this locally)
[wp-event][S] from-compositor s_obj=9 zwp_linux_dmabuf_v1.modifier args=3
[wp-event][S] suppressed s_obj=9 zwp_linux_dmabuf_v1.modifier (dmabuf format/modifier: the C proxy answers this locally)
[wp-event][S] from-compositor s_obj=9 zwp_linux_dmabuf_v1.modifier args=3
[wp-event][S] suppressed s_obj=9 zwp_linux_dmabuf_v1.modifier (dmabuf format/modifier: the C proxy answers this locally)
[wp-event][S] from-compositor s_obj=9 zwp_linux_dmabuf_v1.modifier args=3
[wp-event][S] suppressed s_obj=9 zwp_linux_dmabuf_v1.modifier (dmabuf format/modifier: the C proxy answers this locally)
[wp-event][S] from-compositor s_obj=9 zwp_linux_dmabuf_v1.modifier args=3
[wp-event][S] suppressed s_obj=9 zwp_linux_dmabuf_v1.modifier (dmabuf format/modifier: the C proxy answers this locally)
[wp-event][S] from-compositor s_obj=9 zwp_linux_dmabuf_v1.modifier args=3
[wp-event][S] suppressed s_obj=9 zwp_linux_dmabuf_v1.modifier (dmabuf format/modifier: the C proxy answers this locally)
[wp-event][S] from-compositor s_obj=9 zwp_linux_dmabuf_v1.modifier args=3
[wp-event][S] suppressed s_obj=9 zwp_linux_dmabuf_v1.modifier (dmabuf format/modifier: the C proxy answers this locally)
[wp-event][S] from-compositor s_obj=9 zwp_linux_dmabuf_v1.modifier args=3
[wp-event][S] suppressed s_obj=9 zwp_linux_dmabuf_v1.modifier (dmabuf format/modifier: the C proxy answers this locally)
[wp-event][S] from-compositor s_obj=9 zwp_linux_dmabuf_v1.modifier args=3
[wp-event][S] suppressed s_obj=9 zwp_linux_dmabuf_v1.modifier (dmabuf format/modifier: the C proxy answers this locally)
[wp-event][S] from-compositor s_obj=9 zwp_linux_dmabuf_v1.modifier args=3
[wp-event][S] suppressed s_obj=9 zwp_linux_dmabuf_v1.modifier (dmabuf format/modifier: the C proxy answers this locally)
[wp-event][S] from-compositor s_obj=9 zwp_linux_dmabuf_v1.modifier args=3
[wp-event][S] suppressed s_obj=9 zwp_linux_dmabuf_v1.modifier (dmabuf format/modifier: the C proxy answers this locally)
[wp-event][S] from-compositor s_obj=9 zwp_linux_dmabuf_v1.modifier args=3
[wp-event][S] suppressed s_obj=9 zwp_linux_dmabuf_v1.modifier (dmabuf format/modifier: the C proxy answers this locally)
[wp-event][S] from-compositor s_obj=9 zwp_linux_dmabuf_v1.modifier args=3
[wp-event][S] suppressed s_obj=9 zwp_linux_dmabuf_v1.modifier (dmabuf format/modifier: the C proxy answers this locally)
[wp-event][S] from-compositor s_obj=9 zwp_linux_dmabuf_v1.modifier args=3
[wp-event][S] suppressed s_obj=9 zwp_linux_dmabuf_v1.modifier (dmabuf format/modifier: the C proxy answers this locally)
[wp-event][S] from-compositor s_obj=9 zwp_linux_dmabuf_v1.modifier args=3
[wp-event][S] suppressed s_obj=9 zwp_linux_dmabuf_v1.modifier (dmabuf format/modifier: the C proxy answers this locally)
[wp-event][S] from-compositor s_obj=9 zwp_linux_dmabuf_v1.modifier args=3
[wp-event][S] suppressed s_obj=9 zwp_linux_dmabuf_v1.modifier (dmabuf format/modifier: the C proxy answers this locally)
[wp-event][S] from-compositor s_obj=9 zwp_linux_dmabuf_v1.modifier args=3
[wp-event][S] suppressed s_obj=9 zwp_linux_dmabuf_v1.modifier (dmabuf format/modifier: the C proxy answers this locally)
[wp-event][S] from-compositor s_obj=9 zwp_linux_dmabuf_v1.modifier args=3
[wp-event][S] suppressed s_obj=9 zwp_linux_dmabuf_v1.modifier (dmabuf format/modifier: the C proxy answers this locally)
[wp-event][S] from-compositor s_obj=9 zwp_linux_dmabuf_v1.modifier args=3
[wp-event][S] suppressed s_obj=9 zwp_linux_dmabuf_v1.modifier (dmabuf format/modifier: the C proxy answers this locally)
[wp-event][S] from-compositor s_obj=9 zwp_linux_dmabuf_v1.modifier args=3
[wp-event][S] suppressed s_obj=9 zwp_linux_dmabuf_v1.modifier (dmabuf format/modifier: the C proxy answers this locally)
[wp-event][S] from-compositor s_obj=9 zwp_linux_dmabuf_v1.modifier args=3
[wp-event][S] suppressed s_obj=9 zwp_linux_dmabuf_v1.modifier (dmabuf format/modifier: the C proxy answers this locally)
[wp-event][S] from-compositor s_obj=9 zwp_linux_dmabuf_v1.modifier args=3
[wp-event][S] suppressed s_obj=9 zwp_linux_dmabuf_v1.modifier (dmabuf format/modifier: the C proxy answers this locally)
[wp-event][S] from-compositor s_obj=9 zwp_linux_dmabuf_v1.modifier args=3
[wp-event][S] suppressed s_obj=9 zwp_linux_dmabuf_v1.modifier (dmabuf format/modifier: the C proxy answers this locally)
[wp-event][S] from-compositor s_obj=9 zwp_linux_dmabuf_v1.modifier args=3
[wp-event][S] suppressed s_obj=9 zwp_linux_dmabuf_v1.modifier (dmabuf format/modifier: the C proxy answers this locally)
[wp-event][S] from-compositor s_obj=9 zwp_linux_dmabuf_v1.modifier args=3
[wp-event][S] suppressed s_obj=9 zwp_linux_dmabuf_v1.modifier (dmabuf format/modifier: the C proxy answers this locally)
[wp-event][S] from-compositor s_obj=9 zwp_linux_dmabuf_v1.modifier args=3
[wp-event][S] suppressed s_obj=9 zwp_linux_dmabuf_v1.modifier (dmabuf format/modifier: the C proxy answers this locally)
[wp-event][S] from-compositor s_obj=9 zwp_linux_dmabuf_v1.modifier args=3
[wp-event][S] suppressed s_obj=9 zwp_linux_dmabuf_v1.modifier (dmabuf format/modifier: the C proxy answers this locally)
[wp-event][S] from-compositor s_obj=9 zwp_linux_dmabuf_v1.modifier args=3
[wp-event][S] suppressed s_obj=9 zwp_linux_dmabuf_v1.modifier (dmabuf format/modifier: the C proxy answers this locally)
[wp-event][S] from-compositor s_obj=9 zwp_linux_dmabuf_v1.modifier args=3
[wp-event][S] suppressed s_obj=9 zwp_linux_dmabuf_v1.modifier (dmabuf format/modifier: the C proxy answers this locally)
[wp-event][S] from-compositor s_obj=9 zwp_linux_dmabuf_v1.modifier args=3
[wp-event][S] suppressed s_obj=9 zwp_linux_dmabuf_v1.modifier (dmabuf format/modifier: the C proxy answers this locally)
[wp-event][S] from-compositor s_obj=9 zwp_linux_dmabuf_v1.modifier args=3
[wp-event][S] suppressed s_obj=9 zwp_linux_dmabuf_v1.modifier (dmabuf format/modifier: the C proxy answers this locally)
[wp-event][S] from-compositor s_obj=9 zwp_linux_dmabuf_v1.modifier args=3
[wp-event][S] suppressed s_obj=9 zwp_linux_dmabuf_v1.modifier (dmabuf format/modifier: the C proxy answers this locally)
[wp-event][S] from-compositor s_obj=9 zwp_linux_dmabuf_v1.modifier args=3
[wp-event][S] suppressed s_obj=9 zwp_linux_dmabuf_v1.modifier (dmabuf format/modifier: the C proxy answers this locally)
[wp-event][S] from-compositor s_obj=9 zwp_linux_dmabuf_v1.modifier args=3
[wp-event][S] suppressed s_obj=9 zwp_linux_dmabuf_v1.modifier (dmabuf format/modifier: the C proxy answers this locally)
[wp-event][S] from-compositor s_obj=9 zwp_linux_dmabuf_v1.modifier args=3
[wp-event][S] suppressed s_obj=9 zwp_linux_dmabuf_v1.modifier (dmabuf format/modifier: the C proxy answers this locally)
[wp-event][S] from-compositor s_obj=9 zwp_linux_dmabuf_v1.modifier args=3
[wp-event][S] suppressed s_obj=9 zwp_linux_dmabuf_v1.modifier (dmabuf format/modifier: the C proxy answers this locally)
[wp-event][S] from-compositor s_obj=9 zwp_linux_dmabuf_v1.modifier args=3
[wp-event][S] suppressed s_obj=9 zwp_linux_dmabuf_v1.modifier (dmabuf format/modifier: the C proxy answers this locally)
[wp-event][S] from-compositor s_obj=9 zwp_linux_dmabuf_v1.modifier args=3
[wp-event][S] suppressed s_obj=9 zwp_linux_dmabuf_v1.modifier (dmabuf format/modifier: the C proxy answers this locally)
[wp-event][S] from-compositor s_obj=9 zwp_linux_dmabuf_v1.modifier args=3
[wp-event][S] suppressed s_obj=9 zwp_linux_dmabuf_v1.modifier (dmabuf format/modifier: the C proxy answers this locally)
[wp-event][S] from-compositor s_obj=9 zwp_linux_dmabuf_v1.modifier args=3
[wp-event][S] suppressed s_obj=9 zwp_linux_dmabuf_v1.modifier (dmabuf format/modifier: the C proxy answers this locally)
[wp-event][S] from-compositor s_obj=9 zwp_linux_dmabuf_v1.modifier args=3
[wp-event][S] suppressed s_obj=9 zwp_linux_dmabuf_v1.modifier (dmabuf format/modifier: the C proxy answers this locally)
[wp-event][S] from-compositor s_obj=9 zwp_linux_dmabuf_v1.modifier args=3
[wp-event][S] suppressed s_obj=9 zwp_linux_dmabuf_v1.modifier (dmabuf format/modifier: the C proxy answers this locally)
[wp-event][S] from-compositor s_obj=9 zwp_linux_dmabuf_v1.modifier args=3
[wp-event][S] suppressed s_obj=9 zwp_linux_dmabuf_v1.modifier (dmabuf format/modifier: the C proxy answers this locally)
[wp-event][S] from-compositor s_obj=9 zwp_linux_dmabuf_v1.modifier args=3
[wp-event][S] suppressed s_obj=9 zwp_linux_dmabuf_v1.modifier (dmabuf format/modifier: the C proxy answers this locally)
[wp-event][S] from-compositor s_obj=9 zwp_linux_dmabuf_v1.modifier args=3
[wp-event][S] suppressed s_obj=9 zwp_linux_dmabuf_v1.modifier (dmabuf format/modifier: the C proxy answers this locally)
[wp-event][S] from-compositor s_obj=9 zwp_linux_dmabuf_v1.modifier args=3
[wp-event][S] suppressed s_obj=9 zwp_linux_dmabuf_v1.modifier (dmabuf format/modifier: the C proxy answers this locally)
rayland-s: WP0 replay bound `zwp_linux_dmabuf_v1` v3 (app obj 11)
[wp-event][S] from-compositor s_obj=10 zwp_linux_dmabuf_v1.modifier args=3
[wp-event][S] suppressed s_obj=10 zwp_linux_dmabuf_v1.modifier (dmabuf format/modifier: the C proxy answers this locally)
[wp-event][S] from-compositor s_obj=10 zwp_linux_dmabuf_v1.modifier args=3
[wp-event][S] suppressed s_obj=10 zwp_linux_dmabuf_v1.modifier (dmabuf format/modifier: the C proxy answers this locally)
[wp-event][S] from-compositor s_obj=10 zwp_linux_dmabuf_v1.modifier args=3
[wp-event][S] suppressed s_obj=10 zwp_linux_dmabuf_v1.modifier (dmabuf format/modifier: the C proxy answers this locally)
[wp-event][S] from-compositor s_obj=10 zwp_linux_dmabuf_v1.modifier args=3
[wp-event][S] suppressed s_obj=10 zwp_linux_dmabuf_v1.modifier (dmabuf format/modifier: the C proxy answers this locally)
[wp-event][S] from-compositor s_obj=10 zwp_linux_dmabuf_v1.modifier args=3
[wp-event][S] suppressed s_obj=10 zwp_linux_dmabuf_v1.modifier (dmabuf format/modifier: the C proxy answers this locally)
[wp-event][S] from-compositor s_obj=10 zwp_linux_dmabuf_v1.modifier args=3
[wp-event][S] suppressed s_obj=10 zwp_linux_dmabuf_v1.modifier (dmabuf format/modifier: the C proxy answers this locally)
[wp-event][S] from-compositor s_obj=10 zwp_linux_dmabuf_v1.modifier args=3
[wp-event][S] suppressed s_obj=10 zwp_linux_dmabuf_v1.modifier (dmabuf format/modifier: the C proxy answers this locally)
[wp-event][S] from-compositor s_obj=10 zwp_linux_dmabuf_v1.modifier args=3
[wp-event][S] suppressed s_obj=10 zwp_linux_dmabuf_v1.modifier (dmabuf format/modifier: the C proxy answers this locally)
[wp-event][S] from-compositor s_obj=10 zwp_linux_dmabuf_v1.modifier args=3
[wp-event][S] suppressed s_obj=10 zwp_linux_dmabuf_v1.modifier (dmabuf format/modifier: the C proxy answers this locally)
[wp-event][S] from-compositor s_obj=10 zwp_linux_dmabuf_v1.modifier args=3
[wp-event][S] suppressed s_obj=10 zwp_linux_dmabuf_v1.modifier (dmabuf format/modifier: the C proxy answers this locally)
[wp-event][S] from-compositor s_obj=10 zwp_linux_dmabuf_v1.modifier args=3
[wp-event][S] suppressed s_obj=10 zwp_linux_dmabuf_v1.modifier (dmabuf format/modifier: the C proxy answers this locally)
[wp-event][S] from-compositor s_obj=10 zwp_linux_dmabuf_v1.modifier args=3
[wp-event][S] suppressed s_obj=10 zwp_linux_dmabuf_v1.modifier (dmabuf format/modifier: the C proxy answers this locally)
[wp-event][S] from-compositor s_obj=10 zwp_linux_dmabuf_v1.modifier args=3
[wp-event][S] suppressed s_obj=10 zwp_linux_dmabuf_v1.modifier (dmabuf format/modifier: the C proxy answers this locally)
[wp-event][S] from-compositor s_obj=10 zwp_linux_dmabuf_v1.modifier args=3
[wp-event][S] suppressed s_obj=10 zwp_linux_dmabuf_v1.modifier (dmabuf format/modifier: the C proxy answers this locally)
[wp-event][S] from-compositor s_obj=10 zwp_linux_dmabuf_v1.modifier args=3
[wp-event][S] suppressed s_obj=10 zwp_linux_dmabuf_v1.modifier (dmabuf format/modifier: the C proxy answers this locally)
[wp-event][S] from-compositor s_obj=10 zwp_linux_dmabuf_v1.modifier args=3
[wp-event][S] suppressed s_obj=10 zwp_linux_dmabuf_v1.modifier (dmabuf format/modifier: the C proxy answers this locally)
[wp-event][S] from-compositor s_obj=10 zwp_linux_dmabuf_v1.modifier args=3
[wp-event][S] suppressed s_obj=10 zwp_linux_dmabuf_v1.modifier (dmabuf format/modifier: the C proxy answers this locally)
[wp-event][S] from-compositor s_obj=10 zwp_linux_dmabuf_v1.modifier args=3
[wp-event][S] suppressed s_obj=10 zwp_linux_dmabuf_v1.modifier (dmabuf format/modifier: the C proxy answers this locally)
[wp-event][S] from-compositor s_obj=10 zwp_linux_dmabuf_v1.modifier args=3
[wp-event][S] suppressed s_obj=10 zwp_linux_dmabuf_v1.modifier (dmabuf format/modifier: the C proxy answers this locally)
[wp-event][S] from-compositor s_obj=10 zwp_linux_dmabuf_v1.modifier args=3
[wp-event][S] suppressed s_obj=10 zwp_linux_dmabuf_v1.modifier (dmabuf format/modifier: the C proxy answers this locally)
[wp-event][S] from-compositor s_obj=10 zwp_linux_dmabuf_v1.modifier args=3
[wp-event][S] suppressed s_obj=10 zwp_linux_dmabuf_v1.modifier (dmabuf format/modifier: the C proxy answers this locally)
[wp-event][S] from-compositor s_obj=10 zwp_linux_dmabuf_v1.modifier args=3
[wp-event][S] suppressed s_obj=10 zwp_linux_dmabuf_v1.modifier (dmabuf format/modifier: the C proxy answers this locally)
[wp-event][S] from-compositor s_obj=10 zwp_linux_dmabuf_v1.modifier args=3
[wp-event][S] suppressed s_obj=10 zwp_linux_dmabuf_v1.modifier (dmabuf format/modifier: the C proxy answers this locally)
[wp-event][S] from-compositor s_obj=10 zwp_linux_dmabuf_v1.modifier args=3
[wp-event][S] suppressed s_obj=10 zwp_linux_dmabuf_v1.modifier (dmabuf format/modifier: the C proxy answers this locally)
[wp-event][S] from-compositor s_obj=10 zwp_linux_dmabuf_v1.modifier args=3
[wp-event][S] suppressed s_obj=10 zwp_linux_dmabuf_v1.modifier (dmabuf format/modifier: the C proxy answers this locally)
[wp-event][S] from-compositor s_obj=10 zwp_linux_dmabuf_v1.modifier args=3
[wp-event][S] suppressed s_obj=10 zwp_linux_dmabuf_v1.modifier (dmabuf format/modifier: the C proxy answers this locally)
[wp-event][S] from-compositor s_obj=10 zwp_linux_dmabuf_v1.modifier args=3
[wp-event][S] suppressed s_obj=10 zwp_linux_dmabuf_v1.modifier (dmabuf format/modifier: the C proxy answers this locally)
[wp-event][S] from-compositor s_obj=10 zwp_linux_dmabuf_v1.modifier args=3
[wp-event][S] suppressed s_obj=10 zwp_linux_dmabuf_v1.modifier (dmabuf format/modifier: the C proxy answers this locally)
[wp-event][S] from-compositor s_obj=10 zwp_linux_dmabuf_v1.modifier args=3
[wp-event][S] suppressed s_obj=10 zwp_linux_dmabuf_v1.modifier (dmabuf format/modifier: the C proxy answers this locally)
[wp-event][S] from-compositor s_obj=10 zwp_linux_dmabuf_v1.modifier args=3
[wp-event][S] suppressed s_obj=10 zwp_linux_dmabuf_v1.modifier (dmabuf format/modifier: the C proxy answers this locally)
[wp-event][S] from-compositor s_obj=10 zwp_linux_dmabuf_v1.modifier args=3
[wp-event][S] suppressed s_obj=10 zwp_linux_dmabuf_v1.modifier (dmabuf format/modifier: the C proxy answers this locally)
[wp-event][S] from-compositor s_obj=10 zwp_linux_dmabuf_v1.modifier args=3
[wp-event][S] suppressed s_obj=10 zwp_linux_dmabuf_v1.modifier (dmabuf format/modifier: the C proxy answers this locally)
[wp-event][S] from-compositor s_obj=10 zwp_linux_dmabuf_v1.modifier args=3
[wp-event][S] suppressed s_obj=10 zwp_linux_dmabuf_v1.modifier (dmabuf format/modifier: the C proxy answers this locally)
[wp-event][S] from-compositor s_obj=10 zwp_linux_dmabuf_v1.modifier args=3
[wp-event][S] suppressed s_obj=10 zwp_linux_dmabuf_v1.modifier (dmabuf format/modifier: the C proxy answers this locally)
[wp-event][S] from-compositor s_obj=10 zwp_linux_dmabuf_v1.modifier args=3
[wp-event][S] suppressed s_obj=10 zwp_linux_dmabuf_v1.modifier (dmabuf format/modifier: the C proxy answers this locally)
[wp-event][S] from-compositor s_obj=10 zwp_linux_dmabuf_v1.modifier args=3
[wp-event][S] suppressed s_obj=10 zwp_linux_dmabuf_v1.modifier (dmabuf format/modifier: the C proxy answers this locally)
[wp-event][S] from-compositor s_obj=10 zwp_linux_dmabuf_v1.modifier args=3
[wp-event][S] suppressed s_obj=10 zwp_linux_dmabuf_v1.modifier (dmabuf format/modifier: the C proxy answers this locally)
[wp-event][S] from-compositor s_obj=10 zwp_linux_dmabuf_v1.modifier args=3
[wp-event][S] suppressed s_obj=10 zwp_linux_dmabuf_v1.modifier (dmabuf format/modifier: the C proxy answers this locally)
[wp-event][S] from-compositor s_obj=10 zwp_linux_dmabuf_v1.modifier args=3
[wp-event][S] suppressed s_obj=10 zwp_linux_dmabuf_v1.modifier (dmabuf format/modifier: the C proxy answers this locally)
[wp-event][S] from-compositor s_obj=10 zwp_linux_dmabuf_v1.modifier args=3
[wp-event][S] suppressed s_obj=10 zwp_linux_dmabuf_v1.modifier (dmabuf format/modifier: the C proxy answers this locally)
[wp-event][S] from-compositor s_obj=10 zwp_linux_dmabuf_v1.modifier args=3
[wp-event][S] suppressed s_obj=10 zwp_linux_dmabuf_v1.modifier (dmabuf format/modifier: the C proxy answers this locally)
[wp-event][S] from-compositor s_obj=10 zwp_linux_dmabuf_v1.modifier args=3
[wp-event][S] suppressed s_obj=10 zwp_linux_dmabuf_v1.modifier (dmabuf format/modifier: the C proxy answers this locally)
[wp-event][S] from-compositor s_obj=10 zwp_linux_dmabuf_v1.modifier args=3
[wp-event][S] suppressed s_obj=10 zwp_linux_dmabuf_v1.modifier (dmabuf format/modifier: the C proxy answers this locally)
[wp-event][S] from-compositor s_obj=10 zwp_linux_dmabuf_v1.modifier args=3
[wp-event][S] suppressed s_obj=10 zwp_linux_dmabuf_v1.modifier (dmabuf format/modifier: the C proxy answers this locally)
[wp-event][S] from-compositor s_obj=10 zwp_linux_dmabuf_v1.modifier args=3
[wp-event][S] suppressed s_obj=10 zwp_linux_dmabuf_v1.modifier (dmabuf format/modifier: the C proxy answers this locally)
[wp-event][S] from-compositor s_obj=10 zwp_linux_dmabuf_v1.modifier args=3
[wp-event][S] suppressed s_obj=10 zwp_linux_dmabuf_v1.modifier (dmabuf format/modifier: the C proxy answers this locally)
[wp-event][S] from-compositor s_obj=10 zwp_linux_dmabuf_v1.modifier args=3
[wp-event][S] suppressed s_obj=10 zwp_linux_dmabuf_v1.modifier (dmabuf format/modifier: the C proxy answers this locally)
[wp-event][S] from-compositor s_obj=10 zwp_linux_dmabuf_v1.modifier args=3
[wp-event][S] suppressed s_obj=10 zwp_linux_dmabuf_v1.modifier (dmabuf format/modifier: the C proxy answers this locally)
[wp-event][S] from-compositor s_obj=10 zwp_linux_dmabuf_v1.modifier args=3
[wp-event][S] suppressed s_obj=10 zwp_linux_dmabuf_v1.modifier (dmabuf format/modifier: the C proxy answers this locally)
[wp-event][S] from-compositor s_obj=10 zwp_linux_dmabuf_v1.modifier args=3
[wp-event][S] suppressed s_obj=10 zwp_linux_dmabuf_v1.modifier (dmabuf format/modifier: the C proxy answers this locally)
[wp-event][S] from-compositor s_obj=10 zwp_linux_dmabuf_v1.modifier args=3
[wp-event][S] suppressed s_obj=10 zwp_linux_dmabuf_v1.modifier (dmabuf format/modifier: the C proxy answers this locally)
[wp-event][S] from-compositor s_obj=10 zwp_linux_dmabuf_v1.modifier args=3
[wp-event][S] suppressed s_obj=10 zwp_linux_dmabuf_v1.modifier (dmabuf format/modifier: the C proxy answers this locally)
[wp-event][S] from-compositor s_obj=10 zwp_linux_dmabuf_v1.modifier args=3
[wp-event][S] suppressed s_obj=10 zwp_linux_dmabuf_v1.modifier (dmabuf format/modifier: the C proxy answers this locally)
[wp-event][S] from-compositor s_obj=10 zwp_linux_dmabuf_v1.modifier args=3
[wp-event][S] suppressed s_obj=10 zwp_linux_dmabuf_v1.modifier (dmabuf format/modifier: the C proxy answers this locally)
[wp-event][S] from-compositor s_obj=10 zwp_linux_dmabuf_v1.modifier args=3
[wp-event][S] suppressed s_obj=10 zwp_linux_dmabuf_v1.modifier (dmabuf format/modifier: the C proxy answers this locally)
[wp-event][S] from-compositor s_obj=10 zwp_linux_dmabuf_v1.modifier args=3
[wp-event][S] suppressed s_obj=10 zwp_linux_dmabuf_v1.modifier (dmabuf format/modifier: the C proxy answers this locally)
[wp-event][S] from-compositor s_obj=10 zwp_linux_dmabuf_v1.modifier args=3
[wp-event][S] suppressed s_obj=10 zwp_linux_dmabuf_v1.modifier (dmabuf format/modifier: the C proxy answers this locally)
[wp-event][S] from-compositor s_obj=10 zwp_linux_dmabuf_v1.modifier args=3
[wp-event][S] suppressed s_obj=10 zwp_linux_dmabuf_v1.modifier (dmabuf format/modifier: the C proxy answers this locally)
[wp-event][S] from-compositor s_obj=10 zwp_linux_dmabuf_v1.modifier args=3
[wp-event][S] suppressed s_obj=10 zwp_linux_dmabuf_v1.modifier (dmabuf format/modifier: the C proxy answers this locally)
[wp-event][S] from-compositor s_obj=10 zwp_linux_dmabuf_v1.modifier args=3
[wp-event][S] suppressed s_obj=10 zwp_linux_dmabuf_v1.modifier (dmabuf format/modifier: the C proxy answers this locally)
[wp-event][S] from-compositor s_obj=10 zwp_linux_dmabuf_v1.modifier args=3
[wp-event][S] suppressed s_obj=10 zwp_linux_dmabuf_v1.modifier (dmabuf format/modifier: the C proxy answers this locally)
[wp-event][S] from-compositor s_obj=10 zwp_linux_dmabuf_v1.modifier args=3
[wp-event][S] suppressed s_obj=10 zwp_linux_dmabuf_v1.modifier (dmabuf format/modifier: the C proxy answers this locally)
[wp-event][S] from-compositor s_obj=10 zwp_linux_dmabuf_v1.modifier args=3
[wp-event][S] suppressed s_obj=10 zwp_linux_dmabuf_v1.modifier (dmabuf format/modifier: the C proxy answers this locally)
[wp-event][S] from-compositor s_obj=10 zwp_linux_dmabuf_v1.modifier args=3
[wp-event][S] suppressed s_obj=10 zwp_linux_dmabuf_v1.modifier (dmabuf format/modifier: the C proxy answers this locally)
[wp-event][S] from-compositor s_obj=10 zwp_linux_dmabuf_v1.modifier args=3
[wp-event][S] suppressed s_obj=10 zwp_linux_dmabuf_v1.modifier (dmabuf format/modifier: the C proxy answers this locally)
[wp-event][S] from-compositor s_obj=10 zwp_linux_dmabuf_v1.modifier args=3
[wp-event][S] suppressed s_obj=10 zwp_linux_dmabuf_v1.modifier (dmabuf format/modifier: the C proxy answers this locally)
[wp-event][S] from-compositor s_obj=10 zwp_linux_dmabuf_v1.modifier args=3
[wp-event][S] suppressed s_obj=10 zwp_linux_dmabuf_v1.modifier (dmabuf format/modifier: the C proxy answers this locally)
[wp-event][S] from-compositor s_obj=10 zwp_linux_dmabuf_v1.modifier args=3
[wp-event][S] suppressed s_obj=10 zwp_linux_dmabuf_v1.modifier (dmabuf format/modifier: the C proxy answers this locally)
[wp-event][S] from-compositor s_obj=10 zwp_linux_dmabuf_v1.modifier args=3
[wp-event][S] suppressed s_obj=10 zwp_linux_dmabuf_v1.modifier (dmabuf format/modifier: the C proxy answers this locally)
[wp-event][S] from-compositor s_obj=10 zwp_linux_dmabuf_v1.modifier args=3
[wp-event][S] suppressed s_obj=10 zwp_linux_dmabuf_v1.modifier (dmabuf format/modifier: the C proxy answers this locally)
[wp-event][S] from-compositor s_obj=10 zwp_linux_dmabuf_v1.modifier args=3
[wp-event][S] suppressed s_obj=10 zwp_linux_dmabuf_v1.modifier (dmabuf format/modifier: the C proxy answers this locally)
[wp-event][S] from-compositor s_obj=10 zwp_linux_dmabuf_v1.modifier args=3
[wp-event][S] suppressed s_obj=10 zwp_linux_dmabuf_v1.modifier (dmabuf format/modifier: the C proxy answers this locally)
[wp-event][S] from-compositor s_obj=10 zwp_linux_dmabuf_v1.modifier args=3
[wp-event][S] suppressed s_obj=10 zwp_linux_dmabuf_v1.modifier (dmabuf format/modifier: the C proxy answers this locally)
[wp-event][S] from-compositor s_obj=10 zwp_linux_dmabuf_v1.modifier args=3
[wp-event][S] suppressed s_obj=10 zwp_linux_dmabuf_v1.modifier (dmabuf format/modifier: the C proxy answers this locally)
[wp-event][S] from-compositor s_obj=10 zwp_linux_dmabuf_v1.modifier args=3
[wp-event][S] suppressed s_obj=10 zwp_linux_dmabuf_v1.modifier (dmabuf format/modifier: the C proxy answers this locally)
[wp-event][S] from-compositor s_obj=10 zwp_linux_dmabuf_v1.modifier args=3
[wp-event][S] suppressed s_obj=10 zwp_linux_dmabuf_v1.modifier (dmabuf format/modifier: the C proxy answers this locally)
[wp-event][S] from-compositor s_obj=10 zwp_linux_dmabuf_v1.modifier args=3
[wp-event][S] suppressed s_obj=10 zwp_linux_dmabuf_v1.modifier (dmabuf format/modifier: the C proxy answers this locally)
[wp-event][S] from-compositor s_obj=10 zwp_linux_dmabuf_v1.modifier args=3
[wp-event][S] suppressed s_obj=10 zwp_linux_dmabuf_v1.modifier (dmabuf format/modifier: the C proxy answers this locally)
[wp-event][S] from-compositor s_obj=10 zwp_linux_dmabuf_v1.modifier args=3
[wp-event][S] suppressed s_obj=10 zwp_linux_dmabuf_v1.modifier (dmabuf format/modifier: the C proxy answers this locally)
[wp-event][S] from-compositor s_obj=10 zwp_linux_dmabuf_v1.modifier args=3
[wp-event][S] suppressed s_obj=10 zwp_linux_dmabuf_v1.modifier (dmabuf format/modifier: the C proxy answers this locally)
[wp-event][S] from-compositor s_obj=10 zwp_linux_dmabuf_v1.modifier args=3
[wp-event][S] suppressed s_obj=10 zwp_linux_dmabuf_v1.modifier (dmabuf format/modifier: the C proxy answers this locally)
[wp-event][S] from-compositor s_obj=10 zwp_linux_dmabuf_v1.modifier args=3
[wp-event][S] suppressed s_obj=10 zwp_linux_dmabuf_v1.modifier (dmabuf format/modifier: the C proxy answers this locally)
[wp-event][S] from-compositor s_obj=10 zwp_linux_dmabuf_v1.modifier args=3
[wp-event][S] suppressed s_obj=10 zwp_linux_dmabuf_v1.modifier (dmabuf format/modifier: the C proxy answers this locally)
[wp-event][S] from-compositor s_obj=10 zwp_linux_dmabuf_v1.modifier args=3
[wp-event][S] suppressed s_obj=10 zwp_linux_dmabuf_v1.modifier (dmabuf format/modifier: the C proxy answers this locally)
[wp-event][S] from-compositor s_obj=10 zwp_linux_dmabuf_v1.modifier args=3
[wp-event][S] suppressed s_obj=10 zwp_linux_dmabuf_v1.modifier (dmabuf format/modifier: the C proxy answers this locally)
[wp-event][S] from-compositor s_obj=10 zwp_linux_dmabuf_v1.modifier args=3
[wp-event][S] suppressed s_obj=10 zwp_linux_dmabuf_v1.modifier (dmabuf format/modifier: the C proxy answers this locally)
[wp-event][S] from-compositor s_obj=10 zwp_linux_dmabuf_v1.modifier args=3
[wp-event][S] suppressed s_obj=10 zwp_linux_dmabuf_v1.modifier (dmabuf format/modifier: the C proxy answers this locally)
[wp-event][S] from-compositor s_obj=10 zwp_linux_dmabuf_v1.modifier args=3
[wp-event][S] suppressed s_obj=10 zwp_linux_dmabuf_v1.modifier (dmabuf format/modifier: the C proxy answers this locally)
[wp-event][S] from-compositor s_obj=10 zwp_linux_dmabuf_v1.modifier args=3
[wp-event][S] suppressed s_obj=10 zwp_linux_dmabuf_v1.modifier (dmabuf format/modifier: the C proxy answers this locally)
[wp-event][S] from-compositor s_obj=10 zwp_linux_dmabuf_v1.modifier args=3
[wp-event][S] suppressed s_obj=10 zwp_linux_dmabuf_v1.modifier (dmabuf format/modifier: the C proxy answers this locally)
[wp-event][S] from-compositor s_obj=10 zwp_linux_dmabuf_v1.modifier args=3
[wp-event][S] suppressed s_obj=10 zwp_linux_dmabuf_v1.modifier (dmabuf format/modifier: the C proxy answers this locally)
[wp-event][S] from-compositor s_obj=10 zwp_linux_dmabuf_v1.modifier args=3
[wp-event][S] suppressed s_obj=10 zwp_linux_dmabuf_v1.modifier (dmabuf format/modifier: the C proxy answers this locally)
[wp-event][S] from-compositor s_obj=10 zwp_linux_dmabuf_v1.modifier args=3
[wp-event][S] suppressed s_obj=10 zwp_linux_dmabuf_v1.modifier (dmabuf format/modifier: the C proxy answers this locally)
[wp-event][S] from-compositor s_obj=10 zwp_linux_dmabuf_v1.modifier args=3
[wp-event][S] suppressed s_obj=10 zwp_linux_dmabuf_v1.modifier (dmabuf format/modifier: the C proxy answers this locally)
[wp-event][S] from-compositor s_obj=10 zwp_linux_dmabuf_v1.modifier args=3
[wp-event][S] suppressed s_obj=10 zwp_linux_dmabuf_v1.modifier (dmabuf format/modifier: the C proxy answers this locally)
[wp-event][S] from-compositor s_obj=10 zwp_linux_dmabuf_v1.modifier args=3
[wp-event][S] suppressed s_obj=10 zwp_linux_dmabuf_v1.modifier (dmabuf format/modifier: the C proxy answers this locally)
[wp-event][S] from-compositor s_obj=10 zwp_linux_dmabuf_v1.modifier args=3
[wp-event][S] suppressed s_obj=10 zwp_linux_dmabuf_v1.modifier (dmabuf format/modifier: the C proxy answers this locally)
[wp-event][S] from-compositor s_obj=10 zwp_linux_dmabuf_v1.modifier args=3
[wp-event][S] suppressed s_obj=10 zwp_linux_dmabuf_v1.modifier (dmabuf format/modifier: the C proxy answers this locally)
[wp-event][S] from-compositor s_obj=10 zwp_linux_dmabuf_v1.modifier args=3
[wp-event][S] suppressed s_obj=10 zwp_linux_dmabuf_v1.modifier (dmabuf format/modifier: the C proxy answers this locally)
[wp-event][S] from-compositor s_obj=10 zwp_linux_dmabuf_v1.modifier args=3
[wp-event][S] suppressed s_obj=10 zwp_linux_dmabuf_v1.modifier (dmabuf format/modifier: the C proxy answers this locally)
[wp-event][S] from-compositor s_obj=10 zwp_linux_dmabuf_v1.modifier args=3
[wp-event][S] suppressed s_obj=10 zwp_linux_dmabuf_v1.modifier (dmabuf format/modifier: the C proxy answers this locally)
[wp-event][S] from-compositor s_obj=10 zwp_linux_dmabuf_v1.modifier args=3
[wp-event][S] suppressed s_obj=10 zwp_linux_dmabuf_v1.modifier (dmabuf format/modifier: the C proxy answers this locally)
[wp-event][S] from-compositor s_obj=10 zwp_linux_dmabuf_v1.modifier args=3
[wp-event][S] suppressed s_obj=10 zwp_linux_dmabuf_v1.modifier (dmabuf format/modifier: the C proxy answers this locally)
[wp-event][S] from-compositor s_obj=10 zwp_linux_dmabuf_v1.modifier args=3
[wp-event][S] suppressed s_obj=10 zwp_linux_dmabuf_v1.modifier (dmabuf format/modifier: the C proxy answers this locally)
[wp-event][S] from-compositor s_obj=10 zwp_linux_dmabuf_v1.modifier args=3
[wp-event][S] suppressed s_obj=10 zwp_linux_dmabuf_v1.modifier (dmabuf format/modifier: the C proxy answers this locally)
[wp-event][S] from-compositor s_obj=10 zwp_linux_dmabuf_v1.modifier args=3
[wp-event][S] suppressed s_obj=10 zwp_linux_dmabuf_v1.modifier (dmabuf format/modifier: the C proxy answers this locally)
[wp-event][S] from-compositor s_obj=10 zwp_linux_dmabuf_v1.modifier args=3
[wp-event][S] suppressed s_obj=10 zwp_linux_dmabuf_v1.modifier (dmabuf format/modifier: the C proxy answers this locally)
[wp-event][S] from-compositor s_obj=10 zwp_linux_dmabuf_v1.modifier args=3
[wp-event][S] suppressed s_obj=10 zwp_linux_dmabuf_v1.modifier (dmabuf format/modifier: the C proxy answers this locally)
[wp-event][S] from-compositor s_obj=10 zwp_linux_dmabuf_v1.modifier args=3
[wp-event][S] suppressed s_obj=10 zwp_linux_dmabuf_v1.modifier (dmabuf format/modifier: the C proxy answers this locally)
[wp-event][S] from-compositor s_obj=10 zwp_linux_dmabuf_v1.modifier args=3
[wp-event][S] suppressed s_obj=10 zwp_linux_dmabuf_v1.modifier (dmabuf format/modifier: the C proxy answers this locally)
[wp-event][S] from-compositor s_obj=10 zwp_linux_dmabuf_v1.modifier args=3
[wp-event][S] suppressed s_obj=10 zwp_linux_dmabuf_v1.modifier (dmabuf format/modifier: the C proxy answers this locally)
[wp-event][S] from-compositor s_obj=10 zwp_linux_dmabuf_v1.modifier args=3
[wp-event][S] suppressed s_obj=10 zwp_linux_dmabuf_v1.modifier (dmabuf format/modifier: the C proxy answers this locally)
[wp-event][S] from-compositor s_obj=10 zwp_linux_dmabuf_v1.modifier args=3
[wp-event][S] suppressed s_obj=10 zwp_linux_dmabuf_v1.modifier (dmabuf format/modifier: the C proxy answers this locally)
[wp-event][S] from-compositor s_obj=10 zwp_linux_dmabuf_v1.modifier args=3
[wp-event][S] suppressed s_obj=10 zwp_linux_dmabuf_v1.modifier (dmabuf format/modifier: the C proxy answers this locally)
[wp-event][S] from-compositor s_obj=10 zwp_linux_dmabuf_v1.modifier args=3
[wp-event][S] suppressed s_obj=10 zwp_linux_dmabuf_v1.modifier (dmabuf format/modifier: the C proxy answers this locally)
[wp-event][S] from-compositor s_obj=10 zwp_linux_dmabuf_v1.modifier args=3
[wp-event][S] suppressed s_obj=10 zwp_linux_dmabuf_v1.modifier (dmabuf format/modifier: the C proxy answers this locally)
[wp-event][S] from-compositor s_obj=10 zwp_linux_dmabuf_v1.modifier args=3
[wp-event][S] suppressed s_obj=10 zwp_linux_dmabuf_v1.modifier (dmabuf format/modifier: the C proxy answers this locally)
[wp-event][S] from-compositor s_obj=10 zwp_linux_dmabuf_v1.modifier args=3
[wp-event][S] suppressed s_obj=10 zwp_linux_dmabuf_v1.modifier (dmabuf format/modifier: the C proxy answers this locally)
[wp-event][S] from-compositor s_obj=10 zwp_linux_dmabuf_v1.modifier args=3
[wp-event][S] suppressed s_obj=10 zwp_linux_dmabuf_v1.modifier (dmabuf format/modifier: the C proxy answers this locally)
[wp-event][S] from-compositor s_obj=10 zwp_linux_dmabuf_v1.modifier args=3
[wp-event][S] suppressed s_obj=10 zwp_linux_dmabuf_v1.modifier (dmabuf format/modifier: the C proxy answers this locally)
[wp-event][S] from-compositor s_obj=10 zwp_linux_dmabuf_v1.modifier args=3
[wp-event][S] suppressed s_obj=10 zwp_linux_dmabuf_v1.modifier (dmabuf format/modifier: the C proxy answers this locally)
[wp-event][S] from-compositor s_obj=10 zwp_linux_dmabuf_v1.modifier args=3
[wp-event][S] suppressed s_obj=10 zwp_linux_dmabuf_v1.modifier (dmabuf format/modifier: the C proxy answers this locally)
[wp-event][S] from-compositor s_obj=10 zwp_linux_dmabuf_v1.modifier args=3
[wp-event][S] suppressed s_obj=10 zwp_linux_dmabuf_v1.modifier (dmabuf format/modifier: the C proxy answers this locally)
[wp-event][S] from-compositor s_obj=10 zwp_linux_dmabuf_v1.modifier args=3
[wp-event][S] suppressed s_obj=10 zwp_linux_dmabuf_v1.modifier (dmabuf format/modifier: the C proxy answers this locally)
[wp-event][S] from-compositor s_obj=10 zwp_linux_dmabuf_v1.modifier args=3
[wp-event][S] suppressed s_obj=10 zwp_linux_dmabuf_v1.modifier (dmabuf format/modifier: the C proxy answers this locally)
[wp-event][S] from-compositor s_obj=10 zwp_linux_dmabuf_v1.modifier args=3
[wp-event][S] suppressed s_obj=10 zwp_linux_dmabuf_v1.modifier (dmabuf format/modifier: the C proxy answers this locally)
[wp-event][S] from-compositor s_obj=10 zwp_linux_dmabuf_v1.modifier args=3
[wp-event][S] suppressed s_obj=10 zwp_linux_dmabuf_v1.modifier (dmabuf format/modifier: the C proxy answers this locally)
[wp-event][S] from-compositor s_obj=10 zwp_linux_dmabuf_v1.modifier args=3
[wp-event][S] suppressed s_obj=10 zwp_linux_dmabuf_v1.modifier (dmabuf format/modifier: the C proxy answers this locally)
[wp-event][S] from-compositor s_obj=10 zwp_linux_dmabuf_v1.modifier args=3
[wp-event][S] suppressed s_obj=10 zwp_linux_dmabuf_v1.modifier (dmabuf format/modifier: the C proxy answers this locally)
[wp-event][S] from-compositor s_obj=10 zwp_linux_dmabuf_v1.modifier args=3
[wp-event][S] suppressed s_obj=10 zwp_linux_dmabuf_v1.modifier (dmabuf format/modifier: the C proxy answers this locally)
[wp-event][S] from-compositor s_obj=10 zwp_linux_dmabuf_v1.modifier args=3
[wp-event][S] suppressed s_obj=10 zwp_linux_dmabuf_v1.modifier (dmabuf format/modifier: the C proxy answers this locally)
[wp-event][S] from-compositor s_obj=10 zwp_linux_dmabuf_v1.modifier args=3
[wp-event][S] suppressed s_obj=10 zwp_linux_dmabuf_v1.modifier (dmabuf format/modifier: the C proxy answers this locally)
[wp-event][S] from-compositor s_obj=10 zwp_linux_dmabuf_v1.modifier args=3
[wp-event][S] suppressed s_obj=10 zwp_linux_dmabuf_v1.modifier (dmabuf format/modifier: the C proxy answers this locally)
[wp-event][S] from-compositor s_obj=10 zwp_linux_dmabuf_v1.modifier args=3
[wp-event][S] suppressed s_obj=10 zwp_linux_dmabuf_v1.modifier (dmabuf format/modifier: the C proxy answers this locally)
[wp-event][S] from-compositor s_obj=10 zwp_linux_dmabuf_v1.modifier args=3
[wp-event][S] suppressed s_obj=10 zwp_linux_dmabuf_v1.modifier (dmabuf format/modifier: the C proxy answers this locally)
[wp-event][S] from-compositor s_obj=10 zwp_linux_dmabuf_v1.modifier args=3
[wp-event][S] suppressed s_obj=10 zwp_linux_dmabuf_v1.modifier (dmabuf format/modifier: the C proxy answers this locally)
[wp-event][S] from-compositor s_obj=10 zwp_linux_dmabuf_v1.modifier args=3
[wp-event][S] suppressed s_obj=10 zwp_linux_dmabuf_v1.modifier (dmabuf format/modifier: the C proxy answers this locally)
[wp-event][S] from-compositor s_obj=10 zwp_linux_dmabuf_v1.modifier args=3
[wp-event][S] suppressed s_obj=10 zwp_linux_dmabuf_v1.modifier (dmabuf format/modifier: the C proxy answers this locally)
[wp-event][S] from-compositor s_obj=10 zwp_linux_dmabuf_v1.modifier args=3
[wp-event][S] suppressed s_obj=10 zwp_linux_dmabuf_v1.modifier (dmabuf format/modifier: the C proxy answers this locally)
[wp-event][S] from-compositor s_obj=10 zwp_linux_dmabuf_v1.modifier args=3
[wp-event][S] suppressed s_obj=10 zwp_linux_dmabuf_v1.modifier (dmabuf format/modifier: the C proxy answers this locally)
[wp-event][S] from-compositor s_obj=10 zwp_linux_dmabuf_v1.modifier args=3
[wp-event][S] suppressed s_obj=10 zwp_linux_dmabuf_v1.modifier (dmabuf format/modifier: the C proxy answers this locally)
[wp-event][S] from-compositor s_obj=10 zwp_linux_dmabuf_v1.modifier args=3
[wp-event][S] suppressed s_obj=10 zwp_linux_dmabuf_v1.modifier (dmabuf format/modifier: the C proxy answers this locally)
[wp-event][S] from-compositor s_obj=10 zwp_linux_dmabuf_v1.modifier args=3
[wp-event][S] suppressed s_obj=10 zwp_linux_dmabuf_v1.modifier (dmabuf format/modifier: the C proxy answers this locally)
[wp-event][S] from-compositor s_obj=10 zwp_linux_dmabuf_v1.modifier args=3
[wp-event][S] suppressed s_obj=10 zwp_linux_dmabuf_v1.modifier (dmabuf format/modifier: the C proxy answers this locally)
[wp-event][S] from-compositor s_obj=10 zwp_linux_dmabuf_v1.modifier args=3
[wp-event][S] suppressed s_obj=10 zwp_linux_dmabuf_v1.modifier (dmabuf format/modifier: the C proxy answers this locally)
[wp-event][S] from-compositor s_obj=10 zwp_linux_dmabuf_v1.modifier args=3
[wp-event][S] suppressed s_obj=10 zwp_linux_dmabuf_v1.modifier (dmabuf format/modifier: the C proxy answers this locally)
[wp-event][S] from-compositor s_obj=10 zwp_linux_dmabuf_v1.modifier args=3
[wp-event][S] suppressed s_obj=10 zwp_linux_dmabuf_v1.modifier (dmabuf format/modifier: the C proxy answers this locally)
[wp-event][S] from-compositor s_obj=10 zwp_linux_dmabuf_v1.modifier args=3
[wp-event][S] suppressed s_obj=10 zwp_linux_dmabuf_v1.modifier (dmabuf format/modifier: the C proxy answers this locally)
[wp-event][S] from-compositor s_obj=10 zwp_linux_dmabuf_v1.modifier args=3
[wp-event][S] suppressed s_obj=10 zwp_linux_dmabuf_v1.modifier (dmabuf format/modifier: the C proxy answers this locally)
[wp-event][S] from-compositor s_obj=10 zwp_linux_dmabuf_v1.modifier args=3
[wp-event][S] suppressed s_obj=10 zwp_linux_dmabuf_v1.modifier (dmabuf format/modifier: the C proxy answers this locally)
[wp-event][S] from-compositor s_obj=10 zwp_linux_dmabuf_v1.modifier args=3
[wp-event][S] suppressed s_obj=10 zwp_linux_dmabuf_v1.modifier (dmabuf format/modifier: the C proxy answers this locally)
[wp-event][S] from-compositor s_obj=10 zwp_linux_dmabuf_v1.modifier args=3
[wp-event][S] suppressed s_obj=10 zwp_linux_dmabuf_v1.modifier (dmabuf format/modifier: the C proxy answers this locally)
[wp-event][S] from-compositor s_obj=10 zwp_linux_dmabuf_v1.modifier args=3
[wp-event][S] suppressed s_obj=10 zwp_linux_dmabuf_v1.modifier (dmabuf format/modifier: the C proxy answers this locally)
[wp-event][S] from-compositor s_obj=10 zwp_linux_dmabuf_v1.modifier args=3
[wp-event][S] suppressed s_obj=10 zwp_linux_dmabuf_v1.modifier (dmabuf format/modifier: the C proxy answers this locally)
[wp-event][S] from-compositor s_obj=10 zwp_linux_dmabuf_v1.modifier args=3
[wp-event][S] suppressed s_obj=10 zwp_linux_dmabuf_v1.modifier (dmabuf format/modifier: the C proxy answers this locally)
[wp-event][S] from-compositor s_obj=10 zwp_linux_dmabuf_v1.modifier args=3
[wp-event][S] suppressed s_obj=10 zwp_linux_dmabuf_v1.modifier (dmabuf format/modifier: the C proxy answers this locally)
[wp-event][S] from-compositor s_obj=10 zwp_linux_dmabuf_v1.modifier args=3
[wp-event][S] suppressed s_obj=10 zwp_linux_dmabuf_v1.modifier (dmabuf format/modifier: the C proxy answers this locally)
[wp-event][S] from-compositor s_obj=10 zwp_linux_dmabuf_v1.modifier args=3
[wp-event][S] suppressed s_obj=10 zwp_linux_dmabuf_v1.modifier (dmabuf format/modifier: the C proxy answers this locally)
[wp-event][S] from-compositor s_obj=10 zwp_linux_dmabuf_v1.modifier args=3
[wp-event][S] suppressed s_obj=10 zwp_linux_dmabuf_v1.modifier (dmabuf format/modifier: the C proxy answers this locally)
[wp-event][S] from-compositor s_obj=10 zwp_linux_dmabuf_v1.modifier args=3
[wp-event][S] suppressed s_obj=10 zwp_linux_dmabuf_v1.modifier (dmabuf format/modifier: the C proxy answers this locally)
[wp-event][S] from-compositor s_obj=10 zwp_linux_dmabuf_v1.modifier args=3
[wp-event][S] suppressed s_obj=10 zwp_linux_dmabuf_v1.modifier (dmabuf format/modifier: the C proxy answers this locally)
[wp-event][S] from-compositor s_obj=10 zwp_linux_dmabuf_v1.modifier args=3
[wp-event][S] suppressed s_obj=10 zwp_linux_dmabuf_v1.modifier (dmabuf format/modifier: the C proxy answers this locally)
[wp-event][S] from-compositor s_obj=10 zwp_linux_dmabuf_v1.modifier args=3
[wp-event][S] suppressed s_obj=10 zwp_linux_dmabuf_v1.modifier (dmabuf format/modifier: the C proxy answers this locally)
[wp-event][S] from-compositor s_obj=10 zwp_linux_dmabuf_v1.modifier args=3
[wp-event][S] suppressed s_obj=10 zwp_linux_dmabuf_v1.modifier (dmabuf format/modifier: the C proxy answers this locally)
[wp-event][S] from-compositor s_obj=10 zwp_linux_dmabuf_v1.modifier args=3
[wp-event][S] suppressed s_obj=10 zwp_linux_dmabuf_v1.modifier (dmabuf format/modifier: the C proxy answers this locally)
[wp-event][S] from-compositor s_obj=10 zwp_linux_dmabuf_v1.modifier args=3
[wp-event][S] suppressed s_obj=10 zwp_linux_dmabuf_v1.modifier (dmabuf format/modifier: the C proxy answers this locally)
[wp-event][S] from-compositor s_obj=10 zwp_linux_dmabuf_v1.modifier args=3
[wp-event][S] suppressed s_obj=10 zwp_linux_dmabuf_v1.modifier (dmabuf format/modifier: the C proxy answers this locally)
[wp-event][S] from-compositor s_obj=10 zwp_linux_dmabuf_v1.modifier args=3
[wp-event][S] suppressed s_obj=10 zwp_linux_dmabuf_v1.modifier (dmabuf format/modifier: the C proxy answers this locally)
[wp-event][S] from-compositor s_obj=10 zwp_linux_dmabuf_v1.modifier args=3
[wp-event][S] suppressed s_obj=10 zwp_linux_dmabuf_v1.modifier (dmabuf format/modifier: the C proxy answers this locally)
[wp-event][S] from-compositor s_obj=10 zwp_linux_dmabuf_v1.modifier args=3
[wp-event][S] suppressed s_obj=10 zwp_linux_dmabuf_v1.modifier (dmabuf format/modifier: the C proxy answers this locally)
[wp-event][S] from-compositor s_obj=10 zwp_linux_dmabuf_v1.modifier args=3
[wp-event][S] suppressed s_obj=10 zwp_linux_dmabuf_v1.modifier (dmabuf format/modifier: the C proxy answers this locally)
[wp-event][S] from-compositor s_obj=10 zwp_linux_dmabuf_v1.modifier args=3
[wp-event][S] suppressed s_obj=10 zwp_linux_dmabuf_v1.modifier (dmabuf format/modifier: the C proxy answers this locally)
[wp-event][S] from-compositor s_obj=10 zwp_linux_dmabuf_v1.modifier args=3
[wp-event][S] suppressed s_obj=10 zwp_linux_dmabuf_v1.modifier (dmabuf format/modifier: the C proxy answers this locally)
[wp-event][S] from-compositor s_obj=10 zwp_linux_dmabuf_v1.modifier args=3
[wp-event][S] suppressed s_obj=10 zwp_linux_dmabuf_v1.modifier (dmabuf format/modifier: the C proxy answers this locally)
[wp-event][S] from-compositor s_obj=10 zwp_linux_dmabuf_v1.modifier args=3
[wp-event][S] suppressed s_obj=10 zwp_linux_dmabuf_v1.modifier (dmabuf format/modifier: the C proxy answers this locally)
[wp-event][S] from-compositor s_obj=10 zwp_linux_dmabuf_v1.modifier args=3
[wp-event][S] suppressed s_obj=10 zwp_linux_dmabuf_v1.modifier (dmabuf format/modifier: the C proxy answers this locally)
[wp-event][S] from-compositor s_obj=10 zwp_linux_dmabuf_v1.modifier args=3
[wp-event][S] suppressed s_obj=10 zwp_linux_dmabuf_v1.modifier (dmabuf format/modifier: the C proxy answers this locally)
[wp-event][S] from-compositor s_obj=10 zwp_linux_dmabuf_v1.modifier args=3
[wp-event][S] suppressed s_obj=10 zwp_linux_dmabuf_v1.modifier (dmabuf format/modifier: the C proxy answers this locally)
[wp-event][S] from-compositor s_obj=10 zwp_linux_dmabuf_v1.modifier args=3
[wp-event][S] suppressed s_obj=10 zwp_linux_dmabuf_v1.modifier (dmabuf format/modifier: the C proxy answers this locally)
[wp-event][S] from-compositor s_obj=10 zwp_linux_dmabuf_v1.modifier args=3
[wp-event][S] suppressed s_obj=10 zwp_linux_dmabuf_v1.modifier (dmabuf format/modifier: the C proxy answers this locally)
[wp-event][S] from-compositor s_obj=10 zwp_linux_dmabuf_v1.modifier args=3
[wp-event][S] suppressed s_obj=10 zwp_linux_dmabuf_v1.modifier (dmabuf format/modifier: the C proxy answers this locally)
[wp-event][S] from-compositor s_obj=10 zwp_linux_dmabuf_v1.modifier args=3
[wp-event][S] suppressed s_obj=10 zwp_linux_dmabuf_v1.modifier (dmabuf format/modifier: the C proxy answers this locally)
[wp-event][S] from-compositor s_obj=10 zwp_linux_dmabuf_v1.modifier args=3
[wp-event][S] suppressed s_obj=10 zwp_linux_dmabuf_v1.modifier (dmabuf format/modifier: the C proxy answers this locally)
[wp-event][S] from-compositor s_obj=10 zwp_linux_dmabuf_v1.modifier args=3
[wp-event][S] suppressed s_obj=10 zwp_linux_dmabuf_v1.modifier (dmabuf format/modifier: the C proxy answers this locally)
[wp-event][S] from-compositor s_obj=10 zwp_linux_dmabuf_v1.modifier args=3
[wp-event][S] suppressed s_obj=10 zwp_linux_dmabuf_v1.modifier (dmabuf format/modifier: the C proxy answers this locally)
[wp-event][S] from-compositor s_obj=10 zwp_linux_dmabuf_v1.modifier args=3
[wp-event][S] suppressed s_obj=10 zwp_linux_dmabuf_v1.modifier (dmabuf format/modifier: the C proxy answers this locally)
[wp-event][S] from-compositor s_obj=10 zwp_linux_dmabuf_v1.modifier args=3
[wp-event][S] suppressed s_obj=10 zwp_linux_dmabuf_v1.modifier (dmabuf format/modifier: the C proxy answers this locally)
[wp-event][S] from-compositor s_obj=10 zwp_linux_dmabuf_v1.modifier args=3
[wp-event][S] suppressed s_obj=10 zwp_linux_dmabuf_v1.modifier (dmabuf format/modifier: the C proxy answers this locally)
[wp-event][S] from-compositor s_obj=10 zwp_linux_dmabuf_v1.modifier args=3
[wp-event][S] suppressed s_obj=10 zwp_linux_dmabuf_v1.modifier (dmabuf format/modifier: the C proxy answers this locally)
[wp-event][S] from-compositor s_obj=10 zwp_linux_dmabuf_v1.modifier args=3
[wp-event][S] suppressed s_obj=10 zwp_linux_dmabuf_v1.modifier (dmabuf format/modifier: the C proxy answers this locally)
[wp-event][S] from-compositor s_obj=10 zwp_linux_dmabuf_v1.modifier args=3
[wp-event][S] suppressed s_obj=10 zwp_linux_dmabuf_v1.modifier (dmabuf format/modifier: the C proxy answers this locally)
[wp-event][S] from-compositor s_obj=10 zwp_linux_dmabuf_v1.modifier args=3
[wp-event][S] suppressed s_obj=10 zwp_linux_dmabuf_v1.modifier (dmabuf format/modifier: the C proxy answers this locally)
[wp-event][S] from-compositor s_obj=10 zwp_linux_dmabuf_v1.modifier args=3
[wp-event][S] suppressed s_obj=10 zwp_linux_dmabuf_v1.modifier (dmabuf format/modifier: the C proxy answers this locally)
[wp-event][S] from-compositor s_obj=10 zwp_linux_dmabuf_v1.modifier args=3
[wp-event][S] suppressed s_obj=10 zwp_linux_dmabuf_v1.modifier (dmabuf format/modifier: the C proxy answers this locally)
[wp-event][S] from-compositor s_obj=10 zwp_linux_dmabuf_v1.modifier args=3
[wp-event][S] suppressed s_obj=10 zwp_linux_dmabuf_v1.modifier (dmabuf format/modifier: the C proxy answers this locally)
[wp-event][S] from-compositor s_obj=10 zwp_linux_dmabuf_v1.modifier args=3
[wp-event][S] suppressed s_obj=10 zwp_linux_dmabuf_v1.modifier (dmabuf format/modifier: the C proxy answers this locally)
[wp-event][S] from-compositor s_obj=10 zwp_linux_dmabuf_v1.modifier args=3
[wp-event][S] suppressed s_obj=10 zwp_linux_dmabuf_v1.modifier (dmabuf format/modifier: the C proxy answers this locally)
[wp-event][S] from-compositor s_obj=10 zwp_linux_dmabuf_v1.modifier args=3
[wp-event][S] suppressed s_obj=10 zwp_linux_dmabuf_v1.modifier (dmabuf format/modifier: the C proxy answers this locally)
[wp-event][S] from-compositor s_obj=10 zwp_linux_dmabuf_v1.modifier args=3
[wp-event][S] suppressed s_obj=10 zwp_linux_dmabuf_v1.modifier (dmabuf format/modifier: the C proxy answers this locally)
[wp-event][S] from-compositor s_obj=10 zwp_linux_dmabuf_v1.modifier args=3
[wp-event][S] suppressed s_obj=10 zwp_linux_dmabuf_v1.modifier (dmabuf format/modifier: the C proxy answers this locally)
[wp-event][S] from-compositor s_obj=10 zwp_linux_dmabuf_v1.modifier args=3
[wp-event][S] suppressed s_obj=10 zwp_linux_dmabuf_v1.modifier (dmabuf format/modifier: the C proxy answers this locally)
[wp-event][S] from-compositor s_obj=10 zwp_linux_dmabuf_v1.modifier args=3
[wp-event][S] suppressed s_obj=10 zwp_linux_dmabuf_v1.modifier (dmabuf format/modifier: the C proxy answers this locally)
[wp-event][S] from-compositor s_obj=10 zwp_linux_dmabuf_v1.modifier args=3
[wp-event][S] suppressed s_obj=10 zwp_linux_dmabuf_v1.modifier (dmabuf format/modifier: the C proxy answers this locally)
[wp-event][S] from-compositor s_obj=10 zwp_linux_dmabuf_v1.modifier args=3
[wp-event][S] suppressed s_obj=10 zwp_linux_dmabuf_v1.modifier (dmabuf format/modifier: the C proxy answers this locally)
[wp-event][S] from-compositor s_obj=10 zwp_linux_dmabuf_v1.modifier args=3
[wp-event][S] suppressed s_obj=10 zwp_linux_dmabuf_v1.modifier (dmabuf format/modifier: the C proxy answers this locally)
[wp-event][S] from-compositor s_obj=10 zwp_linux_dmabuf_v1.modifier args=3
[wp-event][S] suppressed s_obj=10 zwp_linux_dmabuf_v1.modifier (dmabuf format/modifier: the C proxy answers this locally)
[wp-event][S] from-compositor s_obj=10 zwp_linux_dmabuf_v1.modifier args=3
[wp-event][S] suppressed s_obj=10 zwp_linux_dmabuf_v1.modifier (dmabuf format/modifier: the C proxy answers this locally)
[wp-event][S] from-compositor s_obj=10 zwp_linux_dmabuf_v1.modifier args=3
[wp-event][S] suppressed s_obj=10 zwp_linux_dmabuf_v1.modifier (dmabuf format/modifier: the C proxy answers this locally)
[wp-event][S] from-compositor s_obj=10 zwp_linux_dmabuf_v1.modifier args=3
[wp-event][S] suppressed s_obj=10 zwp_linux_dmabuf_v1.modifier (dmabuf format/modifier: the C proxy answers this locally)
[wp-event][S] from-compositor s_obj=10 zwp_linux_dmabuf_v1.modifier args=3
[wp-event][S] suppressed s_obj=10 zwp_linux_dmabuf_v1.modifier (dmabuf format/modifier: the C proxy answers this locally)
[wp-event][S] from-compositor s_obj=10 zwp_linux_dmabuf_v1.modifier args=3
[wp-event][S] suppressed s_obj=10 zwp_linux_dmabuf_v1.modifier (dmabuf format/modifier: the C proxy answers this locally)
[wp-event][S] from-compositor s_obj=10 zwp_linux_dmabuf_v1.modifier args=3
[wp-event][S] suppressed s_obj=10 zwp_linux_dmabuf_v1.modifier (dmabuf format/modifier: the C proxy answers this locally)
[wp-event][S] from-compositor s_obj=10 zwp_linux_dmabuf_v1.modifier args=3
[wp-event][S] suppressed s_obj=10 zwp_linux_dmabuf_v1.modifier (dmabuf format/modifier: the C proxy answers this locally)
[wp-event][S] from-compositor s_obj=10 zwp_linux_dmabuf_v1.modifier args=3
[wp-event][S] suppressed s_obj=10 zwp_linux_dmabuf_v1.modifier (dmabuf format/modifier: the C proxy answers this locally)
[wp-event][S] from-compositor s_obj=10 zwp_linux_dmabuf_v1.modifier args=3
[wp-event][S] suppressed s_obj=10 zwp_linux_dmabuf_v1.modifier (dmabuf format/modifier: the C proxy answers this locally)
[wp-event][S] from-compositor s_obj=10 zwp_linux_dmabuf_v1.modifier args=3
[wp-event][S] suppressed s_obj=10 zwp_linux_dmabuf_v1.modifier (dmabuf format/modifier: the C proxy answers this locally)
[wp-event][S] from-compositor s_obj=10 zwp_linux_dmabuf_v1.modifier args=3
[wp-event][S] suppressed s_obj=10 zwp_linux_dmabuf_v1.modifier (dmabuf format/modifier: the C proxy answers this locally)
[wp-event][S] from-compositor s_obj=10 zwp_linux_dmabuf_v1.modifier args=3
[wp-event][S] suppressed s_obj=10 zwp_linux_dmabuf_v1.modifier (dmabuf format/modifier: the C proxy answers this locally)
[wp-event][S] from-compositor s_obj=10 zwp_linux_dmabuf_v1.modifier args=3
[wp-event][S] suppressed s_obj=10 zwp_linux_dmabuf_v1.modifier (dmabuf format/modifier: the C proxy answers this locally)
[wp-event][S] from-compositor s_obj=10 zwp_linux_dmabuf_v1.modifier args=3
[wp-event][S] suppressed s_obj=10 zwp_linux_dmabuf_v1.modifier (dmabuf format/modifier: the C proxy answers this locally)
[wp-event][S] from-compositor s_obj=10 zwp_linux_dmabuf_v1.modifier args=3
[wp-event][S] suppressed s_obj=10 zwp_linux_dmabuf_v1.modifier (dmabuf format/modifier: the C proxy answers this locally)
[wp-event][S] from-compositor s_obj=10 zwp_linux_dmabuf_v1.modifier args=3
[wp-event][S] suppressed s_obj=10 zwp_linux_dmabuf_v1.modifier (dmabuf format/modifier: the C proxy answers this locally)
[wp-event][S] from-compositor s_obj=10 zwp_linux_dmabuf_v1.modifier args=3
[wp-event][S] suppressed s_obj=10 zwp_linux_dmabuf_v1.modifier (dmabuf format/modifier: the C proxy answers this locally)
[wp-event][S] from-compositor s_obj=10 zwp_linux_dmabuf_v1.modifier args=3
[wp-event][S] suppressed s_obj=10 zwp_linux_dmabuf_v1.modifier (dmabuf format/modifier: the C proxy answers this locally)
[wp-event][S] from-compositor s_obj=10 zwp_linux_dmabuf_v1.modifier args=3
[wp-event][S] suppressed s_obj=10 zwp_linux_dmabuf_v1.modifier (dmabuf format/modifier: the C proxy answers this locally)
[wp-event][S] from-compositor s_obj=10 zwp_linux_dmabuf_v1.modifier args=3
[wp-event][S] suppressed s_obj=10 zwp_linux_dmabuf_v1.modifier (dmabuf format/modifier: the C proxy answers this locally)
[wp-event][S] from-compositor s_obj=10 zwp_linux_dmabuf_v1.modifier args=3
[wp-event][S] suppressed s_obj=10 zwp_linux_dmabuf_v1.modifier (dmabuf format/modifier: the C proxy answers this locally)
[wp-event][S] from-compositor s_obj=10 zwp_linux_dmabuf_v1.modifier args=3
[wp-event][S] suppressed s_obj=10 zwp_linux_dmabuf_v1.modifier (dmabuf format/modifier: the C proxy answers this locally)
[wp-event][S] from-compositor s_obj=10 zwp_linux_dmabuf_v1.modifier args=3
[wp-event][S] suppressed s_obj=10 zwp_linux_dmabuf_v1.modifier (dmabuf format/modifier: the C proxy answers this locally)
[wp-event][S] from-compositor s_obj=10 zwp_linux_dmabuf_v1.modifier args=3
[wp-event][S] suppressed s_obj=10 zwp_linux_dmabuf_v1.modifier (dmabuf format/modifier: the C proxy answers this locally)
[wp-event][S] from-compositor s_obj=10 zwp_linux_dmabuf_v1.modifier args=3
[wp-event][S] suppressed s_obj=10 zwp_linux_dmabuf_v1.modifier (dmabuf format/modifier: the C proxy answers this locally)
[wp-event][S] from-compositor s_obj=10 zwp_linux_dmabuf_v1.modifier args=3
[wp-event][S] suppressed s_obj=10 zwp_linux_dmabuf_v1.modifier (dmabuf format/modifier: the C proxy answers this locally)
[wp-event][S] from-compositor s_obj=10 zwp_linux_dmabuf_v1.modifier args=3
[wp-event][S] suppressed s_obj=10 zwp_linux_dmabuf_v1.modifier (dmabuf format/modifier: the C proxy answers this locally)
[wp-event][S] from-compositor s_obj=10 zwp_linux_dmabuf_v1.modifier args=3
[wp-event][S] suppressed s_obj=10 zwp_linux_dmabuf_v1.modifier (dmabuf format/modifier: the C proxy answers this locally)
[wp-event][S] from-compositor s_obj=10 zwp_linux_dmabuf_v1.modifier args=3
[wp-event][S] suppressed s_obj=10 zwp_linux_dmabuf_v1.modifier (dmabuf format/modifier: the C proxy answers this locally)
[wp-event][S] from-compositor s_obj=10 zwp_linux_dmabuf_v1.modifier args=3
[wp-event][S] suppressed s_obj=10 zwp_linux_dmabuf_v1.modifier (dmabuf format/modifier: the C proxy answers this locally)
[wp-event][S] from-compositor s_obj=10 zwp_linux_dmabuf_v1.modifier args=3
[wp-event][S] suppressed s_obj=10 zwp_linux_dmabuf_v1.modifier (dmabuf format/modifier: the C proxy answers this locally)
[wp-event][S] from-compositor s_obj=10 zwp_linux_dmabuf_v1.modifier args=3
[wp-event][S] suppressed s_obj=10 zwp_linux_dmabuf_v1.modifier (dmabuf format/modifier: the C proxy answers this locally)
[wp-event][S] from-compositor s_obj=10 zwp_linux_dmabuf_v1.modifier args=3
[wp-event][S] suppressed s_obj=10 zwp_linux_dmabuf_v1.modifier (dmabuf format/modifier: the C proxy answers this locally)
[wp-event][S] from-compositor s_obj=10 zwp_linux_dmabuf_v1.modifier args=3
[wp-event][S] suppressed s_obj=10 zwp_linux_dmabuf_v1.modifier (dmabuf format/modifier: the C proxy answers this locally)
[wp-event][S] map s_obj=9 app_obj=12 (from obj 6 opcode 0)
[wp-event][S] map s_obj=11 app_obj=13 (from obj 6 opcode 1)
rayland-s: WP0 replay bound `zwp_linux_dmabuf_v1` v3 (app obj 11)
rayland-s: WP0 replay bound `zwp_linux_dmabuf_v1` v3 (app obj 11)
rayland-s: WP0 replay bound `zwp_linux_dmabuf_v1` v3 (app obj 11)
rayland-s: WP0 replay bound `zwp_linux_dmabuf_v1` v3 (app obj 11)
[wp-event][S] from-compositor s_obj=11 wl_keyboard.keymap args=3
[wp-event][S] drop:carries-fd s_obj=11 wl_keyboard.keymap
[wp-event][S] from-compositor s_obj=15 zwp_linux_dmabuf_v1.modifier args=3
[wp-event][S] suppressed s_obj=15 zwp_linux_dmabuf_v1.modifier (dmabuf format/modifier: the C proxy answers this locally)
[wp-event][S] from-compositor s_obj=15 zwp_linux_dmabuf_v1.modifier args=3
[wp-event][S] suppressed s_obj=15 zwp_linux_dmabuf_v1.modifier (dmabuf format/modifier: the C proxy answers this locally)
[wp-event][S] from-compositor s_obj=15 zwp_linux_dmabuf_v1.modifier args=3
[wp-event][S] suppressed s_obj=15 zwp_linux_dmabuf_v1.modifier (dmabuf format/modifier: the C proxy answers this locally)
[wp-event][S] from-compositor s_obj=15 zwp_linux_dmabuf_v1.modifier args=3
[wp-event][S] suppressed s_obj=15 zwp_linux_dmabuf_v1.modifier (dmabuf format/modifier: the C proxy answers this locally)
[wp-event][S] from-compositor s_obj=15 zwp_linux_dmabuf_v1.modifier args=3
[wp-event][S] suppressed s_obj=15 zwp_linux_dmabuf_v1.modifier (dmabuf format/modifier: the C proxy answers this locally)
[wp-event][S] from-compositor s_obj=15 zwp_linux_dmabuf_v1.modifier args=3
[wp-event][S] suppressed s_obj=15 zwp_linux_dmabuf_v1.modifier (dmabuf format/modifier: the C proxy answers this locally)
[wp-event][S] from-compositor s_obj=15 zwp_linux_dmabuf_v1.modifier args=3
[wp-event][S] suppressed s_obj=15 zwp_linux_dmabuf_v1.modifier (dmabuf format/modifier: the C proxy answers this locally)
[wp-event][S] from-compositor s_obj=15 zwp_linux_dmabuf_v1.modifier args=3
[wp-event][S] suppressed s_obj=15 zwp_linux_dmabuf_v1.modifier (dmabuf format/modifier: the C proxy answers this locally)
[wp-event][S] from-compositor s_obj=15 zwp_linux_dmabuf_v1.modifier args=3
[wp-event][S] suppressed s_obj=15 zwp_linux_dmabuf_v1.modifier (dmabuf format/modifier: the C proxy answers this locally)
[wp-event][S] from-compositor s_obj=15 zwp_linux_dmabuf_v1.modifier args=3
[wp-event][S] suppressed s_obj=15 zwp_linux_dmabuf_v1.modifier (dmabuf format/modifier: the C proxy answers this locally)
[wp-event][S] from-compositor s_obj=15 zwp_linux_dmabuf_v1.modifier args=3
[wp-event][S] suppressed s_obj=15 zwp_linux_dmabuf_v1.modifier (dmabuf format/modifier: the C proxy answers this locally)
[wp-event][S] from-compositor s_obj=15 zwp_linux_dmabuf_v1.modifier args=3
[wp-event][S] suppressed s_obj=15 zwp_linux_dmabuf_v1.modifier (dmabuf format/modifier: the C proxy answers this locally)
[wp-event][S] from-compositor s_obj=15 zwp_linux_dmabuf_v1.modifier args=3
[wp-event][S] suppressed s_obj=15 zwp_linux_dmabuf_v1.modifier (dmabuf format/modifier: the C proxy answers this locally)
[wp-event][S] from-compositor s_obj=15 zwp_linux_dmabuf_v1.modifier args=3
[wp-event][S] suppressed s_obj=15 zwp_linux_dmabuf_v1.modifier (dmabuf format/modifier: the C proxy answers this locally)
[wp-event][S] from-compositor s_obj=15 zwp_linux_dmabuf_v1.modifier args=3
[wp-event][S] suppressed s_obj=15 zwp_linux_dmabuf_v1.modifier (dmabuf format/modifier: the C proxy answers this locally)
[wp-event][S] from-compositor s_obj=15 zwp_linux_dmabuf_v1.modifier args=3
[wp-event][S] suppressed s_obj=15 zwp_linux_dmabuf_v1.modifier (dmabuf format/modifier: the C proxy answers this locally)
[wp-event][S] from-compositor s_obj=15 zwp_linux_dmabuf_v1.modifier args=3
[wp-event][S] suppressed s_obj=15 zwp_linux_dmabuf_v1.modifier (dmabuf format/modifier: the C proxy answers this locally)
[wp-event][S] from-compositor s_obj=15 zwp_linux_dmabuf_v1.modifier args=3
[wp-event][S] suppressed s_obj=15 zwp_linux_dmabuf_v1.modifier (dmabuf format/modifier: the C proxy answers this locally)
[wp-event][S] from-compositor s_obj=15 zwp_linux_dmabuf_v1.modifier args=3
[wp-event][S] suppressed s_obj=15 zwp_linux_dmabuf_v1.modifier (dmabuf format/modifier: the C proxy answers this locally)
[wp-event][S] from-compositor s_obj=15 zwp_linux_dmabuf_v1.modifier args=3
[wp-event][S] suppressed s_obj=15 zwp_linux_dmabuf_v1.modifier (dmabuf format/modifier: the C proxy answers this locally)
[wp-event][S] from-compositor s_obj=15 zwp_linux_dmabuf_v1.modifier args=3
[wp-event][S] suppressed s_obj=15 zwp_linux_dmabuf_v1.modifier (dmabuf format/modifier: the C proxy answers this locally)
[wp-event][S] from-compositor s_obj=15 zwp_linux_dmabuf_v1.modifier args=3
[wp-event][S] suppressed s_obj=15 zwp_linux_dmabuf_v1.modifier (dmabuf format/modifier: the C proxy answers this locally)
[wp-event][S] from-compositor s_obj=15 zwp_linux_dmabuf_v1.modifier args=3
[wp-event][S] suppressed s_obj=15 zwp_linux_dmabuf_v1.modifier (dmabuf format/modifier: the C proxy answers this locally)
[wp-event][S] from-compositor s_obj=15 zwp_linux_dmabuf_v1.modifier args=3
[wp-event][S] suppressed s_obj=15 zwp_linux_dmabuf_v1.modifier (dmabuf format/modifier: the C proxy answers this locally)
[wp-event][S] from-compositor s_obj=15 zwp_linux_dmabuf_v1.modifier args=3
[wp-event][S] suppressed s_obj=15 zwp_linux_dmabuf_v1.modifier (dmabuf format/modifier: the C proxy answers this locally)
[wp-event][S] from-compositor s_obj=15 zwp_linux_dmabuf_v1.modifier args=3
[wp-event][S] suppressed s_obj=15 zwp_linux_dmabuf_v1.modifier (dmabuf format/modifier: the C proxy answers this locally)
[wp-event][S] from-compositor s_obj=15 zwp_linux_dmabuf_v1.modifier args=3
[wp-event][S] suppressed s_obj=15 zwp_linux_dmabuf_v1.modifier (dmabuf format/modifier: the C proxy answers this locally)
[wp-event][S] from-compositor s_obj=15 zwp_linux_dmabuf_v1.modifier args=3
[wp-event][S] suppressed s_obj=15 zwp_linux_dmabuf_v1.modifier (dmabuf format/modifier: the C proxy answers this locally)
[wp-event][S] from-compositor s_obj=15 zwp_linux_dmabuf_v1.modifier args=3
[wp-event][S] suppressed s_obj=15 zwp_linux_dmabuf_v1.modifier (dmabuf format/modifier: the C proxy answers this locally)
[wp-event][S] from-compositor s_obj=15 zwp_linux_dmabuf_v1.modifier args=3
[wp-event][S] suppressed s_obj=15 zwp_linux_dmabuf_v1.modifier (dmabuf format/modifier: the C proxy answers this locally)
[wp-event][S] from-compositor s_obj=15 zwp_linux_dmabuf_v1.modifier args=3
[wp-event][S] suppressed s_obj=15 zwp_linux_dmabuf_v1.modifier (dmabuf format/modifier: the C proxy answers this locally)
[wp-event][S] from-compositor s_obj=15 zwp_linux_dmabuf_v1.modifier args=3
[wp-event][S] suppressed s_obj=15 zwp_linux_dmabuf_v1.modifier (dmabuf format/modifier: the C proxy answers this locally)
[wp-event][S] from-compositor s_obj=15 zwp_linux_dmabuf_v1.modifier args=3
[wp-event][S] suppressed s_obj=15 zwp_linux_dmabuf_v1.modifier (dmabuf format/modifier: the C proxy answers this locally)
[wp-event][S] from-compositor s_obj=15 zwp_linux_dmabuf_v1.modifier args=3
[wp-event][S] suppressed s_obj=15 zwp_linux_dmabuf_v1.modifier (dmabuf format/modifier: the C proxy answers this locally)
[wp-event][S] from-compositor s_obj=15 zwp_linux_dmabuf_v1.modifier args=3
[wp-event][S] suppressed s_obj=15 zwp_linux_dmabuf_v1.modifier (dmabuf format/modifier: the C proxy answers this locally)
[wp-event][S] from-compositor s_obj=15 zwp_linux_dmabuf_v1.modifier args=3
[wp-event][S] suppressed s_obj=15 zwp_linux_dmabuf_v1.modifier (dmabuf format/modifier: the C proxy answers this locally)
[wp-event][S] from-compositor s_obj=15 zwp_linux_dmabuf_v1.modifier args=3
[wp-event][S] suppressed s_obj=15 zwp_linux_dmabuf_v1.modifier (dmabuf format/modifier: the C proxy answers this locally)
[wp-event][S] from-compositor s_obj=15 zwp_linux_dmabuf_v1.modifier args=3
[wp-event][S] suppressed s_obj=15 zwp_linux_dmabuf_v1.modifier (dmabuf format/modifier: the C proxy answers this locally)
[wp-event][S] from-compositor s_obj=15 zwp_linux_dmabuf_v1.modifier args=3
[wp-event][S] suppressed s_obj=15 zwp_linux_dmabuf_v1.modifier (dmabuf format/modifier: the C proxy answers this locally)
[wp-event][S] from-compositor s_obj=15 zwp_linux_dmabuf_v1.modifier args=3
[wp-event][S] suppressed s_obj=15 zwp_linux_dmabuf_v1.modifier (dmabuf format/modifier: the C proxy answers this locally)
[wp-event][S] from-compositor s_obj=15 zwp_linux_dmabuf_v1.modifier args=3
[wp-event][S] suppressed s_obj=15 zwp_linux_dmabuf_v1.modifier (dmabuf format/modifier: the C proxy answers this locally)
[wp-event][S] from-compositor s_obj=15 zwp_linux_dmabuf_v1.modifier args=3
[wp-event][S] suppressed s_obj=15 zwp_linux_dmabuf_v1.modifier (dmabuf format/modifier: the C proxy answers this locally)
[wp-event][S] from-compositor s_obj=15 zwp_linux_dmabuf_v1.modifier args=3
[wp-event][S] suppressed s_obj=15 zwp_linux_dmabuf_v1.modifier (dmabuf format/modifier: the C proxy answers this locally)
[wp-event][S] from-compositor s_obj=15 zwp_linux_dmabuf_v1.modifier args=3
[wp-event][S] suppressed s_obj=15 zwp_linux_dmabuf_v1.modifier (dmabuf format/modifier: the C proxy answers this locally)
[wp-event][S] from-compositor s_obj=15 zwp_linux_dmabuf_v1.modifier args=3
[wp-event][S] suppressed s_obj=15 zwp_linux_dmabuf_v1.modifier (dmabuf format/modifier: the C proxy answers this locally)
[wp-event][S] from-compositor s_obj=15 zwp_linux_dmabuf_v1.modifier args=3
[wp-event][S] suppressed s_obj=15 zwp_linux_dmabuf_v1.modifier (dmabuf format/modifier: the C proxy answers this locally)
[wp-event][S] from-compositor s_obj=15 zwp_linux_dmabuf_v1.modifier args=3
[wp-event][S] suppressed s_obj=15 zwp_linux_dmabuf_v1.modifier (dmabuf format/modifier: the C proxy answers this locally)
[wp-event][S] from-compositor s_obj=15 zwp_linux_dmabuf_v1.modifier args=3
[wp-event][S] suppressed s_obj=15 zwp_linux_dmabuf_v1.modifier (dmabuf format/modifier: the C proxy answers this locally)
[wp-event][S] from-compositor s_obj=15 zwp_linux_dmabuf_v1.modifier args=3
[wp-event][S] suppressed s_obj=15 zwp_linux_dmabuf_v1.modifier (dmabuf format/modifier: the C proxy answers this locally)
[wp-event][S] from-compositor s_obj=15 zwp_linux_dmabuf_v1.modifier args=3
[wp-event][S] suppressed s_obj=15 zwp_linux_dmabuf_v1.modifier (dmabuf format/modifier: the C proxy answers this locally)
[wp-event][S] from-compositor s_obj=15 zwp_linux_dmabuf_v1.modifier args=3
[wp-event][S] suppressed s_obj=15 zwp_linux_dmabuf_v1.modifier (dmabuf format/modifier: the C proxy answers this locally)
[wp-event][S] from-compositor s_obj=15 zwp_linux_dmabuf_v1.modifier args=3
[wp-event][S] suppressed s_obj=15 zwp_linux_dmabuf_v1.modifier (dmabuf format/modifier: the C proxy answers this locally)
[wp-event][S] from-compositor s_obj=15 zwp_linux_dmabuf_v1.modifier args=3
[wp-event][S] suppressed s_obj=15 zwp_linux_dmabuf_v1.modifier (dmabuf format/modifier: the C proxy answers this locally)
[wp-event][S] from-compositor s_obj=15 zwp_linux_dmabuf_v1.modifier args=3
[wp-event][S] suppressed s_obj=15 zwp_linux_dmabuf_v1.modifier (dmabuf format/modifier: the C proxy answers this locally)
[wp-event][S] from-compositor s_obj=15 zwp_linux_dmabuf_v1.modifier args=3
[wp-event][S] suppressed s_obj=15 zwp_linux_dmabuf_v1.modifier (dmabuf format/modifier: the C proxy answers this locally)
[wp-event][S] from-compositor s_obj=15 zwp_linux_dmabuf_v1.modifier args=3
[wp-event][S] suppressed s_obj=15 zwp_linux_dmabuf_v1.modifier (dmabuf format/modifier: the C proxy answers this locally)
[wp-event][S] from-compositor s_obj=15 zwp_linux_dmabuf_v1.modifier args=3
[wp-event][S] suppressed s_obj=15 zwp_linux_dmabuf_v1.modifier (dmabuf format/modifier: the C proxy answers this locally)
[wp-event][S] from-compositor s_obj=15 zwp_linux_dmabuf_v1.modifier args=3
[wp-event][S] suppressed s_obj=15 zwp_linux_dmabuf_v1.modifier (dmabuf format/modifier: the C proxy answers this locally)
[wp-event][S] from-compositor s_obj=15 zwp_linux_dmabuf_v1.modifier args=3
[wp-event][S] suppressed s_obj=15 zwp_linux_dmabuf_v1.modifier (dmabuf format/modifier: the C proxy answers this locally)
[wp-event][S] from-compositor s_obj=15 zwp_linux_dmabuf_v1.modifier args=3
[wp-event][S] suppressed s_obj=15 zwp_linux_dmabuf_v1.modifier (dmabuf format/modifier: the C proxy answers this locally)
[wp-event][S] from-compositor s_obj=15 zwp_linux_dmabuf_v1.modifier args=3
[wp-event][S] suppressed s_obj=15 zwp_linux_dmabuf_v1.modifier (dmabuf format/modifier: the C proxy answers this locally)
[wp-event][S] from-compositor s_obj=15 zwp_linux_dmabuf_v1.modifier args=3
[wp-event][S] suppressed s_obj=15 zwp_linux_dmabuf_v1.modifier (dmabuf format/modifier: the C proxy answers this locally)
[wp-event][S] from-compositor s_obj=15 zwp_linux_dmabuf_v1.modifier args=3
[wp-event][S] suppressed s_obj=15 zwp_linux_dmabuf_v1.modifier (dmabuf format/modifier: the C proxy answers this locally)
[wp-event][S] from-compositor s_obj=15 zwp_linux_dmabuf_v1.modifier args=3
[wp-event][S] suppressed s_obj=15 zwp_linux_dmabuf_v1.modifier (dmabuf format/modifier: the C proxy answers this locally)
[wp-event][S] from-compositor s_obj=15 zwp_linux_dmabuf_v1.modifier args=3
[wp-event][S] suppressed s_obj=15 zwp_linux_dmabuf_v1.modifier (dmabuf format/modifier: the C proxy answers this locally)
[wp-event][S] from-compositor s_obj=15 zwp_linux_dmabuf_v1.modifier args=3
[wp-event][S] suppressed s_obj=15 zwp_linux_dmabuf_v1.modifier (dmabuf format/modifier: the C proxy answers this locally)
[wp-event][S] from-compositor s_obj=15 zwp_linux_dmabuf_v1.modifier args=3
[wp-event][S] suppressed s_obj=15 zwp_linux_dmabuf_v1.modifier (dmabuf format/modifier: the C proxy answers this locally)
[wp-event][S] from-compositor s_obj=15 zwp_linux_dmabuf_v1.modifier args=3
[wp-event][S] suppressed s_obj=15 zwp_linux_dmabuf_v1.modifier (dmabuf format/modifier: the C proxy answers this locally)
[wp-event][S] from-compositor s_obj=15 zwp_linux_dmabuf_v1.modifier args=3
[wp-event][S] suppressed s_obj=15 zwp_linux_dmabuf_v1.modifier (dmabuf format/modifier: the C proxy answers this locally)
[wp-event][S] from-compositor s_obj=15 zwp_linux_dmabuf_v1.modifier args=3
[wp-event][S] suppressed s_obj=15 zwp_linux_dmabuf_v1.modifier (dmabuf format/modifier: the C proxy answers this locally)
[wp-event][S] from-compositor s_obj=15 zwp_linux_dmabuf_v1.modifier args=3
[wp-event][S] suppressed s_obj=15 zwp_linux_dmabuf_v1.modifier (dmabuf format/modifier: the C proxy answers this locally)
[wp-event][S] from-compositor s_obj=15 zwp_linux_dmabuf_v1.modifier args=3
[wp-event][S] suppressed s_obj=15 zwp_linux_dmabuf_v1.modifier (dmabuf format/modifier: the C proxy answers this locally)
[wp-event][S] from-compositor s_obj=15 zwp_linux_dmabuf_v1.modifier args=3
[wp-event][S] suppressed s_obj=15 zwp_linux_dmabuf_v1.modifier (dmabuf format/modifier: the C proxy answers this locally)
[wp-event][S] from-compositor s_obj=15 zwp_linux_dmabuf_v1.modifier args=3
[wp-event][S] suppressed s_obj=15 zwp_linux_dmabuf_v1.modifier (dmabuf format/modifier: the C proxy answers this locally)
[wp-event][S] from-compositor s_obj=15 zwp_linux_dmabuf_v1.modifier args=3
[wp-event][S] suppressed s_obj=15 zwp_linux_dmabuf_v1.modifier (dmabuf format/modifier: the C proxy answers this locally)
[wp-event][S] from-compositor s_obj=15 zwp_linux_dmabuf_v1.modifier args=3
[wp-event][S] suppressed s_obj=15 zwp_linux_dmabuf_v1.modifier (dmabuf format/modifier: the C proxy answers this locally)
[wp-event][S] from-compositor s_obj=15 zwp_linux_dmabuf_v1.modifier args=3
[wp-event][S] suppressed s_obj=15 zwp_linux_dmabuf_v1.modifier (dmabuf format/modifier: the C proxy answers this locally)
[wp-event][S] from-compositor s_obj=15 zwp_linux_dmabuf_v1.modifier args=3
[wp-event][S] suppressed s_obj=15 zwp_linux_dmabuf_v1.modifier (dmabuf format/modifier: the C proxy answers this locally)
[wp-event][S] from-compositor s_obj=15 zwp_linux_dmabuf_v1.modifier args=3
[wp-event][S] suppressed s_obj=15 zwp_linux_dmabuf_v1.modifier (dmabuf format/modifier: the C proxy answers this locally)
[wp-event][S] from-compositor s_obj=15 zwp_linux_dmabuf_v1.modifier args=3
[wp-event][S] suppressed s_obj=15 zwp_linux_dmabuf_v1.modifier (dmabuf format/modifier: the C proxy answers this locally)
[wp-event][S] from-compositor s_obj=15 zwp_linux_dmabuf_v1.modifier args=3
[wp-event][S] suppressed s_obj=15 zwp_linux_dmabuf_v1.modifier (dmabuf format/modifier: the C proxy answers this locally)
[wp-event][S] from-compositor s_obj=15 zwp_linux_dmabuf_v1.modifier args=3
[wp-event][S] suppressed s_obj=15 zwp_linux_dmabuf_v1.modifier (dmabuf format/modifier: the C proxy answers this locally)
[wp-event][S] from-compositor s_obj=15 zwp_linux_dmabuf_v1.modifier args=3
[wp-event][S] suppressed s_obj=15 zwp_linux_dmabuf_v1.modifier (dmabuf format/modifier: the C proxy answers this locally)
[wp-event][S] from-compositor s_obj=15 zwp_linux_dmabuf_v1.modifier args=3
[wp-event][S] suppressed s_obj=15 zwp_linux_dmabuf_v1.modifier (dmabuf format/modifier: the C proxy answers this locally)
[wp-event][S] from-compositor s_obj=15 zwp_linux_dmabuf_v1.modifier args=3
[wp-event][S] suppressed s_obj=15 zwp_linux_dmabuf_v1.modifier (dmabuf format/modifier: the C proxy answers this locally)
[wp-event][S] from-compositor s_obj=15 zwp_linux_dmabuf_v1.modifier args=3
[wp-event][S] suppressed s_obj=15 zwp_linux_dmabuf_v1.modifier (dmabuf format/modifier: the C proxy answers this locally)
[wp-event][S] from-compositor s_obj=15 zwp_linux_dmabuf_v1.modifier args=3
[wp-event][S] suppressed s_obj=15 zwp_linux_dmabuf_v1.modifier (dmabuf format/modifier: the C proxy answers this locally)
[wp-event][S] from-compositor s_obj=15 zwp_linux_dmabuf_v1.modifier args=3
[wp-event][S] suppressed s_obj=15 zwp_linux_dmabuf_v1.modifier (dmabuf format/modifier: the C proxy answers this locally)
[wp-event][S] from-compositor s_obj=15 zwp_linux_dmabuf_v1.modifier args=3
[wp-event][S] suppressed s_obj=15 zwp_linux_dmabuf_v1.modifier (dmabuf format/modifier: the C proxy answers this locally)
[wp-event][S] from-compositor s_obj=15 zwp_linux_dmabuf_v1.modifier args=3
[wp-event][S] suppressed s_obj=15 zwp_linux_dmabuf_v1.modifier (dmabuf format/modifier: the C proxy answers this locally)
[wp-event][S] from-compositor s_obj=15 zwp_linux_dmabuf_v1.modifier args=3
[wp-event][S] suppressed s_obj=15 zwp_linux_dmabuf_v1.modifier (dmabuf format/modifier: the C proxy answers this locally)
[wp-event][S] from-compositor s_obj=15 zwp_linux_dmabuf_v1.modifier args=3
[wp-event][S] suppressed s_obj=15 zwp_linux_dmabuf_v1.modifier (dmabuf format/modifier: the C proxy answers this locally)
[wp-event][S] from-compositor s_obj=15 zwp_linux_dmabuf_v1.modifier args=3
[wp-event][S] suppressed s_obj=15 zwp_linux_dmabuf_v1.modifier (dmabuf format/modifier: the C proxy answers this locally)
[wp-event][S] from-compositor s_obj=15 zwp_linux_dmabuf_v1.modifier args=3
[wp-event][S] suppressed s_obj=15 zwp_linux_dmabuf_v1.modifier (dmabuf format/modifier: the C proxy answers this locally)
[wp-event][S] from-compositor s_obj=15 zwp_linux_dmabuf_v1.modifier args=3
[wp-event][S] suppressed s_obj=15 zwp_linux_dmabuf_v1.modifier (dmabuf format/modifier: the C proxy answers this locally)
[wp-event][S] from-compositor s_obj=15 zwp_linux_dmabuf_v1.modifier args=3
[wp-event][S] suppressed s_obj=15 zwp_linux_dmabuf_v1.modifier (dmabuf format/modifier: the C proxy answers this locally)
[wp-event][S] from-compositor s_obj=15 zwp_linux_dmabuf_v1.modifier args=3
[wp-event][S] suppressed s_obj=15 zwp_linux_dmabuf_v1.modifier (dmabuf format/modifier: the C proxy answers this locally)
[wp-event][S] from-compositor s_obj=15 zwp_linux_dmabuf_v1.modifier args=3
[wp-event][S] suppressed s_obj=15 zwp_linux_dmabuf_v1.modifier (dmabuf format/modifier: the C proxy answers this locally)
[wp-event][S] from-compositor s_obj=15 zwp_linux_dmabuf_v1.modifier args=3
[wp-event][S] suppressed s_obj=15 zwp_linux_dmabuf_v1.modifier (dmabuf format/modifier: the C proxy answers this locally)
[wp-event][S] from-compositor s_obj=15 zwp_linux_dmabuf_v1.modifier args=3
[wp-event][S] suppressed s_obj=15 zwp_linux_dmabuf_v1.modifier (dmabuf format/modifier: the C proxy answers this locally)
[wp-event][S] from-compositor s_obj=15 zwp_linux_dmabuf_v1.modifier args=3
[wp-event][S] suppressed s_obj=15 zwp_linux_dmabuf_v1.modifier (dmabuf format/modifier: the C proxy answers this locally)
[wp-event][S] from-compositor s_obj=15 zwp_linux_dmabuf_v1.modifier args=3
[wp-event][S] suppressed s_obj=15 zwp_linux_dmabuf_v1.modifier (dmabuf format/modifier: the C proxy answers this locally)
[wp-event][S] from-compositor s_obj=15 zwp_linux_dmabuf_v1.modifier args=3
[wp-event][S] suppressed s_obj=15 zwp_linux_dmabuf_v1.modifier (dmabuf format/modifier: the C proxy answers this locally)
[wp-event][S] from-compositor s_obj=15 zwp_linux_dmabuf_v1.modifier args=3
[wp-event][S] suppressed s_obj=15 zwp_linux_dmabuf_v1.modifier (dmabuf format/modifier: the C proxy answers this locally)
[wp-event][S] from-compositor s_obj=15 zwp_linux_dmabuf_v1.modifier args=3
[wp-event][S] suppressed s_obj=15 zwp_linux_dmabuf_v1.modifier (dmabuf format/modifier: the C proxy answers this locally)
[wp-event][S] from-compositor s_obj=15 zwp_linux_dmabuf_v1.modifier args=3
[wp-event][S] suppressed s_obj=15 zwp_linux_dmabuf_v1.modifier (dmabuf format/modifier: the C proxy answers this locally)
[wp-event][S] from-compositor s_obj=15 zwp_linux_dmabuf_v1.modifier args=3
[wp-event][S] suppressed s_obj=15 zwp_linux_dmabuf_v1.modifier (dmabuf format/modifier: the C proxy answers this locally)
[wp-event][S] from-compositor s_obj=15 zwp_linux_dmabuf_v1.modifier args=3
[wp-event][S] suppressed s_obj=15 zwp_linux_dmabuf_v1.modifier (dmabuf format/modifier: the C proxy answers this locally)
[wp-event][S] from-compositor s_obj=15 zwp_linux_dmabuf_v1.modifier args=3
[wp-event][S] suppressed s_obj=15 zwp_linux_dmabuf_v1.modifier (dmabuf format/modifier: the C proxy answers this locally)
[wp-event][S] from-compositor s_obj=15 zwp_linux_dmabuf_v1.modifier args=3
[wp-event][S] suppressed s_obj=15 zwp_linux_dmabuf_v1.modifier (dmabuf format/modifier: the C proxy answers this locally)
[wp-event][S] from-compositor s_obj=15 zwp_linux_dmabuf_v1.modifier args=3
[wp-event][S] suppressed s_obj=15 zwp_linux_dmabuf_v1.modifier (dmabuf format/modifier: the C proxy answers this locally)
[wp-event][S] from-compositor s_obj=15 zwp_linux_dmabuf_v1.modifier args=3
[wp-event][S] suppressed s_obj=15 zwp_linux_dmabuf_v1.modifier (dmabuf format/modifier: the C proxy answers this locally)
[wp-event][S] from-compositor s_obj=15 zwp_linux_dmabuf_v1.modifier args=3
[wp-event][S] suppressed s_obj=15 zwp_linux_dmabuf_v1.modifier (dmabuf format/modifier: the C proxy answers this locally)
[wp-event][S] from-compositor s_obj=15 zwp_linux_dmabuf_v1.modifier args=3
[wp-event][S] suppressed s_obj=15 zwp_linux_dmabuf_v1.modifier (dmabuf format/modifier: the C proxy answers this locally)
[wp-event][S] from-compositor s_obj=15 zwp_linux_dmabuf_v1.modifier args=3
[wp-event][S] suppressed s_obj=15 zwp_linux_dmabuf_v1.modifier (dmabuf format/modifier: the C proxy answers this locally)
[wp-event][S] from-compositor s_obj=15 zwp_linux_dmabuf_v1.modifier args=3
[wp-event][S] suppressed s_obj=15 zwp_linux_dmabuf_v1.modifier (dmabuf format/modifier: the C proxy answers this locally)
[wp-event][S] from-compositor s_obj=15 zwp_linux_dmabuf_v1.modifier args=3
[wp-event][S] suppressed s_obj=15 zwp_linux_dmabuf_v1.modifier (dmabuf format/modifier: the C proxy answers this locally)
[wp-event][S] from-compositor s_obj=15 zwp_linux_dmabuf_v1.modifier args=3
[wp-event][S] suppressed s_obj=15 zwp_linux_dmabuf_v1.modifier (dmabuf format/modifier: the C proxy answers this locally)
[wp-event][S] from-compositor s_obj=15 zwp_linux_dmabuf_v1.modifier args=3
[wp-event][S] suppressed s_obj=15 zwp_linux_dmabuf_v1.modifier (dmabuf format/modifier: the C proxy answers this locally)
[wp-event][S] from-compositor s_obj=15 zwp_linux_dmabuf_v1.modifier args=3
[wp-event][S] suppressed s_obj=15 zwp_linux_dmabuf_v1.modifier (dmabuf format/modifier: the C proxy answers this locally)
[wp-event][S] from-compositor s_obj=15 zwp_linux_dmabuf_v1.modifier args=3
[wp-event][S] suppressed s_obj=15 zwp_linux_dmabuf_v1.modifier (dmabuf format/modifier: the C proxy answers this locally)
[wp-event][S] from-compositor s_obj=15 zwp_linux_dmabuf_v1.modifier args=3
[wp-event][S] suppressed s_obj=15 zwp_linux_dmabuf_v1.modifier (dmabuf format/modifier: the C proxy answers this locally)
[wp-event][S] from-compositor s_obj=15 zwp_linux_dmabuf_v1.modifier args=3
[wp-event][S] suppressed s_obj=15 zwp_linux_dmabuf_v1.modifier (dmabuf format/modifier: the C proxy answers this locally)
[wp-event][S] from-compositor s_obj=15 zwp_linux_dmabuf_v1.modifier args=3
[wp-event][S] suppressed s_obj=15 zwp_linux_dmabuf_v1.modifier (dmabuf format/modifier: the C proxy answers this locally)
[wp-event][S] from-compositor s_obj=15 zwp_linux_dmabuf_v1.modifier args=3
[wp-event][S] suppressed s_obj=15 zwp_linux_dmabuf_v1.modifier (dmabuf format/modifier: the C proxy answers this locally)
[wp-event][S] from-compositor s_obj=15 zwp_linux_dmabuf_v1.modifier args=3
[wp-event][S] suppressed s_obj=15 zwp_linux_dmabuf_v1.modifier (dmabuf format/modifier: the C proxy answers this locally)
[wp-event][S] from-compositor s_obj=15 zwp_linux_dmabuf_v1.modifier args=3
[wp-event][S] suppressed s_obj=15 zwp_linux_dmabuf_v1.modifier (dmabuf format/modifier: the C proxy answers this locally)
[wp-event][S] from-compositor s_obj=15 zwp_linux_dmabuf_v1.modifier args=3
[wp-event][S] suppressed s_obj=15 zwp_linux_dmabuf_v1.modifier (dmabuf format/modifier: the C proxy answers this locally)
[wp-event][S] from-compositor s_obj=15 zwp_linux_dmabuf_v1.modifier args=3
[wp-event][S] suppressed s_obj=15 zwp_linux_dmabuf_v1.modifier (dmabuf format/modifier: the C proxy answers this locally)
[wp-event][S] from-compositor s_obj=15 zwp_linux_dmabuf_v1.modifier args=3
[wp-event][S] suppressed s_obj=15 zwp_linux_dmabuf_v1.modifier (dmabuf format/modifier: the C proxy answers this locally)
[wp-event][S] from-compositor s_obj=15 zwp_linux_dmabuf_v1.modifier args=3
[wp-event][S] suppressed s_obj=15 zwp_linux_dmabuf_v1.modifier (dmabuf format/modifier: the C proxy answers this locally)
[wp-event][S] from-compositor s_obj=15 zwp_linux_dmabuf_v1.modifier args=3
[wp-event][S] suppressed s_obj=15 zwp_linux_dmabuf_v1.modifier (dmabuf format/modifier: the C proxy answers this locally)
[wp-event][S] from-compositor s_obj=15 zwp_linux_dmabuf_v1.modifier args=3
[wp-event][S] suppressed s_obj=15 zwp_linux_dmabuf_v1.modifier (dmabuf format/modifier: the C proxy answers this locally)
[wp-event][S] from-compositor s_obj=15 zwp_linux_dmabuf_v1.modifier args=3
[wp-event][S] suppressed s_obj=15 zwp_linux_dmabuf_v1.modifier (dmabuf format/modifier: the C proxy answers this locally)
[wp-event][S] from-compositor s_obj=15 zwp_linux_dmabuf_v1.modifier args=3
[wp-event][S] suppressed s_obj=15 zwp_linux_dmabuf_v1.modifier (dmabuf format/modifier: the C proxy answers this locally)
[wp-event][S] from-compositor s_obj=15 zwp_linux_dmabuf_v1.modifier args=3
[wp-event][S] suppressed s_obj=15 zwp_linux_dmabuf_v1.modifier (dmabuf format/modifier: the C proxy answers this locally)
[wp-event][S] from-compositor s_obj=15 zwp_linux_dmabuf_v1.modifier args=3
[wp-event][S] suppressed s_obj=15 zwp_linux_dmabuf_v1.modifier (dmabuf format/modifier: the C proxy answers this locally)
[wp-event][S] from-compositor s_obj=15 zwp_linux_dmabuf_v1.modifier args=3
[wp-event][S] suppressed s_obj=15 zwp_linux_dmabuf_v1.modifier (dmabuf format/modifier: the C proxy answers this locally)
[wp-event][S] from-compositor s_obj=15 zwp_linux_dmabuf_v1.modifier args=3
[wp-event][S] suppressed s_obj=15 zwp_linux_dmabuf_v1.modifier (dmabuf format/modifier: the C proxy answers this locally)
[wp-event][S] from-compositor s_obj=15 zwp_linux_dmabuf_v1.modifier args=3
[wp-event][S] suppressed s_obj=15 zwp_linux_dmabuf_v1.modifier (dmabuf format/modifier: the C proxy answers this locally)
[wp-event][S] from-compositor s_obj=15 zwp_linux_dmabuf_v1.modifier args=3
[wp-event][S] suppressed s_obj=15 zwp_linux_dmabuf_v1.modifier (dmabuf format/modifier: the C proxy answers this locally)
[wp-event][S] from-compositor s_obj=15 zwp_linux_dmabuf_v1.modifier args=3
[wp-event][S] suppressed s_obj=15 zwp_linux_dmabuf_v1.modifier (dmabuf format/modifier: the C proxy answers this locally)
[wp-event][S] from-compositor s_obj=15 zwp_linux_dmabuf_v1.modifier args=3
[wp-event][S] suppressed s_obj=15 zwp_linux_dmabuf_v1.modifier (dmabuf format/modifier: the C proxy answers this locally)
[wp-event][S] from-compositor s_obj=15 zwp_linux_dmabuf_v1.modifier args=3
[wp-event][S] suppressed s_obj=15 zwp_linux_dmabuf_v1.modifier (dmabuf format/modifier: the C proxy answers this locally)
[wp-event][S] from-compositor s_obj=15 zwp_linux_dmabuf_v1.modifier args=3
[wp-event][S] suppressed s_obj=15 zwp_linux_dmabuf_v1.modifier (dmabuf format/modifier: the C proxy answers this locally)
[wp-event][S] from-compositor s_obj=15 zwp_linux_dmabuf_v1.modifier args=3
[wp-event][S] suppressed s_obj=15 zwp_linux_dmabuf_v1.modifier (dmabuf format/modifier: the C proxy answers this locally)
[wp-event][S] from-compositor s_obj=15 zwp_linux_dmabuf_v1.modifier args=3
[wp-event][S] suppressed s_obj=15 zwp_linux_dmabuf_v1.modifier (dmabuf format/modifier: the C proxy answers this locally)
[wp-event][S] from-compositor s_obj=15 zwp_linux_dmabuf_v1.modifier args=3
[wp-event][S] suppressed s_obj=15 zwp_linux_dmabuf_v1.modifier (dmabuf format/modifier: the C proxy answers this locally)
[wp-event][S] from-compositor s_obj=15 zwp_linux_dmabuf_v1.modifier args=3
[wp-event][S] suppressed s_obj=15 zwp_linux_dmabuf_v1.modifier (dmabuf format/modifier: the C proxy answers this locally)
[wp-event][S] from-compositor s_obj=15 zwp_linux_dmabuf_v1.modifier args=3
[wp-event][S] suppressed s_obj=15 zwp_linux_dmabuf_v1.modifier (dmabuf format/modifier: the C proxy answers this locally)
[wp-event][S] from-compositor s_obj=15 zwp_linux_dmabuf_v1.modifier args=3
[wp-event][S] suppressed s_obj=15 zwp_linux_dmabuf_v1.modifier (dmabuf format/modifier: the C proxy answers this locally)
[wp-event][S] from-compositor s_obj=15 zwp_linux_dmabuf_v1.modifier args=3
[wp-event][S] suppressed s_obj=15 zwp_linux_dmabuf_v1.modifier (dmabuf format/modifier: the C proxy answers this locally)
[wp-event][S] from-compositor s_obj=15 zwp_linux_dmabuf_v1.modifier args=3
[wp-event][S] suppressed s_obj=15 zwp_linux_dmabuf_v1.modifier (dmabuf format/modifier: the C proxy answers this locally)
[wp-event][S] from-compositor s_obj=15 zwp_linux_dmabuf_v1.modifier args=3
[wp-event][S] suppressed s_obj=15 zwp_linux_dmabuf_v1.modifier (dmabuf format/modifier: the C proxy answers this locally)
[wp-event][S] from-compositor s_obj=15 zwp_linux_dmabuf_v1.modifier args=3
[wp-event][S] suppressed s_obj=15 zwp_linux_dmabuf_v1.modifier (dmabuf format/modifier: the C proxy answers this locally)
[wp-event][S] from-compositor s_obj=15 zwp_linux_dmabuf_v1.modifier args=3
[wp-event][S] suppressed s_obj=15 zwp_linux_dmabuf_v1.modifier (dmabuf format/modifier: the C proxy answers this locally)
[wp-event][S] from-compositor s_obj=15 zwp_linux_dmabuf_v1.modifier args=3
[wp-event][S] suppressed s_obj=15 zwp_linux_dmabuf_v1.modifier (dmabuf format/modifier: the C proxy answers this locally)
[wp-event][S] from-compositor s_obj=15 zwp_linux_dmabuf_v1.modifier args=3
[wp-event][S] suppressed s_obj=15 zwp_linux_dmabuf_v1.modifier (dmabuf format/modifier: the C proxy answers this locally)
[wp-event][S] from-compositor s_obj=15 zwp_linux_dmabuf_v1.modifier args=3
[wp-event][S] suppressed s_obj=15 zwp_linux_dmabuf_v1.modifier (dmabuf format/modifier: the C proxy answers this locally)
[wp-event][S] from-compositor s_obj=15 zwp_linux_dmabuf_v1.modifier args=3
[wp-event][S] suppressed s_obj=15 zwp_linux_dmabuf_v1.modifier (dmabuf format/modifier: the C proxy answers this locally)
[wp-event][S] from-compositor s_obj=15 zwp_linux_dmabuf_v1.modifier args=3
[wp-event][S] suppressed s_obj=15 zwp_linux_dmabuf_v1.modifier (dmabuf format/modifier: the C proxy answers this locally)
[wp-event][S] from-compositor s_obj=15 zwp_linux_dmabuf_v1.modifier args=3
[wp-event][S] suppressed s_obj=15 zwp_linux_dmabuf_v1.modifier (dmabuf format/modifier: the C proxy answers this locally)
[wp-event][S] from-compositor s_obj=15 zwp_linux_dmabuf_v1.modifier args=3
[wp-event][S] suppressed s_obj=15 zwp_linux_dmabuf_v1.modifier (dmabuf format/modifier: the C proxy answers this locally)
[wp-event][S] from-compositor s_obj=15 zwp_linux_dmabuf_v1.modifier args=3
[wp-event][S] suppressed s_obj=15 zwp_linux_dmabuf_v1.modifier (dmabuf format/modifier: the C proxy answers this locally)
[wp-event][S] from-compositor s_obj=15 zwp_linux_dmabuf_v1.modifier args=3
[wp-event][S] suppressed s_obj=15 zwp_linux_dmabuf_v1.modifier (dmabuf format/modifier: the C proxy answers this locally)
[wp-event][S] from-compositor s_obj=15 zwp_linux_dmabuf_v1.modifier args=3
[wp-event][S] suppressed s_obj=15 zwp_linux_dmabuf_v1.modifier (dmabuf format/modifier: the C proxy answers this locally)
[wp-event][S] from-compositor s_obj=15 zwp_linux_dmabuf_v1.modifier args=3
[wp-event][S] suppressed s_obj=15 zwp_linux_dmabuf_v1.modifier (dmabuf format/modifier: the C proxy answers this locally)
[wp-event][S] from-compositor s_obj=15 zwp_linux_dmabuf_v1.modifier args=3
[wp-event][S] suppressed s_obj=15 zwp_linux_dmabuf_v1.modifier (dmabuf format/modifier: the C proxy answers this locally)
[wp-event][S] from-compositor s_obj=15 zwp_linux_dmabuf_v1.modifier args=3
[wp-event][S] suppressed s_obj=15 zwp_linux_dmabuf_v1.modifier (dmabuf format/modifier: the C proxy answers this locally)
[wp-event][S] from-compositor s_obj=15 zwp_linux_dmabuf_v1.modifier args=3
[wp-event][S] suppressed s_obj=15 zwp_linux_dmabuf_v1.modifier (dmabuf format/modifier: the C proxy answers this locally)
[wp-event][S] from-compositor s_obj=15 zwp_linux_dmabuf_v1.modifier args=3
[wp-event][S] suppressed s_obj=15 zwp_linux_dmabuf_v1.modifier (dmabuf format/modifier: the C proxy answers this locally)
[wp-event][S] from-compositor s_obj=15 zwp_linux_dmabuf_v1.modifier args=3
[wp-event][S] suppressed s_obj=15 zwp_linux_dmabuf_v1.modifier (dmabuf format/modifier: the C proxy answers this locally)
[wp-event][S] from-compositor s_obj=15 zwp_linux_dmabuf_v1.modifier args=3
[wp-event][S] suppressed s_obj=15 zwp_linux_dmabuf_v1.modifier (dmabuf format/modifier: the C proxy answers this locally)
[wp-event][S] from-compositor s_obj=15 zwp_linux_dmabuf_v1.modifier args=3
[wp-event][S] suppressed s_obj=15 zwp_linux_dmabuf_v1.modifier (dmabuf format/modifier: the C proxy answers this locally)
[wp-event][S] from-compositor s_obj=15 zwp_linux_dmabuf_v1.modifier args=3
[wp-event][S] suppressed s_obj=15 zwp_linux_dmabuf_v1.modifier (dmabuf format/modifier: the C proxy answers this locally)
[wp-event][S] from-compositor s_obj=15 zwp_linux_dmabuf_v1.modifier args=3
[wp-event][S] suppressed s_obj=15 zwp_linux_dmabuf_v1.modifier (dmabuf format/modifier: the C proxy answers this locally)
[wp-event][S] from-compositor s_obj=15 zwp_linux_dmabuf_v1.modifier args=3
[wp-event][S] suppressed s_obj=15 zwp_linux_dmabuf_v1.modifier (dmabuf format/modifier: the C proxy answers this locally)
[wp-event][S] from-compositor s_obj=15 zwp_linux_dmabuf_v1.modifier args=3
[wp-event][S] suppressed s_obj=15 zwp_linux_dmabuf_v1.modifier (dmabuf format/modifier: the C proxy answers this locally)
[wp-event][S] from-compositor s_obj=15 zwp_linux_dmabuf_v1.modifier args=3
[wp-event][S] suppressed s_obj=15 zwp_linux_dmabuf_v1.modifier (dmabuf format/modifier: the C proxy answers this locally)
[wp-event][S] from-compositor s_obj=15 zwp_linux_dmabuf_v1.modifier args=3
[wp-event][S] suppressed s_obj=15 zwp_linux_dmabuf_v1.modifier (dmabuf format/modifier: the C proxy answers this locally)
[wp-event][S] from-compositor s_obj=15 zwp_linux_dmabuf_v1.modifier args=3
[wp-event][S] suppressed s_obj=15 zwp_linux_dmabuf_v1.modifier (dmabuf format/modifier: the C proxy answers this locally)
[wp-event][S] from-compositor s_obj=15 zwp_linux_dmabuf_v1.modifier args=3
[wp-event][S] suppressed s_obj=15 zwp_linux_dmabuf_v1.modifier (dmabuf format/modifier: the C proxy answers this locally)
[wp-event][S] from-compositor s_obj=15 zwp_linux_dmabuf_v1.modifier args=3
[wp-event][S] suppressed s_obj=15 zwp_linux_dmabuf_v1.modifier (dmabuf format/modifier: the C proxy answers this locally)
[wp-event][S] from-compositor s_obj=15 zwp_linux_dmabuf_v1.modifier args=3
[wp-event][S] suppressed s_obj=15 zwp_linux_dmabuf_v1.modifier (dmabuf format/modifier: the C proxy answers this locally)
[wp-event][S] from-compositor s_obj=15 zwp_linux_dmabuf_v1.modifier args=3
[wp-event][S] suppressed s_obj=15 zwp_linux_dmabuf_v1.modifier (dmabuf format/modifier: the C proxy answers this locally)
[wp-event][S] from-compositor s_obj=15 zwp_linux_dmabuf_v1.modifier args=3
[wp-event][S] suppressed s_obj=15 zwp_linux_dmabuf_v1.modifier (dmabuf format/modifier: the C proxy answers this locally)
[wp-event][S] from-compositor s_obj=15 zwp_linux_dmabuf_v1.modifier args=3
[wp-event][S] suppressed s_obj=15 zwp_linux_dmabuf_v1.modifier (dmabuf format/modifier: the C proxy answers this locally)
[wp-event][S] from-compositor s_obj=15 zwp_linux_dmabuf_v1.modifier args=3
[wp-event][S] suppressed s_obj=15 zwp_linux_dmabuf_v1.modifier (dmabuf format/modifier: the C proxy answers this locally)
[wp-event][S] from-compositor s_obj=15 zwp_linux_dmabuf_v1.modifier args=3
[wp-event][S] suppressed s_obj=15 zwp_linux_dmabuf_v1.modifier (dmabuf format/modifier: the C proxy answers this locally)
[wp-event][S] from-compositor s_obj=15 zwp_linux_dmabuf_v1.modifier args=3
[wp-event][S] suppressed s_obj=15 zwp_linux_dmabuf_v1.modifier (dmabuf format/modifier: the C proxy answers this locally)
[wp-event][S] from-compositor s_obj=15 zwp_linux_dmabuf_v1.modifier args=3
[wp-event][S] suppressed s_obj=15 zwp_linux_dmabuf_v1.modifier (dmabuf format/modifier: the C proxy answers this locally)
[wp-event][S] from-compositor s_obj=15 zwp_linux_dmabuf_v1.modifier args=3
[wp-event][S] suppressed s_obj=15 zwp_linux_dmabuf_v1.modifier (dmabuf format/modifier: the C proxy answers this locally)
[wp-event][S] from-compositor s_obj=15 zwp_linux_dmabuf_v1.modifier args=3
[wp-event][S] suppressed s_obj=15 zwp_linux_dmabuf_v1.modifier (dmabuf format/modifier: the C proxy answers this locally)
[wp-event][S] from-compositor s_obj=15 zwp_linux_dmabuf_v1.modifier args=3
[wp-event][S] suppressed s_obj=15 zwp_linux_dmabuf_v1.modifier (dmabuf format/modifier: the C proxy answers this locally)
[wp-event][S] from-compositor s_obj=15 zwp_linux_dmabuf_v1.modifier args=3
[wp-event][S] suppressed s_obj=15 zwp_linux_dmabuf_v1.modifier (dmabuf format/modifier: the C proxy answers this locally)
[wp-event][S] from-compositor s_obj=15 zwp_linux_dmabuf_v1.modifier args=3
[wp-event][S] suppressed s_obj=15 zwp_linux_dmabuf_v1.modifier (dmabuf format/modifier: the C proxy answers this locally)
[wp-event][S] from-compositor s_obj=15 zwp_linux_dmabuf_v1.modifier args=3
[wp-event][S] suppressed s_obj=15 zwp_linux_dmabuf_v1.modifier (dmabuf format/modifier: the C proxy answers this locally)
[wp-event][S] from-compositor s_obj=15 zwp_linux_dmabuf_v1.modifier args=3
[wp-event][S] suppressed s_obj=15 zwp_linux_dmabuf_v1.modifier (dmabuf format/modifier: the C proxy answers this locally)
[wp-event][S] from-compositor s_obj=15 zwp_linux_dmabuf_v1.modifier args=3
[wp-event][S] suppressed s_obj=15 zwp_linux_dmabuf_v1.modifier (dmabuf format/modifier: the C proxy answers this locally)
[wp-event][S] from-compositor s_obj=15 zwp_linux_dmabuf_v1.modifier args=3
[wp-event][S] suppressed s_obj=15 zwp_linux_dmabuf_v1.modifier (dmabuf format/modifier: the C proxy answers this locally)
[wp-event][S] from-compositor s_obj=15 zwp_linux_dmabuf_v1.modifier args=3
[wp-event][S] suppressed s_obj=15 zwp_linux_dmabuf_v1.modifier (dmabuf format/modifier: the C proxy answers this locally)
[wp-event][S] from-compositor s_obj=15 zwp_linux_dmabuf_v1.modifier args=3
[wp-event][S] suppressed s_obj=15 zwp_linux_dmabuf_v1.modifier (dmabuf format/modifier: the C proxy answers this locally)
[wp-event][S] from-compositor s_obj=15 zwp_linux_dmabuf_v1.modifier args=3
[wp-event][S] suppressed s_obj=15 zwp_linux_dmabuf_v1.modifier (dmabuf format/modifier: the C proxy answers this locally)
[wp-event][S] from-compositor s_obj=15 zwp_linux_dmabuf_v1.modifier args=3
[wp-event][S] suppressed s_obj=15 zwp_linux_dmabuf_v1.modifier (dmabuf format/modifier: the C proxy answers this locally)
[wp-event][S] from-compositor s_obj=15 zwp_linux_dmabuf_v1.modifier args=3
[wp-event][S] suppressed s_obj=15 zwp_linux_dmabuf_v1.modifier (dmabuf format/modifier: the C proxy answers this locally)
[wp-event][S] from-compositor s_obj=15 zwp_linux_dmabuf_v1.modifier args=3
[wp-event][S] suppressed s_obj=15 zwp_linux_dmabuf_v1.modifier (dmabuf format/modifier: the C proxy answers this locally)
[wp-event][S] from-compositor s_obj=15 zwp_linux_dmabuf_v1.modifier args=3
[wp-event][S] suppressed s_obj=15 zwp_linux_dmabuf_v1.modifier (dmabuf format/modifier: the C proxy answers this locally)
[wp-event][S] from-compositor s_obj=15 zwp_linux_dmabuf_v1.modifier args=3
[wp-event][S] suppressed s_obj=15 zwp_linux_dmabuf_v1.modifier (dmabuf format/modifier: the C proxy answers this locally)
[wp-event][S] from-compositor s_obj=15 zwp_linux_dmabuf_v1.modifier args=3
[wp-event][S] suppressed s_obj=15 zwp_linux_dmabuf_v1.modifier (dmabuf format/modifier: the C proxy answers this locally)
[wp-event][S] from-compositor s_obj=15 zwp_linux_dmabuf_v1.modifier args=3
[wp-event][S] suppressed s_obj=15 zwp_linux_dmabuf_v1.modifier (dmabuf format/modifier: the C proxy answers this locally)
[wp-event][S] from-compositor s_obj=15 zwp_linux_dmabuf_v1.modifier args=3
[wp-event][S] suppressed s_obj=15 zwp_linux_dmabuf_v1.modifier (dmabuf format/modifier: the C proxy answers this locally)
[wp-event][S] from-compositor s_obj=15 zwp_linux_dmabuf_v1.modifier args=3
[wp-event][S] suppressed s_obj=15 zwp_linux_dmabuf_v1.modifier (dmabuf format/modifier: the C proxy answers this locally)
[wp-event][S] from-compositor s_obj=15 zwp_linux_dmabuf_v1.modifier args=3
[wp-event][S] suppressed s_obj=15 zwp_linux_dmabuf_v1.modifier (dmabuf format/modifier: the C proxy answers this locally)
[wp-event][S] from-compositor s_obj=15 zwp_linux_dmabuf_v1.modifier args=3
[wp-event][S] suppressed s_obj=15 zwp_linux_dmabuf_v1.modifier (dmabuf format/modifier: the C proxy answers this locally)
[wp-event][S] from-compositor s_obj=15 zwp_linux_dmabuf_v1.modifier args=3
[wp-event][S] suppressed s_obj=15 zwp_linux_dmabuf_v1.modifier (dmabuf format/modifier: the C proxy answers this locally)
[wp-event][S] from-compositor s_obj=15 zwp_linux_dmabuf_v1.modifier args=3
[wp-event][S] suppressed s_obj=15 zwp_linux_dmabuf_v1.modifier (dmabuf format/modifier: the C proxy answers this locally)
[wp-event][S] from-compositor s_obj=15 zwp_linux_dmabuf_v1.modifier args=3
[wp-event][S] suppressed s_obj=15 zwp_linux_dmabuf_v1.modifier (dmabuf format/modifier: the C proxy answers this locally)
[wp-event][S] from-compositor s_obj=15 zwp_linux_dmabuf_v1.modifier args=3
[wp-event][S] suppressed s_obj=15 zwp_linux_dmabuf_v1.modifier (dmabuf format/modifier: the C proxy answers this locally)
[wp-event][S] from-compositor s_obj=15 zwp_linux_dmabuf_v1.modifier args=3
[wp-event][S] suppressed s_obj=15 zwp_linux_dmabuf_v1.modifier (dmabuf format/modifier: the C proxy answers this locally)
[wp-event][S] from-compositor s_obj=15 zwp_linux_dmabuf_v1.modifier args=3
[wp-event][S] suppressed s_obj=15 zwp_linux_dmabuf_v1.modifier (dmabuf format/modifier: the C proxy answers this locally)
[wp-event][S] from-compositor s_obj=15 zwp_linux_dmabuf_v1.modifier args=3
[wp-event][S] suppressed s_obj=15 zwp_linux_dmabuf_v1.modifier (dmabuf format/modifier: the C proxy answers this locally)
[wp-event][S] from-compositor s_obj=15 zwp_linux_dmabuf_v1.modifier args=3
[wp-event][S] suppressed s_obj=15 zwp_linux_dmabuf_v1.modifier (dmabuf format/modifier: the C proxy answers this locally)
[wp-event][S] from-compositor s_obj=15 zwp_linux_dmabuf_v1.modifier args=3
[wp-event][S] suppressed s_obj=15 zwp_linux_dmabuf_v1.modifier (dmabuf format/modifier: the C proxy answers this locally)
[wp-event][S] from-compositor s_obj=15 zwp_linux_dmabuf_v1.modifier args=3
[wp-event][S] suppressed s_obj=15 zwp_linux_dmabuf_v1.modifier (dmabuf format/modifier: the C proxy answers this locally)
[wp-event][S] from-compositor s_obj=15 zwp_linux_dmabuf_v1.modifier args=3
[wp-event][S] suppressed s_obj=15 zwp_linux_dmabuf_v1.modifier (dmabuf format/modifier: the C proxy answers this locally)
[wp-event][S] from-compositor s_obj=15 zwp_linux_dmabuf_v1.modifier args=3
[wp-event][S] suppressed s_obj=15 zwp_linux_dmabuf_v1.modifier (dmabuf format/modifier: the C proxy answers this locally)
[wp-event][S] from-compositor s_obj=15 zwp_linux_dmabuf_v1.modifier args=3
[wp-event][S] suppressed s_obj=15 zwp_linux_dmabuf_v1.modifier (dmabuf format/modifier: the C proxy answers this locally)
[wp-event][S] from-compositor s_obj=15 zwp_linux_dmabuf_v1.modifier args=3
[wp-event][S] suppressed s_obj=15 zwp_linux_dmabuf_v1.modifier (dmabuf format/modifier: the C proxy answers this locally)
[wp-event][S] from-compositor s_obj=15 zwp_linux_dmabuf_v1.modifier args=3
[wp-event][S] suppressed s_obj=15 zwp_linux_dmabuf_v1.modifier (dmabuf format/modifier: the C proxy answers this locally)
[wp-event][S] from-compositor s_obj=15 zwp_linux_dmabuf_v1.modifier args=3
[wp-event][S] suppressed s_obj=15 zwp_linux_dmabuf_v1.modifier (dmabuf format/modifier: the C proxy answers this locally)
[wp-event][S] from-compositor s_obj=15 zwp_linux_dmabuf_v1.modifier args=3
[wp-event][S] suppressed s_obj=15 zwp_linux_dmabuf_v1.modifier (dmabuf format/modifier: the C proxy answers this locally)
[wp-event][S] from-compositor s_obj=15 zwp_linux_dmabuf_v1.modifier args=3
[wp-event][S] suppressed s_obj=15 zwp_linux_dmabuf_v1.modifier (dmabuf format/modifier: the C proxy answers this locally)
[wp-event][S] from-compositor s_obj=15 zwp_linux_dmabuf_v1.modifier args=3
[wp-event][S] suppressed s_obj=15 zwp_linux_dmabuf_v1.modifier (dmabuf format/modifier: the C proxy answers this locally)
[wp-event][S] from-compositor s_obj=15 zwp_linux_dmabuf_v1.modifier args=3
[wp-event][S] suppressed s_obj=15 zwp_linux_dmabuf_v1.modifier (dmabuf format/modifier: the C proxy answers this locally)
[wp-event][S] from-compositor s_obj=15 zwp_linux_dmabuf_v1.modifier args=3
[wp-event][S] suppressed s_obj=15 zwp_linux_dmabuf_v1.modifier (dmabuf format/modifier: the C proxy answers this locally)
[wp-event][S] from-compositor s_obj=15 zwp_linux_dmabuf_v1.modifier args=3
[wp-event][S] suppressed s_obj=15 zwp_linux_dmabuf_v1.modifier (dmabuf format/modifier: the C proxy answers this locally)
[wp-event][S] from-compositor s_obj=15 zwp_linux_dmabuf_v1.modifier args=3
[wp-event][S] suppressed s_obj=15 zwp_linux_dmabuf_v1.modifier (dmabuf format/modifier: the C proxy answers this locally)
[wp-event][S] from-compositor s_obj=15 zwp_linux_dmabuf_v1.modifier args=3
[wp-event][S] suppressed s_obj=15 zwp_linux_dmabuf_v1.modifier (dmabuf format/modifier: the C proxy answers this locally)
[wp-event][S] from-compositor s_obj=15 zwp_linux_dmabuf_v1.modifier args=3
[wp-event][S] suppressed s_obj=15 zwp_linux_dmabuf_v1.modifier (dmabuf format/modifier: the C proxy answers this locally)
[wp-event][S] from-compositor s_obj=15 zwp_linux_dmabuf_v1.modifier args=3
[wp-event][S] suppressed s_obj=15 zwp_linux_dmabuf_v1.modifier (dmabuf format/modifier: the C proxy answers this locally)
rayland-s: WP0 4.3: built wl_buffer (app obj 19) from resource 7 (500x500 fmt 0x34325258 offset 0 stride 2000 modifier 0x0)
rayland-s: WP0 4.3: built wl_buffer (app obj 21) from resource 8 (500x500 fmt 0x34325258 offset 0 stride 2000 modifier 0x0)
rayland-s: WP0 4.3: built wl_buffer (app obj 23) from resource 9 (500x500 fmt 0x34325258 offset 0 stride 2000 modifier 0x0)
rayland-s: WP0 4.3: built wl_buffer (app obj 25) from resource 10 (500x500 fmt 0x34325258 offset 0 stride 2000 modifier 0x0)
[wp-event][S] map s_obj=10 app_obj=24 (from obj 3 opcode 3)
[wp-event][S] from-compositor s_obj=8 xdg_toplevel.configure args=3
[wp-event][S] emit s_obj=8 app_obj=8 xdg_toplevel.configure args=3
[wp-event][S] from-compositor s_obj=7 xdg_surface.configure args=1
[wp-event][S] emit s_obj=7 app_obj=7 xdg_surface.configure args=1
[wp-event][S] from-compositor s_obj=11 wl_keyboard.enter args=3
[wp-event][S] emit s_obj=11 app_obj=13 wl_keyboard.enter args=3
[wp-event][S] from-compositor s_obj=11 wl_keyboard.modifiers args=5
[wp-event][S] emit s_obj=11 app_obj=13 wl_keyboard.modifiers args=5
[wp-event][S] from-compositor s_obj=8 xdg_toplevel.configure args=3
[wp-event][S] emit s_obj=8 app_obj=8 xdg_toplevel.configure args=3
[wp-event][S] from-compositor s_obj=7 xdg_surface.configure args=1
[wp-event][S] emit s_obj=7 app_obj=7 xdg_surface.configure args=1
[wp-event][S] from-compositor s_obj=10 wl_callback.done args=1
[wp-event][S] emit s_obj=10 app_obj=24 wl_callback.done args=1
[wp-event][S] from-compositor s_obj=11 wl_keyboard.leave args=2
[wp-event][S] emit s_obj=11 app_obj=13 wl_keyboard.leave args=2
[wp-event][S] from-compositor s_obj=8 xdg_toplevel.configure args=3
[wp-event][S] emit s_obj=8 app_obj=8 xdg_toplevel.configure args=3
[wp-event][S] from-compositor s_obj=7 xdg_surface.configure args=1
[wp-event][S] emit s_obj=7 app_obj=7 xdg_surface.configure args=1
[wp-event][S] map s_obj=10 app_obj=24 (from obj 3 opcode 3)
[wp-event][S] from-compositor s_obj=12 wl_buffer.release args=0
[wp-event][S] emit s_obj=12 app_obj=19 wl_buffer.release args=0
rayland-s: WP0 replay bound `zwp_linux_dmabuf_v1` v3 (app obj 18)
[wp-event][S] from-compositor s_obj=17 zwp_linux_dmabuf_v1.modifier args=3
[wp-event][S] suppressed s_obj=17 zwp_linux_dmabuf_v1.modifier (dmabuf format/modifier: the C proxy answers this locally)
[wp-event][S] from-compositor s_obj=17 zwp_linux_dmabuf_v1.modifier args=3
[wp-event][S] suppressed s_obj=17 zwp_linux_dmabuf_v1.modifier (dmabuf format/modifier: the C proxy answers this locally)
[wp-event][S] from-compositor s_obj=17 zwp_linux_dmabuf_v1.modifier args=3
[wp-event][S] suppressed s_obj=17 zwp_linux_dmabuf_v1.modifier (dmabuf format/modifier: the C proxy answers this locally)
[wp-event][S] from-compositor s_obj=17 zwp_linux_dmabuf_v1.modifier args=3
[wp-event][S] suppressed s_obj=17 zwp_linux_dmabuf_v1.modifier (dmabuf format/modifier: the C proxy answers this locally)
[wp-event][S] from-compositor s_obj=17 zwp_linux_dmabuf_v1.modifier args=3
[wp-event][S] suppressed s_obj=17 zwp_linux_dmabuf_v1.modifier (dmabuf format/modifier: the C proxy answers this locally)
[wp-event][S] from-compositor s_obj=17 zwp_linux_dmabuf_v1.modifier args=3
[wp-event][S] suppressed s_obj=17 zwp_linux_dmabuf_v1.modifier (dmabuf format/modifier: the C proxy answers this locally)
[wp-event][S] from-compositor s_obj=17 zwp_linux_dmabuf_v1.modifier args=3
[wp-event][S] suppressed s_obj=17 zwp_linux_dmabuf_v1.modifier (dmabuf format/modifier: the C proxy answers this locally)
rayland-s: WP0 replay bound `zwp_linux_dmabuf_v1` v3 (app obj 18)
[wp-event][S] from-compositor s_obj=17 zwp_linux_dmabuf_v1.modifier args=3
[wp-event][S] suppressed s_obj=17 zwp_linux_dmabuf_v1.modifier (dmabuf format/modifier: the C proxy answers this locally)
[wp-event][S] from-compositor s_obj=17 zwp_linux_dmabuf_v1.modifier args=3
[wp-event][S] suppressed s_obj=17 zwp_linux_dmabuf_v1.modifier (dmabuf format/modifier: the C proxy answers this locally)
[wp-event][S] from-compositor s_obj=17 zwp_linux_dmabuf_v1.modifier args=3
[wp-event][S] suppressed s_obj=17 zwp_linux_dmabuf_v1.modifier (dmabuf format/modifier: the C proxy answers this locally)
[wp-event][S] from-compositor s_obj=17 zwp_linux_dmabuf_v1.modifier args=3
[wp-event][S] suppressed s_obj=17 zwp_linux_dmabuf_v1.modifier (dmabuf format/modifier: the C proxy answers this locally)
[wp-event][S] from-compositor s_obj=17 zwp_linux_dmabuf_v1.modifier args=3
[wp-event][S] suppressed s_obj=17 zwp_linux_dmabuf_v1.modifier (dmabuf format/modifier: the C proxy answers this locally)
[wp-event][S] from-compositor s_obj=17 zwp_linux_dmabuf_v1.modifier args=3
[wp-event][S] suppressed s_obj=17 zwp_linux_dmabuf_v1.modifier (dmabuf format/modifier: the C proxy answers this locally)
[wp-event][S] from-compositor s_obj=17 zwp_linux_dmabuf_v1.modifier args=3
[wp-event][S] suppressed s_obj=17 zwp_linux_dmabuf_v1.modifier (dmabuf format/modifier: the C proxy answers this locally)
[wp-event][S] from-compositor s_obj=17 zwp_linux_dmabuf_v1.modifier args=3
[wp-event][S] suppressed s_obj=17 zwp_linux_dmabuf_v1.modifier (dmabuf format/modifier: the C proxy answers this locally)
[wp-event][S] from-compositor s_obj=17 zwp_linux_dmabuf_v1.modifier args=3
[wp-event][S] suppressed s_obj=17 zwp_linux_dmabuf_v1.modifier (dmabuf format/modifier: the C proxy answers this locally)
[wp-event][S] from-compositor s_obj=17 zwp_linux_dmabuf_v1.modifier args=3
[wp-event][S] suppressed s_obj=17 zwp_linux_dmabuf_v1.modifier (dmabuf format/modifier: the C proxy answers this locally)
[wp-event][S] from-compositor s_obj=17 zwp_linux_dmabuf_v1.modifier args=3
[wp-event][S] suppressed s_obj=17 zwp_linux_dmabuf_v1.modifier (dmabuf format/modifier: the C proxy answers this locally)
[wp-event][S] from-compositor s_obj=17 zwp_linux_dmabuf_v1.modifier args=3
[wp-event][S] suppressed s_obj=17 zwp_linux_dmabuf_v1.modifier (dmabuf format/modifier: the C proxy answers this locally)
[wp-event][S] from-compositor s_obj=17 zwp_linux_dmabuf_v1.modifier args=3
[wp-event][S] suppressed s_obj=17 zwp_linux_dmabuf_v1.modifier (dmabuf format/modifier: the C proxy answers this locally)
[wp-event][S] from-compositor s_obj=17 zwp_linux_dmabuf_v1.modifier args=3
[wp-event][S] suppressed s_obj=17 zwp_linux_dmabuf_v1.modifier (dmabuf format/modifier: the C proxy answers this locally)
[wp-event][S] from-compositor s_obj=17 zwp_linux_dmabuf_v1.modifier args=3
[wp-event][S] suppressed s_obj=17 zwp_linux_dmabuf_v1.modifier (dmabuf format/modifier: the C proxy answers this locally)
[wp-event][S] from-compositor s_obj=17 zwp_linux_dmabuf_v1.modifier args=3
[wp-event][S] suppressed s_obj=17 zwp_linux_dmabuf_v1.modifier (dmabuf format/modifier: the C proxy answers this locally)
[wp-event][S] from-compositor s_obj=17 zwp_linux_dmabuf_v1.modifier args=3
[wp-event][S] suppressed s_obj=17 zwp_linux_dmabuf_v1.modifier (dmabuf format/modifier: the C proxy answers this locally)
[wp-event][S] from-compositor s_obj=17 zwp_linux_dmabuf_v1.modifier args=3
[wp-event][S] suppressed s_obj=17 zwp_linux_dmabuf_v1.modifier (dmabuf format/modifier: the C proxy answers this locally)
[wp-event][S] from-compositor s_obj=17 zwp_linux_dmabuf_v1.modifier args=3
[wp-event][S] suppressed s_obj=17 zwp_linux_dmabuf_v1.modifier (dmabuf format/modifier: the C proxy answers this locally)
[wp-event][S] from-compositor s_obj=17 zwp_linux_dmabuf_v1.modifier args=3
[wp-event][S] suppressed s_obj=17 zwp_linux_dmabuf_v1.modifier (dmabuf format/modifier: the C proxy answers this locally)
[wp-event][S] from-compositor s_obj=17 zwp_linux_dmabuf_v1.modifier args=3
[wp-event][S] suppressed s_obj=17 zwp_linux_dmabuf_v1.modifier (dmabuf format/modifier: the C proxy answers this locally)
[wp-event][S] from-compositor s_obj=17 zwp_linux_dmabuf_v1.modifier args=3
[wp-event][S] suppressed s_obj=17 zwp_linux_dmabuf_v1.modifier (dmabuf format/modifier: the C proxy answers this locally)
[wp-event][S] from-compositor s_obj=17 zwp_linux_dmabuf_v1.modifier args=3
[wp-event][S] suppressed s_obj=17 zwp_linux_dmabuf_v1.modifier (dmabuf format/modifier: the C proxy answers this locally)
[wp-event][S] from-compositor s_obj=17 zwp_linux_dmabuf_v1.modifier args=3
[wp-event][S] suppressed s_obj=17 zwp_linux_dmabuf_v1.modifier (dmabuf format/modifier: the C proxy answers this locally)
[wp-event][S] from-compositor s_obj=17 zwp_linux_dmabuf_v1.modifier args=3
[wp-event][S] suppressed s_obj=17 zwp_linux_dmabuf_v1.modifier (dmabuf format/modifier: the C proxy answers this locally)
[wp-event][S] from-compositor s_obj=17 zwp_linux_dmabuf_v1.modifier args=3
[wp-event][S] suppressed s_obj=17 zwp_linux_dmabuf_v1.modifier (dmabuf format/modifier: the C proxy answers this locally)
[wp-event][S] from-compositor s_obj=17 zwp_linux_dmabuf_v1.modifier args=3
[wp-event][S] suppressed s_obj=17 zwp_linux_dmabuf_v1.modifier (dmabuf format/modifier: the C proxy answers this locally)
[wp-event][S] from-compositor s_obj=17 zwp_linux_dmabuf_v1.modifier args=3
[wp-event][S] suppressed s_obj=17 zwp_linux_dmabuf_v1.modifier (dmabuf format/modifier: the C proxy answers this locally)
[wp-event][S] from-compositor s_obj=17 zwp_linux_dmabuf_v1.modifier args=3
[wp-event][S] suppressed s_obj=17 zwp_linux_dmabuf_v1.modifier (dmabuf format/modifier: the C proxy answers this locally)
[wp-event][S] from-compositor s_obj=17 zwp_linux_dmabuf_v1.modifier args=3
[wp-event][S] suppressed s_obj=17 zwp_linux_dmabuf_v1.modifier (dmabuf format/modifier: the C proxy answers this locally)
[wp-event][S] from-compositor s_obj=17 zwp_linux_dmabuf_v1.modifier args=3
[wp-event][S] suppressed s_obj=17 zwp_linux_dmabuf_v1.modifier (dmabuf format/modifier: the C proxy answers this locally)
[wp-event][S] from-compositor s_obj=17 zwp_linux_dmabuf_v1.modifier args=3
[wp-event][S] suppressed s_obj=17 zwp_linux_dmabuf_v1.modifier (dmabuf format/modifier: the C proxy answers this locally)
[wp-event][S] from-compositor s_obj=17 zwp_linux_dmabuf_v1.modifier args=3
[wp-event][S] suppressed s_obj=17 zwp_linux_dmabuf_v1.modifier (dmabuf format/modifier: the C proxy answers this locally)
[wp-event][S] from-compositor s_obj=17 zwp_linux_dmabuf_v1.modifier args=3
[wp-event][S] suppressed s_obj=17 zwp_linux_dmabuf_v1.modifier (dmabuf format/modifier: the C proxy answers this locally)
[wp-event][S] from-compositor s_obj=17 zwp_linux_dmabuf_v1.modifier args=3
[wp-event][S] suppressed s_obj=17 zwp_linux_dmabuf_v1.modifier (dmabuf format/modifier: the C proxy answers this locally)
[wp-event][S] from-compositor s_obj=17 zwp_linux_dmabuf_v1.modifier args=3
[wp-event][S] suppressed s_obj=17 zwp_linux_dmabuf_v1.modifier (dmabuf format/modifier: the C proxy answers this locally)
[wp-event][S] from-compositor s_obj=17 zwp_linux_dmabuf_v1.modifier args=3
[wp-event][S] suppressed s_obj=17 zwp_linux_dmabuf_v1.modifier (dmabuf format/modifier: the C proxy answers this locally)
[wp-event][S] from-compositor s_obj=17 zwp_linux_dmabuf_v1.modifier args=3
[wp-event][S] suppressed s_obj=17 zwp_linux_dmabuf_v1.modifier (dmabuf format/modifier: the C proxy answers this locally)
[wp-event][S] from-compositor s_obj=17 zwp_linux_dmabuf_v1.modifier args=3
[wp-event][S] suppressed s_obj=17 zwp_linux_dmabuf_v1.modifier (dmabuf format/modifier: the C proxy answers this locally)
[wp-event][S] from-compositor s_obj=17 zwp_linux_dmabuf_v1.modifier args=3
[wp-event][S] suppressed s_obj=17 zwp_linux_dmabuf_v1.modifier (dmabuf format/modifier: the C proxy answers this locally)
[wp-event][S] from-compositor s_obj=17 zwp_linux_dmabuf_v1.modifier args=3
[wp-event][S] suppressed s_obj=17 zwp_linux_dmabuf_v1.modifier (dmabuf format/modifier: the C proxy answers this locally)
[wp-event][S] from-compositor s_obj=17 zwp_linux_dmabuf_v1.modifier args=3
[wp-event][S] suppressed s_obj=17 zwp_linux_dmabuf_v1.modifier (dmabuf format/modifier: the C proxy answers this locally)
[wp-event][S] from-compositor s_obj=17 zwp_linux_dmabuf_v1.modifier args=3
[wp-event][S] suppressed s_obj=17 zwp_linux_dmabuf_v1.modifier (dmabuf format/modifier: the C proxy answers this locally)
[wp-event][S] from-compositor s_obj=17 zwp_linux_dmabuf_v1.modifier args=3
[wp-event][S] suppressed s_obj=17 zwp_linux_dmabuf_v1.modifier (dmabuf format/modifier: the C proxy answers this locally)
[wp-event][S] from-compositor s_obj=17 zwp_linux_dmabuf_v1.modifier args=3
[wp-event][S] suppressed s_obj=17 zwp_linux_dmabuf_v1.modifier (dmabuf format/modifier: the C proxy answers this locally)
[wp-event][S] from-compositor s_obj=17 zwp_linux_dmabuf_v1.modifier args=3
[wp-event][S] suppressed s_obj=17 zwp_linux_dmabuf_v1.modifier (dmabuf format/modifier: the C proxy answers this locally)
[wp-event][S] from-compositor s_obj=17 zwp_linux_dmabuf_v1.modifier args=3
[wp-event][S] suppressed s_obj=17 zwp_linux_dmabuf_v1.modifier (dmabuf format/modifier: the C proxy answers this locally)
[wp-event][S] from-compositor s_obj=17 zwp_linux_dmabuf_v1.modifier args=3
[wp-event][S] suppressed s_obj=17 zwp_linux_dmabuf_v1.modifier (dmabuf format/modifier: the C proxy answers this locally)
[wp-event][S] from-compositor s_obj=17 zwp_linux_dmabuf_v1.modifier args=3
[wp-event][S] suppressed s_obj=17 zwp_linux_dmabuf_v1.modifier (dmabuf format/modifier: the C proxy answers this locally)
[wp-event][S] from-compositor s_obj=17 zwp_linux_dmabuf_v1.modifier args=3
[wp-event][S] suppressed s_obj=17 zwp_linux_dmabuf_v1.modifier (dmabuf format/modifier: the C proxy answers this locally)
[wp-event][S] from-compositor s_obj=17 zwp_linux_dmabuf_v1.modifier args=3
[wp-event][S] suppressed s_obj=17 zwp_linux_dmabuf_v1.modifier (dmabuf format/modifier: the C proxy answers this locally)
[wp-event][S] from-compositor s_obj=17 zwp_linux_dmabuf_v1.modifier args=3
[wp-event][S] suppressed s_obj=17 zwp_linux_dmabuf_v1.modifier (dmabuf format/modifier: the C proxy answers this locally)
[wp-event][S] from-compositor s_obj=17 zwp_linux_dmabuf_v1.modifier args=3
[wp-event][S] suppressed s_obj=17 zwp_linux_dmabuf_v1.modifier (dmabuf format/modifier: the C proxy answers this locally)
[wp-event][S] from-compositor s_obj=17 zwp_linux_dmabuf_v1.modifier args=3
[wp-event][S] suppressed s_obj=17 zwp_linux_dmabuf_v1.modifier (dmabuf format/modifier: the C proxy answers this locally)
[wp-event][S] from-compositor s_obj=17 zwp_linux_dmabuf_v1.modifier args=3
[wp-event][S] suppressed s_obj=17 zwp_linux_dmabuf_v1.modifier (dmabuf format/modifier: the C proxy answers this locally)
[wp-event][S] from-compositor s_obj=17 zwp_linux_dmabuf_v1.modifier args=3
[wp-event][S] suppressed s_obj=17 zwp_linux_dmabuf_v1.modifier (dmabuf format/modifier: the C proxy answers this locally)
[wp-event][S] from-compositor s_obj=17 zwp_linux_dmabuf_v1.modifier args=3
[wp-event][S] suppressed s_obj=17 zwp_linux_dmabuf_v1.modifier (dmabuf format/modifier: the C proxy answers this locally)
[wp-event][S] from-compositor s_obj=17 zwp_linux_dmabuf_v1.modifier args=3
[wp-event][S] suppressed s_obj=17 zwp_linux_dmabuf_v1.modifier (dmabuf format/modifier: the C proxy answers this locally)
[wp-event][S] from-compositor s_obj=17 zwp_linux_dmabuf_v1.modifier args=3
[wp-event][S] suppressed s_obj=17 zwp_linux_dmabuf_v1.modifier (dmabuf format/modifier: the C proxy answers this locally)
[wp-event][S] from-compositor s_obj=17 zwp_linux_dmabuf_v1.modifier args=3
[wp-event][S] suppressed s_obj=17 zwp_linux_dmabuf_v1.modifier (dmabuf format/modifier: the C proxy answers this locally)
[wp-event][S] from-compositor s_obj=17 zwp_linux_dmabuf_v1.modifier args=3
[wp-event][S] suppressed s_obj=17 zwp_linux_dmabuf_v1.modifier (dmabuf format/modifier: the C proxy answers this locally)
[wp-event][S] from-compositor s_obj=17 zwp_linux_dmabuf_v1.modifier args=3
[wp-event][S] suppressed s_obj=17 zwp_linux_dmabuf_v1.modifier (dmabuf format/modifier: the C proxy answers this locally)
[wp-event][S] from-compositor s_obj=17 zwp_linux_dmabuf_v1.modifier args=3
[wp-event][S] suppressed s_obj=17 zwp_linux_dmabuf_v1.modifier (dmabuf format/modifier: the C proxy answers this locally)
[wp-event][S] from-compositor s_obj=17 zwp_linux_dmabuf_v1.modifier args=3
[wp-event][S] suppressed s_obj=17 zwp_linux_dmabuf_v1.modifier (dmabuf format/modifier: the C proxy answers this locally)
[wp-event][S] from-compositor s_obj=17 zwp_linux_dmabuf_v1.modifier args=3
[wp-event][S] suppressed s_obj=17 zwp_linux_dmabuf_v1.modifier (dmabuf format/modifier: the C proxy answers this locally)
[wp-event][S] from-compositor s_obj=17 zwp_linux_dmabuf_v1.modifier args=3
[wp-event][S] suppressed s_obj=17 zwp_linux_dmabuf_v1.modifier (dmabuf format/modifier: the C proxy answers this locally)
[wp-event][S] from-compositor s_obj=17 zwp_linux_dmabuf_v1.modifier args=3
[wp-event][S] suppressed s_obj=17 zwp_linux_dmabuf_v1.modifier (dmabuf format/modifier: the C proxy answers this locally)
[wp-event][S] from-compositor s_obj=17 zwp_linux_dmabuf_v1.modifier args=3
[wp-event][S] suppressed s_obj=17 zwp_linux_dmabuf_v1.modifier (dmabuf format/modifier: the C proxy answers this locally)
[wp-event][S] from-compositor s_obj=17 zwp_linux_dmabuf_v1.modifier args=3
[wp-event][S] suppressed s_obj=17 zwp_linux_dmabuf_v1.modifier (dmabuf format/modifier: the C proxy answers this locally)
[wp-event][S] from-compositor s_obj=17 zwp_linux_dmabuf_v1.modifier args=3
[wp-event][S] suppressed s_obj=17 zwp_linux_dmabuf_v1.modifier (dmabuf format/modifier: the C proxy answers this locally)
[wp-event][S] from-compositor s_obj=17 zwp_linux_dmabuf_v1.modifier args=3
[wp-event][S] suppressed s_obj=17 zwp_linux_dmabuf_v1.modifier (dmabuf format/modifier: the C proxy answers this locally)
[wp-event][S] from-compositor s_obj=17 zwp_linux_dmabuf_v1.modifier args=3
[wp-event][S] suppressed s_obj=17 zwp_linux_dmabuf_v1.modifier (dmabuf format/modifier: the C proxy answers this locally)
[wp-event][S] from-compositor s_obj=17 zwp_linux_dmabuf_v1.modifier args=3
[wp-event][S] suppressed s_obj=17 zwp_linux_dmabuf_v1.modifier (dmabuf format/modifier: the C proxy answers this locally)
[wp-event][S] from-compositor s_obj=17 zwp_linux_dmabuf_v1.modifier args=3
[wp-event][S] suppressed s_obj=17 zwp_linux_dmabuf_v1.modifier (dmabuf format/modifier: the C proxy answers this locally)
[wp-event][S] from-compositor s_obj=17 zwp_linux_dmabuf_v1.modifier args=3
[wp-event][S] suppressed s_obj=17 zwp_linux_dmabuf_v1.modifier (dmabuf format/modifier: the C proxy answers this locally)
[wp-event][S] from-compositor s_obj=17 zwp_linux_dmabuf_v1.modifier args=3
[wp-event][S] suppressed s_obj=17 zwp_linux_dmabuf_v1.modifier (dmabuf format/modifier: the C proxy answers this locally)
[wp-event][S] from-compositor s_obj=17 zwp_linux_dmabuf_v1.modifier args=3
[wp-event][S] suppressed s_obj=17 zwp_linux_dmabuf_v1.modifier (dmabuf format/modifier: the C proxy answers this locally)
[wp-event][S] from-compositor s_obj=17 zwp_linux_dmabuf_v1.modifier args=3
[wp-event][S] suppressed s_obj=17 zwp_linux_dmabuf_v1.modifier (dmabuf format/modifier: the C proxy answers this locally)
[wp-event][S] from-compositor s_obj=17 zwp_linux_dmabuf_v1.modifier args=3
[wp-event][S] suppressed s_obj=17 zwp_linux_dmabuf_v1.modifier (dmabuf format/modifier: the C proxy answers this locally)
[wp-event][S] from-compositor s_obj=17 zwp_linux_dmabuf_v1.modifier args=3
[wp-event][S] suppressed s_obj=17 zwp_linux_dmabuf_v1.modifier (dmabuf format/modifier: the C proxy answers this locally)
[wp-event][S] from-compositor s_obj=17 zwp_linux_dmabuf_v1.modifier args=3
[wp-event][S] suppressed s_obj=17 zwp_linux_dmabuf_v1.modifier (dmabuf format/modifier: the C proxy answers this locally)
[wp-event][S] from-compositor s_obj=17 zwp_linux_dmabuf_v1.modifier args=3
[wp-event][S] suppressed s_obj=17 zwp_linux_dmabuf_v1.modifier (dmabuf format/modifier: the C proxy answers this locally)
[wp-event][S] from-compositor s_obj=17 zwp_linux_dmabuf_v1.modifier args=3
[wp-event][S] suppressed s_obj=17 zwp_linux_dmabuf_v1.modifier (dmabuf format/modifier: the C proxy answers this locally)
[wp-event][S] from-compositor s_obj=17 zwp_linux_dmabuf_v1.modifier args=3
[wp-event][S] suppressed s_obj=17 zwp_linux_dmabuf_v1.modifier (dmabuf format/modifier: the C proxy answers this locally)
[wp-event][S] from-compositor s_obj=17 zwp_linux_dmabuf_v1.modifier args=3
[wp-event][S] suppressed s_obj=17 zwp_linux_dmabuf_v1.modifier (dmabuf format/modifier: the C proxy answers this locally)
[wp-event][S] from-compositor s_obj=17 zwp_linux_dmabuf_v1.modifier args=3
[wp-event][S] suppressed s_obj=17 zwp_linux_dmabuf_v1.modifier (dmabuf format/modifier: the C proxy answers this locally)
[wp-event][S] from-compositor s_obj=17 zwp_linux_dmabuf_v1.modifier args=3
[wp-event][S] suppressed s_obj=17 zwp_linux_dmabuf_v1.modifier (dmabuf format/modifier: the C proxy answers this locally)
[wp-event][S] from-compositor s_obj=17 zwp_linux_dmabuf_v1.modifier args=3
[wp-event][S] suppressed s_obj=17 zwp_linux_dmabuf_v1.modifier (dmabuf format/modifier: the C proxy answers this locally)
[wp-event][S] from-compositor s_obj=17 zwp_linux_dmabuf_v1.modifier args=3
[wp-event][S] suppressed s_obj=17 zwp_linux_dmabuf_v1.modifier (dmabuf format/modifier: the C proxy answers this locally)
[wp-event][S] from-compositor s_obj=17 zwp_linux_dmabuf_v1.modifier args=3
[wp-event][S] suppressed s_obj=17 zwp_linux_dmabuf_v1.modifier (dmabuf format/modifier: the C proxy answers this locally)
[wp-event][S] from-compositor s_obj=17 zwp_linux_dmabuf_v1.modifier args=3
[wp-event][S] suppressed s_obj=17 zwp_linux_dmabuf_v1.modifier (dmabuf format/modifier: the C proxy answers this locally)
[wp-event][S] from-compositor s_obj=17 zwp_linux_dmabuf_v1.modifier args=3
[wp-event][S] suppressed s_obj=17 zwp_linux_dmabuf_v1.modifier (dmabuf format/modifier: the C proxy answers this locally)
[wp-event][S] from-compositor s_obj=17 zwp_linux_dmabuf_v1.modifier args=3
[wp-event][S] suppressed s_obj=17 zwp_linux_dmabuf_v1.modifier (dmabuf format/modifier: the C proxy answers this locally)
[wp-event][S] from-compositor s_obj=17 zwp_linux_dmabuf_v1.modifier args=3
[wp-event][S] suppressed s_obj=17 zwp_linux_dmabuf_v1.modifier (dmabuf format/modifier: the C proxy answers this locally)
[wp-event][S] from-compositor s_obj=17 zwp_linux_dmabuf_v1.modifier args=3
[wp-event][S] suppressed s_obj=17 zwp_linux_dmabuf_v1.modifier (dmabuf format/modifier: the C proxy answers this locally)
[wp-event][S] from-compositor s_obj=17 zwp_linux_dmabuf_v1.modifier args=3
[wp-event][S] suppressed s_obj=17 zwp_linux_dmabuf_v1.modifier (dmabuf format/modifier: the C proxy answers this locally)
[wp-event][S] from-compositor s_obj=17 zwp_linux_dmabuf_v1.modifier args=3
[wp-event][S] suppressed s_obj=17 zwp_linux_dmabuf_v1.modifier (dmabuf format/modifier: the C proxy answers this locally)
[wp-event][S] from-compositor s_obj=17 zwp_linux_dmabuf_v1.modifier args=3
[wp-event][S] suppressed s_obj=17 zwp_linux_dmabuf_v1.modifier (dmabuf format/modifier: the C proxy answers this locally)
[wp-event][S] from-compositor s_obj=17 zwp_linux_dmabuf_v1.modifier args=3
[wp-event][S] suppressed s_obj=17 zwp_linux_dmabuf_v1.modifier (dmabuf format/modifier: the C proxy answers this locally)
[wp-event][S] from-compositor s_obj=17 zwp_linux_dmabuf_v1.modifier args=3
[wp-event][S] suppressed s_obj=17 zwp_linux_dmabuf_v1.modifier (dmabuf format/modifier: the C proxy answers this locally)
[wp-event][S] from-compositor s_obj=17 zwp_linux_dmabuf_v1.modifier args=3
[wp-event][S] suppressed s_obj=17 zwp_linux_dmabuf_v1.modifier (dmabuf format/modifier: the C proxy answers this locally)
[wp-event][S] from-compositor s_obj=17 zwp_linux_dmabuf_v1.modifier args=3
[wp-event][S] suppressed s_obj=17 zwp_linux_dmabuf_v1.modifier (dmabuf format/modifier: the C proxy answers this locally)
[wp-event][S] from-compositor s_obj=17 zwp_linux_dmabuf_v1.modifier args=3
[wp-event][S] suppressed s_obj=17 zwp_linux_dmabuf_v1.modifier (dmabuf format/modifier: the C proxy answers this locally)
[wp-event][S] from-compositor s_obj=17 zwp_linux_dmabuf_v1.modifier args=3
[wp-event][S] suppressed s_obj=17 zwp_linux_dmabuf_v1.modifier (dmabuf format/modifier: the C proxy answers this locally)
[wp-event][S] from-compositor s_obj=17 zwp_linux_dmabuf_v1.modifier args=3
[wp-event][S] suppressed s_obj=17 zwp_linux_dmabuf_v1.modifier (dmabuf format/modifier: the C proxy answers this locally)
[wp-event][S] from-compositor s_obj=17 zwp_linux_dmabuf_v1.modifier args=3
[wp-event][S] suppressed s_obj=17 zwp_linux_dmabuf_v1.modifier (dmabuf format/modifier: the C proxy answers this locally)
[wp-event][S] from-compositor s_obj=17 zwp_linux_dmabuf_v1.modifier args=3
[wp-event][S] suppressed s_obj=17 zwp_linux_dmabuf_v1.modifier (dmabuf format/modifier: the C proxy answers this locally)
[wp-event][S] from-compositor s_obj=17 zwp_linux_dmabuf_v1.modifier args=3
[wp-event][S] suppressed s_obj=17 zwp_linux_dmabuf_v1.modifier (dmabuf format/modifier: the C proxy answers this locally)
[wp-event][S] from-compositor s_obj=17 zwp_linux_dmabuf_v1.modifier args=3
[wp-event][S] suppressed s_obj=17 zwp_linux_dmabuf_v1.modifier (dmabuf format/modifier: the C proxy answers this locally)
[wp-event][S] from-compositor s_obj=17 zwp_linux_dmabuf_v1.modifier args=3
[wp-event][S] suppressed s_obj=17 zwp_linux_dmabuf_v1.modifier (dmabuf format/modifier: the C proxy answers this locally)
[wp-event][S] from-compositor s_obj=17 zwp_linux_dmabuf_v1.modifier args=3
[wp-event][S] suppressed s_obj=17 zwp_linux_dmabuf_v1.modifier (dmabuf format/modifier: the C proxy answers this locally)
[wp-event][S] from-compositor s_obj=17 zwp_linux_dmabuf_v1.modifier args=3
[wp-event][S] suppressed s_obj=17 zwp_linux_dmabuf_v1.modifier (dmabuf format/modifier: the C proxy answers this locally)
[wp-event][S] from-compositor s_obj=17 zwp_linux_dmabuf_v1.modifier args=3
[wp-event][S] suppressed s_obj=17 zwp_linux_dmabuf_v1.modifier (dmabuf format/modifier: the C proxy answers this locally)
[wp-event][S] from-compositor s_obj=17 zwp_linux_dmabuf_v1.modifier args=3
[wp-event][S] suppressed s_obj=17 zwp_linux_dmabuf_v1.modifier (dmabuf format/modifier: the C proxy answers this locally)
[wp-event][S] from-compositor s_obj=17 zwp_linux_dmabuf_v1.modifier args=3
[wp-event][S] suppressed s_obj=17 zwp_linux_dmabuf_v1.modifier (dmabuf format/modifier: the C proxy answers this locally)
[wp-event][S] from-compositor s_obj=17 zwp_linux_dmabuf_v1.modifier args=3
[wp-event][S] suppressed s_obj=17 zwp_linux_dmabuf_v1.modifier (dmabuf format/modifier: the C proxy answers this locally)
[wp-event][S] from-compositor s_obj=17 zwp_linux_dmabuf_v1.modifier args=3
[wp-event][S] suppressed s_obj=17 zwp_linux_dmabuf_v1.modifier (dmabuf format/modifier: the C proxy answers this locally)
[wp-event][S] from-compositor s_obj=17 zwp_linux_dmabuf_v1.modifier args=3
[wp-event][S] suppressed s_obj=17 zwp_linux_dmabuf_v1.modifier (dmabuf format/modifier: the C proxy answers this locally)
[wp-event][S] from-compositor s_obj=17 zwp_linux_dmabuf_v1.modifier args=3
[wp-event][S] suppressed s_obj=17 zwp_linux_dmabuf_v1.modifier (dmabuf format/modifier: the C proxy answers this locally)
[wp-event][S] from-compositor s_obj=17 zwp_linux_dmabuf_v1.modifier args=3
[wp-event][S] suppressed s_obj=17 zwp_linux_dmabuf_v1.modifier (dmabuf format/modifier: the C proxy answers this locally)
[wp-event][S] from-compositor s_obj=17 zwp_linux_dmabuf_v1.modifier args=3
[wp-event][S] suppressed s_obj=17 zwp_linux_dmabuf_v1.modifier (dmabuf format/modifier: the C proxy answers this locally)
[wp-event][S] from-compositor s_obj=17 zwp_linux_dmabuf_v1.modifier args=3
[wp-event][S] suppressed s_obj=17 zwp_linux_dmabuf_v1.modifier (dmabuf format/modifier: the C proxy answers this locally)
[wp-event][S] from-compositor s_obj=17 zwp_linux_dmabuf_v1.modifier args=3
[wp-event][S] suppressed s_obj=17 zwp_linux_dmabuf_v1.modifier (dmabuf format/modifier: the C proxy answers this locally)
[wp-event][S] from-compositor s_obj=17 zwp_linux_dmabuf_v1.modifier args=3
[wp-event][S] suppressed s_obj=17 zwp_linux_dmabuf_v1.modifier (dmabuf format/modifier: the C proxy answers this locally)
[wp-event][S] from-compositor s_obj=17 zwp_linux_dmabuf_v1.modifier args=3
[wp-event][S] suppressed s_obj=17 zwp_linux_dmabuf_v1.modifier (dmabuf format/modifier: the C proxy answers this locally)
[wp-event][S] from-compositor s_obj=17 zwp_linux_dmabuf_v1.modifier args=3
[wp-event][S] suppressed s_obj=17 zwp_linux_dmabuf_v1.modifier (dmabuf format/modifier: the C proxy answers this locally)
[wp-event][S] from-compositor s_obj=17 zwp_linux_dmabuf_v1.modifier args=3
[wp-event][S] suppressed s_obj=17 zwp_linux_dmabuf_v1.modifier (dmabuf format/modifier: the C proxy answers this locally)
[wp-event][S] from-compositor s_obj=17 zwp_linux_dmabuf_v1.modifier args=3
[wp-event][S] suppressed s_obj=17 zwp_linux_dmabuf_v1.modifier (dmabuf format/modifier: the C proxy answers this locally)
[wp-event][S] from-compositor s_obj=17 zwp_linux_dmabuf_v1.modifier args=3
[wp-event][S] suppressed s_obj=17 zwp_linux_dmabuf_v1.modifier (dmabuf format/modifier: the C proxy answers this locally)
[wp-event][S] from-compositor s_obj=17 zwp_linux_dmabuf_v1.modifier args=3
[wp-event][S] suppressed s_obj=17 zwp_linux_dmabuf_v1.modifier (dmabuf format/modifier: the C proxy answers this locally)
[wp-event][S] from-compositor s_obj=17 zwp_linux_dmabuf_v1.modifier args=3
[wp-event][S] suppressed s_obj=17 zwp_linux_dmabuf_v1.modifier (dmabuf format/modifier: the C proxy answers this locally)
[wp-event][S] from-compositor s_obj=17 zwp_linux_dmabuf_v1.modifier args=3
[wp-event][S] suppressed s_obj=17 zwp_linux_dmabuf_v1.modifier (dmabuf format/modifier: the C proxy answers this locally)
[wp-event][S] from-compositor s_obj=17 zwp_linux_dmabuf_v1.modifier args=3
[wp-event][S] suppressed s_obj=17 zwp_linux_dmabuf_v1.modifier (dmabuf format/modifier: the C proxy answers this locally)
[wp-event][S] from-compositor s_obj=17 zwp_linux_dmabuf_v1.modifier args=3
[wp-event][S] suppressed s_obj=17 zwp_linux_dmabuf_v1.modifier (dmabuf format/modifier: the C proxy answers this locally)
[wp-event][S] from-compositor s_obj=17 zwp_linux_dmabuf_v1.modifier args=3
[wp-event][S] suppressed s_obj=17 zwp_linux_dmabuf_v1.modifier (dmabuf format/modifier: the C proxy answers this locally)
[wp-event][S] from-compositor s_obj=17 zwp_linux_dmabuf_v1.modifier args=3
[wp-event][S] suppressed s_obj=17 zwp_linux_dmabuf_v1.modifier (dmabuf format/modifier: the C proxy answers this locally)
[wp-event][S] from-compositor s_obj=17 zwp_linux_dmabuf_v1.modifier args=3
[wp-event][S] suppressed s_obj=17 zwp_linux_dmabuf_v1.modifier (dmabuf format/modifier: the C proxy answers this locally)
[wp-event][S] from-compositor s_obj=17 zwp_linux_dmabuf_v1.modifier args=3
[wp-event][S] suppressed s_obj=17 zwp_linux_dmabuf_v1.modifier (dmabuf format/modifier: the C proxy answers this locally)
[wp-event][S] from-compositor s_obj=17 zwp_linux_dmabuf_v1.modifier args=3
[wp-event][S] suppressed s_obj=17 zwp_linux_dmabuf_v1.modifier (dmabuf format/modifier: the C proxy answers this locally)
[wp-event][S] from-compositor s_obj=17 zwp_linux_dmabuf_v1.modifier args=3
[wp-event][S] suppressed s_obj=17 zwp_linux_dmabuf_v1.modifier (dmabuf format/modifier: the C proxy answers this locally)
[wp-event][S] from-compositor s_obj=17 zwp_linux_dmabuf_v1.modifier args=3
[wp-event][S] suppressed s_obj=17 zwp_linux_dmabuf_v1.modifier (dmabuf format/modifier: the C proxy answers this locally)
[wp-event][S] from-compositor s_obj=17 zwp_linux_dmabuf_v1.modifier args=3
[wp-event][S] suppressed s_obj=17 zwp_linux_dmabuf_v1.modifier (dmabuf format/modifier: the C proxy answers this locally)
[wp-event][S] from-compositor s_obj=17 zwp_linux_dmabuf_v1.modifier args=3
[wp-event][S] suppressed s_obj=17 zwp_linux_dmabuf_v1.modifier (dmabuf format/modifier: the C proxy answers this locally)
[wp-event][S] from-compositor s_obj=17 zwp_linux_dmabuf_v1.modifier args=3
[wp-event][S] suppressed s_obj=17 zwp_linux_dmabuf_v1.modifier (dmabuf format/modifier: the C proxy answers this locally)
[wp-event][S] from-compositor s_obj=17 zwp_linux_dmabuf_v1.modifier args=3
[wp-event][S] suppressed s_obj=17 zwp_linux_dmabuf_v1.modifier (dmabuf format/modifier: the C proxy answers this locally)
[wp-event][S] from-compositor s_obj=17 zwp_linux_dmabuf_v1.modifier args=3
[wp-event][S] suppressed s_obj=17 zwp_linux_dmabuf_v1.modifier (dmabuf format/modifier: the C proxy answers this locally)
[wp-event][S] from-compositor s_obj=17 zwp_linux_dmabuf_v1.modifier args=3
[wp-event][S] suppressed s_obj=17 zwp_linux_dmabuf_v1.modifier (dmabuf format/modifier: the C proxy answers this locally)
[wp-event][S] from-compositor s_obj=17 zwp_linux_dmabuf_v1.modifier args=3
[wp-event][S] suppressed s_obj=17 zwp_linux_dmabuf_v1.modifier (dmabuf format/modifier: the C proxy answers this locally)
[wp-event][S] from-compositor s_obj=17 zwp_linux_dmabuf_v1.modifier args=3
[wp-event][S] suppressed s_obj=17 zwp_linux_dmabuf_v1.modifier (dmabuf format/modifier: the C proxy answers this locally)
[wp-event][S] from-compositor s_obj=17 zwp_linux_dmabuf_v1.modifier args=3
[wp-event][S] suppressed s_obj=17 zwp_linux_dmabuf_v1.modifier (dmabuf format/modifier: the C proxy answers this locally)
[wp-event][S] from-compositor s_obj=17 zwp_linux_dmabuf_v1.modifier args=3
[wp-event][S] suppressed s_obj=17 zwp_linux_dmabuf_v1.modifier (dmabuf format/modifier: the C proxy answers this locally)
[wp-event][S] from-compositor s_obj=17 zwp_linux_dmabuf_v1.modifier args=3
[wp-event][S] suppressed s_obj=17 zwp_linux_dmabuf_v1.modifier (dmabuf format/modifier: the C proxy answers this locally)
[wp-event][S] from-compositor s_obj=17 zwp_linux_dmabuf_v1.modifier args=3
[wp-event][S] suppressed s_obj=17 zwp_linux_dmabuf_v1.modifier (dmabuf format/modifier: the C proxy answers this locally)
[wp-event][S] from-compositor s_obj=17 zwp_linux_dmabuf_v1.modifier args=3
[wp-event][S] suppressed s_obj=17 zwp_linux_dmabuf_v1.modifier (dmabuf format/modifier: the C proxy answers this locally)
[wp-event][S] from-compositor s_obj=17 zwp_linux_dmabuf_v1.modifier args=3
[wp-event][S] suppressed s_obj=17 zwp_linux_dmabuf_v1.modifier (dmabuf format/modifier: the C proxy answers this locally)
[wp-event][S] from-compositor s_obj=17 zwp_linux_dmabuf_v1.modifier args=3
[wp-event][S] suppressed s_obj=17 zwp_linux_dmabuf_v1.modifier (dmabuf format/modifier: the C proxy answers this locally)
[wp-event][S] from-compositor s_obj=17 zwp_linux_dmabuf_v1.modifier args=3
[wp-event][S] suppressed s_obj=17 zwp_linux_dmabuf_v1.modifier (dmabuf format/modifier: the C proxy answers this locally)
[wp-event][S] from-compositor s_obj=17 zwp_linux_dmabuf_v1.modifier args=3
[wp-event][S] suppressed s_obj=17 zwp_linux_dmabuf_v1.modifier (dmabuf format/modifier: the C proxy answers this locally)
[wp-event][S] from-compositor s_obj=17 zwp_linux_dmabuf_v1.modifier args=3
[wp-event][S] suppressed s_obj=17 zwp_linux_dmabuf_v1.modifier (dmabuf format/modifier: the C proxy answers this locally)
[wp-event][S] from-compositor s_obj=17 zwp_linux_dmabuf_v1.modifier args=3
[wp-event][S] suppressed s_obj=17 zwp_linux_dmabuf_v1.modifier (dmabuf format/modifier: the C proxy answers this locally)
[wp-event][S] from-compositor s_obj=17 zwp_linux_dmabuf_v1.modifier args=3
[wp-event][S] suppressed s_obj=17 zwp_linux_dmabuf_v1.modifier (dmabuf format/modifier: the C proxy answers this locally)
[wp-event][S] from-compositor s_obj=17 zwp_linux_dmabuf_v1.modifier args=3
[wp-event][S] suppressed s_obj=17 zwp_linux_dmabuf_v1.modifier (dmabuf format/modifier: the C proxy answers this locally)
[wp-event][S] from-compositor s_obj=17 zwp_linux_dmabuf_v1.modifier args=3
[wp-event][S] suppressed s_obj=17 zwp_linux_dmabuf_v1.modifier (dmabuf format/modifier: the C proxy answers this locally)
[wp-event][S] from-compositor s_obj=17 zwp_linux_dmabuf_v1.modifier args=3
[wp-event][S] suppressed s_obj=17 zwp_linux_dmabuf_v1.modifier (dmabuf format/modifier: the C proxy answers this locally)
[wp-event][S] from-compositor s_obj=17 zwp_linux_dmabuf_v1.modifier args=3
[wp-event][S] suppressed s_obj=17 zwp_linux_dmabuf_v1.modifier (dmabuf format/modifier: the C proxy answers this locally)
[wp-event][S] from-compositor s_obj=17 zwp_linux_dmabuf_v1.modifier args=3
[wp-event][S] suppressed s_obj=17 zwp_linux_dmabuf_v1.modifier (dmabuf format/modifier: the C proxy answers this locally)
[wp-event][S] from-compositor s_obj=17 zwp_linux_dmabuf_v1.modifier args=3
[wp-event][S] suppressed s_obj=17 zwp_linux_dmabuf_v1.modifier (dmabuf format/modifier: the C proxy answers this locally)
[wp-event][S] from-compositor s_obj=17 zwp_linux_dmabuf_v1.modifier args=3
[wp-event][S] suppressed s_obj=17 zwp_linux_dmabuf_v1.modifier (dmabuf format/modifier: the C proxy answers this locally)
[wp-event][S] from-compositor s_obj=17 zwp_linux_dmabuf_v1.modifier args=3
[wp-event][S] suppressed s_obj=17 zwp_linux_dmabuf_v1.modifier (dmabuf format/modifier: the C proxy answers this locally)
[wp-event][S] from-compositor s_obj=17 zwp_linux_dmabuf_v1.modifier args=3
[wp-event][S] suppressed s_obj=17 zwp_linux_dmabuf_v1.modifier (dmabuf format/modifier: the C proxy answers this locally)
[wp-event][S] from-compositor s_obj=17 zwp_linux_dmabuf_v1.modifier args=3
[wp-event][S] suppressed s_obj=17 zwp_linux_dmabuf_v1.modifier (dmabuf format/modifier: the C proxy answers this locally)
[wp-event][S] from-compositor s_obj=17 zwp_linux_dmabuf_v1.modifier args=3
[wp-event][S] suppressed s_obj=17 zwp_linux_dmabuf_v1.modifier (dmabuf format/modifier: the C proxy answers this locally)
[wp-event][S] from-compositor s_obj=17 zwp_linux_dmabuf_v1.modifier args=3
[wp-event][S] suppressed s_obj=17 zwp_linux_dmabuf_v1.modifier (dmabuf format/modifier: the C proxy answers this locally)
[wp-event][S] from-compositor s_obj=17 zwp_linux_dmabuf_v1.modifier args=3
[wp-event][S] suppressed s_obj=17 zwp_linux_dmabuf_v1.modifier (dmabuf format/modifier: the C proxy answers this locally)
[wp-event][S] from-compositor s_obj=17 zwp_linux_dmabuf_v1.modifier args=3
[wp-event][S] suppressed s_obj=17 zwp_linux_dmabuf_v1.modifier (dmabuf format/modifier: the C proxy answers this locally)
[wp-event][S] from-compositor s_obj=17 zwp_linux_dmabuf_v1.modifier args=3
[wp-event][S] suppressed s_obj=17 zwp_linux_dmabuf_v1.modifier (dmabuf format/modifier: the C proxy answers this locally)
[wp-event][S] from-compositor s_obj=17 zwp_linux_dmabuf_v1.modifier args=3
[wp-event][S] suppressed s_obj=17 zwp_linux_dmabuf_v1.modifier (dmabuf format/modifier: the C proxy answers this locally)
[wp-event][S] from-compositor s_obj=17 zwp_linux_dmabuf_v1.modifier args=3
[wp-event][S] suppressed s_obj=17 zwp_linux_dmabuf_v1.modifier (dmabuf format/modifier: the C proxy answers this locally)
[wp-event][S] from-compositor s_obj=17 zwp_linux_dmabuf_v1.modifier args=3
[wp-event][S] suppressed s_obj=17 zwp_linux_dmabuf_v1.modifier (dmabuf format/modifier: the C proxy answers this locally)
[wp-event][S] from-compositor s_obj=17 zwp_linux_dmabuf_v1.modifier args=3
[wp-event][S] suppressed s_obj=17 zwp_linux_dmabuf_v1.modifier (dmabuf format/modifier: the C proxy answers this locally)
[wp-event][S] from-compositor s_obj=17 zwp_linux_dmabuf_v1.modifier args=3
[wp-event][S] suppressed s_obj=17 zwp_linux_dmabuf_v1.modifier (dmabuf format/modifier: the C proxy answers this locally)
[wp-event][S] from-compositor s_obj=17 zwp_linux_dmabuf_v1.modifier args=3
[wp-event][S] suppressed s_obj=17 zwp_linux_dmabuf_v1.modifier (dmabuf format/modifier: the C proxy answers this locally)
[wp-event][S] from-compositor s_obj=17 zwp_linux_dmabuf_v1.modifier args=3
[wp-event][S] suppressed s_obj=17 zwp_linux_dmabuf_v1.modifier (dmabuf format/modifier: the C proxy answers this locally)
[wp-event][S] from-compositor s_obj=17 zwp_linux_dmabuf_v1.modifier args=3
[wp-event][S] suppressed s_obj=17 zwp_linux_dmabuf_v1.modifier (dmabuf format/modifier: the C proxy answers this locally)
[wp-event][S] from-compositor s_obj=17 zwp_linux_dmabuf_v1.modifier args=3
[wp-event][S] suppressed s_obj=17 zwp_linux_dmabuf_v1.modifier (dmabuf format/modifier: the C proxy answers this locally)
[wp-event][S] from-compositor s_obj=17 zwp_linux_dmabuf_v1.modifier args=3
[wp-event][S] suppressed s_obj=17 zwp_linux_dmabuf_v1.modifier (dmabuf format/modifier: the C proxy answers this locally)
[wp-event][S] from-compositor s_obj=17 zwp_linux_dmabuf_v1.modifier args=3
[wp-event][S] suppressed s_obj=17 zwp_linux_dmabuf_v1.modifier (dmabuf format/modifier: the C proxy answers this locally)
[wp-event][S] from-compositor s_obj=17 zwp_linux_dmabuf_v1.modifier args=3
[wp-event][S] suppressed s_obj=17 zwp_linux_dmabuf_v1.modifier (dmabuf format/modifier: the C proxy answers this locally)
[wp-event][S] from-compositor s_obj=17 zwp_linux_dmabuf_v1.modifier args=3
[wp-event][S] suppressed s_obj=17 zwp_linux_dmabuf_v1.modifier (dmabuf format/modifier: the C proxy answers this locally)
[wp-event][S] from-compositor s_obj=17 zwp_linux_dmabuf_v1.modifier args=3
[wp-event][S] suppressed s_obj=17 zwp_linux_dmabuf_v1.modifier (dmabuf format/modifier: the C proxy answers this locally)
[wp-event][S] from-compositor s_obj=17 zwp_linux_dmabuf_v1.modifier args=3
[wp-event][S] suppressed s_obj=17 zwp_linux_dmabuf_v1.modifier (dmabuf format/modifier: the C proxy answers this locally)
[wp-event][S] from-compositor s_obj=17 zwp_linux_dmabuf_v1.modifier args=3
[wp-event][S] suppressed s_obj=17 zwp_linux_dmabuf_v1.modifier (dmabuf format/modifier: the C proxy answers this locally)
[wp-event][S] from-compositor s_obj=17 zwp_linux_dmabuf_v1.modifier args=3
[wp-event][S] suppressed s_obj=17 zwp_linux_dmabuf_v1.modifier (dmabuf format/modifier: the C proxy answers this locally)
[wp-event][S] from-compositor s_obj=17 zwp_linux_dmabuf_v1.modifier args=3
[wp-event][S] suppressed s_obj=17 zwp_linux_dmabuf_v1.modifier (dmabuf format/modifier: the C proxy answers this locally)
[wp-event][S] from-compositor s_obj=17 zwp_linux_dmabuf_v1.modifier args=3
[wp-event][S] suppressed s_obj=17 zwp_linux_dmabuf_v1.modifier (dmabuf format/modifier: the C proxy answers this locally)
[wp-event][S] from-compositor s_obj=17 zwp_linux_dmabuf_v1.modifier args=3
[wp-event][S] suppressed s_obj=17 zwp_linux_dmabuf_v1.modifier (dmabuf format/modifier: the C proxy answers this locally)
[wp-event][S] from-compositor s_obj=17 zwp_linux_dmabuf_v1.modifier args=3
[wp-event][S] suppressed s_obj=17 zwp_linux_dmabuf_v1.modifier (dmabuf format/modifier: the C proxy answers this locally)
[wp-event][S] from-compositor s_obj=17 zwp_linux_dmabuf_v1.modifier args=3
[wp-event][S] suppressed s_obj=17 zwp_linux_dmabuf_v1.modifier (dmabuf format/modifier: the C proxy answers this locally)
[wp-event][S] from-compositor s_obj=17 zwp_linux_dmabuf_v1.modifier args=3
[wp-event][S] suppressed s_obj=17 zwp_linux_dmabuf_v1.modifier (dmabuf format/modifier: the C proxy answers this locally)
[wp-event][S] from-compositor s_obj=17 zwp_linux_dmabuf_v1.modifier args=3
[wp-event][S] suppressed s_obj=17 zwp_linux_dmabuf_v1.modifier (dmabuf format/modifier: the C proxy answers this locally)
[wp-event][S] from-compositor s_obj=17 zwp_linux_dmabuf_v1.modifier args=3
[wp-event][S] suppressed s_obj=17 zwp_linux_dmabuf_v1.modifier (dmabuf format/modifier: the C proxy answers this locally)
[wp-event][S] from-compositor s_obj=17 zwp_linux_dmabuf_v1.modifier args=3
[wp-event][S] suppressed s_obj=17 zwp_linux_dmabuf_v1.modifier (dmabuf format/modifier: the C proxy answers this locally)
[wp-event][S] from-compositor s_obj=17 zwp_linux_dmabuf_v1.modifier args=3
[wp-event][S] suppressed s_obj=17 zwp_linux_dmabuf_v1.modifier (dmabuf format/modifier: the C proxy answers this locally)
[wp-event][S] from-compositor s_obj=17 zwp_linux_dmabuf_v1.modifier args=3
[wp-event][S] suppressed s_obj=17 zwp_linux_dmabuf_v1.modifier (dmabuf format/modifier: the C proxy answers this locally)
[wp-event][S] from-compositor s_obj=17 zwp_linux_dmabuf_v1.modifier args=3
[wp-event][S] suppressed s_obj=17 zwp_linux_dmabuf_v1.modifier (dmabuf format/modifier: the C proxy answers this locally)
[wp-event][S] from-compositor s_obj=17 zwp_linux_dmabuf_v1.modifier args=3
[wp-event][S] suppressed s_obj=17 zwp_linux_dmabuf_v1.modifier (dmabuf format/modifier: the C proxy answers this locally)
[wp-event][S] from-compositor s_obj=17 zwp_linux_dmabuf_v1.modifier args=3
[wp-event][S] suppressed s_obj=17 zwp_linux_dmabuf_v1.modifier (dmabuf format/modifier: the C proxy answers this locally)
[wp-event][S] from-compositor s_obj=17 zwp_linux_dmabuf_v1.modifier args=3
[wp-event][S] suppressed s_obj=17 zwp_linux_dmabuf_v1.modifier (dmabuf format/modifier: the C proxy answers this locally)
[wp-event][S] from-compositor s_obj=17 zwp_linux_dmabuf_v1.modifier args=3
[wp-event][S] suppressed s_obj=17 zwp_linux_dmabuf_v1.modifier (dmabuf format/modifier: the C proxy answers this locally)
[wp-event][S] from-compositor s_obj=17 zwp_linux_dmabuf_v1.modifier args=3
[wp-event][S] suppressed s_obj=17 zwp_linux_dmabuf_v1.modifier (dmabuf format/modifier: the C proxy answers this locally)
[wp-event][S] from-compositor s_obj=17 zwp_linux_dmabuf_v1.modifier args=3
[wp-event][S] suppressed s_obj=17 zwp_linux_dmabuf_v1.modifier (dmabuf format/modifier: the C proxy answers this locally)
[wp-event][S] from-compositor s_obj=17 zwp_linux_dmabuf_v1.modifier args=3
[wp-event][S] suppressed s_obj=17 zwp_linux_dmabuf_v1.modifier (dmabuf format/modifier: the C proxy answers this locally)
[wp-event][S] from-compositor s_obj=17 zwp_linux_dmabuf_v1.modifier args=3
[wp-event][S] suppressed s_obj=17 zwp_linux_dmabuf_v1.modifier (dmabuf format/modifier: the C proxy answers this locally)
[wp-event][S] from-compositor s_obj=17 zwp_linux_dmabuf_v1.modifier args=3
[wp-event][S] suppressed s_obj=17 zwp_linux_dmabuf_v1.modifier (dmabuf format/modifier: the C proxy answers this locally)
[wp-event][S] from-compositor s_obj=17 zwp_linux_dmabuf_v1.modifier args=3
[wp-event][S] suppressed s_obj=17 zwp_linux_dmabuf_v1.modifier (dmabuf format/modifier: the C proxy answers this locally)
[wp-event][S] from-compositor s_obj=17 zwp_linux_dmabuf_v1.modifier args=3
[wp-event][S] suppressed s_obj=17 zwp_linux_dmabuf_v1.modifier (dmabuf format/modifier: the C proxy answers this locally)
[wp-event][S] from-compositor s_obj=17 zwp_linux_dmabuf_v1.modifier args=3
[wp-event][S] suppressed s_obj=17 zwp_linux_dmabuf_v1.modifier (dmabuf format/modifier: the C proxy answers this locally)
[wp-event][S] from-compositor s_obj=17 zwp_linux_dmabuf_v1.modifier args=3
[wp-event][S] suppressed s_obj=17 zwp_linux_dmabuf_v1.modifier (dmabuf format/modifier: the C proxy answers this locally)
[wp-event][S] from-compositor s_obj=17 zwp_linux_dmabuf_v1.modifier args=3
[wp-event][S] suppressed s_obj=17 zwp_linux_dmabuf_v1.modifier (dmabuf format/modifier: the C proxy answers this locally)
[wp-event][S] from-compositor s_obj=17 zwp_linux_dmabuf_v1.modifier args=3
[wp-event][S] suppressed s_obj=17 zwp_linux_dmabuf_v1.modifier (dmabuf format/modifier: the C proxy answers this locally)
[wp-event][S] from-compositor s_obj=17 zwp_linux_dmabuf_v1.modifier args=3
[wp-event][S] suppressed s_obj=17 zwp_linux_dmabuf_v1.modifier (dmabuf format/modifier: the C proxy answers this locally)
[wp-event][S] from-compositor s_obj=17 zwp_linux_dmabuf_v1.modifier args=3
[wp-event][S] suppressed s_obj=17 zwp_linux_dmabuf_v1.modifier (dmabuf format/modifier: the C proxy answers this locally)
[wp-event][S] from-compositor s_obj=17 zwp_linux_dmabuf_v1.modifier args=3
[wp-event][S] suppressed s_obj=17 zwp_linux_dmabuf_v1.modifier (dmabuf format/modifier: the C proxy answers this locally)
[wp-event][S] from-compositor s_obj=17 zwp_linux_dmabuf_v1.modifier args=3
[wp-event][S] suppressed s_obj=17 zwp_linux_dmabuf_v1.modifier (dmabuf format/modifier: the C proxy answers this locally)
[wp-event][S] from-compositor s_obj=17 zwp_linux_dmabuf_v1.modifier args=3
[wp-event][S] suppressed s_obj=17 zwp_linux_dmabuf_v1.modifier (dmabuf format/modifier: the C proxy answers this locally)
[wp-event][S] from-compositor s_obj=17 zwp_linux_dmabuf_v1.modifier args=3
[wp-event][S] suppressed s_obj=17 zwp_linux_dmabuf_v1.modifier (dmabuf format/modifier: the C proxy answers this locally)
[wp-event][S] from-compositor s_obj=17 zwp_linux_dmabuf_v1.modifier args=3
[wp-event][S] suppressed s_obj=17 zwp_linux_dmabuf_v1.modifier (dmabuf format/modifier: the C proxy answers this locally)
[wp-event][S] from-compositor s_obj=17 zwp_linux_dmabuf_v1.modifier args=3
[wp-event][S] suppressed s_obj=17 zwp_linux_dmabuf_v1.modifier (dmabuf format/modifier: the C proxy answers this locally)
[wp-event][S] from-compositor s_obj=17 zwp_linux_dmabuf_v1.modifier args=3
[wp-event][S] suppressed s_obj=17 zwp_linux_dmabuf_v1.modifier (dmabuf format/modifier: the C proxy answers this locally)
[wp-event][S] from-compositor s_obj=17 zwp_linux_dmabuf_v1.modifier args=3
[wp-event][S] suppressed s_obj=17 zwp_linux_dmabuf_v1.modifier (dmabuf format/modifier: the C proxy answers this locally)
[wp-event][S] from-compositor s_obj=17 zwp_linux_dmabuf_v1.modifier args=3
[wp-event][S] suppressed s_obj=17 zwp_linux_dmabuf_v1.modifier (dmabuf format/modifier: the C proxy answers this locally)
[wp-event][S] from-compositor s_obj=17 zwp_linux_dmabuf_v1.modifier args=3
[wp-event][S] suppressed s_obj=17 zwp_linux_dmabuf_v1.modifier (dmabuf format/modifier: the C proxy answers this locally)
[wp-event][S] from-compositor s_obj=17 zwp_linux_dmabuf_v1.modifier args=3
[wp-event][S] suppressed s_obj=17 zwp_linux_dmabuf_v1.modifier (dmabuf format/modifier: the C proxy answers this locally)
[wp-event][S] from-compositor s_obj=17 zwp_linux_dmabuf_v1.modifier args=3
[wp-event][S] suppressed s_obj=17 zwp_linux_dmabuf_v1.modifier (dmabuf format/modifier: the C proxy answers this locally)
[wp-event][S] from-compositor s_obj=17 zwp_linux_dmabuf_v1.modifier args=3
[wp-event][S] suppressed s_obj=17 zwp_linux_dmabuf_v1.modifier (dmabuf format/modifier: the C proxy answers this locally)
[wp-event][S] from-compositor s_obj=17 zwp_linux_dmabuf_v1.modifier args=3
[wp-event][S] suppressed s_obj=17 zwp_linux_dmabuf_v1.modifier (dmabuf format/modifier: the C proxy answers this locally)
[wp-event][S] from-compositor s_obj=17 zwp_linux_dmabuf_v1.modifier args=3
[wp-event][S] suppressed s_obj=17 zwp_linux_dmabuf_v1.modifier (dmabuf format/modifier: the C proxy answers this locally)
[wp-event][S] from-compositor s_obj=17 zwp_linux_dmabuf_v1.modifier args=3
[wp-event][S] suppressed s_obj=17 zwp_linux_dmabuf_v1.modifier (dmabuf format/modifier: the C proxy answers this locally)
[wp-event][S] from-compositor s_obj=17 zwp_linux_dmabuf_v1.modifier args=3
[wp-event][S] suppressed s_obj=17 zwp_linux_dmabuf_v1.modifier (dmabuf format/modifier: the C proxy answers this locally)
[wp-event][S] from-compositor s_obj=17 zwp_linux_dmabuf_v1.modifier args=3
[wp-event][S] suppressed s_obj=17 zwp_linux_dmabuf_v1.modifier (dmabuf format/modifier: the C proxy answers this locally)
[wp-event][S] from-compositor s_obj=10 wl_callback.done args=1
[wp-event][S] emit s_obj=10 app_obj=24 wl_callback.done args=1
rayland-s: WP0 4.3: step 1/3 create_params failed for resource 11: Invalid ObjectId
rayland-s: WP0 replay: request for unmapped object 26 (opcode 0); skipped
rayland-s: WP0 4.3: step 1/3 create_params failed for resource 12: Invalid ObjectId
rayland-s: WP0 replay: request for unmapped object 28 (opcode 0); skipped
rayland-s: WP0 4.3: step 1/3 create_params failed for resource 13: Invalid ObjectId
rayland-s: WP0 replay: request for unmapped object 30 (opcode 0); skipped
rayland-s: WP0 4.3: step 1/3 create_params failed for resource 14: Invalid ObjectId
rayland-s: WP0 replay: request for unmapped object 32 (opcode 0); skipped
[wp-event][S] map s_obj=10 app_obj=24 (from obj 3 opcode 3)
[wp-event][S] from-compositor s_obj=13 wl_buffer.release args=0
[wp-event][S] emit s_obj=13 app_obj=21 wl_buffer.release args=0
rayland-s: WP0 replay bound `zwp_linux_dmabuf_v1` v3 (app obj 25)
rayland-s: WP0 replay bound `zwp_linux_dmabuf_v1` v3 (app obj 25)
[wp-event][S] from-compositor s_obj=13 zwp_linux_dmabuf_v1.modifier args=3
[wp-event][S] suppressed s_obj=13 zwp_linux_dmabuf_v1.modifier (dmabuf format/modifier: the C proxy answers this locally)
[wp-event][S] from-compositor s_obj=13 zwp_linux_dmabuf_v1.modifier args=3
[wp-event][S] suppressed s_obj=13 zwp_linux_dmabuf_v1.modifier (dmabuf format/modifier: the C proxy answers this locally)
[wp-event][S] from-compositor s_obj=13 zwp_linux_dmabuf_v1.modifier args=3
[wp-event][S] suppressed s_obj=13 zwp_linux_dmabuf_v1.modifier (dmabuf format/modifier: the C proxy answers this locally)
[wp-event][S] from-compositor s_obj=13 zwp_linux_dmabuf_v1.modifier args=3
[wp-event][S] suppressed s_obj=13 zwp_linux_dmabuf_v1.modifier (dmabuf format/modifier: the C proxy answers this locally)
[wp-event][S] from-compositor s_obj=13 zwp_linux_dmabuf_v1.modifier args=3
[wp-event][S] suppressed s_obj=13 zwp_linux_dmabuf_v1.modifier (dmabuf format/modifier: the C proxy answers this locally)
[wp-event][S] from-compositor s_obj=13 zwp_linux_dmabuf_v1.modifier args=3
[wp-event][S] suppressed s_obj=13 zwp_linux_dmabuf_v1.modifier (dmabuf format/modifier: the C proxy answers this locally)
[wp-event][S] from-compositor s_obj=13 zwp_linux_dmabuf_v1.modifier args=3
[wp-event][S] suppressed s_obj=13 zwp_linux_dmabuf_v1.modifier (dmabuf format/modifier: the C proxy answers this locally)
[wp-event][S] from-compositor s_obj=13 zwp_linux_dmabuf_v1.modifier args=3
[wp-event][S] suppressed s_obj=13 zwp_linux_dmabuf_v1.modifier (dmabuf format/modifier: the C proxy answers this locally)
[wp-event][S] from-compositor s_obj=13 zwp_linux_dmabuf_v1.modifier args=3
[wp-event][S] suppressed s_obj=13 zwp_linux_dmabuf_v1.modifier (dmabuf format/modifier: the C proxy answers this locally)
[wp-event][S] from-compositor s_obj=13 zwp_linux_dmabuf_v1.modifier args=3
[wp-event][S] suppressed s_obj=13 zwp_linux_dmabuf_v1.modifier (dmabuf format/modifier: the C proxy answers this locally)
[wp-event][S] from-compositor s_obj=13 zwp_linux_dmabuf_v1.modifier args=3
[wp-event][S] suppressed s_obj=13 zwp_linux_dmabuf_v1.modifier (dmabuf format/modifier: the C proxy answers this locally)
[wp-event][S] from-compositor s_obj=13 zwp_linux_dmabuf_v1.modifier args=3
[wp-event][S] suppressed s_obj=13 zwp_linux_dmabuf_v1.modifier (dmabuf format/modifier: the C proxy answers this locally)
[wp-event][S] from-compositor s_obj=13 zwp_linux_dmabuf_v1.modifier args=3
[wp-event][S] suppressed s_obj=13 zwp_linux_dmabuf_v1.modifier (dmabuf format/modifier: the C proxy answers this locally)
[wp-event][S] from-compositor s_obj=13 zwp_linux_dmabuf_v1.modifier args=3
[wp-event][S] suppressed s_obj=13 zwp_linux_dmabuf_v1.modifier (dmabuf format/modifier: the C proxy answers this locally)
[wp-event][S] from-compositor s_obj=13 zwp_linux_dmabuf_v1.modifier args=3
[wp-event][S] suppressed s_obj=13 zwp_linux_dmabuf_v1.modifier (dmabuf format/modifier: the C proxy answers this locally)
[wp-event][S] from-compositor s_obj=13 zwp_linux_dmabuf_v1.modifier args=3
[wp-event][S] suppressed s_obj=13 zwp_linux_dmabuf_v1.modifier (dmabuf format/modifier: the C proxy answers this locally)
[wp-event][S] from-compositor s_obj=13 zwp_linux_dmabuf_v1.modifier args=3
[wp-event][S] suppressed s_obj=13 zwp_linux_dmabuf_v1.modifier (dmabuf format/modifier: the C proxy answers this locally)
[wp-event][S] from-compositor s_obj=13 zwp_linux_dmabuf_v1.modifier args=3
[wp-event][S] suppressed s_obj=13 zwp_linux_dmabuf_v1.modifier (dmabuf format/modifier: the C proxy answers this locally)
[wp-event][S] from-compositor s_obj=13 zwp_linux_dmabuf_v1.modifier args=3
[wp-event][S] suppressed s_obj=13 zwp_linux_dmabuf_v1.modifier (dmabuf format/modifier: the C proxy answers this locally)
[wp-event][S] from-compositor s_obj=13 zwp_linux_dmabuf_v1.modifier args=3
[wp-event][S] suppressed s_obj=13 zwp_linux_dmabuf_v1.modifier (dmabuf format/modifier: the C proxy answers this locally)
[wp-event][S] from-compositor s_obj=13 zwp_linux_dmabuf_v1.modifier args=3
[wp-event][S] suppressed s_obj=13 zwp_linux_dmabuf_v1.modifier (dmabuf format/modifier: the C proxy answers this locally)
[wp-event][S] from-compositor s_obj=13 zwp_linux_dmabuf_v1.modifier args=3
[wp-event][S] suppressed s_obj=13 zwp_linux_dmabuf_v1.modifier (dmabuf format/modifier: the C proxy answers this locally)
[wp-event][S] from-compositor s_obj=13 zwp_linux_dmabuf_v1.modifier args=3
[wp-event][S] suppressed s_obj=13 zwp_linux_dmabuf_v1.modifier (dmabuf format/modifier: the C proxy answers this locally)
[wp-event][S] from-compositor s_obj=13 zwp_linux_dmabuf_v1.modifier args=3
[wp-event][S] suppressed s_obj=13 zwp_linux_dmabuf_v1.modifier (dmabuf format/modifier: the C proxy answers this locally)
[wp-event][S] from-compositor s_obj=13 zwp_linux_dmabuf_v1.modifier args=3
[wp-event][S] suppressed s_obj=13 zwp_linux_dmabuf_v1.modifier (dmabuf format/modifier: the C proxy answers this locally)
[wp-event][S] from-compositor s_obj=13 zwp_linux_dmabuf_v1.modifier args=3
[wp-event][S] suppressed s_obj=13 zwp_linux_dmabuf_v1.modifier (dmabuf format/modifier: the C proxy answers this locally)
[wp-event][S] from-compositor s_obj=13 zwp_linux_dmabuf_v1.modifier args=3
[wp-event][S] suppressed s_obj=13 zwp_linux_dmabuf_v1.modifier (dmabuf format/modifier: the C proxy answers this locally)
[wp-event][S] from-compositor s_obj=13 zwp_linux_dmabuf_v1.modifier args=3
[wp-event][S] suppressed s_obj=13 zwp_linux_dmabuf_v1.modifier (dmabuf format/modifier: the C proxy answers this locally)
[wp-event][S] from-compositor s_obj=13 zwp_linux_dmabuf_v1.modifier args=3
[wp-event][S] suppressed s_obj=13 zwp_linux_dmabuf_v1.modifier (dmabuf format/modifier: the C proxy answers this locally)
[wp-event][S] from-compositor s_obj=13 zwp_linux_dmabuf_v1.modifier args=3
[wp-event][S] suppressed s_obj=13 zwp_linux_dmabuf_v1.modifier (dmabuf format/modifier: the C proxy answers this locally)
[wp-event][S] from-compositor s_obj=13 zwp_linux_dmabuf_v1.modifier args=3
[wp-event][S] suppressed s_obj=13 zwp_linux_dmabuf_v1.modifier (dmabuf format/modifier: the C proxy answers this locally)
[wp-event][S] from-compositor s_obj=13 zwp_linux_dmabuf_v1.modifier args=3
[wp-event][S] suppressed s_obj=13 zwp_linux_dmabuf_v1.modifier (dmabuf format/modifier: the C proxy answers this locally)
[wp-event][S] from-compositor s_obj=13 zwp_linux_dmabuf_v1.modifier args=3
[wp-event][S] suppressed s_obj=13 zwp_linux_dmabuf_v1.modifier (dmabuf format/modifier: the C proxy answers this locally)
[wp-event][S] from-compositor s_obj=13 zwp_linux_dmabuf_v1.modifier args=3
[wp-event][S] suppressed s_obj=13 zwp_linux_dmabuf_v1.modifier (dmabuf format/modifier: the C proxy answers this locally)
[wp-event][S] from-compositor s_obj=13 zwp_linux_dmabuf_v1.modifier args=3
[wp-event][S] suppressed s_obj=13 zwp_linux_dmabuf_v1.modifier (dmabuf format/modifier: the C proxy answers this locally)
[wp-event][S] from-compositor s_obj=13 zwp_linux_dmabuf_v1.modifier args=3
[wp-event][S] suppressed s_obj=13 zwp_linux_dmabuf_v1.modifier (dmabuf format/modifier: the C proxy answers this locally)
[wp-event][S] from-compositor s_obj=13 zwp_linux_dmabuf_v1.modifier args=3
[wp-event][S] suppressed s_obj=13 zwp_linux_dmabuf_v1.modifier (dmabuf format/modifier: the C proxy answers this locally)
[wp-event][S] from-compositor s_obj=13 zwp_linux_dmabuf_v1.modifier args=3
[wp-event][S] suppressed s_obj=13 zwp_linux_dmabuf_v1.modifier (dmabuf format/modifier: the C proxy answers this locally)
[wp-event][S] from-compositor s_obj=13 zwp_linux_dmabuf_v1.modifier args=3
[wp-event][S] suppressed s_obj=13 zwp_linux_dmabuf_v1.modifier (dmabuf format/modifier: the C proxy answers this locally)
[wp-event][S] from-compositor s_obj=13 zwp_linux_dmabuf_v1.modifier args=3
[wp-event][S] suppressed s_obj=13 zwp_linux_dmabuf_v1.modifier (dmabuf format/modifier: the C proxy answers this locally)
[wp-event][S] from-compositor s_obj=13 zwp_linux_dmabuf_v1.modifier args=3
[wp-event][S] suppressed s_obj=13 zwp_linux_dmabuf_v1.modifier (dmabuf format/modifier: the C proxy answers this locally)
[wp-event][S] from-compositor s_obj=13 zwp_linux_dmabuf_v1.modifier args=3
[wp-event][S] suppressed s_obj=13 zwp_linux_dmabuf_v1.modifier (dmabuf format/modifier: the C proxy answers this locally)
[wp-event][S] from-compositor s_obj=13 zwp_linux_dmabuf_v1.modifier args=3
[wp-event][S] suppressed s_obj=13 zwp_linux_dmabuf_v1.modifier (dmabuf format/modifier: the C proxy answers this locally)
[wp-event][S] from-compositor s_obj=13 zwp_linux_dmabuf_v1.modifier args=3
[wp-event][S] suppressed s_obj=13 zwp_linux_dmabuf_v1.modifier (dmabuf format/modifier: the C proxy answers this locally)
[wp-event][S] from-compositor s_obj=13 zwp_linux_dmabuf_v1.modifier args=3
[wp-event][S] suppressed s_obj=13 zwp_linux_dmabuf_v1.modifier (dmabuf format/modifier: the C proxy answers this locally)
[wp-event][S] from-compositor s_obj=13 zwp_linux_dmabuf_v1.modifier args=3
[wp-event][S] suppressed s_obj=13 zwp_linux_dmabuf_v1.modifier (dmabuf format/modifier: the C proxy answers this locally)
[wp-event][S] from-compositor s_obj=13 zwp_linux_dmabuf_v1.modifier args=3
[wp-event][S] suppressed s_obj=13 zwp_linux_dmabuf_v1.modifier (dmabuf format/modifier: the C proxy answers this locally)
[wp-event][S] from-compositor s_obj=13 zwp_linux_dmabuf_v1.modifier args=3
[wp-event][S] suppressed s_obj=13 zwp_linux_dmabuf_v1.modifier (dmabuf format/modifier: the C proxy answers this locally)
[wp-event][S] from-compositor s_obj=13 zwp_linux_dmabuf_v1.modifier args=3
[wp-event][S] suppressed s_obj=13 zwp_linux_dmabuf_v1.modifier (dmabuf format/modifier: the C proxy answers this locally)
[wp-event][S] from-compositor s_obj=13 zwp_linux_dmabuf_v1.modifier args=3
[wp-event][S] suppressed s_obj=13 zwp_linux_dmabuf_v1.modifier (dmabuf format/modifier: the C proxy answers this locally)
[wp-event][S] from-compositor s_obj=13 zwp_linux_dmabuf_v1.modifier args=3
[wp-event][S] suppressed s_obj=13 zwp_linux_dmabuf_v1.modifier (dmabuf format/modifier: the C proxy answers this locally)
[wp-event][S] from-compositor s_obj=13 zwp_linux_dmabuf_v1.modifier args=3
[wp-event][S] suppressed s_obj=13 zwp_linux_dmabuf_v1.modifier (dmabuf format/modifier: the C proxy answers this locally)
[wp-event][S] from-compositor s_obj=13 zwp_linux_dmabuf_v1.modifier args=3
[wp-event][S] suppressed s_obj=13 zwp_linux_dmabuf_v1.modifier (dmabuf format/modifier: the C proxy answers this locally)
[wp-event][S] from-compositor s_obj=13 zwp_linux_dmabuf_v1.modifier args=3
[wp-event][S] suppressed s_obj=13 zwp_linux_dmabuf_v1.modifier (dmabuf format/modifier: the C proxy answers this locally)
[wp-event][S] from-compositor s_obj=13 zwp_linux_dmabuf_v1.modifier args=3
[wp-event][S] suppressed s_obj=13 zwp_linux_dmabuf_v1.modifier (dmabuf format/modifier: the C proxy answers this locally)
[wp-event][S] from-compositor s_obj=13 zwp_linux_dmabuf_v1.modifier args=3
[wp-event][S] suppressed s_obj=13 zwp_linux_dmabuf_v1.modifier (dmabuf format/modifier: the C proxy answers this locally)
[wp-event][S] from-compositor s_obj=13 zwp_linux_dmabuf_v1.modifier args=3
[wp-event][S] suppressed s_obj=13 zwp_linux_dmabuf_v1.modifier (dmabuf format/modifier: the C proxy answers this locally)
[wp-event][S] from-compositor s_obj=13 zwp_linux_dmabuf_v1.modifier args=3
[wp-event][S] suppressed s_obj=13 zwp_linux_dmabuf_v1.modifier (dmabuf format/modifier: the C proxy answers this locally)
[wp-event][S] from-compositor s_obj=13 zwp_linux_dmabuf_v1.modifier args=3
[wp-event][S] suppressed s_obj=13 zwp_linux_dmabuf_v1.modifier (dmabuf format/modifier: the C proxy answers this locally)
[wp-event][S] from-compositor s_obj=13 zwp_linux_dmabuf_v1.modifier args=3
[wp-event][S] suppressed s_obj=13 zwp_linux_dmabuf_v1.modifier (dmabuf format/modifier: the C proxy answers this locally)
[wp-event][S] from-compositor s_obj=13 zwp_linux_dmabuf_v1.modifier args=3
[wp-event][S] suppressed s_obj=13 zwp_linux_dmabuf_v1.modifier (dmabuf format/modifier: the C proxy answers this locally)
[wp-event][S] from-compositor s_obj=13 zwp_linux_dmabuf_v1.modifier args=3
[wp-event][S] suppressed s_obj=13 zwp_linux_dmabuf_v1.modifier (dmabuf format/modifier: the C proxy answers this locally)
[wp-event][S] from-compositor s_obj=13 zwp_linux_dmabuf_v1.modifier args=3
[wp-event][S] suppressed s_obj=13 zwp_linux_dmabuf_v1.modifier (dmabuf format/modifier: the C proxy answers this locally)
[wp-event][S] from-compositor s_obj=13 zwp_linux_dmabuf_v1.modifier args=3
[wp-event][S] suppressed s_obj=13 zwp_linux_dmabuf_v1.modifier (dmabuf format/modifier: the C proxy answers this locally)
[wp-event][S] from-compositor s_obj=13 zwp_linux_dmabuf_v1.modifier args=3
[wp-event][S] suppressed s_obj=13 zwp_linux_dmabuf_v1.modifier (dmabuf format/modifier: the C proxy answers this locally)
[wp-event][S] from-compositor s_obj=13 zwp_linux_dmabuf_v1.modifier args=3
[wp-event][S] suppressed s_obj=13 zwp_linux_dmabuf_v1.modifier (dmabuf format/modifier: the C proxy answers this locally)
[wp-event][S] from-compositor s_obj=13 zwp_linux_dmabuf_v1.modifier args=3
[wp-event][S] suppressed s_obj=13 zwp_linux_dmabuf_v1.modifier (dmabuf format/modifier: the C proxy answers this locally)
[wp-event][S] from-compositor s_obj=13 zwp_linux_dmabuf_v1.modifier args=3
[wp-event][S] suppressed s_obj=13 zwp_linux_dmabuf_v1.modifier (dmabuf format/modifier: the C proxy answers this locally)
[wp-event][S] from-compositor s_obj=13 zwp_linux_dmabuf_v1.modifier args=3
[wp-event][S] suppressed s_obj=13 zwp_linux_dmabuf_v1.modifier (dmabuf format/modifier: the C proxy answers this locally)
[wp-event][S] from-compositor s_obj=13 zwp_linux_dmabuf_v1.modifier args=3
[wp-event][S] suppressed s_obj=13 zwp_linux_dmabuf_v1.modifier (dmabuf format/modifier: the C proxy answers this locally)
[wp-event][S] from-compositor s_obj=13 zwp_linux_dmabuf_v1.modifier args=3
[wp-event][S] suppressed s_obj=13 zwp_linux_dmabuf_v1.modifier (dmabuf format/modifier: the C proxy answers this locally)
[wp-event][S] from-compositor s_obj=13 zwp_linux_dmabuf_v1.modifier args=3
[wp-event][S] suppressed s_obj=13 zwp_linux_dmabuf_v1.modifier (dmabuf format/modifier: the C proxy answers this locally)
[wp-event][S] from-compositor s_obj=13 zwp_linux_dmabuf_v1.modifier args=3
[wp-event][S] suppressed s_obj=13 zwp_linux_dmabuf_v1.modifier (dmabuf format/modifier: the C proxy answers this locally)
[wp-event][S] from-compositor s_obj=13 zwp_linux_dmabuf_v1.modifier args=3
[wp-event][S] suppressed s_obj=13 zwp_linux_dmabuf_v1.modifier (dmabuf format/modifier: the C proxy answers this locally)
[wp-event][S] from-compositor s_obj=13 zwp_linux_dmabuf_v1.modifier args=3
[wp-event][S] suppressed s_obj=13 zwp_linux_dmabuf_v1.modifier (dmabuf format/modifier: the C proxy answers this locally)
[wp-event][S] from-compositor s_obj=13 zwp_linux_dmabuf_v1.modifier args=3
[wp-event][S] suppressed s_obj=13 zwp_linux_dmabuf_v1.modifier (dmabuf format/modifier: the C proxy answers this locally)
[wp-event][S] from-compositor s_obj=13 zwp_linux_dmabuf_v1.modifier args=3
[wp-event][S] suppressed s_obj=13 zwp_linux_dmabuf_v1.modifier (dmabuf format/modifier: the C proxy answers this locally)
[wp-event][S] from-compositor s_obj=13 zwp_linux_dmabuf_v1.modifier args=3
[wp-event][S] suppressed s_obj=13 zwp_linux_dmabuf_v1.modifier (dmabuf format/modifier: the C proxy answers this locally)
[wp-event][S] from-compositor s_obj=13 zwp_linux_dmabuf_v1.modifier args=3
[wp-event][S] suppressed s_obj=13 zwp_linux_dmabuf_v1.modifier (dmabuf format/modifier: the C proxy answers this locally)
[wp-event][S] from-compositor s_obj=13 zwp_linux_dmabuf_v1.modifier args=3
[wp-event][S] suppressed s_obj=13 zwp_linux_dmabuf_v1.modifier (dmabuf format/modifier: the C proxy answers this locally)
[wp-event][S] from-compositor s_obj=13 zwp_linux_dmabuf_v1.modifier args=3
[wp-event][S] suppressed s_obj=13 zwp_linux_dmabuf_v1.modifier (dmabuf format/modifier: the C proxy answers this locally)
[wp-event][S] from-compositor s_obj=13 zwp_linux_dmabuf_v1.modifier args=3
[wp-event][S] suppressed s_obj=13 zwp_linux_dmabuf_v1.modifier (dmabuf format/modifier: the C proxy answers this locally)
[wp-event][S] from-compositor s_obj=13 zwp_linux_dmabuf_v1.modifier args=3
[wp-event][S] suppressed s_obj=13 zwp_linux_dmabuf_v1.modifier (dmabuf format/modifier: the C proxy answers this locally)
[wp-event][S] from-compositor s_obj=13 zwp_linux_dmabuf_v1.modifier args=3
[wp-event][S] suppressed s_obj=13 zwp_linux_dmabuf_v1.modifier (dmabuf format/modifier: the C proxy answers this locally)
[wp-event][S] from-compositor s_obj=13 zwp_linux_dmabuf_v1.modifier args=3
[wp-event][S] suppressed s_obj=13 zwp_linux_dmabuf_v1.modifier (dmabuf format/modifier: the C proxy answers this locally)
[wp-event][S] from-compositor s_obj=13 zwp_linux_dmabuf_v1.modifier args=3
[wp-event][S] suppressed s_obj=13 zwp_linux_dmabuf_v1.modifier (dmabuf format/modifier: the C proxy answers this locally)
[wp-event][S] from-compositor s_obj=13 zwp_linux_dmabuf_v1.modifier args=3
[wp-event][S] suppressed s_obj=13 zwp_linux_dmabuf_v1.modifier (dmabuf format/modifier: the C proxy answers this locally)
[wp-event][S] from-compositor s_obj=13 zwp_linux_dmabuf_v1.modifier args=3
[wp-event][S] suppressed s_obj=13 zwp_linux_dmabuf_v1.modifier (dmabuf format/modifier: the C proxy answers this locally)
[wp-event][S] from-compositor s_obj=13 zwp_linux_dmabuf_v1.modifier args=3
[wp-event][S] suppressed s_obj=13 zwp_linux_dmabuf_v1.modifier (dmabuf format/modifier: the C proxy answers this locally)
[wp-event][S] from-compositor s_obj=13 zwp_linux_dmabuf_v1.modifier args=3
[wp-event][S] suppressed s_obj=13 zwp_linux_dmabuf_v1.modifier (dmabuf format/modifier: the C proxy answers this locally)
[wp-event][S] from-compositor s_obj=13 zwp_linux_dmabuf_v1.modifier args=3
[wp-event][S] suppressed s_obj=13 zwp_linux_dmabuf_v1.modifier (dmabuf format/modifier: the C proxy answers this locally)
[wp-event][S] from-compositor s_obj=13 zwp_linux_dmabuf_v1.modifier args=3
[wp-event][S] suppressed s_obj=13 zwp_linux_dmabuf_v1.modifier (dmabuf format/modifier: the C proxy answers this locally)
[wp-event][S] from-compositor s_obj=13 zwp_linux_dmabuf_v1.modifier args=3
[wp-event][S] suppressed s_obj=13 zwp_linux_dmabuf_v1.modifier (dmabuf format/modifier: the C proxy answers this locally)
[wp-event][S] from-compositor s_obj=13 zwp_linux_dmabuf_v1.modifier args=3
[wp-event][S] suppressed s_obj=13 zwp_linux_dmabuf_v1.modifier (dmabuf format/modifier: the C proxy answers this locally)
[wp-event][S] from-compositor s_obj=13 zwp_linux_dmabuf_v1.modifier args=3
[wp-event][S] suppressed s_obj=13 zwp_linux_dmabuf_v1.modifier (dmabuf format/modifier: the C proxy answers this locally)
[wp-event][S] from-compositor s_obj=13 zwp_linux_dmabuf_v1.modifier args=3
[wp-event][S] suppressed s_obj=13 zwp_linux_dmabuf_v1.modifier (dmabuf format/modifier: the C proxy answers this locally)
[wp-event][S] from-compositor s_obj=13 zwp_linux_dmabuf_v1.modifier args=3
[wp-event][S] suppressed s_obj=13 zwp_linux_dmabuf_v1.modifier (dmabuf format/modifier: the C proxy answers this locally)
[wp-event][S] from-compositor s_obj=13 zwp_linux_dmabuf_v1.modifier args=3
[wp-event][S] suppressed s_obj=13 zwp_linux_dmabuf_v1.modifier (dmabuf format/modifier: the C proxy answers this locally)
[wp-event][S] from-compositor s_obj=13 zwp_linux_dmabuf_v1.modifier args=3
[wp-event][S] suppressed s_obj=13 zwp_linux_dmabuf_v1.modifier (dmabuf format/modifier: the C proxy answers this locally)
[wp-event][S] from-compositor s_obj=13 zwp_linux_dmabuf_v1.modifier args=3
[wp-event][S] suppressed s_obj=13 zwp_linux_dmabuf_v1.modifier (dmabuf format/modifier: the C proxy answers this locally)
[wp-event][S] from-compositor s_obj=13 zwp_linux_dmabuf_v1.modifier args=3
[wp-event][S] suppressed s_obj=13 zwp_linux_dmabuf_v1.modifier (dmabuf format/modifier: the C proxy answers this locally)
[wp-event][S] from-compositor s_obj=13 zwp_linux_dmabuf_v1.modifier args=3
[wp-event][S] suppressed s_obj=13 zwp_linux_dmabuf_v1.modifier (dmabuf format/modifier: the C proxy answers this locally)
[wp-event][S] from-compositor s_obj=13 zwp_linux_dmabuf_v1.modifier args=3
[wp-event][S] suppressed s_obj=13 zwp_linux_dmabuf_v1.modifier (dmabuf format/modifier: the C proxy answers this locally)
[wp-event][S] from-compositor s_obj=13 zwp_linux_dmabuf_v1.modifier args=3
[wp-event][S] suppressed s_obj=13 zwp_linux_dmabuf_v1.modifier (dmabuf format/modifier: the C proxy answers this locally)
[wp-event][S] from-compositor s_obj=13 zwp_linux_dmabuf_v1.modifier args=3
[wp-event][S] suppressed s_obj=13 zwp_linux_dmabuf_v1.modifier (dmabuf format/modifier: the C proxy answers this locally)
[wp-event][S] from-compositor s_obj=13 zwp_linux_dmabuf_v1.modifier args=3
[wp-event][S] suppressed s_obj=13 zwp_linux_dmabuf_v1.modifier (dmabuf format/modifier: the C proxy answers this locally)
[wp-event][S] from-compositor s_obj=13 zwp_linux_dmabuf_v1.modifier args=3
[wp-event][S] suppressed s_obj=13 zwp_linux_dmabuf_v1.modifier (dmabuf format/modifier: the C proxy answers this locally)
[wp-event][S] from-compositor s_obj=13 zwp_linux_dmabuf_v1.modifier args=3
[wp-event][S] suppressed s_obj=13 zwp_linux_dmabuf_v1.modifier (dmabuf format/modifier: the C proxy answers this locally)
[wp-event][S] from-compositor s_obj=13 zwp_linux_dmabuf_v1.modifier args=3
[wp-event][S] suppressed s_obj=13 zwp_linux_dmabuf_v1.modifier (dmabuf format/modifier: the C proxy answers this locally)
[wp-event][S] from-compositor s_obj=13 zwp_linux_dmabuf_v1.modifier args=3
[wp-event][S] suppressed s_obj=13 zwp_linux_dmabuf_v1.modifier (dmabuf format/modifier: the C proxy answers this locally)
[wp-event][S] from-compositor s_obj=13 zwp_linux_dmabuf_v1.modifier args=3
[wp-event][S] suppressed s_obj=13 zwp_linux_dmabuf_v1.modifier (dmabuf format/modifier: the C proxy answers this locally)
[wp-event][S] from-compositor s_obj=13 zwp_linux_dmabuf_v1.modifier args=3
[wp-event][S] suppressed s_obj=13 zwp_linux_dmabuf_v1.modifier (dmabuf format/modifier: the C proxy answers this locally)
[wp-event][S] from-compositor s_obj=13 zwp_linux_dmabuf_v1.modifier args=3
[wp-event][S] suppressed s_obj=13 zwp_linux_dmabuf_v1.modifier (dmabuf format/modifier: the C proxy answers this locally)
[wp-event][S] from-compositor s_obj=13 zwp_linux_dmabuf_v1.modifier args=3
[wp-event][S] suppressed s_obj=13 zwp_linux_dmabuf_v1.modifier (dmabuf format/modifier: the C proxy answers this locally)
[wp-event][S] from-compositor s_obj=13 zwp_linux_dmabuf_v1.modifier args=3
[wp-event][S] suppressed s_obj=13 zwp_linux_dmabuf_v1.modifier (dmabuf format/modifier: the C proxy answers this locally)
[wp-event][S] from-compositor s_obj=13 zwp_linux_dmabuf_v1.modifier args=3
[wp-event][S] suppressed s_obj=13 zwp_linux_dmabuf_v1.modifier (dmabuf format/modifier: the C proxy answers this locally)
[wp-event][S] from-compositor s_obj=13 zwp_linux_dmabuf_v1.modifier args=3
[wp-event][S] suppressed s_obj=13 zwp_linux_dmabuf_v1.modifier (dmabuf format/modifier: the C proxy answers this locally)
[wp-event][S] from-compositor s_obj=13 zwp_linux_dmabuf_v1.modifier args=3
[wp-event][S] suppressed s_obj=13 zwp_linux_dmabuf_v1.modifier (dmabuf format/modifier: the C proxy answers this locally)
[wp-event][S] from-compositor s_obj=13 zwp_linux_dmabuf_v1.modifier args=3
[wp-event][S] suppressed s_obj=13 zwp_linux_dmabuf_v1.modifier (dmabuf format/modifier: the C proxy answers this locally)
[wp-event][S] from-compositor s_obj=13 zwp_linux_dmabuf_v1.modifier args=3
[wp-event][S] suppressed s_obj=13 zwp_linux_dmabuf_v1.modifier (dmabuf format/modifier: the C proxy answers this locally)
[wp-event][S] from-compositor s_obj=13 zwp_linux_dmabuf_v1.modifier args=3
[wp-event][S] suppressed s_obj=13 zwp_linux_dmabuf_v1.modifier (dmabuf format/modifier: the C proxy answers this locally)
[wp-event][S] from-compositor s_obj=13 zwp_linux_dmabuf_v1.modifier args=3
[wp-event][S] suppressed s_obj=13 zwp_linux_dmabuf_v1.modifier (dmabuf format/modifier: the C proxy answers this locally)
[wp-event][S] from-compositor s_obj=13 zwp_linux_dmabuf_v1.modifier args=3
[wp-event][S] suppressed s_obj=13 zwp_linux_dmabuf_v1.modifier (dmabuf format/modifier: the C proxy answers this locally)
[wp-event][S] from-compositor s_obj=13 zwp_linux_dmabuf_v1.modifier args=3
[wp-event][S] suppressed s_obj=13 zwp_linux_dmabuf_v1.modifier (dmabuf format/modifier: the C proxy answers this locally)
[wp-event][S] from-compositor s_obj=13 zwp_linux_dmabuf_v1.modifier args=3
[wp-event][S] suppressed s_obj=13 zwp_linux_dmabuf_v1.modifier (dmabuf format/modifier: the C proxy answers this locally)
[wp-event][S] from-compositor s_obj=13 zwp_linux_dmabuf_v1.modifier args=3
[wp-event][S] suppressed s_obj=13 zwp_linux_dmabuf_v1.modifier (dmabuf format/modifier: the C proxy answers this locally)
[wp-event][S] from-compositor s_obj=13 zwp_linux_dmabuf_v1.modifier args=3
[wp-event][S] suppressed s_obj=13 zwp_linux_dmabuf_v1.modifier (dmabuf format/modifier: the C proxy answers this locally)
[wp-event][S] from-compositor s_obj=13 zwp_linux_dmabuf_v1.modifier args=3
[wp-event][S] suppressed s_obj=13 zwp_linux_dmabuf_v1.modifier (dmabuf format/modifier: the C proxy answers this locally)
[wp-event][S] from-compositor s_obj=13 zwp_linux_dmabuf_v1.modifier args=3
[wp-event][S] suppressed s_obj=13 zwp_linux_dmabuf_v1.modifier (dmabuf format/modifier: the C proxy answers this locally)
[wp-event][S] from-compositor s_obj=13 zwp_linux_dmabuf_v1.modifier args=3
[wp-event][S] suppressed s_obj=13 zwp_linux_dmabuf_v1.modifier (dmabuf format/modifier: the C proxy answers this locally)
[wp-event][S] from-compositor s_obj=13 zwp_linux_dmabuf_v1.modifier args=3
[wp-event][S] suppressed s_obj=13 zwp_linux_dmabuf_v1.modifier (dmabuf format/modifier: the C proxy answers this locally)
[wp-event][S] from-compositor s_obj=13 zwp_linux_dmabuf_v1.modifier args=3
[wp-event][S] suppressed s_obj=13 zwp_linux_dmabuf_v1.modifier (dmabuf format/modifier: the C proxy answers this locally)
[wp-event][S] from-compositor s_obj=13 zwp_linux_dmabuf_v1.modifier args=3
[wp-event][S] suppressed s_obj=13 zwp_linux_dmabuf_v1.modifier (dmabuf format/modifier: the C proxy answers this locally)
[wp-event][S] from-compositor s_obj=13 zwp_linux_dmabuf_v1.modifier args=3
[wp-event][S] suppressed s_obj=13 zwp_linux_dmabuf_v1.modifier (dmabuf format/modifier: the C proxy answers this locally)
[wp-event][S] from-compositor s_obj=13 zwp_linux_dmabuf_v1.modifier args=3
[wp-event][S] suppressed s_obj=13 zwp_linux_dmabuf_v1.modifier (dmabuf format/modifier: the C proxy answers this locally)
[wp-event][S] from-compositor s_obj=13 zwp_linux_dmabuf_v1.modifier args=3
[wp-event][S] suppressed s_obj=13 zwp_linux_dmabuf_v1.modifier (dmabuf format/modifier: the C proxy answers this locally)
[wp-event][S] from-compositor s_obj=13 zwp_linux_dmabuf_v1.modifier args=3
[wp-event][S] suppressed s_obj=13 zwp_linux_dmabuf_v1.modifier (dmabuf format/modifier: the C proxy answers this locally)
[wp-event][S] from-compositor s_obj=13 zwp_linux_dmabuf_v1.modifier args=3
[wp-event][S] suppressed s_obj=13 zwp_linux_dmabuf_v1.modifier (dmabuf format/modifier: the C proxy answers this locally)
[wp-event][S] from-compositor s_obj=13 zwp_linux_dmabuf_v1.modifier args=3
[wp-event][S] suppressed s_obj=13 zwp_linux_dmabuf_v1.modifier (dmabuf format/modifier: the C proxy answers this locally)
[wp-event][S] from-compositor s_obj=13 zwp_linux_dmabuf_v1.modifier args=3
[wp-event][S] suppressed s_obj=13 zwp_linux_dmabuf_v1.modifier (dmabuf format/modifier: the C proxy answers this locally)
[wp-event][S] from-compositor s_obj=13 zwp_linux_dmabuf_v1.modifier args=3
[wp-event][S] suppressed s_obj=13 zwp_linux_dmabuf_v1.modifier (dmabuf format/modifier: the C proxy answers this locally)
[wp-event][S] from-compositor s_obj=13 zwp_linux_dmabuf_v1.modifier args=3
[wp-event][S] suppressed s_obj=13 zwp_linux_dmabuf_v1.modifier (dmabuf format/modifier: the C proxy answers this locally)
[wp-event][S] from-compositor s_obj=13 zwp_linux_dmabuf_v1.modifier args=3
[wp-event][S] suppressed s_obj=13 zwp_linux_dmabuf_v1.modifier (dmabuf format/modifier: the C proxy answers this locally)
[wp-event][S] from-compositor s_obj=13 zwp_linux_dmabuf_v1.modifier args=3
[wp-event][S] suppressed s_obj=13 zwp_linux_dmabuf_v1.modifier (dmabuf format/modifier: the C proxy answers this locally)
[wp-event][S] from-compositor s_obj=13 zwp_linux_dmabuf_v1.modifier args=3
[wp-event][S] suppressed s_obj=13 zwp_linux_dmabuf_v1.modifier (dmabuf format/modifier: the C proxy answers this locally)
[wp-event][S] from-compositor s_obj=13 zwp_linux_dmabuf_v1.modifier args=3
[wp-event][S] suppressed s_obj=13 zwp_linux_dmabuf_v1.modifier (dmabuf format/modifier: the C proxy answers this locally)
[wp-event][S] from-compositor s_obj=13 zwp_linux_dmabuf_v1.modifier args=3
[wp-event][S] suppressed s_obj=13 zwp_linux_dmabuf_v1.modifier (dmabuf format/modifier: the C proxy answers this locally)
[wp-event][S] from-compositor s_obj=13 zwp_linux_dmabuf_v1.modifier args=3
[wp-event][S] suppressed s_obj=13 zwp_linux_dmabuf_v1.modifier (dmabuf format/modifier: the C proxy answers this locally)
[wp-event][S] from-compositor s_obj=13 zwp_linux_dmabuf_v1.modifier args=3
[wp-event][S] suppressed s_obj=13 zwp_linux_dmabuf_v1.modifier (dmabuf format/modifier: the C proxy answers this locally)
[wp-event][S] from-compositor s_obj=13 zwp_linux_dmabuf_v1.modifier args=3
[wp-event][S] suppressed s_obj=13 zwp_linux_dmabuf_v1.modifier (dmabuf format/modifier: the C proxy answers this locally)
[wp-event][S] from-compositor s_obj=13 zwp_linux_dmabuf_v1.modifier args=3
[wp-event][S] suppressed s_obj=13 zwp_linux_dmabuf_v1.modifier (dmabuf format/modifier: the C proxy answers this locally)
[wp-event][S] from-compositor s_obj=13 zwp_linux_dmabuf_v1.modifier args=3
[wp-event][S] suppressed s_obj=13 zwp_linux_dmabuf_v1.modifier (dmabuf format/modifier: the C proxy answers this locally)
[wp-event][S] from-compositor s_obj=13 zwp_linux_dmabuf_v1.modifier args=3
[wp-event][S] suppressed s_obj=13 zwp_linux_dmabuf_v1.modifier (dmabuf format/modifier: the C proxy answers this locally)
[wp-event][S] from-compositor s_obj=13 zwp_linux_dmabuf_v1.modifier args=3
[wp-event][S] suppressed s_obj=13 zwp_linux_dmabuf_v1.modifier (dmabuf format/modifier: the C proxy answers this locally)
[wp-event][S] from-compositor s_obj=13 zwp_linux_dmabuf_v1.modifier args=3
[wp-event][S] suppressed s_obj=13 zwp_linux_dmabuf_v1.modifier (dmabuf format/modifier: the C proxy answers this locally)
[wp-event][S] from-compositor s_obj=13 zwp_linux_dmabuf_v1.modifier args=3
[wp-event][S] suppressed s_obj=13 zwp_linux_dmabuf_v1.modifier (dmabuf format/modifier: the C proxy answers this locally)
[wp-event][S] from-compositor s_obj=13 zwp_linux_dmabuf_v1.modifier args=3
[wp-event][S] suppressed s_obj=13 zwp_linux_dmabuf_v1.modifier (dmabuf format/modifier: the C proxy answers this locally)
[wp-event][S] from-compositor s_obj=13 zwp_linux_dmabuf_v1.modifier args=3
[wp-event][S] suppressed s_obj=13 zwp_linux_dmabuf_v1.modifier (dmabuf format/modifier: the C proxy answers this locally)
[wp-event][S] from-compositor s_obj=13 zwp_linux_dmabuf_v1.modifier args=3
[wp-event][S] suppressed s_obj=13 zwp_linux_dmabuf_v1.modifier (dmabuf format/modifier: the C proxy answers this locally)
[wp-event][S] from-compositor s_obj=13 zwp_linux_dmabuf_v1.modifier args=3
[wp-event][S] suppressed s_obj=13 zwp_linux_dmabuf_v1.modifier (dmabuf format/modifier: the C proxy answers this locally)
[wp-event][S] from-compositor s_obj=13 zwp_linux_dmabuf_v1.modifier args=3
[wp-event][S] suppressed s_obj=13 zwp_linux_dmabuf_v1.modifier (dmabuf format/modifier: the C proxy answers this locally)
[wp-event][S] from-compositor s_obj=13 zwp_linux_dmabuf_v1.modifier args=3
[wp-event][S] suppressed s_obj=13 zwp_linux_dmabuf_v1.modifier (dmabuf format/modifier: the C proxy answers this locally)
[wp-event][S] from-compositor s_obj=13 zwp_linux_dmabuf_v1.modifier args=3
[wp-event][S] suppressed s_obj=13 zwp_linux_dmabuf_v1.modifier (dmabuf format/modifier: the C proxy answers this locally)
[wp-event][S] from-compositor s_obj=13 zwp_linux_dmabuf_v1.modifier args=3
[wp-event][S] suppressed s_obj=13 zwp_linux_dmabuf_v1.modifier (dmabuf format/modifier: the C proxy answers this locally)
[wp-event][S] from-compositor s_obj=13 zwp_linux_dmabuf_v1.modifier args=3
[wp-event][S] suppressed s_obj=13 zwp_linux_dmabuf_v1.modifier (dmabuf format/modifier: the C proxy answers this locally)
[wp-event][S] from-compositor s_obj=13 zwp_linux_dmabuf_v1.modifier args=3
[wp-event][S] suppressed s_obj=13 zwp_linux_dmabuf_v1.modifier (dmabuf format/modifier: the C proxy answers this locally)
[wp-event][S] from-compositor s_obj=13 zwp_linux_dmabuf_v1.modifier args=3
[wp-event][S] suppressed s_obj=13 zwp_linux_dmabuf_v1.modifier (dmabuf format/modifier: the C proxy answers this locally)
[wp-event][S] from-compositor s_obj=13 zwp_linux_dmabuf_v1.modifier args=3
[wp-event][S] suppressed s_obj=13 zwp_linux_dmabuf_v1.modifier (dmabuf format/modifier: the C proxy answers this locally)
[wp-event][S] from-compositor s_obj=13 zwp_linux_dmabuf_v1.modifier args=3
[wp-event][S] suppressed s_obj=13 zwp_linux_dmabuf_v1.modifier (dmabuf format/modifier: the C proxy answers this locally)
[wp-event][S] from-compositor s_obj=13 zwp_linux_dmabuf_v1.modifier args=3
[wp-event][S] suppressed s_obj=13 zwp_linux_dmabuf_v1.modifier (dmabuf format/modifier: the C proxy answers this locally)
[wp-event][S] from-compositor s_obj=13 zwp_linux_dmabuf_v1.modifier args=3
[wp-event][S] suppressed s_obj=13 zwp_linux_dmabuf_v1.modifier (dmabuf format/modifier: the C proxy answers this locally)
[wp-event][S] from-compositor s_obj=13 zwp_linux_dmabuf_v1.modifier args=3
[wp-event][S] suppressed s_obj=13 zwp_linux_dmabuf_v1.modifier (dmabuf format/modifier: the C proxy answers this locally)
[wp-event][S] from-compositor s_obj=13 zwp_linux_dmabuf_v1.modifier args=3
[wp-event][S] suppressed s_obj=13 zwp_linux_dmabuf_v1.modifier (dmabuf format/modifier: the C proxy answers this locally)
[wp-event][S] from-compositor s_obj=13 zwp_linux_dmabuf_v1.modifier args=3
[wp-event][S] suppressed s_obj=13 zwp_linux_dmabuf_v1.modifier (dmabuf format/modifier: the C proxy answers this locally)
[wp-event][S] from-compositor s_obj=13 zwp_linux_dmabuf_v1.modifier args=3
[wp-event][S] suppressed s_obj=13 zwp_linux_dmabuf_v1.modifier (dmabuf format/modifier: the C proxy answers this locally)
[wp-event][S] from-compositor s_obj=13 zwp_linux_dmabuf_v1.modifier args=3
[wp-event][S] suppressed s_obj=13 zwp_linux_dmabuf_v1.modifier (dmabuf format/modifier: the C proxy answers this locally)
[wp-event][S] from-compositor s_obj=13 zwp_linux_dmabuf_v1.modifier args=3
[wp-event][S] suppressed s_obj=13 zwp_linux_dmabuf_v1.modifier (dmabuf format/modifier: the C proxy answers this locally)
[wp-event][S] from-compositor s_obj=13 zwp_linux_dmabuf_v1.modifier args=3
[wp-event][S] suppressed s_obj=13 zwp_linux_dmabuf_v1.modifier (dmabuf format/modifier: the C proxy answers this locally)
[wp-event][S] from-compositor s_obj=13 zwp_linux_dmabuf_v1.modifier args=3
[wp-event][S] suppressed s_obj=13 zwp_linux_dmabuf_v1.modifier (dmabuf format/modifier: the C proxy answers this locally)
[wp-event][S] from-compositor s_obj=13 zwp_linux_dmabuf_v1.modifier args=3
[wp-event][S] suppressed s_obj=13 zwp_linux_dmabuf_v1.modifier (dmabuf format/modifier: the C proxy answers this locally)
[wp-event][S] from-compositor s_obj=13 zwp_linux_dmabuf_v1.modifier args=3
[wp-event][S] suppressed s_obj=13 zwp_linux_dmabuf_v1.modifier (dmabuf format/modifier: the C proxy answers this locally)
[wp-event][S] from-compositor s_obj=13 zwp_linux_dmabuf_v1.modifier args=3
[wp-event][S] suppressed s_obj=13 zwp_linux_dmabuf_v1.modifier (dmabuf format/modifier: the C proxy answers this locally)
[wp-event][S] from-compositor s_obj=13 zwp_linux_dmabuf_v1.modifier args=3
[wp-event][S] suppressed s_obj=13 zwp_linux_dmabuf_v1.modifier (dmabuf format/modifier: the C proxy answers this locally)
[wp-event][S] from-compositor s_obj=13 zwp_linux_dmabuf_v1.modifier args=3
[wp-event][S] suppressed s_obj=13 zwp_linux_dmabuf_v1.modifier (dmabuf format/modifier: the C proxy answers this locally)
[wp-event][S] from-compositor s_obj=13 zwp_linux_dmabuf_v1.modifier args=3
[wp-event][S] suppressed s_obj=13 zwp_linux_dmabuf_v1.modifier (dmabuf format/modifier: the C proxy answers this locally)
[wp-event][S] from-compositor s_obj=13 zwp_linux_dmabuf_v1.modifier args=3
[wp-event][S] suppressed s_obj=13 zwp_linux_dmabuf_v1.modifier (dmabuf format/modifier: the C proxy answers this locally)
[wp-event][S] from-compositor s_obj=13 zwp_linux_dmabuf_v1.modifier args=3
[wp-event][S] suppressed s_obj=13 zwp_linux_dmabuf_v1.modifier (dmabuf format/modifier: the C proxy answers this locally)
[wp-event][S] from-compositor s_obj=13 zwp_linux_dmabuf_v1.modifier args=3
[wp-event][S] suppressed s_obj=13 zwp_linux_dmabuf_v1.modifier (dmabuf format/modifier: the C proxy answers this locally)
[wp-event][S] from-compositor s_obj=13 zwp_linux_dmabuf_v1.modifier args=3
[wp-event][S] suppressed s_obj=13 zwp_linux_dmabuf_v1.modifier (dmabuf format/modifier: the C proxy answers this locally)
[wp-event][S] from-compositor s_obj=13 zwp_linux_dmabuf_v1.modifier args=3
[wp-event][S] suppressed s_obj=13 zwp_linux_dmabuf_v1.modifier (dmabuf format/modifier: the C proxy answers this locally)
[wp-event][S] from-compositor s_obj=13 zwp_linux_dmabuf_v1.modifier args=3
[wp-event][S] suppressed s_obj=13 zwp_linux_dmabuf_v1.modifier (dmabuf format/modifier: the C proxy answers this locally)
[wp-event][S] from-compositor s_obj=13 zwp_linux_dmabuf_v1.modifier args=3
[wp-event][S] suppressed s_obj=13 zwp_linux_dmabuf_v1.modifier (dmabuf format/modifier: the C proxy answers this locally)
[wp-event][S] from-compositor s_obj=13 zwp_linux_dmabuf_v1.modifier args=3
[wp-event][S] suppressed s_obj=13 zwp_linux_dmabuf_v1.modifier (dmabuf format/modifier: the C proxy answers this locally)
[wp-event][S] from-compositor s_obj=13 zwp_linux_dmabuf_v1.modifier args=3
[wp-event][S] suppressed s_obj=13 zwp_linux_dmabuf_v1.modifier (dmabuf format/modifier: the C proxy answers this locally)
[wp-event][S] from-compositor s_obj=13 zwp_linux_dmabuf_v1.modifier args=3
[wp-event][S] suppressed s_obj=13 zwp_linux_dmabuf_v1.modifier (dmabuf format/modifier: the C proxy answers this locally)
[wp-event][S] from-compositor s_obj=13 zwp_linux_dmabuf_v1.modifier args=3
[wp-event][S] suppressed s_obj=13 zwp_linux_dmabuf_v1.modifier (dmabuf format/modifier: the C proxy answers this locally)
[wp-event][S] from-compositor s_obj=13 zwp_linux_dmabuf_v1.modifier args=3
[wp-event][S] suppressed s_obj=13 zwp_linux_dmabuf_v1.modifier (dmabuf format/modifier: the C proxy answers this locally)
[wp-event][S] from-compositor s_obj=13 zwp_linux_dmabuf_v1.modifier args=3
[wp-event][S] suppressed s_obj=13 zwp_linux_dmabuf_v1.modifier (dmabuf format/modifier: the C proxy answers this locally)
[wp-event][S] from-compositor s_obj=13 zwp_linux_dmabuf_v1.modifier args=3
[wp-event][S] suppressed s_obj=13 zwp_linux_dmabuf_v1.modifier (dmabuf format/modifier: the C proxy answers this locally)
[wp-event][S] from-compositor s_obj=13 zwp_linux_dmabuf_v1.modifier args=3
[wp-event][S] suppressed s_obj=13 zwp_linux_dmabuf_v1.modifier (dmabuf format/modifier: the C proxy answers this locally)
[wp-event][S] from-compositor s_obj=13 zwp_linux_dmabuf_v1.modifier args=3
[wp-event][S] suppressed s_obj=13 zwp_linux_dmabuf_v1.modifier (dmabuf format/modifier: the C proxy answers this locally)
[wp-event][S] from-compositor s_obj=13 zwp_linux_dmabuf_v1.modifier args=3
[wp-event][S] suppressed s_obj=13 zwp_linux_dmabuf_v1.modifier (dmabuf format/modifier: the C proxy answers this locally)
[wp-event][S] from-compositor s_obj=13 zwp_linux_dmabuf_v1.modifier args=3
[wp-event][S] suppressed s_obj=13 zwp_linux_dmabuf_v1.modifier (dmabuf format/modifier: the C proxy answers this locally)
[wp-event][S] from-compositor s_obj=13 zwp_linux_dmabuf_v1.modifier args=3
[wp-event][S] suppressed s_obj=13 zwp_linux_dmabuf_v1.modifier (dmabuf format/modifier: the C proxy answers this locally)
[wp-event][S] from-compositor s_obj=13 zwp_linux_dmabuf_v1.modifier args=3
[wp-event][S] suppressed s_obj=13 zwp_linux_dmabuf_v1.modifier (dmabuf format/modifier: the C proxy answers this locally)
[wp-event][S] from-compositor s_obj=13 zwp_linux_dmabuf_v1.modifier args=3
[wp-event][S] suppressed s_obj=13 zwp_linux_dmabuf_v1.modifier (dmabuf format/modifier: the C proxy answers this locally)
[wp-event][S] from-compositor s_obj=13 zwp_linux_dmabuf_v1.modifier args=3
[wp-event][S] suppressed s_obj=13 zwp_linux_dmabuf_v1.modifier (dmabuf format/modifier: the C proxy answers this locally)
[wp-event][S] from-compositor s_obj=13 zwp_linux_dmabuf_v1.modifier args=3
[wp-event][S] suppressed s_obj=13 zwp_linux_dmabuf_v1.modifier (dmabuf format/modifier: the C proxy answers this locally)
[wp-event][S] from-compositor s_obj=13 zwp_linux_dmabuf_v1.modifier args=3
[wp-event][S] suppressed s_obj=13 zwp_linux_dmabuf_v1.modifier (dmabuf format/modifier: the C proxy answers this locally)
[wp-event][S] from-compositor s_obj=13 zwp_linux_dmabuf_v1.modifier args=3
[wp-event][S] suppressed s_obj=13 zwp_linux_dmabuf_v1.modifier (dmabuf format/modifier: the C proxy answers this locally)
[wp-event][S] from-compositor s_obj=13 zwp_linux_dmabuf_v1.modifier args=3
[wp-event][S] suppressed s_obj=13 zwp_linux_dmabuf_v1.modifier (dmabuf format/modifier: the C proxy answers this locally)
[wp-event][S] from-compositor s_obj=13 zwp_linux_dmabuf_v1.modifier args=3
[wp-event][S] suppressed s_obj=13 zwp_linux_dmabuf_v1.modifier (dmabuf format/modifier: the C proxy answers this locally)
[wp-event][S] from-compositor s_obj=13 zwp_linux_dmabuf_v1.modifier args=3
[wp-event][S] suppressed s_obj=13 zwp_linux_dmabuf_v1.modifier (dmabuf format/modifier: the C proxy answers this locally)
[wp-event][S] from-compositor s_obj=13 zwp_linux_dmabuf_v1.modifier args=3
[wp-event][S] suppressed s_obj=13 zwp_linux_dmabuf_v1.modifier (dmabuf format/modifier: the C proxy answers this locally)
[wp-event][S] from-compositor s_obj=13 zwp_linux_dmabuf_v1.modifier args=3
[wp-event][S] suppressed s_obj=13 zwp_linux_dmabuf_v1.modifier (dmabuf format/modifier: the C proxy answers this locally)
[wp-event][S] from-compositor s_obj=13 zwp_linux_dmabuf_v1.modifier args=3
[wp-event][S] suppressed s_obj=13 zwp_linux_dmabuf_v1.modifier (dmabuf format/modifier: the C proxy answers this locally)
[wp-event][S] from-compositor s_obj=13 zwp_linux_dmabuf_v1.modifier args=3
[wp-event][S] suppressed s_obj=13 zwp_linux_dmabuf_v1.modifier (dmabuf format/modifier: the C proxy answers this locally)
[wp-event][S] from-compositor s_obj=13 zwp_linux_dmabuf_v1.modifier args=3
[wp-event][S] suppressed s_obj=13 zwp_linux_dmabuf_v1.modifier (dmabuf format/modifier: the C proxy answers this locally)
[wp-event][S] from-compositor s_obj=13 zwp_linux_dmabuf_v1.modifier args=3
[wp-event][S] suppressed s_obj=13 zwp_linux_dmabuf_v1.modifier (dmabuf format/modifier: the C proxy answers this locally)
[wp-event][S] from-compositor s_obj=13 zwp_linux_dmabuf_v1.modifier args=3
[wp-event][S] suppressed s_obj=13 zwp_linux_dmabuf_v1.modifier (dmabuf format/modifier: the C proxy answers this locally)
[wp-event][S] from-compositor s_obj=13 zwp_linux_dmabuf_v1.modifier args=3
[wp-event][S] suppressed s_obj=13 zwp_linux_dmabuf_v1.modifier (dmabuf format/modifier: the C proxy answers this locally)
[wp-event][S] from-compositor s_obj=13 zwp_linux_dmabuf_v1.modifier args=3
[wp-event][S] suppressed s_obj=13 zwp_linux_dmabuf_v1.modifier (dmabuf format/modifier: the C proxy answers this locally)
[wp-event][S] from-compositor s_obj=13 zwp_linux_dmabuf_v1.modifier args=3
[wp-event][S] suppressed s_obj=13 zwp_linux_dmabuf_v1.modifier (dmabuf format/modifier: the C proxy answers this locally)
[wp-event][S] from-compositor s_obj=13 zwp_linux_dmabuf_v1.modifier args=3
[wp-event][S] suppressed s_obj=13 zwp_linux_dmabuf_v1.modifier (dmabuf format/modifier: the C proxy answers this locally)
[wp-event][S] from-compositor s_obj=13 zwp_linux_dmabuf_v1.modifier args=3
[wp-event][S] suppressed s_obj=13 zwp_linux_dmabuf_v1.modifier (dmabuf format/modifier: the C proxy answers this locally)
[wp-event][S] from-compositor s_obj=13 zwp_linux_dmabuf_v1.modifier args=3
[wp-event][S] suppressed s_obj=13 zwp_linux_dmabuf_v1.modifier (dmabuf format/modifier: the C proxy answers this locally)
[wp-event][S] from-compositor s_obj=13 zwp_linux_dmabuf_v1.modifier args=3
[wp-event][S] suppressed s_obj=13 zwp_linux_dmabuf_v1.modifier (dmabuf format/modifier: the C proxy answers this locally)
[wp-event][S] from-compositor s_obj=13 zwp_linux_dmabuf_v1.modifier args=3
[wp-event][S] suppressed s_obj=13 zwp_linux_dmabuf_v1.modifier (dmabuf format/modifier: the C proxy answers this locally)
[wp-event][S] from-compositor s_obj=13 zwp_linux_dmabuf_v1.modifier args=3
[wp-event][S] suppressed s_obj=13 zwp_linux_dmabuf_v1.modifier (dmabuf format/modifier: the C proxy answers this locally)
[wp-event][S] from-compositor s_obj=13 zwp_linux_dmabuf_v1.modifier args=3
[wp-event][S] suppressed s_obj=13 zwp_linux_dmabuf_v1.modifier (dmabuf format/modifier: the C proxy answers this locally)
[wp-event][S] from-compositor s_obj=13 zwp_linux_dmabuf_v1.modifier args=3
[wp-event][S] suppressed s_obj=13 zwp_linux_dmabuf_v1.modifier (dmabuf format/modifier: the C proxy answers this locally)
[wp-event][S] from-compositor s_obj=13 zwp_linux_dmabuf_v1.modifier args=3
[wp-event][S] suppressed s_obj=13 zwp_linux_dmabuf_v1.modifier (dmabuf format/modifier: the C proxy answers this locally)
[wp-event][S] from-compositor s_obj=13 zwp_linux_dmabuf_v1.modifier args=3
[wp-event][S] suppressed s_obj=13 zwp_linux_dmabuf_v1.modifier (dmabuf format/modifier: the C proxy answers this locally)
[wp-event][S] from-compositor s_obj=13 zwp_linux_dmabuf_v1.modifier args=3
[wp-event][S] suppressed s_obj=13 zwp_linux_dmabuf_v1.modifier (dmabuf format/modifier: the C proxy answers this locally)
[wp-event][S] from-compositor s_obj=13 zwp_linux_dmabuf_v1.modifier args=3
[wp-event][S] suppressed s_obj=13 zwp_linux_dmabuf_v1.modifier (dmabuf format/modifier: the C proxy answers this locally)
[wp-event][S] from-compositor s_obj=13 zwp_linux_dmabuf_v1.modifier args=3
[wp-event][S] suppressed s_obj=13 zwp_linux_dmabuf_v1.modifier (dmabuf format/modifier: the C proxy answers this locally)
[wp-event][S] from-compositor s_obj=13 zwp_linux_dmabuf_v1.modifier args=3
[wp-event][S] suppressed s_obj=13 zwp_linux_dmabuf_v1.modifier (dmabuf format/modifier: the C proxy answers this locally)
[wp-event][S] from-compositor s_obj=13 zwp_linux_dmabuf_v1.modifier args=3
[wp-event][S] suppressed s_obj=13 zwp_linux_dmabuf_v1.modifier (dmabuf format/modifier: the C proxy answers this locally)
[wp-event][S] from-compositor s_obj=13 zwp_linux_dmabuf_v1.modifier args=3
[wp-event][S] suppressed s_obj=13 zwp_linux_dmabuf_v1.modifier (dmabuf format/modifier: the C proxy answers this locally)
[wp-event][S] from-compositor s_obj=13 zwp_linux_dmabuf_v1.modifier args=3
[wp-event][S] suppressed s_obj=13 zwp_linux_dmabuf_v1.modifier (dmabuf format/modifier: the C proxy answers this locally)
rayland-s: WP0 4.3: step 1/3 create_params failed for resource 15: Invalid ObjectId
rayland-s: WP0 replay: send_request (obj 23 opcode 0) failed: Invalid ObjectId
rayland-s: WP0 4.3: step 1/3 create_params failed for resource 16: Invalid ObjectId
rayland-s: WP0 replay: send_request (obj 19 opcode 0) failed: Invalid ObjectId
rayland-s: WP0 4.3: step 1/3 create_params failed for resource 17: Invalid ObjectId
rayland-s: WP0 replay: request for unmapped object 30 (opcode 0); skipped
rayland-s: WP0 4.3: step 1/3 create_params failed for resource 18: Invalid ObjectId
rayland-s: WP0 replay: request for unmapped object 26 (opcode 0); skipped
rayland-s: WP0 replay: request for unmapped object 27 (opcode 0); skipped
rayland-s: WP0 replay: request for unmapped object 29 (opcode 0); skipped
rayland-s: WP0 replay: request for unmapped object 31 (opcode 0); skipped
rayland-s: WP0 replay: request for unmapped object 33 (opcode 0); skipped
rayland-s: WP0 replay bound `zwp_linux_dmabuf_v1` v3 (app obj 33)
[wp-event][S] from-compositor s_obj=12 zwp_linux_dmabuf_v1.modifier args=3
[wp-event][S] suppressed s_obj=12 zwp_linux_dmabuf_v1.modifier (dmabuf format/modifier: the C proxy answers this locally)
rayland-s: WP0 replay bound `zwp_linux_dmabuf_v1` v3 (app obj 33)
[wp-event][S] from-compositor s_obj=12 zwp_linux_dmabuf_v1.modifier args=3
[wp-event][S] suppressed s_obj=12 zwp_linux_dmabuf_v1.modifier (dmabuf format/modifier: the C proxy answers this locally)
[wp-event][S] from-compositor s_obj=12 zwp_linux_dmabuf_v1.modifier args=3
[wp-event][S] suppressed s_obj=12 zwp_linux_dmabuf_v1.modifier (dmabuf format/modifier: the C proxy answers this locally)
[wp-event][S] from-compositor s_obj=12 zwp_linux_dmabuf_v1.modifier args=3
[wp-event][S] suppressed s_obj=12 zwp_linux_dmabuf_v1.modifier (dmabuf format/modifier: the C proxy answers this locally)
[wp-event][S] from-compositor s_obj=12 zwp_linux_dmabuf_v1.modifier args=3
[wp-event][S] suppressed s_obj=12 zwp_linux_dmabuf_v1.modifier (dmabuf format/modifier: the C proxy answers this locally)
[wp-event][S] from-compositor s_obj=12 zwp_linux_dmabuf_v1.modifier args=3
[wp-event][S] suppressed s_obj=12 zwp_linux_dmabuf_v1.modifier (dmabuf format/modifier: the C proxy answers this locally)
[wp-event][S] from-compositor s_obj=12 zwp_linux_dmabuf_v1.modifier args=3
[wp-event][S] suppressed s_obj=12 zwp_linux_dmabuf_v1.modifier (dmabuf format/modifier: the C proxy answers this locally)
[wp-event][S] from-compositor s_obj=12 zwp_linux_dmabuf_v1.modifier args=3
[wp-event][S] suppressed s_obj=12 zwp_linux_dmabuf_v1.modifier (dmabuf format/modifier: the C proxy answers this locally)
[wp-event][S] from-compositor s_obj=12 zwp_linux_dmabuf_v1.modifier args=3
[wp-event][S] suppressed s_obj=12 zwp_linux_dmabuf_v1.modifier (dmabuf format/modifier: the C proxy answers this locally)
[wp-event][S] from-compositor s_obj=12 zwp_linux_dmabuf_v1.modifier args=3
[wp-event][S] suppressed s_obj=12 zwp_linux_dmabuf_v1.modifier (dmabuf format/modifier: the C proxy answers this locally)
[wp-event][S] from-compositor s_obj=12 zwp_linux_dmabuf_v1.modifier args=3
[wp-event][S] suppressed s_obj=12 zwp_linux_dmabuf_v1.modifier (dmabuf format/modifier: the C proxy answers this locally)
[wp-event][S] from-compositor s_obj=12 zwp_linux_dmabuf_v1.modifier args=3
[wp-event][S] suppressed s_obj=12 zwp_linux_dmabuf_v1.modifier (dmabuf format/modifier: the C proxy answers this locally)
[wp-event][S] from-compositor s_obj=12 zwp_linux_dmabuf_v1.modifier args=3
[wp-event][S] suppressed s_obj=12 zwp_linux_dmabuf_v1.modifier (dmabuf format/modifier: the C proxy answers this locally)
[wp-event][S] from-compositor s_obj=12 zwp_linux_dmabuf_v1.modifier args=3
[wp-event][S] suppressed s_obj=12 zwp_linux_dmabuf_v1.modifier (dmabuf format/modifier: the C proxy answers this locally)
[wp-event][S] from-compositor s_obj=12 zwp_linux_dmabuf_v1.modifier args=3
[wp-event][S] suppressed s_obj=12 zwp_linux_dmabuf_v1.modifier (dmabuf format/modifier: the C proxy answers this locally)
[wp-event][S] from-compositor s_obj=12 zwp_linux_dmabuf_v1.modifier args=3
[wp-event][S] suppressed s_obj=12 zwp_linux_dmabuf_v1.modifier (dmabuf format/modifier: the C proxy answers this locally)
[wp-event][S] from-compositor s_obj=12 zwp_linux_dmabuf_v1.modifier args=3
[wp-event][S] suppressed s_obj=12 zwp_linux_dmabuf_v1.modifier (dmabuf format/modifier: the C proxy answers this locally)
[wp-event][S] from-compositor s_obj=12 zwp_linux_dmabuf_v1.modifier args=3
[wp-event][S] suppressed s_obj=12 zwp_linux_dmabuf_v1.modifier (dmabuf format/modifier: the C proxy answers this locally)
[wp-event][S] from-compositor s_obj=12 zwp_linux_dmabuf_v1.modifier args=3
[wp-event][S] suppressed s_obj=12 zwp_linux_dmabuf_v1.modifier (dmabuf format/modifier: the C proxy answers this locally)
[wp-event][S] from-compositor s_obj=12 zwp_linux_dmabuf_v1.modifier args=3
[wp-event][S] suppressed s_obj=12 zwp_linux_dmabuf_v1.modifier (dmabuf format/modifier: the C proxy answers this locally)
[wp-event][S] from-compositor s_obj=12 zwp_linux_dmabuf_v1.modifier args=3
[wp-event][S] suppressed s_obj=12 zwp_linux_dmabuf_v1.modifier (dmabuf format/modifier: the C proxy answers this locally)
[wp-event][S] from-compositor s_obj=12 zwp_linux_dmabuf_v1.modifier args=3
[wp-event][S] suppressed s_obj=12 zwp_linux_dmabuf_v1.modifier (dmabuf format/modifier: the C proxy answers this locally)
[wp-event][S] from-compositor s_obj=12 zwp_linux_dmabuf_v1.modifier args=3
[wp-event][S] suppressed s_obj=12 zwp_linux_dmabuf_v1.modifier (dmabuf format/modifier: the C proxy answers this locally)
[wp-event][S] from-compositor s_obj=12 zwp_linux_dmabuf_v1.modifier args=3
[wp-event][S] suppressed s_obj=12 zwp_linux_dmabuf_v1.modifier (dmabuf format/modifier: the C proxy answers this locally)
[wp-event][S] from-compositor s_obj=12 zwp_linux_dmabuf_v1.modifier args=3
[wp-event][S] suppressed s_obj=12 zwp_linux_dmabuf_v1.modifier (dmabuf format/modifier: the C proxy answers this locally)
[wp-event][S] from-compositor s_obj=12 zwp_linux_dmabuf_v1.modifier args=3
[wp-event][S] suppressed s_obj=12 zwp_linux_dmabuf_v1.modifier (dmabuf format/modifier: the C proxy answers this locally)
[wp-event][S] from-compositor s_obj=12 zwp_linux_dmabuf_v1.modifier args=3
[wp-event][S] suppressed s_obj=12 zwp_linux_dmabuf_v1.modifier (dmabuf format/modifier: the C proxy answers this locally)
[wp-event][S] from-compositor s_obj=12 zwp_linux_dmabuf_v1.modifier args=3
[wp-event][S] suppressed s_obj=12 zwp_linux_dmabuf_v1.modifier (dmabuf format/modifier: the C proxy answers this locally)
[wp-event][S] from-compositor s_obj=12 zwp_linux_dmabuf_v1.modifier args=3
[wp-event][S] suppressed s_obj=12 zwp_linux_dmabuf_v1.modifier (dmabuf format/modifier: the C proxy answers this locally)
[wp-event][S] from-compositor s_obj=12 zwp_linux_dmabuf_v1.modifier args=3
[wp-event][S] suppressed s_obj=12 zwp_linux_dmabuf_v1.modifier (dmabuf format/modifier: the C proxy answers this locally)
[wp-event][S] from-compositor s_obj=12 zwp_linux_dmabuf_v1.modifier args=3
[wp-event][S] suppressed s_obj=12 zwp_linux_dmabuf_v1.modifier (dmabuf format/modifier: the C proxy answers this locally)
[wp-event][S] from-compositor s_obj=12 zwp_linux_dmabuf_v1.modifier args=3
[wp-event][S] suppressed s_obj=12 zwp_linux_dmabuf_v1.modifier (dmabuf format/modifier: the C proxy answers this locally)
[wp-event][S] from-compositor s_obj=12 zwp_linux_dmabuf_v1.modifier args=3
[wp-event][S] suppressed s_obj=12 zwp_linux_dmabuf_v1.modifier (dmabuf format/modifier: the C proxy answers this locally)
[wp-event][S] from-compositor s_obj=12 zwp_linux_dmabuf_v1.modifier args=3
[wp-event][S] suppressed s_obj=12 zwp_linux_dmabuf_v1.modifier (dmabuf format/modifier: the C proxy answers this locally)
[wp-event][S] from-compositor s_obj=12 zwp_linux_dmabuf_v1.modifier args=3
[wp-event][S] suppressed s_obj=12 zwp_linux_dmabuf_v1.modifier (dmabuf format/modifier: the C proxy answers this locally)
[wp-event][S] from-compositor s_obj=12 zwp_linux_dmabuf_v1.modifier args=3
[wp-event][S] suppressed s_obj=12 zwp_linux_dmabuf_v1.modifier (dmabuf format/modifier: the C proxy answers this locally)
[wp-event][S] from-compositor s_obj=12 zwp_linux_dmabuf_v1.modifier args=3
[wp-event][S] suppressed s_obj=12 zwp_linux_dmabuf_v1.modifier (dmabuf format/modifier: the C proxy answers this locally)
[wp-event][S] from-compositor s_obj=12 zwp_linux_dmabuf_v1.modifier args=3
[wp-event][S] suppressed s_obj=12 zwp_linux_dmabuf_v1.modifier (dmabuf format/modifier: the C proxy answers this locally)
[wp-event][S] from-compositor s_obj=12 zwp_linux_dmabuf_v1.modifier args=3
[wp-event][S] suppressed s_obj=12 zwp_linux_dmabuf_v1.modifier (dmabuf format/modifier: the C proxy answers this locally)
[wp-event][S] from-compositor s_obj=12 zwp_linux_dmabuf_v1.modifier args=3
[wp-event][S] suppressed s_obj=12 zwp_linux_dmabuf_v1.modifier (dmabuf format/modifier: the C proxy answers this locally)
[wp-event][S] from-compositor s_obj=12 zwp_linux_dmabuf_v1.modifier args=3
[wp-event][S] suppressed s_obj=12 zwp_linux_dmabuf_v1.modifier (dmabuf format/modifier: the C proxy answers this locally)
[wp-event][S] from-compositor s_obj=12 zwp_linux_dmabuf_v1.modifier args=3
[wp-event][S] suppressed s_obj=12 zwp_linux_dmabuf_v1.modifier (dmabuf format/modifier: the C proxy answers this locally)
[wp-event][S] from-compositor s_obj=12 zwp_linux_dmabuf_v1.modifier args=3
[wp-event][S] suppressed s_obj=12 zwp_linux_dmabuf_v1.modifier (dmabuf format/modifier: the C proxy answers this locally)
[wp-event][S] from-compositor s_obj=12 zwp_linux_dmabuf_v1.modifier args=3
[wp-event][S] suppressed s_obj=12 zwp_linux_dmabuf_v1.modifier (dmabuf format/modifier: the C proxy answers this locally)
[wp-event][S] from-compositor s_obj=12 zwp_linux_dmabuf_v1.modifier args=3
[wp-event][S] suppressed s_obj=12 zwp_linux_dmabuf_v1.modifier (dmabuf format/modifier: the C proxy answers this locally)
[wp-event][S] from-compositor s_obj=12 zwp_linux_dmabuf_v1.modifier args=3
[wp-event][S] suppressed s_obj=12 zwp_linux_dmabuf_v1.modifier (dmabuf format/modifier: the C proxy answers this locally)
[wp-event][S] from-compositor s_obj=12 zwp_linux_dmabuf_v1.modifier args=3
[wp-event][S] suppressed s_obj=12 zwp_linux_dmabuf_v1.modifier (dmabuf format/modifier: the C proxy answers this locally)
[wp-event][S] from-compositor s_obj=12 zwp_linux_dmabuf_v1.modifier args=3
[wp-event][S] suppressed s_obj=12 zwp_linux_dmabuf_v1.modifier (dmabuf format/modifier: the C proxy answers this locally)
[wp-event][S] from-compositor s_obj=12 zwp_linux_dmabuf_v1.modifier args=3
[wp-event][S] suppressed s_obj=12 zwp_linux_dmabuf_v1.modifier (dmabuf format/modifier: the C proxy answers this locally)
[wp-event][S] from-compositor s_obj=12 zwp_linux_dmabuf_v1.modifier args=3
[wp-event][S] suppressed s_obj=12 zwp_linux_dmabuf_v1.modifier (dmabuf format/modifier: the C proxy answers this locally)
[wp-event][S] from-compositor s_obj=12 zwp_linux_dmabuf_v1.modifier args=3
[wp-event][S] suppressed s_obj=12 zwp_linux_dmabuf_v1.modifier (dmabuf format/modifier: the C proxy answers this locally)
[wp-event][S] from-compositor s_obj=12 zwp_linux_dmabuf_v1.modifier args=3
[wp-event][S] suppressed s_obj=12 zwp_linux_dmabuf_v1.modifier (dmabuf format/modifier: the C proxy answers this locally)
[wp-event][S] from-compositor s_obj=12 zwp_linux_dmabuf_v1.modifier args=3
[wp-event][S] suppressed s_obj=12 zwp_linux_dmabuf_v1.modifier (dmabuf format/modifier: the C proxy answers this locally)
[wp-event][S] from-compositor s_obj=12 zwp_linux_dmabuf_v1.modifier args=3
[wp-event][S] suppressed s_obj=12 zwp_linux_dmabuf_v1.modifier (dmabuf format/modifier: the C proxy answers this locally)
[wp-event][S] from-compositor s_obj=12 zwp_linux_dmabuf_v1.modifier args=3
[wp-event][S] suppressed s_obj=12 zwp_linux_dmabuf_v1.modifier (dmabuf format/modifier: the C proxy answers this locally)
[wp-event][S] from-compositor s_obj=12 zwp_linux_dmabuf_v1.modifier args=3
[wp-event][S] suppressed s_obj=12 zwp_linux_dmabuf_v1.modifier (dmabuf format/modifier: the C proxy answers this locally)
[wp-event][S] from-compositor s_obj=12 zwp_linux_dmabuf_v1.modifier args=3
[wp-event][S] suppressed s_obj=12 zwp_linux_dmabuf_v1.modifier (dmabuf format/modifier: the C proxy answers this locally)
[wp-event][S] from-compositor s_obj=12 zwp_linux_dmabuf_v1.modifier args=3
[wp-event][S] suppressed s_obj=12 zwp_linux_dmabuf_v1.modifier (dmabuf format/modifier: the C proxy answers this locally)
[wp-event][S] from-compositor s_obj=12 zwp_linux_dmabuf_v1.modifier args=3
[wp-event][S] suppressed s_obj=12 zwp_linux_dmabuf_v1.modifier (dmabuf format/modifier: the C proxy answers this locally)
[wp-event][S] from-compositor s_obj=12 zwp_linux_dmabuf_v1.modifier args=3
[wp-event][S] suppressed s_obj=12 zwp_linux_dmabuf_v1.modifier (dmabuf format/modifier: the C proxy answers this locally)
[wp-event][S] from-compositor s_obj=12 zwp_linux_dmabuf_v1.modifier args=3
[wp-event][S] suppressed s_obj=12 zwp_linux_dmabuf_v1.modifier (dmabuf format/modifier: the C proxy answers this locally)
[wp-event][S] from-compositor s_obj=12 zwp_linux_dmabuf_v1.modifier args=3
[wp-event][S] suppressed s_obj=12 zwp_linux_dmabuf_v1.modifier (dmabuf format/modifier: the C proxy answers this locally)
[wp-event][S] from-compositor s_obj=12 zwp_linux_dmabuf_v1.modifier args=3
[wp-event][S] suppressed s_obj=12 zwp_linux_dmabuf_v1.modifier (dmabuf format/modifier: the C proxy answers this locally)
[wp-event][S] from-compositor s_obj=12 zwp_linux_dmabuf_v1.modifier args=3
[wp-event][S] suppressed s_obj=12 zwp_linux_dmabuf_v1.modifier (dmabuf format/modifier: the C proxy answers this locally)
[wp-event][S] from-compositor s_obj=12 zwp_linux_dmabuf_v1.modifier args=3
[wp-event][S] suppressed s_obj=12 zwp_linux_dmabuf_v1.modifier (dmabuf format/modifier: the C proxy answers this locally)
[wp-event][S] from-compositor s_obj=12 zwp_linux_dmabuf_v1.modifier args=3
[wp-event][S] suppressed s_obj=12 zwp_linux_dmabuf_v1.modifier (dmabuf format/modifier: the C proxy answers this locally)
[wp-event][S] from-compositor s_obj=12 zwp_linux_dmabuf_v1.modifier args=3
[wp-event][S] suppressed s_obj=12 zwp_linux_dmabuf_v1.modifier (dmabuf format/modifier: the C proxy answers this locally)
[wp-event][S] from-compositor s_obj=12 zwp_linux_dmabuf_v1.modifier args=3
[wp-event][S] suppressed s_obj=12 zwp_linux_dmabuf_v1.modifier (dmabuf format/modifier: the C proxy answers this locally)
[wp-event][S] from-compositor s_obj=12 zwp_linux_dmabuf_v1.modifier args=3
[wp-event][S] suppressed s_obj=12 zwp_linux_dmabuf_v1.modifier (dmabuf format/modifier: the C proxy answers this locally)
[wp-event][S] from-compositor s_obj=12 zwp_linux_dmabuf_v1.modifier args=3
[wp-event][S] suppressed s_obj=12 zwp_linux_dmabuf_v1.modifier (dmabuf format/modifier: the C proxy answers this locally)
[wp-event][S] from-compositor s_obj=12 zwp_linux_dmabuf_v1.modifier args=3
[wp-event][S] suppressed s_obj=12 zwp_linux_dmabuf_v1.modifier (dmabuf format/modifier: the C proxy answers this locally)
[wp-event][S] from-compositor s_obj=12 zwp_linux_dmabuf_v1.modifier args=3
[wp-event][S] suppressed s_obj=12 zwp_linux_dmabuf_v1.modifier (dmabuf format/modifier: the C proxy answers this locally)
[wp-event][S] from-compositor s_obj=12 zwp_linux_dmabuf_v1.modifier args=3
[wp-event][S] suppressed s_obj=12 zwp_linux_dmabuf_v1.modifier (dmabuf format/modifier: the C proxy answers this locally)
[wp-event][S] from-compositor s_obj=12 zwp_linux_dmabuf_v1.modifier args=3
[wp-event][S] suppressed s_obj=12 zwp_linux_dmabuf_v1.modifier (dmabuf format/modifier: the C proxy answers this locally)
[wp-event][S] from-compositor s_obj=12 zwp_linux_dmabuf_v1.modifier args=3
[wp-event][S] suppressed s_obj=12 zwp_linux_dmabuf_v1.modifier (dmabuf format/modifier: the C proxy answers this locally)
[wp-event][S] from-compositor s_obj=12 zwp_linux_dmabuf_v1.modifier args=3
[wp-event][S] suppressed s_obj=12 zwp_linux_dmabuf_v1.modifier (dmabuf format/modifier: the C proxy answers this locally)
[wp-event][S] from-compositor s_obj=12 zwp_linux_dmabuf_v1.modifier args=3
[wp-event][S] suppressed s_obj=12 zwp_linux_dmabuf_v1.modifier (dmabuf format/modifier: the C proxy answers this locally)
[wp-event][S] from-compositor s_obj=12 zwp_linux_dmabuf_v1.modifier args=3
[wp-event][S] suppressed s_obj=12 zwp_linux_dmabuf_v1.modifier (dmabuf format/modifier: the C proxy answers this locally)
[wp-event][S] from-compositor s_obj=12 zwp_linux_dmabuf_v1.modifier args=3
[wp-event][S] suppressed s_obj=12 zwp_linux_dmabuf_v1.modifier (dmabuf format/modifier: the C proxy answers this locally)
[wp-event][S] from-compositor s_obj=12 zwp_linux_dmabuf_v1.modifier args=3
[wp-event][S] suppressed s_obj=12 zwp_linux_dmabuf_v1.modifier (dmabuf format/modifier: the C proxy answers this locally)
[wp-event][S] from-compositor s_obj=12 zwp_linux_dmabuf_v1.modifier args=3
[wp-event][S] suppressed s_obj=12 zwp_linux_dmabuf_v1.modifier (dmabuf format/modifier: the C proxy answers this locally)
[wp-event][S] from-compositor s_obj=12 zwp_linux_dmabuf_v1.modifier args=3
[wp-event][S] suppressed s_obj=12 zwp_linux_dmabuf_v1.modifier (dmabuf format/modifier: the C proxy answers this locally)
[wp-event][S] from-compositor s_obj=12 zwp_linux_dmabuf_v1.modifier args=3
[wp-event][S] suppressed s_obj=12 zwp_linux_dmabuf_v1.modifier (dmabuf format/modifier: the C proxy answers this locally)
[wp-event][S] from-compositor s_obj=12 zwp_linux_dmabuf_v1.modifier args=3
[wp-event][S] suppressed s_obj=12 zwp_linux_dmabuf_v1.modifier (dmabuf format/modifier: the C proxy answers this locally)
[wp-event][S] from-compositor s_obj=12 zwp_linux_dmabuf_v1.modifier args=3
[wp-event][S] suppressed s_obj=12 zwp_linux_dmabuf_v1.modifier (dmabuf format/modifier: the C proxy answers this locally)
[wp-event][S] from-compositor s_obj=12 zwp_linux_dmabuf_v1.modifier args=3
[wp-event][S] suppressed s_obj=12 zwp_linux_dmabuf_v1.modifier (dmabuf format/modifier: the C proxy answers this locally)
[wp-event][S] from-compositor s_obj=12 zwp_linux_dmabuf_v1.modifier args=3
[wp-event][S] suppressed s_obj=12 zwp_linux_dmabuf_v1.modifier (dmabuf format/modifier: the C proxy answers this locally)
[wp-event][S] from-compositor s_obj=12 zwp_linux_dmabuf_v1.modifier args=3
[wp-event][S] suppressed s_obj=12 zwp_linux_dmabuf_v1.modifier (dmabuf format/modifier: the C proxy answers this locally)
[wp-event][S] from-compositor s_obj=12 zwp_linux_dmabuf_v1.modifier args=3
[wp-event][S] suppressed s_obj=12 zwp_linux_dmabuf_v1.modifier (dmabuf format/modifier: the C proxy answers this locally)
[wp-event][S] from-compositor s_obj=12 zwp_linux_dmabuf_v1.modifier args=3
[wp-event][S] suppressed s_obj=12 zwp_linux_dmabuf_v1.modifier (dmabuf format/modifier: the C proxy answers this locally)
[wp-event][S] from-compositor s_obj=12 zwp_linux_dmabuf_v1.modifier args=3
[wp-event][S] suppressed s_obj=12 zwp_linux_dmabuf_v1.modifier (dmabuf format/modifier: the C proxy answers this locally)
[wp-event][S] from-compositor s_obj=12 zwp_linux_dmabuf_v1.modifier args=3
[wp-event][S] suppressed s_obj=12 zwp_linux_dmabuf_v1.modifier (dmabuf format/modifier: the C proxy answers this locally)
[wp-event][S] from-compositor s_obj=12 zwp_linux_dmabuf_v1.modifier args=3
[wp-event][S] suppressed s_obj=12 zwp_linux_dmabuf_v1.modifier (dmabuf format/modifier: the C proxy answers this locally)
[wp-event][S] from-compositor s_obj=12 zwp_linux_dmabuf_v1.modifier args=3
[wp-event][S] suppressed s_obj=12 zwp_linux_dmabuf_v1.modifier (dmabuf format/modifier: the C proxy answers this locally)
[wp-event][S] from-compositor s_obj=12 zwp_linux_dmabuf_v1.modifier args=3
[wp-event][S] suppressed s_obj=12 zwp_linux_dmabuf_v1.modifier (dmabuf format/modifier: the C proxy answers this locally)
[wp-event][S] from-compositor s_obj=12 zwp_linux_dmabuf_v1.modifier args=3
[wp-event][S] suppressed s_obj=12 zwp_linux_dmabuf_v1.modifier (dmabuf format/modifier: the C proxy answers this locally)
[wp-event][S] from-compositor s_obj=12 zwp_linux_dmabuf_v1.modifier args=3
[wp-event][S] suppressed s_obj=12 zwp_linux_dmabuf_v1.modifier (dmabuf format/modifier: the C proxy answers this locally)
[wp-event][S] from-compositor s_obj=12 zwp_linux_dmabuf_v1.modifier args=3
[wp-event][S] suppressed s_obj=12 zwp_linux_dmabuf_v1.modifier (dmabuf format/modifier: the C proxy answers this locally)
[wp-event][S] from-compositor s_obj=12 zwp_linux_dmabuf_v1.modifier args=3
[wp-event][S] suppressed s_obj=12 zwp_linux_dmabuf_v1.modifier (dmabuf format/modifier: the C proxy answers this locally)
[wp-event][S] from-compositor s_obj=12 zwp_linux_dmabuf_v1.modifier args=3
[wp-event][S] suppressed s_obj=12 zwp_linux_dmabuf_v1.modifier (dmabuf format/modifier: the C proxy answers this locally)
[wp-event][S] from-compositor s_obj=12 zwp_linux_dmabuf_v1.modifier args=3
[wp-event][S] suppressed s_obj=12 zwp_linux_dmabuf_v1.modifier (dmabuf format/modifier: the C proxy answers this locally)
[wp-event][S] from-compositor s_obj=12 zwp_linux_dmabuf_v1.modifier args=3
[wp-event][S] suppressed s_obj=12 zwp_linux_dmabuf_v1.modifier (dmabuf format/modifier: the C proxy answers this locally)
[wp-event][S] from-compositor s_obj=12 zwp_linux_dmabuf_v1.modifier args=3
[wp-event][S] suppressed s_obj=12 zwp_linux_dmabuf_v1.modifier (dmabuf format/modifier: the C proxy answers this locally)
[wp-event][S] from-compositor s_obj=12 zwp_linux_dmabuf_v1.modifier args=3
[wp-event][S] suppressed s_obj=12 zwp_linux_dmabuf_v1.modifier (dmabuf format/modifier: the C proxy answers this locally)
[wp-event][S] from-compositor s_obj=12 zwp_linux_dmabuf_v1.modifier args=3
[wp-event][S] suppressed s_obj=12 zwp_linux_dmabuf_v1.modifier (dmabuf format/modifier: the C proxy answers this locally)
[wp-event][S] from-compositor s_obj=12 zwp_linux_dmabuf_v1.modifier args=3
[wp-event][S] suppressed s_obj=12 zwp_linux_dmabuf_v1.modifier (dmabuf format/modifier: the C proxy answers this locally)
[wp-event][S] from-compositor s_obj=12 zwp_linux_dmabuf_v1.modifier args=3
[wp-event][S] suppressed s_obj=12 zwp_linux_dmabuf_v1.modifier (dmabuf format/modifier: the C proxy answers this locally)
[wp-event][S] from-compositor s_obj=12 zwp_linux_dmabuf_v1.modifier args=3
[wp-event][S] suppressed s_obj=12 zwp_linux_dmabuf_v1.modifier (dmabuf format/modifier: the C proxy answers this locally)
[wp-event][S] from-compositor s_obj=12 zwp_linux_dmabuf_v1.modifier args=3
[wp-event][S] suppressed s_obj=12 zwp_linux_dmabuf_v1.modifier (dmabuf format/modifier: the C proxy answers this locally)
[wp-event][S] from-compositor s_obj=12 zwp_linux_dmabuf_v1.modifier args=3
[wp-event][S] suppressed s_obj=12 zwp_linux_dmabuf_v1.modifier (dmabuf format/modifier: the C proxy answers this locally)
[wp-event][S] from-compositor s_obj=12 zwp_linux_dmabuf_v1.modifier args=3
[wp-event][S] suppressed s_obj=12 zwp_linux_dmabuf_v1.modifier (dmabuf format/modifier: the C proxy answers this locally)
[wp-event][S] from-compositor s_obj=12 zwp_linux_dmabuf_v1.modifier args=3
[wp-event][S] suppressed s_obj=12 zwp_linux_dmabuf_v1.modifier (dmabuf format/modifier: the C proxy answers this locally)
[wp-event][S] from-compositor s_obj=12 zwp_linux_dmabuf_v1.modifier args=3
[wp-event][S] suppressed s_obj=12 zwp_linux_dmabuf_v1.modifier (dmabuf format/modifier: the C proxy answers this locally)
[wp-event][S] from-compositor s_obj=12 zwp_linux_dmabuf_v1.modifier args=3
[wp-event][S] suppressed s_obj=12 zwp_linux_dmabuf_v1.modifier (dmabuf format/modifier: the C proxy answers this locally)
[wp-event][S] from-compositor s_obj=12 zwp_linux_dmabuf_v1.modifier args=3
[wp-event][S] suppressed s_obj=12 zwp_linux_dmabuf_v1.modifier (dmabuf format/modifier: the C proxy answers this locally)
[wp-event][S] from-compositor s_obj=12 zwp_linux_dmabuf_v1.modifier args=3
[wp-event][S] suppressed s_obj=12 zwp_linux_dmabuf_v1.modifier (dmabuf format/modifier: the C proxy answers this locally)
[wp-event][S] from-compositor s_obj=12 zwp_linux_dmabuf_v1.modifier args=3
[wp-event][S] suppressed s_obj=12 zwp_linux_dmabuf_v1.modifier (dmabuf format/modifier: the C proxy answers this locally)
[wp-event][S] from-compositor s_obj=12 zwp_linux_dmabuf_v1.modifier args=3
[wp-event][S] suppressed s_obj=12 zwp_linux_dmabuf_v1.modifier (dmabuf format/modifier: the C proxy answers this locally)
[wp-event][S] from-compositor s_obj=12 zwp_linux_dmabuf_v1.modifier args=3
[wp-event][S] suppressed s_obj=12 zwp_linux_dmabuf_v1.modifier (dmabuf format/modifier: the C proxy answers this locally)
[wp-event][S] from-compositor s_obj=12 zwp_linux_dmabuf_v1.modifier args=3
[wp-event][S] suppressed s_obj=12 zwp_linux_dmabuf_v1.modifier (dmabuf format/modifier: the C proxy answers this locally)
[wp-event][S] from-compositor s_obj=12 zwp_linux_dmabuf_v1.modifier args=3
[wp-event][S] suppressed s_obj=12 zwp_linux_dmabuf_v1.modifier (dmabuf format/modifier: the C proxy answers this locally)
[wp-event][S] from-compositor s_obj=12 zwp_linux_dmabuf_v1.modifier args=3
[wp-event][S] suppressed s_obj=12 zwp_linux_dmabuf_v1.modifier (dmabuf format/modifier: the C proxy answers this locally)
[wp-event][S] from-compositor s_obj=12 zwp_linux_dmabuf_v1.modifier args=3
[wp-event][S] suppressed s_obj=12 zwp_linux_dmabuf_v1.modifier (dmabuf format/modifier: the C proxy answers this locally)
[wp-event][S] from-compositor s_obj=12 zwp_linux_dmabuf_v1.modifier args=3
[wp-event][S] suppressed s_obj=12 zwp_linux_dmabuf_v1.modifier (dmabuf format/modifier: the C proxy answers this locally)
[wp-event][S] from-compositor s_obj=12 zwp_linux_dmabuf_v1.modifier args=3
[wp-event][S] suppressed s_obj=12 zwp_linux_dmabuf_v1.modifier (dmabuf format/modifier: the C proxy answers this locally)
[wp-event][S] from-compositor s_obj=12 zwp_linux_dmabuf_v1.modifier args=3
[wp-event][S] suppressed s_obj=12 zwp_linux_dmabuf_v1.modifier (dmabuf format/modifier: the C proxy answers this locally)
[wp-event][S] from-compositor s_obj=12 zwp_linux_dmabuf_v1.modifier args=3
[wp-event][S] suppressed s_obj=12 zwp_linux_dmabuf_v1.modifier (dmabuf format/modifier: the C proxy answers this locally)
[wp-event][S] from-compositor s_obj=12 zwp_linux_dmabuf_v1.modifier args=3
[wp-event][S] suppressed s_obj=12 zwp_linux_dmabuf_v1.modifier (dmabuf format/modifier: the C proxy answers this locally)
[wp-event][S] from-compositor s_obj=12 zwp_linux_dmabuf_v1.modifier args=3
[wp-event][S] suppressed s_obj=12 zwp_linux_dmabuf_v1.modifier (dmabuf format/modifier: the C proxy answers this locally)
[wp-event][S] from-compositor s_obj=12 zwp_linux_dmabuf_v1.modifier args=3
[wp-event][S] suppressed s_obj=12 zwp_linux_dmabuf_v1.modifier (dmabuf format/modifier: the C proxy answers this locally)
[wp-event][S] from-compositor s_obj=12 zwp_linux_dmabuf_v1.modifier args=3
[wp-event][S] suppressed s_obj=12 zwp_linux_dmabuf_v1.modifier (dmabuf format/modifier: the C proxy answers this locally)
[wp-event][S] from-compositor s_obj=12 zwp_linux_dmabuf_v1.modifier args=3
[wp-event][S] suppressed s_obj=12 zwp_linux_dmabuf_v1.modifier (dmabuf format/modifier: the C proxy answers this locally)
[wp-event][S] from-compositor s_obj=12 zwp_linux_dmabuf_v1.modifier args=3
[wp-event][S] suppressed s_obj=12 zwp_linux_dmabuf_v1.modifier (dmabuf format/modifier: the C proxy answers this locally)
[wp-event][S] from-compositor s_obj=12 zwp_linux_dmabuf_v1.modifier args=3
[wp-event][S] suppressed s_obj=12 zwp_linux_dmabuf_v1.modifier (dmabuf format/modifier: the C proxy answers this locally)
[wp-event][S] from-compositor s_obj=12 zwp_linux_dmabuf_v1.modifier args=3
[wp-event][S] suppressed s_obj=12 zwp_linux_dmabuf_v1.modifier (dmabuf format/modifier: the C proxy answers this locally)
[wp-event][S] from-compositor s_obj=12 zwp_linux_dmabuf_v1.modifier args=3
[wp-event][S] suppressed s_obj=12 zwp_linux_dmabuf_v1.modifier (dmabuf format/modifier: the C proxy answers this locally)
[wp-event][S] from-compositor s_obj=12 zwp_linux_dmabuf_v1.modifier args=3
[wp-event][S] suppressed s_obj=12 zwp_linux_dmabuf_v1.modifier (dmabuf format/modifier: the C proxy answers this locally)
[wp-event][S] from-compositor s_obj=12 zwp_linux_dmabuf_v1.modifier args=3
[wp-event][S] suppressed s_obj=12 zwp_linux_dmabuf_v1.modifier (dmabuf format/modifier: the C proxy answers this locally)
[wp-event][S] from-compositor s_obj=12 zwp_linux_dmabuf_v1.modifier args=3
[wp-event][S] suppressed s_obj=12 zwp_linux_dmabuf_v1.modifier (dmabuf format/modifier: the C proxy answers this locally)
[wp-event][S] from-compositor s_obj=12 zwp_linux_dmabuf_v1.modifier args=3
[wp-event][S] suppressed s_obj=12 zwp_linux_dmabuf_v1.modifier (dmabuf format/modifier: the C proxy answers this locally)
[wp-event][S] from-compositor s_obj=12 zwp_linux_dmabuf_v1.modifier args=3
[wp-event][S] suppressed s_obj=12 zwp_linux_dmabuf_v1.modifier (dmabuf format/modifier: the C proxy answers this locally)
[wp-event][S] from-compositor s_obj=12 zwp_linux_dmabuf_v1.modifier args=3
[wp-event][S] suppressed s_obj=12 zwp_linux_dmabuf_v1.modifier (dmabuf format/modifier: the C proxy answers this locally)
[wp-event][S] from-compositor s_obj=12 zwp_linux_dmabuf_v1.modifier args=3
[wp-event][S] suppressed s_obj=12 zwp_linux_dmabuf_v1.modifier (dmabuf format/modifier: the C proxy answers this locally)
[wp-event][S] from-compositor s_obj=12 zwp_linux_dmabuf_v1.modifier args=3
[wp-event][S] suppressed s_obj=12 zwp_linux_dmabuf_v1.modifier (dmabuf format/modifier: the C proxy answers this locally)
[wp-event][S] from-compositor s_obj=12 zwp_linux_dmabuf_v1.modifier args=3
[wp-event][S] suppressed s_obj=12 zwp_linux_dmabuf_v1.modifier (dmabuf format/modifier: the C proxy answers this locally)
[wp-event][S] from-compositor s_obj=12 zwp_linux_dmabuf_v1.modifier args=3
[wp-event][S] suppressed s_obj=12 zwp_linux_dmabuf_v1.modifier (dmabuf format/modifier: the C proxy answers this locally)
[wp-event][S] from-compositor s_obj=12 zwp_linux_dmabuf_v1.modifier args=3
[wp-event][S] suppressed s_obj=12 zwp_linux_dmabuf_v1.modifier (dmabuf format/modifier: the C proxy answers this locally)
[wp-event][S] from-compositor s_obj=12 zwp_linux_dmabuf_v1.modifier args=3
[wp-event][S] suppressed s_obj=12 zwp_linux_dmabuf_v1.modifier (dmabuf format/modifier: the C proxy answers this locally)
[wp-event][S] from-compositor s_obj=12 zwp_linux_dmabuf_v1.modifier args=3
[wp-event][S] suppressed s_obj=12 zwp_linux_dmabuf_v1.modifier (dmabuf format/modifier: the C proxy answers this locally)
[wp-event][S] from-compositor s_obj=12 zwp_linux_dmabuf_v1.modifier args=3
[wp-event][S] suppressed s_obj=12 zwp_linux_dmabuf_v1.modifier (dmabuf format/modifier: the C proxy answers this locally)
[wp-event][S] from-compositor s_obj=12 zwp_linux_dmabuf_v1.modifier args=3
[wp-event][S] suppressed s_obj=12 zwp_linux_dmabuf_v1.modifier (dmabuf format/modifier: the C proxy answers this locally)
[wp-event][S] from-compositor s_obj=12 zwp_linux_dmabuf_v1.modifier args=3
[wp-event][S] suppressed s_obj=12 zwp_linux_dmabuf_v1.modifier (dmabuf format/modifier: the C proxy answers this locally)
[wp-event][S] from-compositor s_obj=12 zwp_linux_dmabuf_v1.modifier args=3
[wp-event][S] suppressed s_obj=12 zwp_linux_dmabuf_v1.modifier (dmabuf format/modifier: the C proxy answers this locally)
[wp-event][S] from-compositor s_obj=12 zwp_linux_dmabuf_v1.modifier args=3
[wp-event][S] suppressed s_obj=12 zwp_linux_dmabuf_v1.modifier (dmabuf format/modifier: the C proxy answers this locally)
[wp-event][S] from-compositor s_obj=12 zwp_linux_dmabuf_v1.modifier args=3
[wp-event][S] suppressed s_obj=12 zwp_linux_dmabuf_v1.modifier (dmabuf format/modifier: the C proxy answers this locally)
[wp-event][S] from-compositor s_obj=12 zwp_linux_dmabuf_v1.modifier args=3
[wp-event][S] suppressed s_obj=12 zwp_linux_dmabuf_v1.modifier (dmabuf format/modifier: the C proxy answers this locally)
[wp-event][S] from-compositor s_obj=12 zwp_linux_dmabuf_v1.modifier args=3
[wp-event][S] suppressed s_obj=12 zwp_linux_dmabuf_v1.modifier (dmabuf format/modifier: the C proxy answers this locally)
[wp-event][S] from-compositor s_obj=12 zwp_linux_dmabuf_v1.modifier args=3
[wp-event][S] suppressed s_obj=12 zwp_linux_dmabuf_v1.modifier (dmabuf format/modifier: the C proxy answers this locally)
[wp-event][S] from-compositor s_obj=12 zwp_linux_dmabuf_v1.modifier args=3
[wp-event][S] suppressed s_obj=12 zwp_linux_dmabuf_v1.modifier (dmabuf format/modifier: the C proxy answers this locally)
[wp-event][S] from-compositor s_obj=12 zwp_linux_dmabuf_v1.modifier args=3
[wp-event][S] suppressed s_obj=12 zwp_linux_dmabuf_v1.modifier (dmabuf format/modifier: the C proxy answers this locally)
[wp-event][S] from-compositor s_obj=12 zwp_linux_dmabuf_v1.modifier args=3
[wp-event][S] suppressed s_obj=12 zwp_linux_dmabuf_v1.modifier (dmabuf format/modifier: the C proxy answers this locally)
[wp-event][S] from-compositor s_obj=12 zwp_linux_dmabuf_v1.modifier args=3
[wp-event][S] suppressed s_obj=12 zwp_linux_dmabuf_v1.modifier (dmabuf format/modifier: the C proxy answers this locally)
[wp-event][S] from-compositor s_obj=12 zwp_linux_dmabuf_v1.modifier args=3
[wp-event][S] suppressed s_obj=12 zwp_linux_dmabuf_v1.modifier (dmabuf format/modifier: the C proxy answers this locally)
[wp-event][S] from-compositor s_obj=12 zwp_linux_dmabuf_v1.modifier args=3
[wp-event][S] suppressed s_obj=12 zwp_linux_dmabuf_v1.modifier (dmabuf format/modifier: the C proxy answers this locally)
[wp-event][S] from-compositor s_obj=12 zwp_linux_dmabuf_v1.modifier args=3
[wp-event][S] suppressed s_obj=12 zwp_linux_dmabuf_v1.modifier (dmabuf format/modifier: the C proxy answers this locally)
[wp-event][S] from-compositor s_obj=12 zwp_linux_dmabuf_v1.modifier args=3
[wp-event][S] suppressed s_obj=12 zwp_linux_dmabuf_v1.modifier (dmabuf format/modifier: the C proxy answers this locally)
[wp-event][S] from-compositor s_obj=12 zwp_linux_dmabuf_v1.modifier args=3
[wp-event][S] suppressed s_obj=12 zwp_linux_dmabuf_v1.modifier (dmabuf format/modifier: the C proxy answers this locally)
[wp-event][S] from-compositor s_obj=12 zwp_linux_dmabuf_v1.modifier args=3
[wp-event][S] suppressed s_obj=12 zwp_linux_dmabuf_v1.modifier (dmabuf format/modifier: the C proxy answers this locally)
[wp-event][S] from-compositor s_obj=12 zwp_linux_dmabuf_v1.modifier args=3
[wp-event][S] suppressed s_obj=12 zwp_linux_dmabuf_v1.modifier (dmabuf format/modifier: the C proxy answers this locally)
[wp-event][S] from-compositor s_obj=12 zwp_linux_dmabuf_v1.modifier args=3
[wp-event][S] suppressed s_obj=12 zwp_linux_dmabuf_v1.modifier (dmabuf format/modifier: the C proxy answers this locally)
[wp-event][S] from-compositor s_obj=12 zwp_linux_dmabuf_v1.modifier args=3
[wp-event][S] suppressed s_obj=12 zwp_linux_dmabuf_v1.modifier (dmabuf format/modifier: the C proxy answers this locally)
[wp-event][S] from-compositor s_obj=12 zwp_linux_dmabuf_v1.modifier args=3
[wp-event][S] suppressed s_obj=12 zwp_linux_dmabuf_v1.modifier (dmabuf format/modifier: the C proxy answers this locally)
[wp-event][S] from-compositor s_obj=12 zwp_linux_dmabuf_v1.modifier args=3
[wp-event][S] suppressed s_obj=12 zwp_linux_dmabuf_v1.modifier (dmabuf format/modifier: the C proxy answers this locally)
[wp-event][S] from-compositor s_obj=12 zwp_linux_dmabuf_v1.modifier args=3
[wp-event][S] suppressed s_obj=12 zwp_linux_dmabuf_v1.modifier (dmabuf format/modifier: the C proxy answers this locally)
[wp-event][S] from-compositor s_obj=12 zwp_linux_dmabuf_v1.modifier args=3
[wp-event][S] suppressed s_obj=12 zwp_linux_dmabuf_v1.modifier (dmabuf format/modifier: the C proxy answers this locally)
[wp-event][S] from-compositor s_obj=12 zwp_linux_dmabuf_v1.modifier args=3
[wp-event][S] suppressed s_obj=12 zwp_linux_dmabuf_v1.modifier (dmabuf format/modifier: the C proxy answers this locally)
[wp-event][S] from-compositor s_obj=12 zwp_linux_dmabuf_v1.modifier args=3
[wp-event][S] suppressed s_obj=12 zwp_linux_dmabuf_v1.modifier (dmabuf format/modifier: the C proxy answers this locally)
[wp-event][S] from-compositor s_obj=12 zwp_linux_dmabuf_v1.modifier args=3
[wp-event][S] suppressed s_obj=12 zwp_linux_dmabuf_v1.modifier (dmabuf format/modifier: the C proxy answers this locally)
[wp-event][S] from-compositor s_obj=12 zwp_linux_dmabuf_v1.modifier args=3
[wp-event][S] suppressed s_obj=12 zwp_linux_dmabuf_v1.modifier (dmabuf format/modifier: the C proxy answers this locally)
[wp-event][S] from-compositor s_obj=12 zwp_linux_dmabuf_v1.modifier args=3
[wp-event][S] suppressed s_obj=12 zwp_linux_dmabuf_v1.modifier (dmabuf format/modifier: the C proxy answers this locally)
[wp-event][S] from-compositor s_obj=12 zwp_linux_dmabuf_v1.modifier args=3
[wp-event][S] suppressed s_obj=12 zwp_linux_dmabuf_v1.modifier (dmabuf format/modifier: the C proxy answers this locally)
[wp-event][S] from-compositor s_obj=12 zwp_linux_dmabuf_v1.modifier args=3
[wp-event][S] suppressed s_obj=12 zwp_linux_dmabuf_v1.modifier (dmabuf format/modifier: the C proxy answers this locally)
[wp-event][S] from-compositor s_obj=12 zwp_linux_dmabuf_v1.modifier args=3
[wp-event][S] suppressed s_obj=12 zwp_linux_dmabuf_v1.modifier (dmabuf format/modifier: the C proxy answers this locally)
[wp-event][S] from-compositor s_obj=12 zwp_linux_dmabuf_v1.modifier args=3
[wp-event][S] suppressed s_obj=12 zwp_linux_dmabuf_v1.modifier (dmabuf format/modifier: the C proxy answers this locally)
[wp-event][S] from-compositor s_obj=12 zwp_linux_dmabuf_v1.modifier args=3
[wp-event][S] suppressed s_obj=12 zwp_linux_dmabuf_v1.modifier (dmabuf format/modifier: the C proxy answers this locally)
[wp-event][S] from-compositor s_obj=12 zwp_linux_dmabuf_v1.modifier args=3
[wp-event][S] suppressed s_obj=12 zwp_linux_dmabuf_v1.modifier (dmabuf format/modifier: the C proxy answers this locally)
[wp-event][S] from-compositor s_obj=12 zwp_linux_dmabuf_v1.modifier args=3
[wp-event][S] suppressed s_obj=12 zwp_linux_dmabuf_v1.modifier (dmabuf format/modifier: the C proxy answers this locally)
[wp-event][S] from-compositor s_obj=12 zwp_linux_dmabuf_v1.modifier args=3
[wp-event][S] suppressed s_obj=12 zwp_linux_dmabuf_v1.modifier (dmabuf format/modifier: the C proxy answers this locally)
[wp-event][S] from-compositor s_obj=12 zwp_linux_dmabuf_v1.modifier args=3
[wp-event][S] suppressed s_obj=12 zwp_linux_dmabuf_v1.modifier (dmabuf format/modifier: the C proxy answers this locally)
[wp-event][S] from-compositor s_obj=12 zwp_linux_dmabuf_v1.modifier args=3
[wp-event][S] suppressed s_obj=12 zwp_linux_dmabuf_v1.modifier (dmabuf format/modifier: the C proxy answers this locally)
[wp-event][S] from-compositor s_obj=12 zwp_linux_dmabuf_v1.modifier args=3
[wp-event][S] suppressed s_obj=12 zwp_linux_dmabuf_v1.modifier (dmabuf format/modifier: the C proxy answers this locally)
[wp-event][S] from-compositor s_obj=12 zwp_linux_dmabuf_v1.modifier args=3
[wp-event][S] suppressed s_obj=12 zwp_linux_dmabuf_v1.modifier (dmabuf format/modifier: the C proxy answers this locally)
[wp-event][S] from-compositor s_obj=12 zwp_linux_dmabuf_v1.modifier args=3
[wp-event][S] suppressed s_obj=12 zwp_linux_dmabuf_v1.modifier (dmabuf format/modifier: the C proxy answers this locally)
[wp-event][S] from-compositor s_obj=12 zwp_linux_dmabuf_v1.modifier args=3
[wp-event][S] suppressed s_obj=12 zwp_linux_dmabuf_v1.modifier (dmabuf format/modifier: the C proxy answers this locally)
[wp-event][S] from-compositor s_obj=12 zwp_linux_dmabuf_v1.modifier args=3
[wp-event][S] suppressed s_obj=12 zwp_linux_dmabuf_v1.modifier (dmabuf format/modifier: the C proxy answers this locally)
[wp-event][S] from-compositor s_obj=12 zwp_linux_dmabuf_v1.modifier args=3
[wp-event][S] suppressed s_obj=12 zwp_linux_dmabuf_v1.modifier (dmabuf format/modifier: the C proxy answers this locally)
[wp-event][S] from-compositor s_obj=12 zwp_linux_dmabuf_v1.modifier args=3
[wp-event][S] suppressed s_obj=12 zwp_linux_dmabuf_v1.modifier (dmabuf format/modifier: the C proxy answers this locally)
[wp-event][S] from-compositor s_obj=12 zwp_linux_dmabuf_v1.modifier args=3
[wp-event][S] suppressed s_obj=12 zwp_linux_dmabuf_v1.modifier (dmabuf format/modifier: the C proxy answers this locally)
[wp-event][S] from-compositor s_obj=12 zwp_linux_dmabuf_v1.modifier args=3
[wp-event][S] suppressed s_obj=12 zwp_linux_dmabuf_v1.modifier (dmabuf format/modifier: the C proxy answers this locally)
[wp-event][S] from-compositor s_obj=12 zwp_linux_dmabuf_v1.modifier args=3
[wp-event][S] suppressed s_obj=12 zwp_linux_dmabuf_v1.modifier (dmabuf format/modifier: the C proxy answers this locally)
[wp-event][S] from-compositor s_obj=12 zwp_linux_dmabuf_v1.modifier args=3
[wp-event][S] suppressed s_obj=12 zwp_linux_dmabuf_v1.modifier (dmabuf format/modifier: the C proxy answers this locally)
[wp-event][S] from-compositor s_obj=12 zwp_linux_dmabuf_v1.modifier args=3
[wp-event][S] suppressed s_obj=12 zwp_linux_dmabuf_v1.modifier (dmabuf format/modifier: the C proxy answers this locally)
[wp-event][S] from-compositor s_obj=12 zwp_linux_dmabuf_v1.modifier args=3
[wp-event][S] suppressed s_obj=12 zwp_linux_dmabuf_v1.modifier (dmabuf format/modifier: the C proxy answers this locally)
[wp-event][S] from-compositor s_obj=12 zwp_linux_dmabuf_v1.modifier args=3
[wp-event][S] suppressed s_obj=12 zwp_linux_dmabuf_v1.modifier (dmabuf format/modifier: the C proxy answers this locally)
[wp-event][S] from-compositor s_obj=12 zwp_linux_dmabuf_v1.modifier args=3
[wp-event][S] suppressed s_obj=12 zwp_linux_dmabuf_v1.modifier (dmabuf format/modifier: the C proxy answers this locally)
[wp-event][S] from-compositor s_obj=12 zwp_linux_dmabuf_v1.modifier args=3
[wp-event][S] suppressed s_obj=12 zwp_linux_dmabuf_v1.modifier (dmabuf format/modifier: the C proxy answers this locally)
[wp-event][S] from-compositor s_obj=12 zwp_linux_dmabuf_v1.modifier args=3
[wp-event][S] suppressed s_obj=12 zwp_linux_dmabuf_v1.modifier (dmabuf format/modifier: the C proxy answers this locally)
[wp-event][S] from-compositor s_obj=12 zwp_linux_dmabuf_v1.modifier args=3
[wp-event][S] suppressed s_obj=12 zwp_linux_dmabuf_v1.modifier (dmabuf format/modifier: the C proxy answers this locally)
[wp-event][S] from-compositor s_obj=12 zwp_linux_dmabuf_v1.modifier args=3
[wp-event][S] suppressed s_obj=12 zwp_linux_dmabuf_v1.modifier (dmabuf format/modifier: the C proxy answers this locally)
[wp-event][S] from-compositor s_obj=12 zwp_linux_dmabuf_v1.modifier args=3
[wp-event][S] suppressed s_obj=12 zwp_linux_dmabuf_v1.modifier (dmabuf format/modifier: the C proxy answers this locally)
[wp-event][S] from-compositor s_obj=12 zwp_linux_dmabuf_v1.modifier args=3
[wp-event][S] suppressed s_obj=12 zwp_linux_dmabuf_v1.modifier (dmabuf format/modifier: the C proxy answers this locally)
[wp-event][S] from-compositor s_obj=12 zwp_linux_dmabuf_v1.modifier args=3
[wp-event][S] suppressed s_obj=12 zwp_linux_dmabuf_v1.modifier (dmabuf format/modifier: the C proxy answers this locally)
[wp-event][S] from-compositor s_obj=12 zwp_linux_dmabuf_v1.modifier args=3
[wp-event][S] suppressed s_obj=12 zwp_linux_dmabuf_v1.modifier (dmabuf format/modifier: the C proxy answers this locally)
[wp-event][S] from-compositor s_obj=12 zwp_linux_dmabuf_v1.modifier args=3
[wp-event][S] suppressed s_obj=12 zwp_linux_dmabuf_v1.modifier (dmabuf format/modifier: the C proxy answers this locally)
[wp-event][S] from-compositor s_obj=12 zwp_linux_dmabuf_v1.modifier args=3
[wp-event][S] suppressed s_obj=12 zwp_linux_dmabuf_v1.modifier (dmabuf format/modifier: the C proxy answers this locally)
[wp-event][S] from-compositor s_obj=12 zwp_linux_dmabuf_v1.modifier args=3
[wp-event][S] suppressed s_obj=12 zwp_linux_dmabuf_v1.modifier (dmabuf format/modifier: the C proxy answers this locally)
[wp-event][S] from-compositor s_obj=12 zwp_linux_dmabuf_v1.modifier args=3
[wp-event][S] suppressed s_obj=12 zwp_linux_dmabuf_v1.modifier (dmabuf format/modifier: the C proxy answers this locally)
[wp-event][S] from-compositor s_obj=12 zwp_linux_dmabuf_v1.modifier args=3
[wp-event][S] suppressed s_obj=12 zwp_linux_dmabuf_v1.modifier (dmabuf format/modifier: the C proxy answers this locally)
[wp-event][S] from-compositor s_obj=12 zwp_linux_dmabuf_v1.modifier args=3
[wp-event][S] suppressed s_obj=12 zwp_linux_dmabuf_v1.modifier (dmabuf format/modifier: the C proxy answers this locally)
[wp-event][S] from-compositor s_obj=12 zwp_linux_dmabuf_v1.modifier args=3
[wp-event][S] suppressed s_obj=12 zwp_linux_dmabuf_v1.modifier (dmabuf format/modifier: the C proxy answers this locally)
[wp-event][S] from-compositor s_obj=12 zwp_linux_dmabuf_v1.modifier args=3
[wp-event][S] suppressed s_obj=12 zwp_linux_dmabuf_v1.modifier (dmabuf format/modifier: the C proxy answers this locally)
[wp-event][S] from-compositor s_obj=12 zwp_linux_dmabuf_v1.modifier args=3
[wp-event][S] suppressed s_obj=12 zwp_linux_dmabuf_v1.modifier (dmabuf format/modifier: the C proxy answers this locally)
[wp-event][S] from-compositor s_obj=12 zwp_linux_dmabuf_v1.modifier args=3
[wp-event][S] suppressed s_obj=12 zwp_linux_dmabuf_v1.modifier (dmabuf format/modifier: the C proxy answers this locally)
[wp-event][S] from-compositor s_obj=12 zwp_linux_dmabuf_v1.modifier args=3
[wp-event][S] suppressed s_obj=12 zwp_linux_dmabuf_v1.modifier (dmabuf format/modifier: the C proxy answers this locally)
[wp-event][S] from-compositor s_obj=12 zwp_linux_dmabuf_v1.modifier args=3
[wp-event][S] suppressed s_obj=12 zwp_linux_dmabuf_v1.modifier (dmabuf format/modifier: the C proxy answers this locally)
[wp-event][S] from-compositor s_obj=12 zwp_linux_dmabuf_v1.modifier args=3
[wp-event][S] suppressed s_obj=12 zwp_linux_dmabuf_v1.modifier (dmabuf format/modifier: the C proxy answers this locally)
[wp-event][S] from-compositor s_obj=12 zwp_linux_dmabuf_v1.modifier args=3
[wp-event][S] suppressed s_obj=12 zwp_linux_dmabuf_v1.modifier (dmabuf format/modifier: the C proxy answers this locally)
[wp-event][S] from-compositor s_obj=12 zwp_linux_dmabuf_v1.modifier args=3
[wp-event][S] suppressed s_obj=12 zwp_linux_dmabuf_v1.modifier (dmabuf format/modifier: the C proxy answers this locally)
[wp-event][S] from-compositor s_obj=12 zwp_linux_dmabuf_v1.modifier args=3
[wp-event][S] suppressed s_obj=12 zwp_linux_dmabuf_v1.modifier (dmabuf format/modifier: the C proxy answers this locally)
[wp-event][S] from-compositor s_obj=12 zwp_linux_dmabuf_v1.modifier args=3
[wp-event][S] suppressed s_obj=12 zwp_linux_dmabuf_v1.modifier (dmabuf format/modifier: the C proxy answers this locally)
[wp-event][S] from-compositor s_obj=12 zwp_linux_dmabuf_v1.modifier args=3
[wp-event][S] suppressed s_obj=12 zwp_linux_dmabuf_v1.modifier (dmabuf format/modifier: the C proxy answers this locally)
[wp-event][S] from-compositor s_obj=12 zwp_linux_dmabuf_v1.modifier args=3
[wp-event][S] suppressed s_obj=12 zwp_linux_dmabuf_v1.modifier (dmabuf format/modifier: the C proxy answers this locally)
[wp-event][S] from-compositor s_obj=12 zwp_linux_dmabuf_v1.modifier args=3
[wp-event][S] suppressed s_obj=12 zwp_linux_dmabuf_v1.modifier (dmabuf format/modifier: the C proxy answers this locally)
[wp-event][S] from-compositor s_obj=12 zwp_linux_dmabuf_v1.modifier args=3
[wp-event][S] suppressed s_obj=12 zwp_linux_dmabuf_v1.modifier (dmabuf format/modifier: the C proxy answers this locally)
[wp-event][S] from-compositor s_obj=12 zwp_linux_dmabuf_v1.modifier args=3
[wp-event][S] suppressed s_obj=12 zwp_linux_dmabuf_v1.modifier (dmabuf format/modifier: the C proxy answers this locally)
[wp-event][S] from-compositor s_obj=12 zwp_linux_dmabuf_v1.modifier args=3
[wp-event][S] suppressed s_obj=12 zwp_linux_dmabuf_v1.modifier (dmabuf format/modifier: the C proxy answers this locally)
[wp-event][S] from-compositor s_obj=12 zwp_linux_dmabuf_v1.modifier args=3
[wp-event][S] suppressed s_obj=12 zwp_linux_dmabuf_v1.modifier (dmabuf format/modifier: the C proxy answers this locally)
[wp-event][S] from-compositor s_obj=12 zwp_linux_dmabuf_v1.modifier args=3
[wp-event][S] suppressed s_obj=12 zwp_linux_dmabuf_v1.modifier (dmabuf format/modifier: the C proxy answers this locally)
[wp-event][S] from-compositor s_obj=12 zwp_linux_dmabuf_v1.modifier args=3
[wp-event][S] suppressed s_obj=12 zwp_linux_dmabuf_v1.modifier (dmabuf format/modifier: the C proxy answers this locally)
[wp-event][S] from-compositor s_obj=12 zwp_linux_dmabuf_v1.modifier args=3
[wp-event][S] suppressed s_obj=12 zwp_linux_dmabuf_v1.modifier (dmabuf format/modifier: the C proxy answers this locally)
[wp-event][S] from-compositor s_obj=12 zwp_linux_dmabuf_v1.modifier args=3
[wp-event][S] suppressed s_obj=12 zwp_linux_dmabuf_v1.modifier (dmabuf format/modifier: the C proxy answers this locally)
[wp-event][S] from-compositor s_obj=10 wl_callback.done args=1
[wp-event][S] emit s_obj=10 app_obj=24 wl_callback.done args=1
rayland-s: WP0 4.3: step 1/3 create_params failed for resource 19: Invalid ObjectId
rayland-s: WP0 replay: request for unmapped object 31 (opcode 0); skipped
rayland-s: WP0 4.3: step 1/3 create_params failed for resource 20: Invalid ObjectId
rayland-s: WP0 replay: request for unmapped object 27 (opcode 0); skipped
rayland-s: WP0 4.3: step 1/3 create_params failed for resource 21: Invalid ObjectId
rayland-s: WP0 replay: request for unmapped object 30 (opcode 0); skipped
rayland-s: WP0 4.3: step 1/3 create_params failed for resource 22: Invalid ObjectId
rayland-s: WP0 replay: send_request (obj 23 opcode 0) failed: Invalid ObjectId
rayland-s: WP0 replay: send_request (obj 21 opcode 0) failed: Invalid ObjectId
rayland-s: WP0 replay: request for unmapped object 32 (opcode 0); skipped
rayland-s: WP0 replay: request for unmapped object 28 (opcode 0); skipped
rayland-s: WP0 replay: send_request (obj 18 opcode 0) failed: Invalid ObjectId
[wp-event][S] map s_obj=10 app_obj=18 (from obj 3 opcode 3)
[wp-event][S] from-compositor s_obj=8 xdg_toplevel.configure args=3
[wp-event][S] emit s_obj=8 app_obj=8 xdg_toplevel.configure args=3
[wp-event][S] from-compositor s_obj=7 xdg_surface.configure args=1
[wp-event][S] emit s_obj=7 app_obj=7 xdg_surface.configure args=1
[wp-event][S] from-compositor s_obj=10 wl_callback.done args=1
[wp-event][S] emit s_obj=10 app_obj=18 wl_callback.done args=1
[wp-event][S] map s_obj=10 app_obj=18 (from obj 3 opcode 3)
rayland-s: WP0 replay bound `zwp_linux_dmabuf_v1` v3 (app obj 21)
rayland-s: WP0 replay bound `zwp_linux_dmabuf_v1` v3 (app obj 21)
[wp-event][S] from-compositor s_obj=13 zwp_linux_dmabuf_v1.modifier args=3
[wp-event][S] suppressed s_obj=13 zwp_linux_dmabuf_v1.modifier (dmabuf format/modifier: the C proxy answers this locally)
[wp-event][S] from-compositor s_obj=13 zwp_linux_dmabuf_v1.modifier args=3
[wp-event][S] suppressed s_obj=13 zwp_linux_dmabuf_v1.modifier (dmabuf format/modifier: the C proxy answers this locally)
[wp-event][S] from-compositor s_obj=13 zwp_linux_dmabuf_v1.modifier args=3
[wp-event][S] suppressed s_obj=13 zwp_linux_dmabuf_v1.modifier (dmabuf format/modifier: the C proxy answers this locally)
[wp-event][S] from-compositor s_obj=13 zwp_linux_dmabuf_v1.modifier args=3
[wp-event][S] suppressed s_obj=13 zwp_linux_dmabuf_v1.modifier (dmabuf format/modifier: the C proxy answers this locally)
[wp-event][S] from-compositor s_obj=13 zwp_linux_dmabuf_v1.modifier args=3
[wp-event][S] suppressed s_obj=13 zwp_linux_dmabuf_v1.modifier (dmabuf format/modifier: the C proxy answers this locally)
[wp-event][S] from-compositor s_obj=13 zwp_linux_dmabuf_v1.modifier args=3
[wp-event][S] suppressed s_obj=13 zwp_linux_dmabuf_v1.modifier (dmabuf format/modifier: the C proxy answers this locally)
[wp-event][S] from-compositor s_obj=13 zwp_linux_dmabuf_v1.modifier args=3
[wp-event][S] suppressed s_obj=13 zwp_linux_dmabuf_v1.modifier (dmabuf format/modifier: the C proxy answers this locally)
[wp-event][S] from-compositor s_obj=13 zwp_linux_dmabuf_v1.modifier args=3
[wp-event][S] suppressed s_obj=13 zwp_linux_dmabuf_v1.modifier (dmabuf format/modifier: the C proxy answers this locally)
[wp-event][S] from-compositor s_obj=13 zwp_linux_dmabuf_v1.modifier args=3
[wp-event][S] suppressed s_obj=13 zwp_linux_dmabuf_v1.modifier (dmabuf format/modifier: the C proxy answers this locally)
[wp-event][S] from-compositor s_obj=13 zwp_linux_dmabuf_v1.modifier args=3
[wp-event][S] suppressed s_obj=13 zwp_linux_dmabuf_v1.modifier (dmabuf format/modifier: the C proxy answers this locally)
[wp-event][S] from-compositor s_obj=13 zwp_linux_dmabuf_v1.modifier args=3
[wp-event][S] suppressed s_obj=13 zwp_linux_dmabuf_v1.modifier (dmabuf format/modifier: the C proxy answers this locally)
[wp-event][S] from-compositor s_obj=13 zwp_linux_dmabuf_v1.modifier args=3
[wp-event][S] suppressed s_obj=13 zwp_linux_dmabuf_v1.modifier (dmabuf format/modifier: the C proxy answers this locally)
[wp-event][S] from-compositor s_obj=13 zwp_linux_dmabuf_v1.modifier args=3
[wp-event][S] suppressed s_obj=13 zwp_linux_dmabuf_v1.modifier (dmabuf format/modifier: the C proxy answers this locally)
[wp-event][S] from-compositor s_obj=13 zwp_linux_dmabuf_v1.modifier args=3
[wp-event][S] suppressed s_obj=13 zwp_linux_dmabuf_v1.modifier (dmabuf format/modifier: the C proxy answers this locally)
[wp-event][S] from-compositor s_obj=13 zwp_linux_dmabuf_v1.modifier args=3
[wp-event][S] suppressed s_obj=13 zwp_linux_dmabuf_v1.modifier (dmabuf format/modifier: the C proxy answers this locally)
[wp-event][S] from-compositor s_obj=13 zwp_linux_dmabuf_v1.modifier args=3
[wp-event][S] suppressed s_obj=13 zwp_linux_dmabuf_v1.modifier (dmabuf format/modifier: the C proxy answers this locally)
[wp-event][S] from-compositor s_obj=13 zwp_linux_dmabuf_v1.modifier args=3
[wp-event][S] suppressed s_obj=13 zwp_linux_dmabuf_v1.modifier (dmabuf format/modifier: the C proxy answers this locally)
[wp-event][S] from-compositor s_obj=13 zwp_linux_dmabuf_v1.modifier args=3
[wp-event][S] suppressed s_obj=13 zwp_linux_dmabuf_v1.modifier (dmabuf format/modifier: the C proxy answers this locally)
[wp-event][S] from-compositor s_obj=13 zwp_linux_dmabuf_v1.modifier args=3
[wp-event][S] suppressed s_obj=13 zwp_linux_dmabuf_v1.modifier (dmabuf format/modifier: the C proxy answers this locally)
[wp-event][S] from-compositor s_obj=13 zwp_linux_dmabuf_v1.modifier args=3
[wp-event][S] suppressed s_obj=13 zwp_linux_dmabuf_v1.modifier (dmabuf format/modifier: the C proxy answers this locally)
[wp-event][S] from-compositor s_obj=13 zwp_linux_dmabuf_v1.modifier args=3
[wp-event][S] suppressed s_obj=13 zwp_linux_dmabuf_v1.modifier (dmabuf format/modifier: the C proxy answers this locally)
[wp-event][S] from-compositor s_obj=13 zwp_linux_dmabuf_v1.modifier args=3
[wp-event][S] suppressed s_obj=13 zwp_linux_dmabuf_v1.modifier (dmabuf format/modifier: the C proxy answers this locally)
[wp-event][S] from-compositor s_obj=13 zwp_linux_dmabuf_v1.modifier args=3
[wp-event][S] suppressed s_obj=13 zwp_linux_dmabuf_v1.modifier (dmabuf format/modifier: the C proxy answers this locally)
[wp-event][S] from-compositor s_obj=13 zwp_linux_dmabuf_v1.modifier args=3
[wp-event][S] suppressed s_obj=13 zwp_linux_dmabuf_v1.modifier (dmabuf format/modifier: the C proxy answers this locally)
[wp-event][S] from-compositor s_obj=13 zwp_linux_dmabuf_v1.modifier args=3
[wp-event][S] suppressed s_obj=13 zwp_linux_dmabuf_v1.modifier (dmabuf format/modifier: the C proxy answers this locally)
[wp-event][S] from-compositor s_obj=13 zwp_linux_dmabuf_v1.modifier args=3
[wp-event][S] suppressed s_obj=13 zwp_linux_dmabuf_v1.modifier (dmabuf format/modifier: the C proxy answers this locally)
[wp-event][S] from-compositor s_obj=13 zwp_linux_dmabuf_v1.modifier args=3
[wp-event][S] suppressed s_obj=13 zwp_linux_dmabuf_v1.modifier (dmabuf format/modifier: the C proxy answers this locally)
[wp-event][S] from-compositor s_obj=13 zwp_linux_dmabuf_v1.modifier args=3
[wp-event][S] suppressed s_obj=13 zwp_linux_dmabuf_v1.modifier (dmabuf format/modifier: the C proxy answers this locally)
[wp-event][S] from-compositor s_obj=13 zwp_linux_dmabuf_v1.modifier args=3
[wp-event][S] suppressed s_obj=13 zwp_linux_dmabuf_v1.modifier (dmabuf format/modifier: the C proxy answers this locally)
[wp-event][S] from-compositor s_obj=13 zwp_linux_dmabuf_v1.modifier args=3
[wp-event][S] suppressed s_obj=13 zwp_linux_dmabuf_v1.modifier (dmabuf format/modifier: the C proxy answers this locally)
[wp-event][S] from-compositor s_obj=13 zwp_linux_dmabuf_v1.modifier args=3
[wp-event][S] suppressed s_obj=13 zwp_linux_dmabuf_v1.modifier (dmabuf format/modifier: the C proxy answers this locally)
[wp-event][S] from-compositor s_obj=13 zwp_linux_dmabuf_v1.modifier args=3
[wp-event][S] suppressed s_obj=13 zwp_linux_dmabuf_v1.modifier (dmabuf format/modifier: the C proxy answers this locally)
[wp-event][S] from-compositor s_obj=13 zwp_linux_dmabuf_v1.modifier args=3
[wp-event][S] suppressed s_obj=13 zwp_linux_dmabuf_v1.modifier (dmabuf format/modifier: the C proxy answers this locally)
[wp-event][S] from-compositor s_obj=13 zwp_linux_dmabuf_v1.modifier args=3
[wp-event][S] suppressed s_obj=13 zwp_linux_dmabuf_v1.modifier (dmabuf format/modifier: the C proxy answers this locally)
[wp-event][S] from-compositor s_obj=13 zwp_linux_dmabuf_v1.modifier args=3
[wp-event][S] suppressed s_obj=13 zwp_linux_dmabuf_v1.modifier (dmabuf format/modifier: the C proxy answers this locally)
[wp-event][S] from-compositor s_obj=13 zwp_linux_dmabuf_v1.modifier args=3
[wp-event][S] suppressed s_obj=13 zwp_linux_dmabuf_v1.modifier (dmabuf format/modifier: the C proxy answers this locally)
[wp-event][S] from-compositor s_obj=13 zwp_linux_dmabuf_v1.modifier args=3
[wp-event][S] suppressed s_obj=13 zwp_linux_dmabuf_v1.modifier (dmabuf format/modifier: the C proxy answers this locally)
[wp-event][S] from-compositor s_obj=13 zwp_linux_dmabuf_v1.modifier args=3
[wp-event][S] suppressed s_obj=13 zwp_linux_dmabuf_v1.modifier (dmabuf format/modifier: the C proxy answers this locally)
[wp-event][S] from-compositor s_obj=13 zwp_linux_dmabuf_v1.modifier args=3
[wp-event][S] suppressed s_obj=13 zwp_linux_dmabuf_v1.modifier (dmabuf format/modifier: the C proxy answers this locally)
[wp-event][S] from-compositor s_obj=13 zwp_linux_dmabuf_v1.modifier args=3
[wp-event][S] suppressed s_obj=13 zwp_linux_dmabuf_v1.modifier (dmabuf format/modifier: the C proxy answers this locally)
[wp-event][S] from-compositor s_obj=13 zwp_linux_dmabuf_v1.modifier args=3
[wp-event][S] suppressed s_obj=13 zwp_linux_dmabuf_v1.modifier (dmabuf format/modifier: the C proxy answers this locally)
[wp-event][S] from-compositor s_obj=13 zwp_linux_dmabuf_v1.modifier args=3
[wp-event][S] suppressed s_obj=13 zwp_linux_dmabuf_v1.modifier (dmabuf format/modifier: the C proxy answers this locally)
[wp-event][S] from-compositor s_obj=13 zwp_linux_dmabuf_v1.modifier args=3
[wp-event][S] suppressed s_obj=13 zwp_linux_dmabuf_v1.modifier (dmabuf format/modifier: the C proxy answers this locally)
[wp-event][S] from-compositor s_obj=13 zwp_linux_dmabuf_v1.modifier args=3
[wp-event][S] suppressed s_obj=13 zwp_linux_dmabuf_v1.modifier (dmabuf format/modifier: the C proxy answers this locally)
[wp-event][S] from-compositor s_obj=13 zwp_linux_dmabuf_v1.modifier args=3
[wp-event][S] suppressed s_obj=13 zwp_linux_dmabuf_v1.modifier (dmabuf format/modifier: the C proxy answers this locally)
[wp-event][S] from-compositor s_obj=13 zwp_linux_dmabuf_v1.modifier args=3
[wp-event][S] suppressed s_obj=13 zwp_linux_dmabuf_v1.modifier (dmabuf format/modifier: the C proxy answers this locally)
[wp-event][S] from-compositor s_obj=13 zwp_linux_dmabuf_v1.modifier args=3
[wp-event][S] suppressed s_obj=13 zwp_linux_dmabuf_v1.modifier (dmabuf format/modifier: the C proxy answers this locally)
[wp-event][S] from-compositor s_obj=13 zwp_linux_dmabuf_v1.modifier args=3
[wp-event][S] suppressed s_obj=13 zwp_linux_dmabuf_v1.modifier (dmabuf format/modifier: the C proxy answers this locally)
[wp-event][S] from-compositor s_obj=13 zwp_linux_dmabuf_v1.modifier args=3
[wp-event][S] suppressed s_obj=13 zwp_linux_dmabuf_v1.modifier (dmabuf format/modifier: the C proxy answers this locally)
[wp-event][S] from-compositor s_obj=13 zwp_linux_dmabuf_v1.modifier args=3
[wp-event][S] suppressed s_obj=13 zwp_linux_dmabuf_v1.modifier (dmabuf format/modifier: the C proxy answers this locally)
[wp-event][S] from-compositor s_obj=13 zwp_linux_dmabuf_v1.modifier args=3
[wp-event][S] suppressed s_obj=13 zwp_linux_dmabuf_v1.modifier (dmabuf format/modifier: the C proxy answers this locally)
[wp-event][S] from-compositor s_obj=13 zwp_linux_dmabuf_v1.modifier args=3
[wp-event][S] suppressed s_obj=13 zwp_linux_dmabuf_v1.modifier (dmabuf format/modifier: the C proxy answers this locally)
[wp-event][S] from-compositor s_obj=13 zwp_linux_dmabuf_v1.modifier args=3
[wp-event][S] suppressed s_obj=13 zwp_linux_dmabuf_v1.modifier (dmabuf format/modifier: the C proxy answers this locally)
[wp-event][S] from-compositor s_obj=13 zwp_linux_dmabuf_v1.modifier args=3
[wp-event][S] suppressed s_obj=13 zwp_linux_dmabuf_v1.modifier (dmabuf format/modifier: the C proxy answers this locally)
[wp-event][S] from-compositor s_obj=13 zwp_linux_dmabuf_v1.modifier args=3
[wp-event][S] suppressed s_obj=13 zwp_linux_dmabuf_v1.modifier (dmabuf format/modifier: the C proxy answers this locally)
[wp-event][S] from-compositor s_obj=13 zwp_linux_dmabuf_v1.modifier args=3
[wp-event][S] suppressed s_obj=13 zwp_linux_dmabuf_v1.modifier (dmabuf format/modifier: the C proxy answers this locally)
[wp-event][S] from-compositor s_obj=13 zwp_linux_dmabuf_v1.modifier args=3
[wp-event][S] suppressed s_obj=13 zwp_linux_dmabuf_v1.modifier (dmabuf format/modifier: the C proxy answers this locally)
[wp-event][S] from-compositor s_obj=13 zwp_linux_dmabuf_v1.modifier args=3
[wp-event][S] suppressed s_obj=13 zwp_linux_dmabuf_v1.modifier (dmabuf format/modifier: the C proxy answers this locally)
[wp-event][S] from-compositor s_obj=13 zwp_linux_dmabuf_v1.modifier args=3
[wp-event][S] suppressed s_obj=13 zwp_linux_dmabuf_v1.modifier (dmabuf format/modifier: the C proxy answers this locally)
[wp-event][S] from-compositor s_obj=13 zwp_linux_dmabuf_v1.modifier args=3
[wp-event][S] suppressed s_obj=13 zwp_linux_dmabuf_v1.modifier (dmabuf format/modifier: the C proxy answers this locally)
[wp-event][S] from-compositor s_obj=13 zwp_linux_dmabuf_v1.modifier args=3
[wp-event][S] suppressed s_obj=13 zwp_linux_dmabuf_v1.modifier (dmabuf format/modifier: the C proxy answers this locally)
[wp-event][S] from-compositor s_obj=13 zwp_linux_dmabuf_v1.modifier args=3
[wp-event][S] suppressed s_obj=13 zwp_linux_dmabuf_v1.modifier (dmabuf format/modifier: the C proxy answers this locally)
[wp-event][S] from-compositor s_obj=13 zwp_linux_dmabuf_v1.modifier args=3
[wp-event][S] suppressed s_obj=13 zwp_linux_dmabuf_v1.modifier (dmabuf format/modifier: the C proxy answers this locally)
[wp-event][S] from-compositor s_obj=13 zwp_linux_dmabuf_v1.modifier args=3
[wp-event][S] suppressed s_obj=13 zwp_linux_dmabuf_v1.modifier (dmabuf format/modifier: the C proxy answers this locally)
[wp-event][S] from-compositor s_obj=13 zwp_linux_dmabuf_v1.modifier args=3
[wp-event][S] suppressed s_obj=13 zwp_linux_dmabuf_v1.modifier (dmabuf format/modifier: the C proxy answers this locally)
[wp-event][S] from-compositor s_obj=13 zwp_linux_dmabuf_v1.modifier args=3
[wp-event][S] suppressed s_obj=13 zwp_linux_dmabuf_v1.modifier (dmabuf format/modifier: the C proxy answers this locally)
[wp-event][S] from-compositor s_obj=13 zwp_linux_dmabuf_v1.modifier args=3
[wp-event][S] suppressed s_obj=13 zwp_linux_dmabuf_v1.modifier (dmabuf format/modifier: the C proxy answers this locally)
[wp-event][S] from-compositor s_obj=13 zwp_linux_dmabuf_v1.modifier args=3
[wp-event][S] suppressed s_obj=13 zwp_linux_dmabuf_v1.modifier (dmabuf format/modifier: the C proxy answers this locally)
[wp-event][S] from-compositor s_obj=13 zwp_linux_dmabuf_v1.modifier args=3
[wp-event][S] suppressed s_obj=13 zwp_linux_dmabuf_v1.modifier (dmabuf format/modifier: the C proxy answers this locally)
[wp-event][S] from-compositor s_obj=13 zwp_linux_dmabuf_v1.modifier args=3
[wp-event][S] suppressed s_obj=13 zwp_linux_dmabuf_v1.modifier (dmabuf format/modifier: the C proxy answers this locally)
[wp-event][S] from-compositor s_obj=13 zwp_linux_dmabuf_v1.modifier args=3
[wp-event][S] suppressed s_obj=13 zwp_linux_dmabuf_v1.modifier (dmabuf format/modifier: the C proxy answers this locally)
[wp-event][S] from-compositor s_obj=13 zwp_linux_dmabuf_v1.modifier args=3
[wp-event][S] suppressed s_obj=13 zwp_linux_dmabuf_v1.modifier (dmabuf format/modifier: the C proxy answers this locally)
[wp-event][S] from-compositor s_obj=13 zwp_linux_dmabuf_v1.modifier args=3
[wp-event][S] suppressed s_obj=13 zwp_linux_dmabuf_v1.modifier (dmabuf format/modifier: the C proxy answers this locally)
[wp-event][S] from-compositor s_obj=13 zwp_linux_dmabuf_v1.modifier args=3
[wp-event][S] suppressed s_obj=13 zwp_linux_dmabuf_v1.modifier (dmabuf format/modifier: the C proxy answers this locally)
[wp-event][S] from-compositor s_obj=13 zwp_linux_dmabuf_v1.modifier args=3
[wp-event][S] suppressed s_obj=13 zwp_linux_dmabuf_v1.modifier (dmabuf format/modifier: the C proxy answers this locally)
[wp-event][S] from-compositor s_obj=13 zwp_linux_dmabuf_v1.modifier args=3
[wp-event][S] suppressed s_obj=13 zwp_linux_dmabuf_v1.modifier (dmabuf format/modifier: the C proxy answers this locally)
[wp-event][S] from-compositor s_obj=13 zwp_linux_dmabuf_v1.modifier args=3
[wp-event][S] suppressed s_obj=13 zwp_linux_dmabuf_v1.modifier (dmabuf format/modifier: the C proxy answers this locally)
[wp-event][S] from-compositor s_obj=13 zwp_linux_dmabuf_v1.modifier args=3
[wp-event][S] suppressed s_obj=13 zwp_linux_dmabuf_v1.modifier (dmabuf format/modifier: the C proxy answers this locally)
[wp-event][S] from-compositor s_obj=13 zwp_linux_dmabuf_v1.modifier args=3
[wp-event][S] suppressed s_obj=13 zwp_linux_dmabuf_v1.modifier (dmabuf format/modifier: the C proxy answers this locally)
[wp-event][S] from-compositor s_obj=13 zwp_linux_dmabuf_v1.modifier args=3
[wp-event][S] suppressed s_obj=13 zwp_linux_dmabuf_v1.modifier (dmabuf format/modifier: the C proxy answers this locally)
[wp-event][S] from-compositor s_obj=13 zwp_linux_dmabuf_v1.modifier args=3
[wp-event][S] suppressed s_obj=13 zwp_linux_dmabuf_v1.modifier (dmabuf format/modifier: the C proxy answers this locally)
[wp-event][S] from-compositor s_obj=13 zwp_linux_dmabuf_v1.modifier args=3
[wp-event][S] suppressed s_obj=13 zwp_linux_dmabuf_v1.modifier (dmabuf format/modifier: the C proxy answers this locally)
[wp-event][S] from-compositor s_obj=13 zwp_linux_dmabuf_v1.modifier args=3
[wp-event][S] suppressed s_obj=13 zwp_linux_dmabuf_v1.modifier (dmabuf format/modifier: the C proxy answers this locally)
[wp-event][S] from-compositor s_obj=13 zwp_linux_dmabuf_v1.modifier args=3
[wp-event][S] suppressed s_obj=13 zwp_linux_dmabuf_v1.modifier (dmabuf format/modifier: the C proxy answers this locally)
[wp-event][S] from-compositor s_obj=13 zwp_linux_dmabuf_v1.modifier args=3
[wp-event][S] suppressed s_obj=13 zwp_linux_dmabuf_v1.modifier (dmabuf format/modifier: the C proxy answers this locally)
[wp-event][S] from-compositor s_obj=13 zwp_linux_dmabuf_v1.modifier args=3
[wp-event][S] suppressed s_obj=13 zwp_linux_dmabuf_v1.modifier (dmabuf format/modifier: the C proxy answers this locally)
[wp-event][S] from-compositor s_obj=13 zwp_linux_dmabuf_v1.modifier args=3
[wp-event][S] suppressed s_obj=13 zwp_linux_dmabuf_v1.modifier (dmabuf format/modifier: the C proxy answers this locally)
[wp-event][S] from-compositor s_obj=13 zwp_linux_dmabuf_v1.modifier args=3
[wp-event][S] suppressed s_obj=13 zwp_linux_dmabuf_v1.modifier (dmabuf format/modifier: the C proxy answers this locally)
[wp-event][S] from-compositor s_obj=13 zwp_linux_dmabuf_v1.modifier args=3
[wp-event][S] suppressed s_obj=13 zwp_linux_dmabuf_v1.modifier (dmabuf format/modifier: the C proxy answers this locally)
[wp-event][S] from-compositor s_obj=13 zwp_linux_dmabuf_v1.modifier args=3
[wp-event][S] suppressed s_obj=13 zwp_linux_dmabuf_v1.modifier (dmabuf format/modifier: the C proxy answers this locally)
[wp-event][S] from-compositor s_obj=13 zwp_linux_dmabuf_v1.modifier args=3
[wp-event][S] suppressed s_obj=13 zwp_linux_dmabuf_v1.modifier (dmabuf format/modifier: the C proxy answers this locally)
[wp-event][S] from-compositor s_obj=13 zwp_linux_dmabuf_v1.modifier args=3
[wp-event][S] suppressed s_obj=13 zwp_linux_dmabuf_v1.modifier (dmabuf format/modifier: the C proxy answers this locally)
[wp-event][S] from-compositor s_obj=13 zwp_linux_dmabuf_v1.modifier args=3
[wp-event][S] suppressed s_obj=13 zwp_linux_dmabuf_v1.modifier (dmabuf format/modifier: the C proxy answers this locally)
[wp-event][S] from-compositor s_obj=13 zwp_linux_dmabuf_v1.modifier args=3
[wp-event][S] suppressed s_obj=13 zwp_linux_dmabuf_v1.modifier (dmabuf format/modifier: the C proxy answers this locally)
[wp-event][S] from-compositor s_obj=13 zwp_linux_dmabuf_v1.modifier args=3
[wp-event][S] suppressed s_obj=13 zwp_linux_dmabuf_v1.modifier (dmabuf format/modifier: the C proxy answers this locally)
[wp-event][S] from-compositor s_obj=13 zwp_linux_dmabuf_v1.modifier args=3
[wp-event][S] suppressed s_obj=13 zwp_linux_dmabuf_v1.modifier (dmabuf format/modifier: the C proxy answers this locally)
[wp-event][S] from-compositor s_obj=13 zwp_linux_dmabuf_v1.modifier args=3
[wp-event][S] suppressed s_obj=13 zwp_linux_dmabuf_v1.modifier (dmabuf format/modifier: the C proxy answers this locally)
[wp-event][S] from-compositor s_obj=13 zwp_linux_dmabuf_v1.modifier args=3
[wp-event][S] suppressed s_obj=13 zwp_linux_dmabuf_v1.modifier (dmabuf format/modifier: the C proxy answers this locally)
[wp-event][S] from-compositor s_obj=13 zwp_linux_dmabuf_v1.modifier args=3
[wp-event][S] suppressed s_obj=13 zwp_linux_dmabuf_v1.modifier (dmabuf format/modifier: the C proxy answers this locally)
[wp-event][S] from-compositor s_obj=13 zwp_linux_dmabuf_v1.modifier args=3
[wp-event][S] suppressed s_obj=13 zwp_linux_dmabuf_v1.modifier (dmabuf format/modifier: the C proxy answers this locally)
[wp-event][S] from-compositor s_obj=13 zwp_linux_dmabuf_v1.modifier args=3
[wp-event][S] suppressed s_obj=13 zwp_linux_dmabuf_v1.modifier (dmabuf format/modifier: the C proxy answers this locally)
[wp-event][S] from-compositor s_obj=13 zwp_linux_dmabuf_v1.modifier args=3
[wp-event][S] suppressed s_obj=13 zwp_linux_dmabuf_v1.modifier (dmabuf format/modifier: the C proxy answers this locally)
[wp-event][S] from-compositor s_obj=13 zwp_linux_dmabuf_v1.modifier args=3
[wp-event][S] suppressed s_obj=13 zwp_linux_dmabuf_v1.modifier (dmabuf format/modifier: the C proxy answers this locally)
[wp-event][S] from-compositor s_obj=13 zwp_linux_dmabuf_v1.modifier args=3
[wp-event][S] suppressed s_obj=13 zwp_linux_dmabuf_v1.modifier (dmabuf format/modifier: the C proxy answers this locally)
[wp-event][S] from-compositor s_obj=13 zwp_linux_dmabuf_v1.modifier args=3
[wp-event][S] suppressed s_obj=13 zwp_linux_dmabuf_v1.modifier (dmabuf format/modifier: the C proxy answers this locally)
[wp-event][S] from-compositor s_obj=13 zwp_linux_dmabuf_v1.modifier args=3
[wp-event][S] suppressed s_obj=13 zwp_linux_dmabuf_v1.modifier (dmabuf format/modifier: the C proxy answers this locally)
[wp-event][S] from-compositor s_obj=13 zwp_linux_dmabuf_v1.modifier args=3
[wp-event][S] suppressed s_obj=13 zwp_linux_dmabuf_v1.modifier (dmabuf format/modifier: the C proxy answers this locally)
[wp-event][S] from-compositor s_obj=13 zwp_linux_dmabuf_v1.modifier args=3
[wp-event][S] suppressed s_obj=13 zwp_linux_dmabuf_v1.modifier (dmabuf format/modifier: the C proxy answers this locally)
[wp-event][S] from-compositor s_obj=13 zwp_linux_dmabuf_v1.modifier args=3
[wp-event][S] suppressed s_obj=13 zwp_linux_dmabuf_v1.modifier (dmabuf format/modifier: the C proxy answers this locally)
[wp-event][S] from-compositor s_obj=13 zwp_linux_dmabuf_v1.modifier args=3
[wp-event][S] suppressed s_obj=13 zwp_linux_dmabuf_v1.modifier (dmabuf format/modifier: the C proxy answers this locally)
[wp-event][S] from-compositor s_obj=13 zwp_linux_dmabuf_v1.modifier args=3
[wp-event][S] suppressed s_obj=13 zwp_linux_dmabuf_v1.modifier (dmabuf format/modifier: the C proxy answers this locally)
[wp-event][S] from-compositor s_obj=13 zwp_linux_dmabuf_v1.modifier args=3
[wp-event][S] suppressed s_obj=13 zwp_linux_dmabuf_v1.modifier (dmabuf format/modifier: the C proxy answers this locally)
[wp-event][S] from-compositor s_obj=13 zwp_linux_dmabuf_v1.modifier args=3
[wp-event][S] suppressed s_obj=13 zwp_linux_dmabuf_v1.modifier (dmabuf format/modifier: the C proxy answers this locally)
[wp-event][S] from-compositor s_obj=13 zwp_linux_dmabuf_v1.modifier args=3
[wp-event][S] suppressed s_obj=13 zwp_linux_dmabuf_v1.modifier (dmabuf format/modifier: the C proxy answers this locally)
[wp-event][S] from-compositor s_obj=13 zwp_linux_dmabuf_v1.modifier args=3
[wp-event][S] suppressed s_obj=13 zwp_linux_dmabuf_v1.modifier (dmabuf format/modifier: the C proxy answers this locally)
[wp-event][S] from-compositor s_obj=13 zwp_linux_dmabuf_v1.modifier args=3
[wp-event][S] suppressed s_obj=13 zwp_linux_dmabuf_v1.modifier (dmabuf format/modifier: the C proxy answers this locally)
[wp-event][S] from-compositor s_obj=13 zwp_linux_dmabuf_v1.modifier args=3
[wp-event][S] suppressed s_obj=13 zwp_linux_dmabuf_v1.modifier (dmabuf format/modifier: the C proxy answers this locally)
[wp-event][S] from-compositor s_obj=13 zwp_linux_dmabuf_v1.modifier args=3
[wp-event][S] suppressed s_obj=13 zwp_linux_dmabuf_v1.modifier (dmabuf format/modifier: the C proxy answers this locally)
[wp-event][S] from-compositor s_obj=13 zwp_linux_dmabuf_v1.modifier args=3
[wp-event][S] suppressed s_obj=13 zwp_linux_dmabuf_v1.modifier (dmabuf format/modifier: the C proxy answers this locally)
[wp-event][S] from-compositor s_obj=13 zwp_linux_dmabuf_v1.modifier args=3
[wp-event][S] suppressed s_obj=13 zwp_linux_dmabuf_v1.modifier (dmabuf format/modifier: the C proxy answers this locally)
[wp-event][S] from-compositor s_obj=13 zwp_linux_dmabuf_v1.modifier args=3
[wp-event][S] suppressed s_obj=13 zwp_linux_dmabuf_v1.modifier (dmabuf format/modifier: the C proxy answers this locally)
[wp-event][S] from-compositor s_obj=13 zwp_linux_dmabuf_v1.modifier args=3
[wp-event][S] suppressed s_obj=13 zwp_linux_dmabuf_v1.modifier (dmabuf format/modifier: the C proxy answers this locally)
[wp-event][S] from-compositor s_obj=13 zwp_linux_dmabuf_v1.modifier args=3
[wp-event][S] suppressed s_obj=13 zwp_linux_dmabuf_v1.modifier (dmabuf format/modifier: the C proxy answers this locally)
[wp-event][S] from-compositor s_obj=13 zwp_linux_dmabuf_v1.modifier args=3
[wp-event][S] suppressed s_obj=13 zwp_linux_dmabuf_v1.modifier (dmabuf format/modifier: the C proxy answers this locally)
[wp-event][S] from-compositor s_obj=13 zwp_linux_dmabuf_v1.modifier args=3
[wp-event][S] suppressed s_obj=13 zwp_linux_dmabuf_v1.modifier (dmabuf format/modifier: the C proxy answers this locally)
[wp-event][S] from-compositor s_obj=13 zwp_linux_dmabuf_v1.modifier args=3
[wp-event][S] suppressed s_obj=13 zwp_linux_dmabuf_v1.modifier (dmabuf format/modifier: the C proxy answers this locally)
[wp-event][S] from-compositor s_obj=13 zwp_linux_dmabuf_v1.modifier args=3
[wp-event][S] suppressed s_obj=13 zwp_linux_dmabuf_v1.modifier (dmabuf format/modifier: the C proxy answers this locally)
[wp-event][S] from-compositor s_obj=13 zwp_linux_dmabuf_v1.modifier args=3
[wp-event][S] suppressed s_obj=13 zwp_linux_dmabuf_v1.modifier (dmabuf format/modifier: the C proxy answers this locally)
[wp-event][S] from-compositor s_obj=13 zwp_linux_dmabuf_v1.modifier args=3
[wp-event][S] suppressed s_obj=13 zwp_linux_dmabuf_v1.modifier (dmabuf format/modifier: the C proxy answers this locally)
[wp-event][S] from-compositor s_obj=13 zwp_linux_dmabuf_v1.modifier args=3
[wp-event][S] suppressed s_obj=13 zwp_linux_dmabuf_v1.modifier (dmabuf format/modifier: the C proxy answers this locally)
[wp-event][S] from-compositor s_obj=13 zwp_linux_dmabuf_v1.modifier args=3
[wp-event][S] suppressed s_obj=13 zwp_linux_dmabuf_v1.modifier (dmabuf format/modifier: the C proxy answers this locally)
[wp-event][S] from-compositor s_obj=13 zwp_linux_dmabuf_v1.modifier args=3
[wp-event][S] suppressed s_obj=13 zwp_linux_dmabuf_v1.modifier (dmabuf format/modifier: the C proxy answers this locally)
[wp-event][S] from-compositor s_obj=13 zwp_linux_dmabuf_v1.modifier args=3
[wp-event][S] suppressed s_obj=13 zwp_linux_dmabuf_v1.modifier (dmabuf format/modifier: the C proxy answers this locally)
[wp-event][S] from-compositor s_obj=13 zwp_linux_dmabuf_v1.modifier args=3
[wp-event][S] suppressed s_obj=13 zwp_linux_dmabuf_v1.modifier (dmabuf format/modifier: the C proxy answers this locally)
[wp-event][S] from-compositor s_obj=13 zwp_linux_dmabuf_v1.modifier args=3
[wp-event][S] suppressed s_obj=13 zwp_linux_dmabuf_v1.modifier (dmabuf format/modifier: the C proxy answers this locally)
[wp-event][S] from-compositor s_obj=13 zwp_linux_dmabuf_v1.modifier args=3
[wp-event][S] suppressed s_obj=13 zwp_linux_dmabuf_v1.modifier (dmabuf format/modifier: the C proxy answers this locally)
[wp-event][S] from-compositor s_obj=13 zwp_linux_dmabuf_v1.modifier args=3
[wp-event][S] suppressed s_obj=13 zwp_linux_dmabuf_v1.modifier (dmabuf format/modifier: the C proxy answers this locally)
[wp-event][S] from-compositor s_obj=13 zwp_linux_dmabuf_v1.modifier args=3
[wp-event][S] suppressed s_obj=13 zwp_linux_dmabuf_v1.modifier (dmabuf format/modifier: the C proxy answers this locally)
[wp-event][S] from-compositor s_obj=13 zwp_linux_dmabuf_v1.modifier args=3
[wp-event][S] suppressed s_obj=13 zwp_linux_dmabuf_v1.modifier (dmabuf format/modifier: the C proxy answers this locally)
[wp-event][S] from-compositor s_obj=13 zwp_linux_dmabuf_v1.modifier args=3
[wp-event][S] suppressed s_obj=13 zwp_linux_dmabuf_v1.modifier (dmabuf format/modifier: the C proxy answers this locally)
[wp-event][S] from-compositor s_obj=13 zwp_linux_dmabuf_v1.modifier args=3
[wp-event][S] suppressed s_obj=13 zwp_linux_dmabuf_v1.modifier (dmabuf format/modifier: the C proxy answers this locally)
[wp-event][S] from-compositor s_obj=13 zwp_linux_dmabuf_v1.modifier args=3
[wp-event][S] suppressed s_obj=13 zwp_linux_dmabuf_v1.modifier (dmabuf format/modifier: the C proxy answers this locally)
[wp-event][S] from-compositor s_obj=13 zwp_linux_dmabuf_v1.modifier args=3
[wp-event][S] suppressed s_obj=13 zwp_linux_dmabuf_v1.modifier (dmabuf format/modifier: the C proxy answers this locally)
[wp-event][S] from-compositor s_obj=13 zwp_linux_dmabuf_v1.modifier args=3
[wp-event][S] suppressed s_obj=13 zwp_linux_dmabuf_v1.modifier (dmabuf format/modifier: the C proxy answers this locally)
[wp-event][S] from-compositor s_obj=13 zwp_linux_dmabuf_v1.modifier args=3
[wp-event][S] suppressed s_obj=13 zwp_linux_dmabuf_v1.modifier (dmabuf format/modifier: the C proxy answers this locally)
[wp-event][S] from-compositor s_obj=13 zwp_linux_dmabuf_v1.modifier args=3
[wp-event][S] suppressed s_obj=13 zwp_linux_dmabuf_v1.modifier (dmabuf format/modifier: the C proxy answers this locally)
[wp-event][S] from-compositor s_obj=13 zwp_linux_dmabuf_v1.modifier args=3
[wp-event][S] suppressed s_obj=13 zwp_linux_dmabuf_v1.modifier (dmabuf format/modifier: the C proxy answers this locally)
[wp-event][S] from-compositor s_obj=13 zwp_linux_dmabuf_v1.modifier args=3
[wp-event][S] suppressed s_obj=13 zwp_linux_dmabuf_v1.modifier (dmabuf format/modifier: the C proxy answers this locally)
[wp-event][S] from-compositor s_obj=13 zwp_linux_dmabuf_v1.modifier args=3
[wp-event][S] suppressed s_obj=13 zwp_linux_dmabuf_v1.modifier (dmabuf format/modifier: the C proxy answers this locally)
[wp-event][S] from-compositor s_obj=13 zwp_linux_dmabuf_v1.modifier args=3
[wp-event][S] suppressed s_obj=13 zwp_linux_dmabuf_v1.modifier (dmabuf format/modifier: the C proxy answers this locally)
[wp-event][S] from-compositor s_obj=13 zwp_linux_dmabuf_v1.modifier args=3
[wp-event][S] suppressed s_obj=13 zwp_linux_dmabuf_v1.modifier (dmabuf format/modifier: the C proxy answers this locally)
[wp-event][S] from-compositor s_obj=13 zwp_linux_dmabuf_v1.modifier args=3
[wp-event][S] suppressed s_obj=13 zwp_linux_dmabuf_v1.modifier (dmabuf format/modifier: the C proxy answers this locally)
[wp-event][S] from-compositor s_obj=13 zwp_linux_dmabuf_v1.modifier args=3
[wp-event][S] suppressed s_obj=13 zwp_linux_dmabuf_v1.modifier (dmabuf format/modifier: the C proxy answers this locally)
[wp-event][S] from-compositor s_obj=13 zwp_linux_dmabuf_v1.modifier args=3
[wp-event][S] suppressed s_obj=13 zwp_linux_dmabuf_v1.modifier (dmabuf format/modifier: the C proxy answers this locally)
[wp-event][S] from-compositor s_obj=13 zwp_linux_dmabuf_v1.modifier args=3
[wp-event][S] suppressed s_obj=13 zwp_linux_dmabuf_v1.modifier (dmabuf format/modifier: the C proxy answers this locally)
[wp-event][S] from-compositor s_obj=13 zwp_linux_dmabuf_v1.modifier args=3
[wp-event][S] suppressed s_obj=13 zwp_linux_dmabuf_v1.modifier (dmabuf format/modifier: the C proxy answers this locally)
[wp-event][S] from-compositor s_obj=13 zwp_linux_dmabuf_v1.modifier args=3
[wp-event][S] suppressed s_obj=13 zwp_linux_dmabuf_v1.modifier (dmabuf format/modifier: the C proxy answers this locally)
[wp-event][S] from-compositor s_obj=13 zwp_linux_dmabuf_v1.modifier args=3
[wp-event][S] suppressed s_obj=13 zwp_linux_dmabuf_v1.modifier (dmabuf format/modifier: the C proxy answers this locally)
[wp-event][S] from-compositor s_obj=13 zwp_linux_dmabuf_v1.modifier args=3
[wp-event][S] suppressed s_obj=13 zwp_linux_dmabuf_v1.modifier (dmabuf format/modifier: the C proxy answers this locally)
[wp-event][S] from-compositor s_obj=13 zwp_linux_dmabuf_v1.modifier args=3
[wp-event][S] suppressed s_obj=13 zwp_linux_dmabuf_v1.modifier (dmabuf format/modifier: the C proxy answers this locally)
[wp-event][S] from-compositor s_obj=13 zwp_linux_dmabuf_v1.modifier args=3
[wp-event][S] suppressed s_obj=13 zwp_linux_dmabuf_v1.modifier (dmabuf format/modifier: the C proxy answers this locally)
[wp-event][S] from-compositor s_obj=13 zwp_linux_dmabuf_v1.modifier args=3
[wp-event][S] suppressed s_obj=13 zwp_linux_dmabuf_v1.modifier (dmabuf format/modifier: the C proxy answers this locally)
[wp-event][S] from-compositor s_obj=13 zwp_linux_dmabuf_v1.modifier args=3
[wp-event][S] suppressed s_obj=13 zwp_linux_dmabuf_v1.modifier (dmabuf format/modifier: the C proxy answers this locally)
[wp-event][S] from-compositor s_obj=13 zwp_linux_dmabuf_v1.modifier args=3
[wp-event][S] suppressed s_obj=13 zwp_linux_dmabuf_v1.modifier (dmabuf format/modifier: the C proxy answers this locally)
[wp-event][S] from-compositor s_obj=13 zwp_linux_dmabuf_v1.modifier args=3
[wp-event][S] suppressed s_obj=13 zwp_linux_dmabuf_v1.modifier (dmabuf format/modifier: the C proxy answers this locally)
[wp-event][S] from-compositor s_obj=13 zwp_linux_dmabuf_v1.modifier args=3
[wp-event][S] suppressed s_obj=13 zwp_linux_dmabuf_v1.modifier (dmabuf format/modifier: the C proxy answers this locally)
[wp-event][S] from-compositor s_obj=13 zwp_linux_dmabuf_v1.modifier args=3
[wp-event][S] suppressed s_obj=13 zwp_linux_dmabuf_v1.modifier (dmabuf format/modifier: the C proxy answers this locally)
[wp-event][S] from-compositor s_obj=13 zwp_linux_dmabuf_v1.modifier args=3
[wp-event][S] suppressed s_obj=13 zwp_linux_dmabuf_v1.modifier (dmabuf format/modifier: the C proxy answers this locally)
[wp-event][S] from-compositor s_obj=13 zwp_linux_dmabuf_v1.modifier args=3
[wp-event][S] suppressed s_obj=13 zwp_linux_dmabuf_v1.modifier (dmabuf format/modifier: the C proxy answers this locally)
[wp-event][S] from-compositor s_obj=13 zwp_linux_dmabuf_v1.modifier args=3
[wp-event][S] suppressed s_obj=13 zwp_linux_dmabuf_v1.modifier (dmabuf format/modifier: the C proxy answers this locally)
[wp-event][S] from-compositor s_obj=13 zwp_linux_dmabuf_v1.modifier args=3
[wp-event][S] suppressed s_obj=13 zwp_linux_dmabuf_v1.modifier (dmabuf format/modifier: the C proxy answers this locally)
[wp-event][S] from-compositor s_obj=13 zwp_linux_dmabuf_v1.modifier args=3
[wp-event][S] suppressed s_obj=13 zwp_linux_dmabuf_v1.modifier (dmabuf format/modifier: the C proxy answers this locally)
[wp-event][S] from-compositor s_obj=13 zwp_linux_dmabuf_v1.modifier args=3
[wp-event][S] suppressed s_obj=13 zwp_linux_dmabuf_v1.modifier (dmabuf format/modifier: the C proxy answers this locally)
[wp-event][S] from-compositor s_obj=13 zwp_linux_dmabuf_v1.modifier args=3
[wp-event][S] suppressed s_obj=13 zwp_linux_dmabuf_v1.modifier (dmabuf format/modifier: the C proxy answers this locally)
[wp-event][S] from-compositor s_obj=13 zwp_linux_dmabuf_v1.modifier args=3
[wp-event][S] suppressed s_obj=13 zwp_linux_dmabuf_v1.modifier (dmabuf format/modifier: the C proxy answers this locally)
[wp-event][S] from-compositor s_obj=13 zwp_linux_dmabuf_v1.modifier args=3
[wp-event][S] suppressed s_obj=13 zwp_linux_dmabuf_v1.modifier (dmabuf format/modifier: the C proxy answers this locally)
[wp-event][S] from-compositor s_obj=13 zwp_linux_dmabuf_v1.modifier args=3
[wp-event][S] suppressed s_obj=13 zwp_linux_dmabuf_v1.modifier (dmabuf format/modifier: the C proxy answers this locally)
[wp-event][S] from-compositor s_obj=13 zwp_linux_dmabuf_v1.modifier args=3
[wp-event][S] suppressed s_obj=13 zwp_linux_dmabuf_v1.modifier (dmabuf format/modifier: the C proxy answers this locally)
[wp-event][S] from-compositor s_obj=13 zwp_linux_dmabuf_v1.modifier args=3
[wp-event][S] suppressed s_obj=13 zwp_linux_dmabuf_v1.modifier (dmabuf format/modifier: the C proxy answers this locally)
[wp-event][S] from-compositor s_obj=13 zwp_linux_dmabuf_v1.modifier args=3
[wp-event][S] suppressed s_obj=13 zwp_linux_dmabuf_v1.modifier (dmabuf format/modifier: the C proxy answers this locally)
[wp-event][S] from-compositor s_obj=13 zwp_linux_dmabuf_v1.modifier args=3
[wp-event][S] suppressed s_obj=13 zwp_linux_dmabuf_v1.modifier (dmabuf format/modifier: the C proxy answers this locally)
[wp-event][S] from-compositor s_obj=13 zwp_linux_dmabuf_v1.modifier args=3
[wp-event][S] suppressed s_obj=13 zwp_linux_dmabuf_v1.modifier (dmabuf format/modifier: the C proxy answers this locally)
[wp-event][S] from-compositor s_obj=13 zwp_linux_dmabuf_v1.modifier args=3
[wp-event][S] suppressed s_obj=13 zwp_linux_dmabuf_v1.modifier (dmabuf format/modifier: the C proxy answers this locally)
[wp-event][S] from-compositor s_obj=13 zwp_linux_dmabuf_v1.modifier args=3
[wp-event][S] suppressed s_obj=13 zwp_linux_dmabuf_v1.modifier (dmabuf format/modifier: the C proxy answers this locally)
[wp-event][S] from-compositor s_obj=13 zwp_linux_dmabuf_v1.modifier args=3
[wp-event][S] suppressed s_obj=13 zwp_linux_dmabuf_v1.modifier (dmabuf format/modifier: the C proxy answers this locally)
[wp-event][S] from-compositor s_obj=13 zwp_linux_dmabuf_v1.modifier args=3
[wp-event][S] suppressed s_obj=13 zwp_linux_dmabuf_v1.modifier (dmabuf format/modifier: the C proxy answers this locally)
[wp-event][S] from-compositor s_obj=13 zwp_linux_dmabuf_v1.modifier args=3
[wp-event][S] suppressed s_obj=13 zwp_linux_dmabuf_v1.modifier (dmabuf format/modifier: the C proxy answers this locally)
[wp-event][S] from-compositor s_obj=13 zwp_linux_dmabuf_v1.modifier args=3
[wp-event][S] suppressed s_obj=13 zwp_linux_dmabuf_v1.modifier (dmabuf format/modifier: the C proxy answers this locally)
[wp-event][S] from-compositor s_obj=13 zwp_linux_dmabuf_v1.modifier args=3
[wp-event][S] suppressed s_obj=13 zwp_linux_dmabuf_v1.modifier (dmabuf format/modifier: the C proxy answers this locally)
[wp-event][S] from-compositor s_obj=13 zwp_linux_dmabuf_v1.modifier args=3
[wp-event][S] suppressed s_obj=13 zwp_linux_dmabuf_v1.modifier (dmabuf format/modifier: the C proxy answers this locally)
[wp-event][S] from-compositor s_obj=13 zwp_linux_dmabuf_v1.modifier args=3
[wp-event][S] suppressed s_obj=13 zwp_linux_dmabuf_v1.modifier (dmabuf format/modifier: the C proxy answers this locally)
[wp-event][S] from-compositor s_obj=13 zwp_linux_dmabuf_v1.modifier args=3
[wp-event][S] suppressed s_obj=13 zwp_linux_dmabuf_v1.modifier (dmabuf format/modifier: the C proxy answers this locally)
[wp-event][S] from-compositor s_obj=13 zwp_linux_dmabuf_v1.modifier args=3
[wp-event][S] suppressed s_obj=13 zwp_linux_dmabuf_v1.modifier (dmabuf format/modifier: the C proxy answers this locally)
[wp-event][S] from-compositor s_obj=13 zwp_linux_dmabuf_v1.modifier args=3
[wp-event][S] suppressed s_obj=13 zwp_linux_dmabuf_v1.modifier (dmabuf format/modifier: the C proxy answers this locally)
[wp-event][S] from-compositor s_obj=13 zwp_linux_dmabuf_v1.modifier args=3
[wp-event][S] suppressed s_obj=13 zwp_linux_dmabuf_v1.modifier (dmabuf format/modifier: the C proxy answers this locally)
[wp-event][S] from-compositor s_obj=13 zwp_linux_dmabuf_v1.modifier args=3
[wp-event][S] suppressed s_obj=13 zwp_linux_dmabuf_v1.modifier (dmabuf format/modifier: the C proxy answers this locally)
[wp-event][S] from-compositor s_obj=13 zwp_linux_dmabuf_v1.modifier args=3
[wp-event][S] suppressed s_obj=13 zwp_linux_dmabuf_v1.modifier (dmabuf format/modifier: the C proxy answers this locally)
[wp-event][S] from-compositor s_obj=13 zwp_linux_dmabuf_v1.modifier args=3
[wp-event][S] suppressed s_obj=13 zwp_linux_dmabuf_v1.modifier (dmabuf format/modifier: the C proxy answers this locally)
[wp-event][S] from-compositor s_obj=13 zwp_linux_dmabuf_v1.modifier args=3
[wp-event][S] suppressed s_obj=13 zwp_linux_dmabuf_v1.modifier (dmabuf format/modifier: the C proxy answers this locally)
[wp-event][S] from-compositor s_obj=13 zwp_linux_dmabuf_v1.modifier args=3
[wp-event][S] suppressed s_obj=13 zwp_linux_dmabuf_v1.modifier (dmabuf format/modifier: the C proxy answers this locally)
[wp-event][S] from-compositor s_obj=13 zwp_linux_dmabuf_v1.modifier args=3
[wp-event][S] suppressed s_obj=13 zwp_linux_dmabuf_v1.modifier (dmabuf format/modifier: the C proxy answers this locally)
[wp-event][S] from-compositor s_obj=13 zwp_linux_dmabuf_v1.modifier args=3
[wp-event][S] suppressed s_obj=13 zwp_linux_dmabuf_v1.modifier (dmabuf format/modifier: the C proxy answers this locally)
[wp-event][S] from-compositor s_obj=13 zwp_linux_dmabuf_v1.modifier args=3
[wp-event][S] suppressed s_obj=13 zwp_linux_dmabuf_v1.modifier (dmabuf format/modifier: the C proxy answers this locally)
[wp-event][S] from-compositor s_obj=13 zwp_linux_dmabuf_v1.modifier args=3
[wp-event][S] suppressed s_obj=13 zwp_linux_dmabuf_v1.modifier (dmabuf format/modifier: the C proxy answers this locally)
[wp-event][S] from-compositor s_obj=13 zwp_linux_dmabuf_v1.modifier args=3
[wp-event][S] suppressed s_obj=13 zwp_linux_dmabuf_v1.modifier (dmabuf format/modifier: the C proxy answers this locally)
[wp-event][S] from-compositor s_obj=13 zwp_linux_dmabuf_v1.modifier args=3
[wp-event][S] suppressed s_obj=13 zwp_linux_dmabuf_v1.modifier (dmabuf format/modifier: the C proxy answers this locally)
[wp-event][S] from-compositor s_obj=13 zwp_linux_dmabuf_v1.modifier args=3
[wp-event][S] suppressed s_obj=13 zwp_linux_dmabuf_v1.modifier (dmabuf format/modifier: the C proxy answers this locally)
[wp-event][S] from-compositor s_obj=13 zwp_linux_dmabuf_v1.modifier args=3
[wp-event][S] suppressed s_obj=13 zwp_linux_dmabuf_v1.modifier (dmabuf format/modifier: the C proxy answers this locally)
[wp-event][S] from-compositor s_obj=13 zwp_linux_dmabuf_v1.modifier args=3
[wp-event][S] suppressed s_obj=13 zwp_linux_dmabuf_v1.modifier (dmabuf format/modifier: the C proxy answers this locally)
[wp-event][S] from-compositor s_obj=13 zwp_linux_dmabuf_v1.modifier args=3
[wp-event][S] suppressed s_obj=13 zwp_linux_dmabuf_v1.modifier (dmabuf format/modifier: the C proxy answers this locally)
[wp-event][S] from-compositor s_obj=13 zwp_linux_dmabuf_v1.modifier args=3
[wp-event][S] suppressed s_obj=13 zwp_linux_dmabuf_v1.modifier (dmabuf format/modifier: the C proxy answers this locally)
[wp-event][S] from-compositor s_obj=13 zwp_linux_dmabuf_v1.modifier args=3
[wp-event][S] suppressed s_obj=13 zwp_linux_dmabuf_v1.modifier (dmabuf format/modifier: the C proxy answers this locally)
[wp-event][S] from-compositor s_obj=13 zwp_linux_dmabuf_v1.modifier args=3
[wp-event][S] suppressed s_obj=13 zwp_linux_dmabuf_v1.modifier (dmabuf format/modifier: the C proxy answers this locally)
[wp-event][S] from-compositor s_obj=13 zwp_linux_dmabuf_v1.modifier args=3
[wp-event][S] suppressed s_obj=13 zwp_linux_dmabuf_v1.modifier (dmabuf format/modifier: the C proxy answers this locally)
[wp-event][S] from-compositor s_obj=13 zwp_linux_dmabuf_v1.modifier args=3
[wp-event][S] suppressed s_obj=13 zwp_linux_dmabuf_v1.modifier (dmabuf format/modifier: the C proxy answers this locally)
[wp-event][S] from-compositor s_obj=13 zwp_linux_dmabuf_v1.modifier args=3
[wp-event][S] suppressed s_obj=13 zwp_linux_dmabuf_v1.modifier (dmabuf format/modifier: the C proxy answers this locally)
[wp-event][S] from-compositor s_obj=13 zwp_linux_dmabuf_v1.modifier args=3
[wp-event][S] suppressed s_obj=13 zwp_linux_dmabuf_v1.modifier (dmabuf format/modifier: the C proxy answers this locally)
[wp-event][S] from-compositor s_obj=13 zwp_linux_dmabuf_v1.modifier args=3
[wp-event][S] suppressed s_obj=13 zwp_linux_dmabuf_v1.modifier (dmabuf format/modifier: the C proxy answers this locally)
[wp-event][S] from-compositor s_obj=13 zwp_linux_dmabuf_v1.modifier args=3
[wp-event][S] suppressed s_obj=13 zwp_linux_dmabuf_v1.modifier (dmabuf format/modifier: the C proxy answers this locally)
[wp-event][S] from-compositor s_obj=13 zwp_linux_dmabuf_v1.modifier args=3
[wp-event][S] suppressed s_obj=13 zwp_linux_dmabuf_v1.modifier (dmabuf format/modifier: the C proxy answers this locally)
[wp-event][S] from-compositor s_obj=13 zwp_linux_dmabuf_v1.modifier args=3
[wp-event][S] suppressed s_obj=13 zwp_linux_dmabuf_v1.modifier (dmabuf format/modifier: the C proxy answers this locally)
[wp-event][S] from-compositor s_obj=13 zwp_linux_dmabuf_v1.modifier args=3
[wp-event][S] suppressed s_obj=13 zwp_linux_dmabuf_v1.modifier (dmabuf format/modifier: the C proxy answers this locally)
[wp-event][S] from-compositor s_obj=13 zwp_linux_dmabuf_v1.modifier args=3
[wp-event][S] suppressed s_obj=13 zwp_linux_dmabuf_v1.modifier (dmabuf format/modifier: the C proxy answers this locally)
[wp-event][S] from-compositor s_obj=13 zwp_linux_dmabuf_v1.modifier args=3
[wp-event][S] suppressed s_obj=13 zwp_linux_dmabuf_v1.modifier (dmabuf format/modifier: the C proxy answers this locally)
[wp-event][S] from-compositor s_obj=13 zwp_linux_dmabuf_v1.modifier args=3
[wp-event][S] suppressed s_obj=13 zwp_linux_dmabuf_v1.modifier (dmabuf format/modifier: the C proxy answers this locally)
[wp-event][S] from-compositor s_obj=13 zwp_linux_dmabuf_v1.modifier args=3
[wp-event][S] suppressed s_obj=13 zwp_linux_dmabuf_v1.modifier (dmabuf format/modifier: the C proxy answers this locally)
[wp-event][S] from-compositor s_obj=13 zwp_linux_dmabuf_v1.modifier args=3
[wp-event][S] suppressed s_obj=13 zwp_linux_dmabuf_v1.modifier (dmabuf format/modifier: the C proxy answers this locally)
[wp-event][S] from-compositor s_obj=13 zwp_linux_dmabuf_v1.modifier args=3
[wp-event][S] suppressed s_obj=13 zwp_linux_dmabuf_v1.modifier (dmabuf format/modifier: the C proxy answers this locally)
[wp-event][S] from-compositor s_obj=13 zwp_linux_dmabuf_v1.modifier args=3
[wp-event][S] suppressed s_obj=13 zwp_linux_dmabuf_v1.modifier (dmabuf format/modifier: the C proxy answers this locally)
[wp-event][S] from-compositor s_obj=13 zwp_linux_dmabuf_v1.modifier args=3
[wp-event][S] suppressed s_obj=13 zwp_linux_dmabuf_v1.modifier (dmabuf format/modifier: the C proxy answers this locally)
[wp-event][S] from-compositor s_obj=13 zwp_linux_dmabuf_v1.modifier args=3
[wp-event][S] suppressed s_obj=13 zwp_linux_dmabuf_v1.modifier (dmabuf format/modifier: the C proxy answers this locally)
[wp-event][S] from-compositor s_obj=13 zwp_linux_dmabuf_v1.modifier args=3
[wp-event][S] suppressed s_obj=13 zwp_linux_dmabuf_v1.modifier (dmabuf format/modifier: the C proxy answers this locally)
[wp-event][S] from-compositor s_obj=13 zwp_linux_dmabuf_v1.modifier args=3
[wp-event][S] suppressed s_obj=13 zwp_linux_dmabuf_v1.modifier (dmabuf format/modifier: the C proxy answers this locally)
[wp-event][S] from-compositor s_obj=13 zwp_linux_dmabuf_v1.modifier args=3
[wp-event][S] suppressed s_obj=13 zwp_linux_dmabuf_v1.modifier (dmabuf format/modifier: the C proxy answers this locally)
[wp-event][S] from-compositor s_obj=13 zwp_linux_dmabuf_v1.modifier args=3
[wp-event][S] suppressed s_obj=13 zwp_linux_dmabuf_v1.modifier (dmabuf format/modifier: the C proxy answers this locally)
[wp-event][S] from-compositor s_obj=13 zwp_linux_dmabuf_v1.modifier args=3
[wp-event][S] suppressed s_obj=13 zwp_linux_dmabuf_v1.modifier (dmabuf format/modifier: the C proxy answers this locally)
[wp-event][S] from-compositor s_obj=13 zwp_linux_dmabuf_v1.modifier args=3
[wp-event][S] suppressed s_obj=13 zwp_linux_dmabuf_v1.modifier (dmabuf format/modifier: the C proxy answers this locally)
[wp-event][S] from-compositor s_obj=13 zwp_linux_dmabuf_v1.modifier args=3
[wp-event][S] suppressed s_obj=13 zwp_linux_dmabuf_v1.modifier (dmabuf format/modifier: the C proxy answers this locally)
[wp-event][S] from-compositor s_obj=13 zwp_linux_dmabuf_v1.modifier args=3
[wp-event][S] suppressed s_obj=13 zwp_linux_dmabuf_v1.modifier (dmabuf format/modifier: the C proxy answers this locally)
[wp-event][S] from-compositor s_obj=13 zwp_linux_dmabuf_v1.modifier args=3
[wp-event][S] suppressed s_obj=13 zwp_linux_dmabuf_v1.modifier (dmabuf format/modifier: the C proxy answers this locally)
[wp-event][S] from-compositor s_obj=10 wl_callback.done args=1
[wp-event][S] emit s_obj=10 app_obj=18 wl_callback.done args=1
rayland-s: WP0 4.3: step 1/3 create_params failed for resource 23: Invalid ObjectId
rayland-s: WP0 replay: send_request (obj 23 opcode 0) failed: Invalid ObjectId
rayland-s: WP0 4.3: step 1/3 create_params failed for resource 24: Invalid ObjectId
rayland-s: WP0 replay: request for unmapped object 27 (opcode 0); skipped
rayland-s: WP0 4.3: step 1/3 create_params failed for resource 25: Invalid ObjectId
rayland-s: WP0 replay: send_request (obj 33 opcode 0) failed: Invalid ObjectId
rayland-s: WP0 4.3: step 1/3 create_params failed for resource 26: Invalid ObjectId
rayland-s: WP0 replay: request for unmapped object 38 (opcode 0); skipped
rayland-s: WP0 replay: send_request (obj 3 opcode 1) failed: Invalid ObjectId
[wp-event][S] map s_obj=10 app_obj=18 (from obj 3 opcode 3)
rayland-s: WP0 replay: request for unmapped object 29 (opcode 0); skipped
rayland-s: WP0 replay: request for unmapped object 26 (opcode 0); skipped
rayland-s: WP0 replay: send_request (obj 19 opcode 0) failed: Invalid ObjectId
rayland-s: WP0 replay: send_request (obj 25 opcode 0) failed: Invalid ObjectId
[wp-event][S] map s_obj=12 app_obj=25 (from obj 3 opcode 3)
[wp-event][S] from-compositor s_obj=10 wl_callback.done args=1
[wp-event][S] emit s_obj=10 app_obj=18 wl_callback.done args=1
[wp-event][S] from-compositor s_obj=12 wl_callback.done args=1
[wp-event][S] emit s_obj=12 app_obj=25 wl_callback.done args=1
[wp-event][S] map s_obj=10 app_obj=25 (from obj 3 opcode 3)
[wp-event][S] from-compositor s_obj=10 wl_callback.done args=1
[wp-event][S] emit s_obj=10 app_obj=25 wl_callback.done args=1
rayland-s: WP0 replay: send_request (obj 3 opcode 1) failed: Invalid ObjectId
[wp-event][S] map s_obj=10 app_obj=25 (from obj 3 opcode 3)
[wp-event][S] from-compositor s_obj=10 wl_callback.done args=1
[wp-event][S] emit s_obj=10 app_obj=25 wl_callback.done args=1
